{"type":"FeatureCollection", "features": [
{"type":"Feature","geometry":{"type":"MultiLineString","coordinates":[[[-66.304817,-55.014515],[-66.306717,-55.010624],[-66.300568,-55.016895],[-66.304817,-55.014515]],[[-67.034698,-54.950951],[-67.030487,-54.947407],[-67.028725,-54.953426],[-67.034698,-54.950951]],[[-67.383827,-54.905693],[-67.374359,-54.903732],[-67.374741,-54.90926],[-67.40097,-54.902058],[-67.383827,-54.905693]],[[-67.500938,-54.877014],[-67.471611,-54.884403],[-67.448814,-54.878696],[-67.435501,-54.883606],[-67.436104,-54.892933],[-67.418945,-54.889778],[-67.407906,-54.89954],[-67.422028,-54.899494],[-67.414276,-54.912254],[-67.462067,-54.9016],[-67.465179,-54.907921],[-67.467552,-54.903637],[-67.482712,-54.907646],[-67.479622,-54.911652],[-67.490074,-54.917858],[-67.495834,-54.912182],[-67.533104,-54.904114],[-67.540329,-54.879791],[-67.524742,-54.883514],[-67.500938,-54.877014]],[[-67.343086,-54.896435],[-67.345535,-54.891373],[-67.335556,-54.899456],[-67.343086,-54.896435]],[[-67.458344,-54.871162],[-67.447723,-54.878426],[-67.466988,-54.880699],[-67.477226,-54.876808],[-67.474228,-54.869167],[-67.458344,-54.871162]],[[-68.175568,-54.872841],[-68.181602,-54.870945],[-68.168549,-54.871761],[-68.175568,-54.872841]],[[-68.237022,-54.873684],[-68.267044,-54.869659],[-68.250206,-54.865921],[-68.233444,-54.869846],[-68.237022,-54.873684]],[[-68.480415,-54.861343],[-68.475151,-54.865803],[-68.486404,-54.866562],[-68.489334,-54.861153],[-68.480415,-54.861343]],[[-68.241821,-54.857994],[-68.231918,-54.860577],[-68.241959,-54.861774],[-68.241821,-54.857994]],[[-68.56511,-52.704843],[-68.287671,-52.951427],[-68.262877,-53.000777],[-68.24281,-53.065911],[-68.201502,-53.141958],[-68.21378,-53.153285],[-68.211211,-53.126302],[-68.268675,-53.042521],[-68.266747,-53.016109],[-68.285378,-53.008471],[-68.32828,-53.017822],[-68.359546,-53.017893],[-68.390313,-53.037167],[-68.390955,-53.05073],[-68.418866,-53.051444],[-68.416511,-53.063865],[-68.430002,-53.066648],[-68.447777,-53.079926],[-68.448705,-53.08528],[-68.440781,-53.086422],[-68.452845,-53.087707],[-68.446135,-53.091847],[-68.463338,-53.08942],[-68.46598,-53.099271],[-68.501315,-53.105267],[-68.493891,-53.116046],[-68.538152,-53.144407],[-68.534774,-53.153116],[-68.556058,-53.195649],[-68.548444,-53.247521],[-68.463749,-53.293685],[-68.437501,-53.300642],[-68.427698,-53.298215],[-68.387057,-53.311969],[-68.371971,-53.309494],[-68.307868,-53.321249],[-68.206598,-53.306686],[-68.137071,-53.331338],[-68.105424,-53.358749],[-68.082914,-53.389682],[-68.044176,-53.508036],[-67.990163,-53.584512],[-67.911326,-53.652671],[-67.840026,-53.690287],[-67.826191,-53.705016],[-67.726137,-53.754072],[-67.705501,-53.768051],[-67.681737,-53.797174],[-67.688505,-53.802159],[-67.710505,-53.79714],[-67.736295,-53.805329],[-67.778435,-53.833789],[-67.767081,-53.834147],[-67.727218,-53.809757],[-67.681441,-53.806221],[-67.673089,-53.793328],[-67.683594,-53.787898],[-67.674318,-53.785254],[-67.646894,-53.805079],[-67.596557,-53.827139],[-67.545672,-53.840449],[-67.543007,-53.848206],[-67.562042,-53.850871],[-67.551049,-53.846635],[-67.565136,-53.846588],[-67.573511,-53.850775],[-67.579841,-53.868859],[-67.56604,-53.89965],[-67.535202,-53.927108],[-67.48728,-53.94386],[-67.436835,-53.984358],[-67.334566,-54.016862],[-67.345035,-54.024571],[-67.329712,-54.04137],[-67.284454,-54.058026],[-67.251047,-54.08106],[-67.158819,-54.111612],[-67.164387,-54.119797],[-67.156725,-54.115705],[-67.123533,-54.130362],[-67.081296,-54.13198],[-67.071468,-54.140672],[-67.013529,-54.157202],[-66.954683,-54.181917],[-66.94764,-54.194481],[-66.899956,-54.217514],[-66.778603,-54.244783],[-66.746195,-54.255252],[-66.743197,-54.261391],[-66.733964,-54.260344],[-66.742102,-54.26596],[-66.733917,-54.276477],[-66.690944,-54.282902],[-66.704602,-54.290897],[-66.699938,-54.298749],[-66.692467,-54.298939],[-66.700271,-54.302746],[-66.691324,-54.311598],[-66.684329,-54.306078],[-66.687946,-54.315358],[-66.66101,-54.343435],[-66.595051,-54.383648],[-66.544131,-54.402398],[-66.556742,-54.409822],[-66.552221,-54.42053],[-66.502165,-54.445846],[-66.464998,-54.47873],[-66.384036,-54.487008],[-66.364406,-54.501047],[-66.305574,-54.508186],[-66.238711,-54.533527],[-66.198855,-54.539476],[-66.195226,-54.544651],[-66.167565,-54.549231],[-66.151206,-54.557619],[-66.042703,-54.579807],[-65.946644,-54.609455],[-65.916901,-54.612406],[-65.904242,-54.616213],[-65.905003,-54.623018],[-65.864219,-54.637914],[-65.802782,-54.651905],[-65.754812,-54.649478],[-65.751243,-54.655427],[-65.710447,-54.660904],[-65.699787,-54.658334],[-65.684178,-54.663426],[-65.594995,-54.656764],[-65.551166,-54.647341],[-65.554592,-54.654337],[-65.52266,-54.66376],[-65.529275,-54.667376],[-65.5199,-54.67756],[-65.519471,-54.659001],[-65.511191,-54.65586],[-65.477688,-54.656193],[-65.469931,-54.649959],[-65.430812,-54.642154],[-65.44823,-54.655241],[-65.440045,-54.662475],[-65.428528,-54.663188],[-65.420771,-54.645057],[-65.401878,-54.640346],[-65.369137,-54.643344],[-65.292875,-54.627903],[-65.279967,-54.631354],[-65.234876,-54.618826],[-65.245441,-54.630533],[-65.233972,-54.636719],[-65.249438,-54.639765],[-65.245012,-54.647141],[-65.261478,-54.652947],[-65.25453,-54.663322],[-65.239016,-54.658896],[-65.244298,-54.648617],[-65.234352,-54.641383],[-65.116759,-54.655993],[-65.134463,-54.665225],[-65.132083,-54.669223],[-65.176531,-54.681215],[-65.193473,-54.695254],[-65.198422,-54.704867],[-65.191998,-54.720524],[-65.201087,-54.737228],[-65.218267,-54.745651],[-65.203078,-54.755835],[-65.209645,-54.759833],[-65.197748,-54.762783],[-65.209883,-54.766638],[-65.212929,-54.774109],[-65.203839,-54.780106],[-65.265068,-54.798704],[-65.250391,-54.810867],[-65.222923,-54.818348],[-65.240226,-54.834224],[-65.264668,-54.840906],[-65.280315,-54.853526],[-65.27923,-54.862092],[-65.313266,-54.873114],[-65.316236,-54.894758],[-65.308983,-54.902981],[-65.343761,-54.928165],[-65.356325,-54.928793],[-65.382137,-54.941071],[-65.414288,-54.939587],[-65.427651,-54.894187],[-65.471995,-54.888971],[-65.499406,-54.901772],[-65.494172,-54.925662],[-65.511018,-54.934942],[-65.524296,-54.934752],[-65.526056,-54.939273],[-65.541999,-54.936655],[-65.557846,-54.948505],[-65.554182,-54.941176],[-65.564556,-54.936417],[-65.593776,-54.945983],[-65.603627,-54.943841],[-65.625899,-54.952312],[-65.632085,-54.960688],[-65.626422,-54.964019],[-65.636844,-54.970015],[-65.640366,-54.963495],[-65.67344,-54.972775],[-65.680912,-54.968016],[-65.695369,-54.971985],[-65.702165,-54.966674],[-65.719012,-54.971357],[-65.707704,-54.951712],[-65.711816,-54.934295],[-65.727178,-54.928527],[-65.739113,-54.909853],[-65.766068,-54.913051],[-65.777432,-54.901458],[-65.805015,-54.914364],[-65.814894,-54.911338],[-65.824545,-54.915564],[-65.844305,-54.902829],[-65.868803,-54.900145],[-65.891818,-54.900373],[-65.911976,-54.912251],[-65.936647,-54.904713],[-65.958519,-54.907226],[-65.982389,-54.9026],[-65.995752,-54.918419],[-65.962687,-54.931325],[-65.967427,-54.934181],[-65.958131,-54.94101],[-65.971361,-54.968373],[-65.987731,-54.964899],[-66.037985,-54.983364],[-66.049692,-54.981651],[-66.061019,-54.988932],[-66.070251,-54.986362],[-66.107656,-54.994928],[-66.169284,-54.989218],[-66.194697,-54.997784],[-66.272933,-54.990788],[-66.334086,-54.996499],[-66.370824,-55.010728],[-66.35907,-55.028621],[-66.372157,-55.039567],[-66.404565,-55.042517],[-66.428645,-55.052178],[-66.435308,-55.04899],[-66.441447,-55.056747],[-66.454106,-55.057698],[-66.46862,-55.049799],[-66.521587,-55.056747],[-66.623761,-55.029212],[-66.63267,-55.03201],[-66.648831,-55.028184],[-66.678584,-55.012593],[-66.718673,-55.005341],[-66.737062,-54.979871],[-66.764473,-54.96074],[-66.809702,-54.956628],[-66.875432,-54.941267],[-66.934024,-54.941781],[-66.97023,-54.929845],[-67.101112,-54.909755],[-67.105692,-54.904461],[-67.153876,-54.892921],[-67.22419,-54.892028],[-67.282189,-54.879358],[-67.276002,-54.887745],[-67.28784,-54.884176],[-67.285282,-54.87912],[-67.289744,-54.87567],[-67.272017,-54.880131],[-67.278447,-54.869992],[-67.295179,-54.872048],[-67.287184,-54.878387],[-67.294893,-54.886611],[-67.30266,-54.887353],[-67.334354,-54.871249],[-67.315909,-54.884326],[-67.332413,-54.881585],[-67.352686,-54.866109],[-67.343606,-54.875932],[-67.360281,-54.86885],[-67.364964,-54.874104],[-67.341436,-54.882727],[-67.359424,-54.879758],[-67.39129,-54.88958],[-67.409507,-54.889409],[-67.416417,-54.881128],[-67.423727,-54.885069],[-67.423384,-54.881014],[-67.440859,-54.881185],[-67.439205,-54.872253],[-67.45052,-54.865638],[-67.460906,-54.869814],[-67.495063,-54.867209],[-67.506306,-54.874632],[-67.50495,-54.867744],[-67.494885,-54.866923],[-67.496622,-54.857349],[-67.50576,-54.853494],[-67.530127,-54.86668],[-67.577683,-54.87222],[-67.605465,-54.881357],[-67.703463,-54.88603],[-67.72244,-54.879487],[-67.760095,-54.879784],[-67.825827,-54.859737],[-67.851644,-54.858547],[-67.867587,-54.863306],[-67.874214,-54.859035],[-67.903606,-54.860487],[-67.958358,-54.851706],[-67.990338,-54.856061],[-68.00954,-54.849065],[-68.033311,-54.850207],[-68.058295,-54.837358],[-68.145954,-54.819941],[-68.201277,-54.816514],[-68.233471,-54.798882],[-68.263595,-54.79517],[-68.303498,-54.807948],[-68.295218,-54.810732],[-68.315277,-54.811517],[-68.298787,-54.8158],[-68.304641,-54.832076],[-68.265308,-54.835217],[-68.260597,-54.840713],[-68.310351,-54.848922],[-68.3232,-54.846495],[-68.324771,-54.841356],[-68.312921,-54.833361],[-68.330267,-54.829791],[-68.361676,-54.837144],[-68.388088,-54.851778],[-68.444337,-54.858385],[-68.457315,-54.854108],[-68.459188,-54.858192],[-68.481776,-54.846684],[-68.501002,-54.85249],[-68.501145,-54.858343],[-68.523131,-54.8582],[-68.541507,-54.850649],[-68.567725,-54.851172],[-68.562075,-54.845054],[-68.569827,-54.843908],[-68.579671,-54.847823],[-68.567662,-54.853473],[-68.577132,-54.854425],[-68.555642,-54.862807],[-68.527557,-54.869336],[-68.501002,-54.866909],[-68.533125,-54.874619],[-68.527843,-54.87933],[-68.561393,-54.883042],[-68.554826,-54.887182],[-68.563677,-54.891322],[-68.609416,-54.893957],[-68.596408,-54.872983],[-68.595132,-54.799623],[-68.60889,-54.435411],[-68.60701,-53.762592],[-68.606232,-52.658268],[-68.569155,-52.699942],[-68.569964,-52.707366],[-68.56511,-52.704843]],[[-69.420647,-51.097626],[-69.428955,-51.101097],[-69.424217,-51.104191],[-69.435928,-51.106285],[-69.435196,-51.11322],[-69.44207,-51.113098],[-69.436707,-51.110703],[-69.439453,-51.107346],[-69.452866,-51.109722],[-69.454842,-51.103218],[-69.440201,-51.09063],[-69.433647,-51.093369],[-69.417839,-51.088001],[-69.408714,-51.094887],[-69.420647,-51.097626]],[[-67.704735,-49.296829],[-67.685982,-49.282604],[-67.683098,-49.292244],[-67.704735,-49.296829]],[[-67.699257,-49.280052],[-67.716209,-49.28587],[-67.733757,-49.275753],[-67.722481,-49.270943],[-67.696724,-49.26965],[-67.691986,-49.265537],[-67.699257,-49.280052]],[[-67.595646,-46.000823],[-67.593385,-46.018382],[-67.585965,-46.022277],[-67.597297,-46.02569],[-67.602931,-46.043325],[-67.624302,-46.049276],[-67.623803,-46.060819],[-67.614938,-46.065744],[-67.627016,-46.082119],[-67.628658,-46.132059],[-67.620321,-46.2048],[-67.593066,-46.294443],[-67.541927,-46.394823],[-67.494407,-46.460587],[-67.493869,-46.471989],[-67.440279,-46.548541],[-67.393184,-46.595103],[-67.328863,-46.629043],[-67.254463,-46.646231],[-67.228431,-46.674881],[-67.220202,-46.677075],[-67.212326,-46.670984],[-67.200631,-46.673619],[-67.190846,-46.686825],[-67.190638,-46.68159],[-67.168307,-46.692334],[-67.165337,-46.686823],[-67.156271,-46.687865],[-67.148805,-46.702242],[-67.121628,-46.707441],[-67.117031,-46.713381],[-67.123113,-46.726044],[-67.110006,-46.735067],[-67.095544,-46.735024],[-67.096029,-46.73915],[-67.103496,-46.738108],[-67.09937,-46.74913],[-67.081767,-46.750243],[-67.083152,-46.76699],[-67.027829,-46.814631],[-67.00216,-46.817515],[-67.001346,-46.824953],[-66.9836,-46.829822],[-66.986441,-46.839116],[-66.973021,-46.84931],[-66.95092,-46.846982],[-66.938186,-46.860346],[-66.938928,-46.870111],[-66.881792,-46.928617],[-66.872013,-46.933742],[-66.858864,-46.932786],[-66.85658,-46.946848],[-66.791934,-46.999144],[-66.731344,-47.026441],[-66.70122,-47.034565],[-66.658989,-47.030182],[-66.647382,-47.040347],[-66.62641,-47.046272],[-66.598784,-47.036978],[-66.558838,-47.048799],[-66.535024,-47.039505],[-66.497776,-47.038277],[-66.355212,-47.068181],[-66.305686,-47.073649],[-66.295635,-47.070979],[-66.197696,-47.087402],[-66.157257,-47.08137],[-66.104397,-47.085546],[-66.069062,-47.073982],[-65.996929,-47.071626],[-65.9869,-47.07491],[-65.97505,-47.069092],[-65.972908,-47.073589],[-65.96295,-47.072233],[-65.953113,-47.077606],[-65.940692,-47.072181],[-65.934296,-47.084316],[-65.896548,-47.096994],[-65.867381,-47.092097],[-65.864754,-47.106331],[-65.846679,-47.109129],[-65.852133,-47.121565],[-65.841625,-47.139382],[-65.767272,-47.189536],[-65.735563,-47.201971],[-65.737362,-47.211851],[-65.743387,-47.207411],[-65.752424,-47.211208],[-65.757635,-47.225442],[-65.733051,-47.283263],[-65.71846,-47.345681],[-65.739989,-47.510963],[-65.793027,-47.64101],[-65.844895,-47.734623],[-65.83897,-47.747201],[-65.843353,-47.743361],[-65.855931,-47.751398],[-65.877017,-47.751712],[-65.899597,-47.758728],[-65.958008,-47.744507],[-65.98468,-47.741821],[-66.001404,-47.7453],[-66.00531,-47.730774],[-66.002319,-47.743713],[-66.034424,-47.74408],[-66.070312,-47.777527],[-66.08313,-47.781494],[-66.105286,-47.799011],[-66.123413,-47.807983],[-66.150391,-47.807007],[-66.195007,-47.820007],[-66.281799,-47.868774],[-66.190186,-47.829529],[-66.137817,-47.816101],[-66.12793,-47.818909],[-66.088196,-47.812988],[-66.026917,-47.778809],[-66.018982,-47.780029],[-65.978088,-47.762695],[-65.951782,-47.758972],[-65.940308,-47.766907],[-65.9104,-47.761902],[-65.87365,-47.765015],[-65.898263,-47.767085],[-65.880018,-47.774238],[-65.8858,-47.78042],[-65.880931,-47.793497],[-65.875835,-47.793055],[-65.87909,-47.799222],[-65.865041,-47.801078],[-65.875735,-47.809644],[-65.866869,-47.825592],[-65.860987,-47.866623],[-65.84454,-47.893492],[-65.833904,-47.89402],[-65.820983,-47.904571],[-65.794314,-47.902429],[-65.783078,-47.90844],[-65.768416,-47.907297],[-65.774041,-47.911138],[-65.761461,-47.916218],[-65.785103,-47.923314],[-65.790628,-47.93168],[-65.786002,-47.945328],[-65.769941,-47.943144],[-65.765087,-47.95014],[-65.798323,-47.951624],[-65.804291,-47.960847],[-65.817954,-47.957078],[-65.831017,-47.965387],[-65.835471,-47.958363],[-65.840097,-47.963731],[-65.838826,-47.942173],[-65.86007,-47.937733],[-65.867765,-47.942659],[-65.862026,-47.948241],[-65.867737,-47.948698],[-65.874732,-47.945956],[-65.868379,-47.941202],[-65.872548,-47.936291],[-65.897061,-47.931565],[-65.922874,-47.938947],[-65.941219,-47.95428],[-65.951399,-47.977137],[-65.937407,-47.988487],[-65.924116,-47.990243],[-65.942932,-48.003934],[-65.931868,-48.017212],[-65.95324,-48.014456],[-65.95641,-48.019882],[-65.940868,-48.030851],[-65.952427,-48.031474],[-65.980296,-48.050981],[-65.972201,-48.053775],[-65.967889,-48.049749],[-65.940264,-48.075047],[-65.904372,-48.080372],[-65.899632,-48.090666],[-65.905471,-48.093093],[-65.894236,-48.101345],[-65.905786,-48.094492],[-65.909769,-48.09966],[-65.904543,-48.103329],[-65.917764,-48.096819],[-65.917564,-48.105614],[-65.908098,-48.105614],[-65.924859,-48.11615],[-65.92573,-48.112481],[-65.940121,-48.112509],[-65.940906,-48.12473],[-65.950443,-48.12316],[-65.947045,-48.118805],[-65.953927,-48.115465],[-65.943533,-48.11388],[-65.952799,-48.10293],[-65.975528,-48.099989],[-65.987634,-48.102016],[-65.991646,-48.109254],[-66.007165,-48.103272],[-66.029679,-48.11161],[-66.028494,-48.105928],[-66.044741,-48.1049],[-66.056634,-48.10894],[-66.061788,-48.119862],[-66.062387,-48.113123],[-66.077407,-48.109654],[-66.117981,-48.122003],[-66.12916,-48.132711],[-66.123806,-48.139564],[-66.138511,-48.139236],[-66.134485,-48.147987],[-66.144622,-48.164577],[-66.164295,-48.172672],[-66.166765,-48.179525],[-66.155929,-48.184878],[-66.159926,-48.190461],[-66.171276,-48.195001],[-66.197503,-48.194829],[-66.205255,-48.201125],[-66.228255,-48.201297],[-66.255652,-48.219614],[-66.262648,-48.237945],[-66.337558,-48.277163],[-66.360179,-48.314717],[-66.354982,-48.333363],[-66.337379,-48.348982],[-66.342975,-48.353814],[-66.33388,-48.354685],[-66.344959,-48.369947],[-66.349785,-48.36722],[-66.343403,-48.365863],[-66.341947,-48.356312],[-66.351412,-48.355184],[-66.358424,-48.361778],[-66.36966,-48.353298],[-66.394387,-48.349615],[-66.448039,-48.352313],[-66.474808,-48.366147],[-66.477592,-48.373942],[-66.467213,-48.386506],[-66.475436,-48.397442],[-66.467084,-48.40014],[-66.491583,-48.409691],[-66.494353,-48.417472],[-66.529374,-48.416258],[-66.541723,-48.423654],[-66.5792,-48.423354],[-66.647614,-48.432177],[-66.680251,-48.444841],[-66.683106,-48.452721],[-66.718041,-48.45876],[-66.753191,-48.473166],[-66.771636,-48.498364],[-66.794736,-48.504232],[-66.831052,-48.523036],[-66.842816,-48.537042],[-66.838847,-48.54468],[-66.857378,-48.555216],[-66.873268,-48.57419],[-66.869159,-48.585685],[-66.875262,-48.593383],[-66.920436,-48.60616],[-66.954712,-48.605685],[-66.990583,-48.613442],[-67.013985,-48.623507],[-67.02142,-48.636499],[-67.036102,-48.644137],[-67.062062,-48.651049],[-67.127079,-48.683335],[-67.140594,-48.696517],[-67.151587,-48.748389],[-67.18628,-48.772707],[-67.197463,-48.804211],[-67.192895,-48.813206],[-67.219925,-48.838],[-67.247051,-48.853942],[-67.292404,-48.861509],[-67.333711,-48.874976],[-67.41309,-48.912715],[-67.489423,-48.959685],[-67.497466,-48.973201],[-67.567993,-49.032164],[-67.599069,-49.103547],[-67.619865,-49.115635],[-67.635617,-49.13824],[-67.632905,-49.156276],[-67.613726,-49.160892],[-67.613892,-49.185181],[-67.63501,-49.196777],[-67.664612,-49.203491],[-67.674805,-49.220581],[-67.667603,-49.245911],[-67.678894,-49.248779],[-67.688904,-49.26178],[-67.705322,-49.269409],[-67.725891,-49.270203],[-67.741394,-49.27533],[-67.734985,-49.292175],[-67.720093,-49.301392],[-67.715698,-49.31781],[-67.733276,-49.312012],[-67.745178,-49.316101],[-67.760803,-49.313904],[-67.781921,-49.320374],[-67.782898,-49.330505],[-67.797607,-49.328003],[-67.792908,-49.330383],[-67.804687,-49.342773],[-67.793091,-49.35498],[-67.794983,-49.36322],[-67.78717,-49.374512],[-67.772095,-49.380676],[-67.798889,-49.382385],[-67.819397,-49.376587],[-67.819214,-49.384216],[-67.837524,-49.38678],[-67.830078,-49.401184],[-67.823425,-49.400085],[-67.818604,-49.405518],[-67.792603,-49.394775],[-67.769592,-49.394592],[-67.763123,-49.387695],[-67.740784,-49.390991],[-67.713806,-49.385925],[-67.692993,-49.368896],[-67.685425,-49.353577],[-67.683105,-49.341797],[-67.699097,-49.308899],[-67.682129,-49.306519],[-67.672729,-49.298523],[-67.668091,-49.255188],[-67.645996,-49.25769],[-67.612755,-49.250273],[-67.603603,-49.295673],[-67.631572,-49.355464],[-67.666578,-49.404776],[-67.687579,-49.481928],[-67.708266,-49.615187],[-67.720487,-49.63596],[-67.715448,-49.699434],[-67.729667,-49.7759],[-67.793813,-49.889643],[-67.855558,-49.963513],[-67.91699,-50.005302],[-68.004454,-50.051813],[-68.141497,-50.103752],[-68.237565,-50.120213],[-68.338788,-50.12214],[-68.353088,-50.117493],[-68.369385,-50.08728],[-68.416382,-50.059021],[-68.47699,-49.967407],[-68.487427,-49.964111],[-68.510681,-49.937927],[-68.531921,-49.933594],[-68.558289,-49.872192],[-68.607178,-49.825623],[-68.61499,-49.804504],[-68.63739,-49.777588],[-68.643188,-49.779419],[-68.620117,-49.814209],[-68.627319,-49.820801],[-68.589294,-49.881226],[-68.571411,-49.936829],[-68.604492,-49.939087],[-68.659119,-49.964905],[-68.735413,-49.963379],[-68.818909,-49.968811],[-68.874512,-49.96582],[-68.896118,-49.971497],[-68.908813,-49.989807],[-68.9328,-50],[-68.90448,-49.994995],[-68.900513,-49.980591],[-68.889526,-49.973999],[-68.85907,-49.969177],[-68.815613,-49.979187],[-68.754395,-49.978394],[-68.672913,-49.993286],[-68.643494,-49.988708],[-68.580688,-49.964417],[-68.541687,-50.000183],[-68.509277,-50.019775],[-68.513123,-50.053101],[-68.50061,-50.063904],[-68.502808,-50.073181],[-68.490295,-50.088013],[-68.451721,-50.110718],[-68.411499,-50.115479],[-68.39679,-50.131409],[-68.360779,-50.135376],[-68.354906,-50.151305],[-68.364519,-50.165059],[-68.407207,-50.186236],[-68.633922,-50.248816],[-68.659192,-50.257144],[-68.659334,-50.26195],[-68.667092,-50.259618],[-68.672755,-50.270136],[-68.715395,-50.278321],[-68.737333,-50.289552],[-68.773259,-50.288148],[-68.803711,-50.305937],[-68.862431,-50.324111],[-68.880006,-50.335618],[-68.874966,-50.344499],[-68.88466,-50.351994],[-68.879306,-50.360845],[-68.885046,-50.357733],[-68.906604,-50.363458],[-68.970992,-50.419866],[-69.005699,-50.468778],[-69.034809,-50.49569],[-69.042447,-50.523629],[-69.07931,-50.565332],[-69.092616,-50.622867],[-69.124124,-50.675434],[-69.141028,-50.727244],[-69.128581,-50.845894],[-69.132019,-50.899586],[-69.159912,-50.919678],[-69.171387,-50.921692],[-69.145813,-50.905029],[-69.164978,-50.909302],[-69.214013,-50.944725],[-69.225206,-50.974892],[-69.231506,-50.958801],[-69.240112,-50.957825],[-69.321228,-50.988403],[-69.336609,-51.006409],[-69.382385,-51.036804],[-69.372498,-51.048096],[-69.396118,-51.079712],[-69.441284,-51.089783],[-69.456909,-51.102783],[-69.458191,-51.11261],[-69.464905,-51.11261],[-69.458496,-51.11438],[-69.440308,-51.109009],[-69.438599,-51.110291],[-69.44281,-51.111389],[-69.442322,-51.114502],[-69.434326,-51.113708],[-69.434509,-51.107178],[-69.422791,-51.104492],[-69.42511,-51.100403],[-69.405518,-51.097717],[-69.374512,-51.070679],[-69.311707,-51.035522],[-69.297607,-51.022217],[-69.207886,-50.984802],[-69.205505,-50.975281],[-69.175865,-50.97552],[-69.166128,-50.980888],[-69.155808,-50.996976],[-69.10858,-51.166986],[-69.078756,-51.22425],[-68.997735,-51.447196],[-68.952907,-51.528011],[-68.946375,-51.554304],[-68.958534,-51.571995],[-68.979271,-51.582429],[-69.001282,-51.559875],[-69.037292,-51.56073],[-69.066895,-51.570923],[-69.101807,-51.596313],[-69.134705,-51.60321],[-69.241577,-51.578979],[-69.289185,-51.558777],[-69.344116,-51.551575],[-69.390503,-51.557678],[-69.424011,-51.570923],[-69.494812,-51.585083],[-69.524109,-51.598999],[-69.617798,-51.626892],[-69.588684,-51.61908],[-69.528503,-51.616211],[-69.523621,-51.608276],[-69.500183,-51.60199],[-69.454224,-51.606812],[-69.390808,-51.592102],[-69.335205,-51.58551],[-69.249695,-51.600403],[-69.143494,-51.632324],[-69.116821,-51.629883],[-69.103394,-51.634277],[-69.124084,-51.641785],[-69.116211,-51.642212],[-69.11731,-51.65509],[-69.102295,-51.641602],[-69.014099,-51.606384],[-68.975235,-51.615866],[-68.955333,-51.629101],[-68.924588,-51.686539],[-68.85211,-51.775876],[-68.756396,-51.921213],[-68.70845,-51.981247],[-68.578153,-52.113744],[-68.356777,-52.317388],[-68.353993,-52.335508],[-68.432596,-52.39769],[-68.418433,-52.386414],[-68.418628,-52.332478],[-68.573481,-52.325178],[-68.586025,-52.3067],[-68.709733,-52.285514],[-68.837997,-52.277736],[-68.986878,-52.203581],[-69.078608,-52.185119],[-69.190011,-52.150102],[-69.485964,-52.151439],[-69.9955,-52.000717],[-70.930734,-51.999606],[-71.9215,-51.999984],[-71.929124,-51.991981],[-71.953531,-51.988247],[-71.964474,-51.972827],[-72.006085,-51.97894],[-72.029073,-51.967683],[-72.032,-51.958653],[-71.988943,-51.941532],[-71.945275,-51.914808],[-71.933312,-51.920212],[-71.928838,-51.914549],[-71.938859,-51.908733],[-71.951015,-51.871624],[-71.967481,-51.864485],[-72.026168,-51.808432],[-72.062684,-51.785369],[-72.078489,-51.782399],[-72.075863,-51.773163],[-72.112991,-51.767456],[-72.121749,-51.744029],[-72.151073,-51.746199],[-72.179233,-51.738249],[-72.184691,-51.734602],[-72.161435,-51.725389],[-72.18889,-51.721697],[-72.231121,-51.702457],[-72.243683,-51.705679],[-72.249744,-51.699173],[-72.27121,-51.705326],[-72.297112,-51.699403],[-72.300789,-51.687033],[-72.287528,-51.669069],[-72.287899,-51.652488],[-72.296823,-51.646188],[-72.283305,-51.638529],[-72.287398,-51.632609],[-72.303799,-51.632245],[-72.319146,-51.625464],[-72.327022,-51.587339],[-72.338256,-51.5841],[-72.371529,-51.589221],[-72.377037,-51.584445],[-72.388713,-51.595073],[-72.403229,-51.587464],[-72.442519,-51.584489],[-72.426309,-51.546864],[-72.394008,-51.527442],[-72.406422,-51.519501],[-72.405184,-51.513391],[-72.360446,-51.525898],[-72.344661,-51.520738],[-72.350909,-51.484536],[-72.345317,-51.477159],[-72.324053,-51.474956],[-72.340871,-51.449594],[-72.338264,-51.424829],[-72.322083,-51.40665],[-72.309938,-51.403147],[-72.308968,-51.366446],[-72.326076,-51.345681],[-72.3488,-51.349845],[-72.351298,-51.343569],[-72.368995,-51.342118],[-72.371705,-51.336262],[-72.360045,-51.319106],[-72.307802,-51.30747],[-72.306417,-51.292948],[-72.269179,-51.283252],[-72.259487,-51.254044],[-72.258656,-51.244169],[-72.287,-51.225282],[-72.303602,-51.201739],[-72.322565,-51.21057],[-72.348758,-51.20361],[-72.360642,-51.168752],[-72.39575,-51.14542],[-72.40906,-51.10749],[-72.403206,-51.091975],[-72.376181,-51.079983],[-72.374169,-51.023208],[-72.364683,-51.021936],[-72.350406,-51.029342],[-72.328136,-51.024992],[-72.3007,-51.03218],[-72.280665,-51.029515],[-72.265665,-51.035228],[-72.267237,-50.963651],[-72.258191,-50.949336],[-72.263355,-50.937637],[-72.257174,-50.917233],[-72.245538,-50.902859],[-72.25669,-50.888478],[-72.248064,-50.875034],[-72.266961,-50.862901],[-72.261034,-50.8375],[-72.280339,-50.809945],[-72.329046,-50.763516],[-72.345549,-50.759826],[-72.350327,-50.740219],[-72.337021,-50.719261],[-72.318651,-50.716691],[-72.311779,-50.708544],[-72.301119,-50.706774],[-72.29831,-50.681794],[-72.286248,-50.659646],[-72.296837,-50.652622],[-72.338046,-50.650462],[-72.339269,-50.633736],[-72.359189,-50.616121],[-72.407789,-50.636406],[-72.416105,-50.619916],[-72.454688,-50.616597],[-72.490378,-50.600298],[-72.504869,-50.614527],[-72.548437,-50.620547],[-72.560786,-50.646031],[-72.575063,-50.646317],[-72.579656,-50.655596],[-72.574605,-50.679004],[-72.594695,-50.681659],[-72.61339,-50.674517],[-72.613271,-50.665237],[-72.623323,-50.657369],[-72.642331,-50.653756],[-72.655782,-50.663957],[-72.673383,-50.655303],[-72.680929,-50.642453],[-72.698423,-50.645519],[-72.729745,-50.614952],[-72.740033,-50.626775],[-72.757058,-50.630522],[-72.774118,-50.627453],[-72.829834,-50.652509],[-72.851784,-50.653187],[-72.874734,-50.670497],[-72.891438,-50.670176],[-72.905465,-50.697195],[-72.9403,-50.706653],[-72.943724,-50.71654],[-72.952022,-50.718384],[-72.944051,-50.724809],[-72.954699,-50.740959],[-72.980812,-50.744188],[-73.006287,-50.762024],[-73.041992,-50.761292],[-73.069702,-50.788879],[-73.096924,-50.773376],[-73.156982,-50.794189],[-73.203491,-50.820984],[-73.222778,-50.817383],[-73.267517,-50.823975],[-73.267395,-50.809082],[-73.281799,-50.800598],[-73.284912,-50.787903],[-73.255981,-50.750122],[-73.286011,-50.739502],[-73.225525,-50.719299],[-73.198181,-50.701111],[-73.185913,-50.700378],[-73.169983,-50.6875],[-73.172729,-50.676697],[-73.238708,-50.665894],[-73.270813,-50.648804],[-73.267395,-50.628113],[-73.288696,-50.585999],[-73.299988,-50.57428],[-73.331909,-50.56842],[-73.333984,-50.558289],[-73.386414,-50.516418],[-73.365601,-50.507507],[-73.364502,-50.487915],[-73.432617,-50.483093],[-73.407898,-50.467712],[-73.403687,-50.450806],[-73.422485,-50.442627],[-73.419312,-50.429626],[-73.437012,-50.424377],[-73.456482,-50.400513],[-73.455383,-50.392578],[-73.486389,-50.38208],[-73.46991,-50.344482],[-73.480713,-50.325684],[-73.501404,-50.314697],[-73.516785,-50.289001],[-73.538391,-50.289001],[-73.564575,-50.272705],[-73.564697,-50.255798],[-73.549988,-50.22821],[-73.559998,-50.216919],[-73.555176,-50.184387],[-73.52832,-50.165405],[-73.520813,-50.153076],[-73.541504,-50.119019],[-73.489502,-50.081604],[-73.492493,-50.06189],[-73.48291,-50.054077],[-73.502197,-50.043579],[-73.533691,-50.042297],[-73.566589,-50.020386],[-73.536987,-49.987305],[-73.505188,-49.966492],[-73.543884,-49.949402],[-73.552612,-49.923889],[-73.521912,-49.900513],[-73.490479,-49.8526],[-73.499695,-49.817993],[-73.445312,-49.793884],[-73.466187,-49.773682],[-73.438782,-49.757812],[-73.459229,-49.7453],[-73.476379,-49.717896],[-73.509094,-49.7052],[-73.498596,-49.691711],[-73.504578,-49.662903],[-73.464111,-49.642395],[-73.463684,-49.618896],[-73.488281,-49.582703],[-73.536011,-49.564026],[-73.549683,-49.538086],[-73.539307,-49.523987],[-73.5448,-49.5047],[-73.539612,-49.49823],[-73.487793,-49.500488],[-73.463806,-49.482483],[-73.479614,-49.461304],[-73.473877,-49.441284],[-73.487976,-49.435608],[-73.490417,-49.428711],[-73.460022,-49.400208],[-73.426208,-49.391907],[-73.429077,-49.343994],[-73.410583,-49.319397],[-73.432312,-49.314087],[-73.436401,-49.297607],[-73.452087,-49.298584],[-73.471008,-49.278809],[-73.493713,-49.272705],[-73.495789,-49.24469],[-73.470703,-49.201111],[-73.143677,-49.270996],[-73.045593,-49.273682],[-73.068694,-49.267633],[-73.089365,-49.253059],[-73.103553,-49.266979],[-73.133189,-49.267175],[-73.145217,-49.247223],[-73.146431,-49.221311],[-73.138792,-49.205428],[-73.145431,-49.190152],[-73.139328,-49.179159],[-73.11694,-49.168566],[-73.110087,-49.151986],[-73.082409,-49.145932],[-73.082942,-49.134682],[-73.062155,-49.127525],[-73.062935,-49.113762],[-73.044928,-49.080868],[-73.030822,-49.074567],[-73.027034,-49.065754],[-73.004914,-49.063451],[-73.003315,-49.05201],[-73.013842,-49.036191],[-73.004857,-49.029091],[-72.981373,-49.029156],[-72.992865,-48.997225],[-72.986793,-48.98845],[-72.958791,-48.980036],[-72.946437,-48.945601],[-72.919711,-48.935702],[-72.891765,-48.946356],[-72.864869,-48.946629],[-72.850615,-48.966094],[-72.828606,-48.967282],[-72.816061,-48.961134],[-72.794589,-48.968082],[-72.766321,-48.945734],[-72.758345,-48.920397],[-72.748142,-48.910289],[-72.710532,-48.904532],[-72.69435,-48.895388],[-72.691087,-48.867558],[-72.636937,-48.86725],[-72.595221,-48.832164],[-72.565354,-48.823141],[-72.533374,-48.799498],[-72.529605,-48.774714],[-72.542626,-48.740393],[-72.535444,-48.665468],[-72.548989,-48.607802],[-72.563373,-48.582996],[-72.558055,-48.56076],[-72.567656,-48.524854],[-72.582016,-48.497324],[-72.589509,-48.494383],[-72.58575,-48.487316],[-72.535724,-48.482681],[-72.528521,-48.498868],[-72.502421,-48.518548],[-72.493056,-48.512723],[-72.475392,-48.516811],[-72.441592,-48.514087],[-72.426044,-48.495572],[-72.414082,-48.495737],[-72.393584,-48.482998],[-72.392424,-48.470281],[-72.373506,-48.449823],[-72.408906,-48.432732],[-72.406407,-48.416075],[-72.380257,-48.399086],[-72.360449,-48.398661],[-72.357753,-48.392269],[-72.34776,-48.390199],[-72.347738,-48.383614],[-72.376974,-48.371536],[-72.38069,-48.350128],[-72.366876,-48.352114],[-72.343555,-48.345335],[-72.322431,-48.358558],[-72.308971,-48.353552],[-72.285805,-48.356236],[-72.277981,-48.362613],[-72.264142,-48.352791],[-72.241071,-48.348317],[-72.238482,-48.330005],[-72.226414,-48.320563],[-72.241928,-48.301318],[-72.252493,-48.300652],[-72.265342,-48.277806],[-72.316699,-48.23401],[-72.325811,-48.215464],[-72.307107,-48.201212],[-72.310857,-48.186288],[-72.299081,-48.158634],[-72.306011,-48.140014],[-72.322168,-48.133328],[-72.327164,-48.116018],[-72.355025,-48.101006],[-72.360306,-48.073599],[-72.383973,-48.071181],[-72.416124,-48.078148],[-72.443792,-48.064348],[-72.440582,-48.049031],[-72.428502,-48.041482],[-72.42871,-48.011168],[-72.418776,-48.00272],[-72.425383,-47.996015],[-72.42049,-47.986764],[-72.425973,-47.966986],[-72.454203,-47.963839],[-72.459495,-47.956491],[-72.497806,-47.96116],[-72.527417,-47.937784],[-72.522202,-47.910963],[-72.499682,-47.885646],[-72.497969,-47.875138],[-72.476876,-47.870926],[-72.468162,-47.812749],[-72.49593,-47.797108],[-72.502716,-47.766978],[-72.522362,-47.754269],[-72.523338,-47.740444],[-72.484422,-47.759081],[-72.473214,-47.75851],[-72.466064,-47.737892],[-72.442722,-47.746104],[-72.435526,-47.733514],[-72.452163,-47.715544],[-72.450507,-47.705284],[-72.417428,-47.694322],[-72.409704,-47.678189],[-72.420812,-47.661628],[-72.398159,-47.658448],[-72.402461,-47.65209],[-72.379656,-47.635796],[-72.359366,-47.639285],[-72.353424,-47.636192],[-72.335245,-47.610798],[-72.309095,-47.590839],[-72.324947,-47.584442],[-72.327032,-47.571365],[-72.309586,-47.552405],[-72.29114,-47.511889],[-72.294662,-47.498268],[-72.306771,-47.49154],[-72.307803,-47.480133],[-72.326753,-47.481956],[-72.3397,-47.46855],[-72.341342,-47.456186],[-72.325737,-47.453345],[-72.323539,-47.448548],[-72.293431,-47.446242],[-72.285094,-47.437334],[-72.291618,-47.435021],[-72.28014,-47.431923],[-72.267919,-47.416304],[-72.248973,-47.414772],[-72.244481,-47.406091],[-72.224227,-47.403141],[-72.197353,-47.417042],[-72.180435,-47.399767],[-72.161339,-47.394485],[-72.160542,-47.378209],[-72.14322,-47.363576],[-72.144893,-47.351438],[-72.128979,-47.328538],[-72.080617,-47.334398],[-72.070112,-47.341976],[-72.047705,-47.339997],[-72.03637,-47.319215],[-71.996445,-47.294954],[-72.016637,-47.247275],[-72.000725,-47.22934],[-72.000909,-47.217569],[-72.018611,-47.198419],[-71.975372,-47.213501],[-71.921341,-47.218805],[-71.869409,-47.233947],[-71.864745,-47.230568],[-71.863342,-47.223477],[-71.894696,-47.210978],[-71.879948,-47.205471],[-71.888856,-47.198999],[-71.888861,-47.17963],[-71.850481,-47.164187],[-71.863523,-47.145886],[-71.859969,-47.131882],[-71.876602,-47.119913],[-71.880296,-47.107491],[-71.949748,-47.086756],[-71.954054,-47.076058],[-71.937017,-47.062108],[-71.91577,-47.059342],[-71.903992,-47.050954],[-71.880042,-47.010105],[-71.897529,-46.996048],[-71.91487,-46.998351],[-71.932566,-46.994376],[-71.918273,-46.985364],[-71.929856,-46.977744],[-71.957995,-46.974243],[-71.951737,-46.957366],[-71.971055,-46.905225],[-71.96099,-46.901456],[-71.957801,-46.89082],[-71.950734,-46.890011],[-71.931339,-46.868158],[-71.932499,-46.840245],[-71.955377,-46.814422],[-71.914092,-46.798996],[-71.862613,-46.802078],[-71.832889,-46.797755],[-71.816636,-46.782449],[-71.799199,-46.780412],[-71.772457,-46.76761],[-71.740667,-46.732989],[-71.697742,-46.712549],[-71.685779,-46.697327],[-71.643372,-46.684822],[-71.64475,-46.656962],[-71.650455,-46.651918],[-71.64682,-46.633953],[-71.660657,-46.620206],[-71.666962,-46.598649],[-71.659967,-46.582123],[-71.665903,-46.551646],[-71.675787,-46.542797],[-71.669291,-46.527842],[-71.756522,-46.345629],[-71.728326,-46.308466],[-71.726883,-46.2719],[-71.74094,-46.263755],[-71.752593,-46.227646],[-71.764849,-46.215429],[-71.772646,-46.216553],[-71.777569,-46.198792],[-71.796985,-46.190159],[-71.82194,-46.202694],[-71.835175,-46.192029],[-71.859368,-46.194703],[-71.860259,-46.180736],[-71.874704,-46.161332],[-71.865071,-46.156851],[-71.898278,-46.162219],[-71.90673,-46.15835],[-71.907415,-46.14483],[-71.914654,-46.139919],[-71.89488,-46.135422],[-71.878476,-46.123544],[-71.862201,-46.122687],[-71.859117,-46.117961],[-71.84334,-46.120092],[-71.824757,-46.110574],[-71.784996,-46.122019],[-71.758705,-46.109774],[-71.759205,-46.099471],[-71.747376,-46.091991],[-71.740714,-46.089659],[-71.727675,-46.095255],[-71.714897,-46.090206],[-71.70961,-46.071012],[-71.69798,-46.069228],[-71.696617,-46.060789],[-71.675214,-46.048231],[-71.666605,-46.026607],[-71.645948,-46.011128],[-71.645309,-45.985069],[-71.634411,-45.976526],[-71.625845,-45.982451],[-71.614376,-45.97498],[-71.618374,-45.946973],[-71.641716,-45.924369],[-71.652519,-45.89039],[-71.674862,-45.873567],[-71.6904,-45.865287],[-71.699013,-45.866738],[-71.71586,-45.854436],[-71.725592,-45.856149],[-71.729137,-45.852223],[-71.739726,-45.858124],[-71.744342,-45.85377],[-71.75543,-45.854769],[-71.755954,-45.849059],[-71.762402,-45.85189],[-71.76897,-45.844395],[-71.743271,-45.802588],[-71.76126,-45.787835],[-71.754833,-45.771309],[-71.771221,-45.743737],[-71.795147,-45.730114],[-71.801054,-45.720894],[-71.794815,-45.706955],[-71.779968,-45.701744],[-71.773047,-45.681236],[-71.795526,-45.664931],[-71.778586,-45.658028],[-71.783886,-45.652796],[-71.77198,-45.64102],[-71.780708,-45.634072],[-71.779557,-45.62182],[-71.772681,-45.617211],[-71.761498,-45.620413],[-71.753765,-45.609808],[-71.748154,-45.610279],[-71.731431,-45.589955],[-71.734463,-45.581354],[-71.726596,-45.577457],[-71.728524,-45.574059],[-71.742629,-45.579198],[-71.762945,-45.576643],[-71.76353,-45.56031],[-71.744314,-45.54215],[-71.702783,-45.535883],[-71.682593,-45.527774],[-71.688804,-45.521159],[-71.682135,-45.515076],[-71.646425,-45.518494],[-71.6415,-45.513306],[-71.623725,-45.511427],[-71.612616,-45.513794],[-71.606299,-45.522152],[-71.575152,-45.519487],[-71.559562,-45.523584],[-71.46892,-45.493636],[-71.482711,-45.483014],[-71.469805,-45.482043],[-71.475073,-45.474248],[-71.501931,-45.466653],[-71.508994,-45.458725],[-71.499899,-45.455527],[-71.509115,-45.454271],[-71.516855,-45.439437],[-71.527449,-45.438971],[-71.533945,-45.432974],[-71.520557,-45.425352],[-71.529985,-45.410369],[-71.529458,-45.392704],[-71.499067,-45.386237],[-71.453248,-45.386114],[-71.438253,-45.395819],[-71.439467,-45.373037],[-71.448651,-45.369563],[-71.413626,-45.354572],[-71.385738,-45.350765],[-71.371367,-45.344578],[-71.366056,-45.335809],[-71.349068,-45.331928],[-71.333178,-45.319803],[-71.320053,-45.29212],[-71.329147,-45.277829],[-71.337302,-45.278345],[-71.3502,-45.269367],[-71.331379,-45.251312],[-71.338461,-45.250214],[-71.332978,-45.241385],[-71.35115,-45.229905],[-71.369996,-45.225598],[-71.378609,-45.207062],[-71.399025,-45.197473],[-71.406979,-45.180063],[-71.425178,-45.171744],[-71.418671,-45.166672],[-71.425867,-45.162275],[-71.417472,-45.157919],[-71.470074,-45.148766],[-71.475753,-45.139853],[-71.487486,-45.144117],[-71.479267,-45.134292],[-71.491449,-45.107812],[-71.503525,-45.102399],[-71.526544,-45.103125],[-71.512983,-45.096569],[-71.505425,-45.072212],[-71.530413,-45.045708],[-71.557986,-45.03148],[-71.548317,-45.013794],[-71.552381,-45.008498],[-71.540955,-45.000203],[-71.552781,-44.995273],[-71.55931,-44.97765],[-71.582895,-44.980915],[-71.60215,-44.970555],[-71.612915,-44.975281],[-71.635362,-44.970188],[-71.657288,-44.975586],[-71.711066,-44.955125],[-71.74211,-44.958352],[-71.753837,-44.926482],[-71.761213,-44.925114],[-71.778153,-44.940256],[-71.790807,-44.932133],[-71.807136,-44.930498],[-71.817219,-44.91979],[-71.854443,-44.932311],[-71.879909,-44.959389],[-71.883526,-44.945969],[-71.888856,-44.952489],[-71.924976,-44.944208],[-71.934418,-44.940396],[-71.947895,-44.92058],[-71.977362,-44.919438],[-71.979247,-44.903562],[-72.01945,-44.897395],[-72.03367,-44.904762],[-72.050516,-44.88169],[-72.065821,-44.876722],[-72.036354,-44.862331],[-72.065593,-44.849996],[-72.049317,-44.837033],[-72.036611,-44.808956],[-72.026983,-44.805825],[-72.07392,-44.781074],[-72.064088,-44.772201],[-72.066903,-44.759535],[-72.057312,-44.756409],[-72.032424,-44.765452],[-72.018156,-44.756661],[-72.016907,-44.771179],[-72.008179,-44.77301],[-72.005493,-44.784302],[-71.982483,-44.780029],[-71.956787,-44.786011],[-71.927505,-44.804035],[-71.921296,-44.786613],[-71.925008,-44.780017],[-71.914612,-44.776611],[-71.892529,-44.785839],[-71.886271,-44.795032],[-71.859802,-44.800476],[-71.830994,-44.791077],[-71.815458,-44.793092],[-71.810711,-44.785134],[-71.823486,-44.781494],[-71.824577,-44.774944],[-71.786484,-44.752264],[-71.735933,-44.768793],[-71.705023,-44.769863],[-71.686985,-44.765018],[-71.674136,-44.771799],[-71.671963,-44.786869],[-71.666343,-44.787206],[-71.631603,-44.778105],[-71.595382,-44.779364],[-71.595358,-44.767215],[-71.581601,-44.752265],[-71.566881,-44.759307],[-71.531204,-44.743023],[-71.519709,-44.745268],[-71.474207,-44.737073],[-71.452215,-44.754319],[-71.43416,-44.754634],[-71.425808,-44.768411],[-71.394486,-44.790024],[-71.37233,-44.79631],[-71.355983,-44.790956],[-71.338394,-44.797775],[-71.328324,-44.808517],[-71.304308,-44.80622],[-71.291816,-44.813948],[-71.28981,-44.809677],[-71.250632,-44.799344],[-71.253726,-44.785245],[-71.238114,-44.769272],[-71.205969,-44.750455],[-71.202272,-44.722839],[-71.214298,-44.714211],[-71.2104,-44.69872],[-71.195842,-44.684896],[-71.19975,-44.678789],[-71.217911,-44.673996],[-71.216629,-44.666141],[-71.234461,-44.652389],[-71.235489,-44.640919],[-71.213689,-44.632856],[-71.209167,-44.6254],[-71.215863,-44.618204],[-71.19431,-44.601981],[-71.200847,-44.591636],[-71.176321,-44.599716],[-71.164333,-44.592655],[-71.14684,-44.591654],[-71.127885,-44.597584],[-71.101901,-44.590688],[-71.097239,-44.585931],[-71.105456,-44.575066],[-71.097861,-44.561189],[-71.103246,-44.553338],[-71.091636,-44.535034],[-71.127718,-44.50804],[-71.163729,-44.501044],[-71.149176,-44.483329],[-71.129689,-44.471803],[-71.153574,-44.459777],[-71.17111,-44.439102],[-71.183929,-44.441005],[-71.209179,-44.433336],[-71.222731,-44.436246],[-71.236604,-44.420215],[-71.246182,-44.417404],[-71.267656,-44.423843],[-71.304893,-44.423576],[-71.312189,-44.429556],[-71.335893,-44.41877],[-71.348885,-44.424795],[-71.356731,-44.409518],[-71.352667,-44.4034],[-71.365195,-44.397198],[-71.365936,-44.390825],[-71.386197,-44.385275],[-71.408495,-44.392743],[-71.420239,-44.388934],[-71.44354,-44.396067],[-71.467161,-44.388722],[-71.488616,-44.399328],[-71.510498,-44.394002],[-71.551787,-44.408971],[-71.583285,-44.404928],[-71.588715,-44.398699],[-71.611134,-44.40213],[-71.617235,-44.398494],[-71.638341,-44.398577],[-71.657883,-44.408987],[-71.692831,-44.397595],[-71.697887,-44.389267],[-71.69387,-44.382398],[-71.711693,-44.379224],[-71.720568,-44.390474],[-71.73632,-44.399183],[-71.763303,-44.40418],[-71.767349,-44.410414],[-71.774392,-44.40832],[-71.801042,-44.419504],[-71.815067,-44.416117],[-71.804325,-44.399136],[-71.820839,-44.392283],[-71.817508,-44.377483],[-71.834069,-44.369345],[-71.828643,-44.363396],[-71.839018,-44.349976],[-71.80009,-44.339031],[-71.786968,-44.330425],[-71.793926,-44.30449],[-71.808761,-44.288212],[-71.80312,-44.271689],[-71.829536,-44.265371],[-71.826928,-44.259919],[-71.80636,-44.258114],[-71.813189,-44.25038],[-71.805403,-44.247272],[-71.812983,-44.238564],[-71.804623,-44.232606],[-71.807717,-44.228061],[-71.780601,-44.224119],[-71.78002,-44.217187],[-71.781281,-44.213118],[-71.80064,-44.214585],[-71.799878,-44.191695],[-71.828106,-44.166672],[-71.846667,-44.159236],[-71.841253,-44.146282],[-71.851772,-44.128466],[-71.848659,-44.113525],[-71.835652,-44.106869],[-71.824459,-44.114108],[-71.781338,-44.111511],[-71.759426,-44.099609],[-71.749484,-44.089724],[-71.747463,-44.076782],[-71.737026,-44.072815],[-71.722134,-44.049622],[-71.715594,-44.024875],[-71.696228,-44.006265],[-71.679563,-43.971139],[-71.661062,-43.963673],[-71.648781,-43.945925],[-71.65075,-43.9237],[-71.666426,-43.901228],[-71.6926,-43.903536],[-71.698858,-43.894994],[-71.707376,-43.894495],[-71.70326,-43.877624],[-71.708717,-43.855739],[-71.731964,-43.859703],[-71.762746,-43.840576],[-71.759605,-43.823396],[-71.752372,-43.821945],[-71.756703,-43.815068],[-71.749279,-43.808144],[-71.753419,-43.78818],[-71.735983,-43.778525],[-71.729386,-43.762173],[-71.701858,-43.738456],[-71.696716,-43.726076],[-71.661096,-43.719223],[-71.660358,-43.702377],[-71.636849,-43.703471],[-71.6319,-43.708088],[-71.630091,-43.698594],[-71.599781,-43.696969],[-71.611997,-43.676042],[-71.588292,-43.67545],[-71.581455,-43.65168],[-71.596836,-43.633748],[-71.626294,-43.623707],[-71.658026,-43.620918],[-71.703464,-43.625249],[-71.707983,-43.584503],[-71.718214,-43.576348],[-71.742338,-43.585894],[-71.757414,-43.58423],[-71.764832,-43.57615],[-71.759859,-43.571391],[-71.76303,-43.55628],[-71.776522,-43.538692],[-71.828425,-43.549978],[-71.87748,-43.551083],[-71.878491,-43.527526],[-71.871904,-43.52648],[-71.859612,-43.508365],[-71.848635,-43.482889],[-71.870844,-43.462864],[-71.878542,-43.463221],[-71.881382,-43.451297],[-71.925318,-43.458756],[-71.934232,-43.449101],[-71.914107,-43.416654],[-71.929657,-43.400035],[-71.93321,-43.386559],[-71.911436,-43.386614],[-71.893742,-43.380094],[-71.898348,-43.367449],[-71.890167,-43.358283],[-71.902092,-43.343833],[-71.896728,-43.33817],[-71.904389,-43.321886],[-71.896387,-43.3197],[-71.866514,-43.332774],[-71.840097,-43.335205],[-71.811032,-43.32001],[-71.801231,-43.312666],[-71.803215,-43.305736],[-71.786404,-43.296968],[-71.76611,-43.301273],[-71.755211,-43.317642],[-71.746965,-43.320032],[-71.734603,-43.314333],[-71.736262,-43.288568],[-71.730799,-43.282239],[-71.746556,-43.266682],[-71.757254,-43.228271],[-71.74133,-43.222113],[-71.729205,-43.200251],[-71.74115,-43.17927],[-71.7545,-43.176611],[-71.760532,-43.164622],[-71.783711,-43.168781],[-71.788976,-43.159911],[-71.815079,-43.145681],[-71.823113,-43.151011],[-71.835264,-43.143157],[-71.857337,-43.142577],[-71.852986,-43.127112],[-71.886373,-43.127026],[-71.89268,-43.107022],[-71.932902,-43.10213],[-71.943302,-43.09242],[-71.933873,-43.080487],[-71.93631,-43.052771],[-71.958399,-43.040304],[-71.977869,-43.045703],[-71.983299,-43.035076],[-72.00262,-43.037408],[-72.020009,-43.017587],[-72.036165,-43.01339],[-72.038151,-42.992563],[-72.057171,-42.982943],[-72.056247,-42.974636],[-72.073203,-42.94961],[-72.090675,-42.951999],[-72.097653,-42.941566],[-72.116192,-42.936321],[-72.11413,-42.922607],[-72.142547,-42.899865],[-72.131604,-42.884899],[-72.118294,-42.881699],[-72.134884,-42.867475],[-72.134151,-42.852718],[-72.147876,-42.850019],[-72.165019,-42.798314],[-72.142703,-42.795278],[-72.140718,-42.781917],[-72.13133,-42.777127],[-72.13424,-42.756492],[-72.147157,-42.741563],[-72.128425,-42.731051],[-72.138547,-42.72256],[-72.138213,-42.711159],[-72.173241,-42.701622],[-72.179737,-42.697191],[-72.178704,-42.689196],[-72.172241,-42.671641],[-72.149123,-42.681368],[-72.135897,-42.680135],[-72.096027,-42.642035],[-72.103123,-42.630609],[-72.117613,-42.629209],[-72.11305,-42.616385],[-72.118513,-42.60296],[-72.103523,-42.600295],[-72.075174,-42.566316],[-72.06448,-42.572645],[-72.051352,-42.565117],[-72.053745,-42.545468],[-72.026039,-42.521795],[-72.028307,-42.505236],[-72.012605,-42.494855],[-72.034149,-42.456592],[-72.048134,-42.452362],[-72.032834,-42.429967],[-72.036082,-42.422214],[-72.028486,-42.407523],[-72.040412,-42.399228],[-72.0599,-42.39613],[-72.077222,-42.382472],[-72.089171,-42.396026],[-72.112715,-42.398301],[-72.131864,-42.384323],[-72.138337,-42.327025],[-72.120838,-42.323994],[-72.140792,-42.289516],[-72.168104,-42.25987],[-72.16827,-42.250543],[-72.153601,-42.243416],[-72.166319,-42.213832],[-72.155809,-42.205423],[-72.156808,-42.193731],[-72.184136,-42.177373],[-72.188262,-42.160969],[-72.179294,-42.156221],[-72.171532,-42.139365],[-72.122896,-42.155014],[-72.114984,-42.146133],[-72.089443,-42.148219],[-72.081834,-42.143108],[-72.066513,-42.14674],[-72.063479,-42.13921],[-72.079087,-42.129525],[-72.066645,-42.124312],[-72.066477,-42.117724],[-72.052013,-42.113924],[-72.045131,-42.125121],[-72.028531,-42.122461],[-72.006857,-42.140083],[-71.985524,-42.139438],[-71.971934,-42.145047],[-71.964924,-42.139303],[-71.957551,-42.141254],[-71.954592,-42.164385],[-71.923752,-42.190414],[-71.892852,-42.180738],[-71.874458,-42.154702],[-71.858248,-42.159181],[-71.845919,-42.154055],[-71.834753,-42.162569],[-71.803461,-42.145572],[-71.781727,-42.14808],[-71.774591,-42.136752],[-71.77725,-42.130226],[-71.747508,-42.130456],[-71.731618,-42.122927],[-71.726121,-42.110235],[-71.741711,-42.082653],[-71.734874,-42.062258],[-71.724589,-42.058468],[-71.727653,-42.046642],[-71.745076,-42.037215],[-71.757235,-42.037081],[-71.754703,-42.023723],[-71.762598,-42.011198],[-71.773522,-42.007574],[-71.778821,-41.98395],[-71.793782,-41.961553],[-71.793404,-41.94403],[-71.781453,-41.943096],[-71.772137,-41.930854],[-71.773801,-41.908523],[-71.788944,-41.890068],[-71.790548,-41.851589],[-71.797482,-41.84263],[-71.790719,-41.83079],[-71.751368,-41.82493],[-71.754033,-41.819267],[-71.765126,-41.816602],[-71.773987,-41.793649],[-71.767891,-41.787153],[-71.753932,-41.787454],[-71.775253,-41.767732],[-71.77462,-41.760037],[-71.784081,-41.751309],[-71.784181,-41.734953],[-71.810365,-41.720528],[-71.791599,-41.703703],[-71.794378,-41.694737],[-71.816972,-41.689895],[-71.817793,-41.669927],[-71.829771,-41.675704],[-71.837098,-41.666193],[-71.836561,-41.645635],[-71.856998,-41.645266],[-71.867122,-41.622161],[-71.885561,-41.605992],[-71.8753,-41.59957],[-71.873932,-41.588251],[-71.863772,-41.584516],[-71.846801,-41.565288],[-71.817638,-41.575206],[-71.830699,-41.562246],[-71.82822,-41.550807],[-71.837376,-41.548828],[-71.839411,-41.539439],[-71.848073,-41.534003],[-71.85207,-41.514848],[-71.828007,-41.481012],[-71.837798,-41.474244],[-71.843364,-41.451697],[-71.836471,-41.444232],[-71.827008,-41.443503],[-71.836035,-41.440871],[-71.836035,-41.431677],[-71.863208,-41.422013],[-71.870187,-41.409405],[-71.86635,-41.393601],[-71.886471,-41.379993],[-71.891107,-41.36676],[-71.908497,-41.36239],[-71.911245,-41.356743],[-71.91208,-41.34057],[-71.881653,-41.324144],[-71.88615,-41.315183],[-71.876023,-41.307387],[-71.876856,-41.296727],[-71.889848,-41.292026],[-71.891547,-41.278801],[-71.896544,-41.278901],[-71.897288,-41.270844],[-71.888221,-41.264405],[-71.897015,-41.255144],[-71.877913,-41.260374],[-71.866353,-41.25551],[-71.856226,-41.257309],[-71.846165,-41.269515],[-71.834444,-41.272026],[-71.856393,-41.247749],[-71.847022,-41.24284],[-71.859324,-41.233624],[-71.854028,-41.214603],[-71.874415,-41.205842],[-71.872649,-41.197514],[-71.887507,-41.168132],[-71.879564,-41.162754],[-71.860342,-41.162717],[-71.839364,-41.150405],[-71.843761,-41.129052],[-71.836233,-41.118225],[-71.852123,-41.098971],[-71.849591,-41.083147],[-71.829521,-41.075296],[-71.817944,-41.062294],[-71.835948,-41.050377],[-71.832968,-41.043139],[-71.839364,-41.035843],[-71.847626,-41.03078],[-71.860011,-41.032711],[-71.875506,-40.998995],[-71.898298,-40.983916],[-71.906337,-40.986109],[-71.904508,-40.961735],[-71.887204,-40.968111],[-71.873712,-40.960349],[-71.856435,-40.960022],[-71.859312,-40.917993],[-71.869049,-40.892966],[-71.858184,-40.879479],[-71.878914,-40.88174],[-71.908278,-40.858036],[-71.907638,-40.846445],[-71.925587,-40.83571],[-71.924002,-40.827061],[-71.935137,-40.821915],[-71.92551,-40.810381],[-71.928075,-40.795087],[-71.921356,-40.78576],[-71.941862,-40.771215],[-71.942076,-40.765805],[-71.953198,-40.764762],[-71.956837,-40.746433],[-71.965686,-40.745588],[-71.965046,-40.727576],[-71.958531,-40.724603],[-71.962783,-40.719859],[-71.949573,-40.719859],[-71.920429,-40.688917],[-71.899802,-40.681562],[-71.884187,-40.666503],[-71.866879,-40.663161],[-71.868082,-40.648896],[-71.861295,-40.64281],[-71.8544,-40.644479],[-71.84325,-40.626381],[-71.837573,-40.60977],[-71.840645,-40.597899],[-71.823826,-40.577911],[-71.840272,-40.587047],[-71.845458,-40.582589],[-71.855996,-40.592418],[-71.877167,-40.564194],[-71.885539,-40.563047],[-71.89042,-40.556052],[-71.887808,-40.552054],[-71.867974,-40.557372],[-71.858795,-40.555229],[-71.858979,-40.534993],[-71.851276,-40.525661],[-71.842769,-40.525329],[-71.844418,-40.520062],[-71.852102,-40.520115],[-71.855654,-40.5094],[-71.840749,-40.489311],[-71.846806,-40.47886],[-71.835747,-40.463084],[-71.841527,-40.451917],[-71.819893,-40.432835],[-71.824957,-40.421898],[-71.808464,-40.406593],[-71.793372,-40.407308],[-71.782884,-40.410792],[-71.77289,-40.422994],[-71.758956,-40.416426],[-71.755719,-40.429439],[-71.736853,-40.44082],[-71.724035,-40.427519],[-71.709437,-40.42577],[-71.707694,-40.415118],[-71.69262,-40.40565],[-71.686772,-40.384654],[-71.693481,-40.381221],[-71.693099,-40.37373],[-71.656598,-40.36285],[-71.656117,-40.349728],[-71.673686,-40.34366],[-71.669285,-40.334214],[-71.677223,-40.326124],[-71.671648,-40.311096],[-71.684979,-40.294007],[-71.716763,-40.278979],[-71.736305,-40.306369],[-71.754363,-40.303794],[-71.760908,-40.299007],[-71.755636,-40.292432],[-71.761817,-40.276555],[-71.787571,-40.266042],[-71.786874,-40.259558],[-71.79966,-40.254892],[-71.797085,-40.247317],[-71.803811,-40.235985],[-71.823263,-40.233107],[-71.83008,-40.215897],[-71.828353,-40.206171],[-71.816264,-40.205838],[-71.79985,-40.186636],[-71.828896,-40.173203],[-71.808446,-40.152217],[-71.81336,-40.146574],[-71.809534,-40.137475],[-71.798432,-40.137477],[-71.807202,-40.12627],[-71.8029,-40.110394],[-71.811196,-40.1046],[-71.825415,-40.111666],[-71.83093,-40.107593],[-71.827025,-40.089924],[-71.809769,-40.081166],[-71.750483,-40.094669],[-71.698319,-40.116817],[-71.673568,-40.103725],[-71.666606,-40.088073],[-71.673887,-40.080464],[-71.666272,-40.073388],[-71.688928,-40.032254],[-71.674954,-40.025948],[-71.670871,-40.000747],[-71.6581,-39.988646],[-71.651132,-39.971381],[-71.63537,-39.968155],[-71.625077,-39.975793],[-71.619905,-39.972494],[-71.614241,-39.95622],[-71.625177,-39.937874],[-71.59819,-39.929282],[-71.602764,-39.916684],[-71.592685,-39.911381],[-71.595997,-39.890137],[-71.61267,-39.87437],[-71.633514,-39.881747],[-71.635263,-39.859178],[-71.642913,-39.853395],[-71.668992,-39.863092],[-71.685636,-39.854597],[-71.691903,-39.84029],[-71.685952,-39.831357],[-71.692105,-39.824528],[-71.666969,-39.807206],[-71.683621,-39.801904],[-71.677965,-39.793825],[-71.685802,-39.776858],[-71.680874,-39.768616],[-71.686691,-39.75581],[-71.707739,-39.738398],[-71.712425,-39.72442],[-71.704635,-39.722662],[-71.693721,-39.707251],[-71.704063,-39.695778],[-71.671219,-39.692304],[-71.669522,-39.682245],[-71.673117,-39.677801],[-71.687903,-39.67776],[-71.694077,-39.658053],[-71.716983,-39.649893],[-71.717468,-39.636763],[-71.700815,-39.633208],[-71.694881,-39.624544],[-71.698683,-39.587356],[-71.674888,-39.563642],[-71.656062,-39.587477],[-71.636227,-39.585821],[-71.623946,-39.592163],[-71.624552,-39.597173],[-71.615987,-39.601011],[-71.610089,-39.628199],[-71.576638,-39.63625],[-71.541032,-39.624339],[-71.523272,-39.62689],[-71.501742,-39.637683],[-71.496683,-39.618917],[-71.479837,-39.608816],[-71.461119,-39.582861],[-71.474496,-39.574213],[-71.473629,-39.562796],[-71.467652,-39.56057],[-71.470769,-39.553266],[-71.485379,-39.552956],[-71.503986,-39.56038],[-71.511336,-39.547892],[-71.531175,-39.538671],[-71.534381,-39.530408],[-71.529718,-39.519302],[-71.518118,-39.512295],[-71.517404,-39.504169],[-71.472945,-39.493267],[-71.463144,-39.471011],[-71.465052,-39.458316],[-71.447085,-39.45062],[-71.450236,-39.42626],[-71.464174,-39.419533],[-71.460265,-39.413504],[-71.445722,-39.409353],[-71.44448,-39.403475],[-71.454902,-39.389537],[-71.457023,-39.37057],[-71.433572,-39.372116],[-71.410575,-39.352755],[-71.400365,-39.350604],[-71.39506,-39.323668],[-71.385637,-39.318154],[-71.394757,-39.30358],[-71.392484,-39.295551],[-71.386381,-39.285965],[-71.374093,-39.283159],[-71.375184,-39.269009],[-71.388667,-39.265343],[-71.392545,-39.250254],[-71.382365,-39.23765],[-71.391909,-39.215804],[-71.381819,-39.21741],[-71.381073,-39.211327],[-71.400029,-39.185809],[-71.401036,-39.165006],[-71.412843,-39.164206],[-71.421186,-39.151075],[-71.411218,-39.139591],[-71.419944,-39.125139],[-71.40737,-39.095779],[-71.417732,-39.069662],[-71.407521,-39.051907],[-71.396008,-39.045635],[-71.401613,-39.036636],[-71.421398,-39.025244],[-71.413551,-39.008095],[-71.426225,-39.002308],[-71.428635,-38.992389],[-71.441512,-38.981027],[-71.432301,-38.967393],[-71.438816,-38.942184],[-71.433604,-38.928944],[-71.425424,-38.921642],[-71.399457,-38.916794],[-71.392186,-38.907825],[-71.375461,-38.907128],[-71.361705,-38.890464],[-71.33583,-38.876193],[-71.328558,-38.874679],[-71.321438,-38.880587],[-71.296536,-38.873354],[-71.285902,-38.858051],[-71.267944,-38.853171],[-71.26855,-38.828175],[-71.258854,-38.822388],[-71.258535,-38.815087],[-71.251522,-38.816631],[-71.238442,-38.802789],[-71.212588,-38.815827],[-71.185317,-38.814866],[-71.17988,-38.801563],[-71.149265,-38.799429],[-71.133796,-38.780764],[-71.122839,-38.777014],[-71.117365,-38.781516],[-71.117308,-38.775739],[-71.10661,-38.773654],[-71.093818,-38.754878],[-71.070047,-38.769724],[-71.052182,-38.757491],[-71.033596,-38.756915],[-71.001254,-38.770106],[-70.995907,-38.763052],[-70.98598,-38.764465],[-70.981192,-38.759919],[-70.92673,-38.763197],[-70.905943,-38.729115],[-70.890377,-38.721494],[-70.883736,-38.701807],[-70.900524,-38.689673],[-70.904512,-38.666862],[-70.897284,-38.66404],[-70.883604,-38.64184],[-70.837009,-38.612522],[-70.826491,-38.591816],[-70.835702,-38.586776],[-70.834578,-38.553573],[-70.843061,-38.537524],[-70.862932,-38.524242],[-70.866744,-38.513648],[-70.910659,-38.503798],[-70.927829,-38.485474],[-70.929037,-38.473649],[-70.951766,-38.450228],[-70.959432,-38.443502],[-70.977274,-38.442863],[-70.984018,-38.430662],[-70.980278,-38.415344],[-70.987245,-38.374598],[-70.982795,-38.364883],[-70.997033,-38.355513],[-71.002354,-38.323134],[-70.997618,-38.291988],[-71.010409,-38.282709],[-71.008986,-38.261689],[-71.031711,-38.249729],[-71.017891,-38.23869],[-71.020758,-38.213369],[-71.001569,-38.210339],[-70.997125,-38.202663],[-70.996652,-38.170985],[-71.009935,-38.162359],[-71.008714,-38.15389],[-71.024144,-38.149903],[-71.028229,-38.134365],[-71.042962,-38.122772],[-71.024011,-38.1126],[-70.988577,-38.110265],[-70.982611,-38.10414],[-70.98799,-38.087752],[-70.99188,-38.082645],[-71.011464,-38.080253],[-71.02022,-38.065705],[-71.044604,-38.05519],[-71.054869,-38.043626],[-71.05038,-38.028854],[-71.062597,-38.016417],[-71.059804,-38.001582],[-71.051184,-37.992546],[-71.060459,-37.994331],[-71.06765,-37.989462],[-71.062599,-37.970213],[-71.075664,-37.964517],[-71.089788,-37.965203],[-71.113907,-37.952057],[-71.105621,-37.926939],[-71.11281,-37.920524],[-71.105652,-37.905403],[-71.107918,-37.89105],[-71.122849,-37.883245],[-71.138905,-37.859908],[-71.158457,-37.857421],[-71.17094,-37.862163],[-71.182994,-37.85843],[-71.166222,-37.854204],[-71.157429,-37.837928],[-71.131596,-37.832313],[-71.126438,-37.82073],[-71.152973,-37.808813],[-71.159241,-37.790958],[-71.169848,-37.785361],[-71.171224,-37.779841],[-71.157185,-37.770647],[-71.156366,-37.756894],[-71.183816,-37.736935],[-71.188825,-37.712517],[-71.211111,-37.697463],[-71.21262,-37.687725],[-71.199728,-37.663863],[-71.206307,-37.647683],[-71.197266,-37.641889],[-71.196321,-37.629197],[-71.177756,-37.6142],[-71.14766,-37.608907],[-71.127985,-37.587557],[-71.132539,-37.553064],[-71.137779,-37.544855],[-71.15153,-37.539287],[-71.133066,-37.529445],[-71.124119,-37.495847],[-71.117335,-37.489706],[-71.11818,-37.468945],[-71.128173,-37.448256],[-71.142498,-37.440166],[-71.153567,-37.400667],[-71.158331,-37.396425],[-71.165026,-37.39962],[-71.182518,-37.395594],[-71.197326,-37.383857],[-71.201666,-37.365126],[-71.190654,-37.362035],[-71.185676,-37.354768],[-71.196863,-37.341125],[-71.20778,-37.338298],[-71.206628,-37.318691],[-71.216042,-37.303551],[-71.214195,-37.284022],[-71.221042,-37.275106],[-71.187988,-37.275906],[-71.183361,-37.25884],[-71.174454,-37.259787],[-71.173989,-37.252358],[-71.161937,-37.247376],[-71.155505,-37.235112],[-71.170419,-37.225392],[-71.142397,-37.220667],[-71.115344,-37.207752],[-71.136124,-37.165723],[-71.135304,-37.147754],[-71.124202,-37.135615],[-71.09573,-37.126147],[-71.092291,-37.114654],[-71.105711,-37.105862],[-71.110573,-37.095397],[-71.12282,-37.091633],[-71.12,-37.074144],[-71.141774,-37.069539],[-71.144689,-37.06252],[-71.137277,-37.053193],[-71.143666,-37.032563],[-71.166185,-37.006972],[-71.167303,-36.996985],[-71.188171,-36.996377],[-71.19799,-36.987006],[-71.213601,-36.98557],[-71.222396,-36.978246],[-71.219211,-36.973383],[-71.203565,-36.974905],[-71.184866,-36.968202],[-71.174586,-36.968366],[-71.166245,-36.977996],[-71.148462,-36.980817],[-71.130494,-36.977867],[-71.11875,-36.968832],[-71.10596,-36.970886],[-71.088013,-36.938019],[-71.088205,-36.928684],[-71.095621,-36.925336],[-71.104709,-36.928544],[-71.112476,-36.92464],[-71.119292,-36.930932],[-71.144005,-36.929341],[-71.149266,-36.901357],[-71.140042,-36.896641],[-71.129593,-36.87389],[-71.119116,-36.869184],[-71.127206,-36.857696],[-71.13844,-36.853286],[-71.163145,-36.86138],[-71.180011,-36.841421],[-71.16275,-36.819109],[-71.153821,-36.818722],[-71.153066,-36.827913],[-71.131936,-36.814671],[-71.128355,-36.763608],[-71.11942,-36.755422],[-71.120919,-36.742109],[-71.111401,-36.728297],[-71.111627,-36.713627],[-71.119679,-36.699899],[-71.113255,-36.679445],[-71.085886,-36.678203],[-71.076892,-36.707441],[-71.064871,-36.714651],[-71.046283,-36.704186],[-71.015473,-36.699261],[-71.009206,-36.691237],[-71.012001,-36.663912],[-71.027377,-36.663179],[-71.029145,-36.650206],[-71.043501,-36.64492],[-71.04099,-36.631488],[-71.057176,-36.618662],[-71.047214,-36.606681],[-71.047164,-36.582707],[-71.054571,-36.571285],[-71.040682,-36.55067],[-71.050714,-36.523553],[-71.035241,-36.509816],[-71.036917,-36.475546],[-71.021657,-36.472594],[-71.010865,-36.48761],[-70.997077,-36.486923],[-70.989958,-36.495518],[-70.979596,-36.493232],[-70.97495,-36.502119],[-70.958117,-36.503647],[-70.944367,-36.490506],[-70.933752,-36.49146],[-70.927976,-36.47438],[-70.893884,-36.471272],[-70.887424,-36.460898],[-70.894453,-36.452051],[-70.886697,-36.437305],[-70.890979,-36.434235],[-70.890211,-36.40535],[-70.883775,-36.396241],[-70.864833,-36.397248],[-70.869068,-36.411146],[-70.849166,-36.41867],[-70.835798,-36.415158],[-70.832578,-36.405991],[-70.817692,-36.395373],[-70.790897,-36.428747],[-70.773182,-36.42883],[-70.747786,-36.405874],[-70.735122,-36.415668],[-70.73942,-36.429809],[-70.712979,-36.427768],[-70.7021,-36.410628],[-70.688152,-36.407014],[-70.679276,-36.389966],[-70.681813,-36.372657],[-70.692973,-36.360093],[-70.701705,-36.360617],[-70.70242,-36.352075],[-70.712428,-36.344968],[-70.703219,-36.321954],[-70.684848,-36.304747],[-70.689642,-36.30081],[-70.685459,-36.283764],[-70.703847,-36.279766],[-70.706203,-36.272585],[-70.666451,-36.243432],[-70.63695,-36.24249],[-70.624669,-36.227704],[-70.633233,-36.21716],[-70.608242,-36.206719],[-70.599702,-36.192315],[-70.586436,-36.190179],[-70.570909,-36.175553],[-70.572474,-36.158219],[-70.58273,-36.148599],[-70.578504,-36.139861],[-70.568353,-36.13263],[-70.544963,-36.142916],[-70.528893,-36.143994],[-70.522784,-36.152038],[-70.51026,-36.155917],[-70.507072,-36.167368],[-70.49074,-36.178989],[-70.469363,-36.171403],[-70.449231,-36.173159],[-70.440661,-36.161008],[-70.420987,-36.155926],[-70.417777,-36.136452],[-70.422378,-36.124679],[-70.414918,-36.105128],[-70.425474,-36.095336],[-70.418111,-36.088428],[-70.411566,-36.058455],[-70.404702,-36.052096],[-70.388846,-36.052343],[-70.369953,-36.038685],[-70.380555,-36.025048],[-70.378151,-35.989969],[-70.389734,-35.982689],[-70.400974,-35.984592],[-70.418201,-35.977761],[-70.422954,-35.971549],[-70.418029,-35.960757],[-70.391414,-35.951734],[-70.386985,-35.939564],[-70.364773,-35.924195],[-70.411092,-35.923608],[-70.412473,-35.917813],[-70.423994,-35.91466],[-70.421966,-35.876586],[-70.406301,-35.867173],[-70.389692,-35.870855],[-70.381287,-35.866922],[-70.377972,-35.849716],[-70.369556,-35.841222],[-70.357473,-35.842799],[-70.311964,-35.813164],[-70.323369,-35.810591],[-70.336862,-35.795646],[-70.358447,-35.801244],[-70.36603,-35.791619],[-70.378742,-35.787851],[-70.380092,-35.766964],[-70.371155,-35.757884],[-70.358807,-35.754719],[-70.3583,-35.749643],[-70.369692,-35.737531],[-70.374461,-35.700607],[-70.383094,-35.696614],[-70.38554,-35.6881],[-70.398835,-35.686654],[-70.406629,-35.672839],[-70.397504,-35.663663],[-70.408378,-35.65721],[-70.410742,-35.645161],[-70.423798,-35.641065],[-70.418146,-35.62981],[-70.402363,-35.627234],[-70.384696,-35.60511],[-70.398623,-35.587525],[-70.40325,-35.562705],[-70.409965,-35.559156],[-70.410841,-35.548915],[-70.405906,-35.545541],[-70.413559,-35.528495],[-70.397531,-35.525628],[-70.388241,-35.515863],[-70.368009,-35.520741],[-70.386766,-35.507913],[-70.394224,-35.485325],[-70.413742,-35.488537],[-70.446529,-35.463228],[-70.445641,-35.450748],[-70.432331,-35.445713],[-70.434038,-35.437066],[-70.452128,-35.426328],[-70.438311,-35.413172],[-70.446078,-35.408478],[-70.452003,-35.391625],[-70.422696,-35.370716],[-70.418385,-35.353675],[-70.435316,-35.331484],[-70.431817,-35.318434],[-70.446469,-35.31481],[-70.460822,-35.319364],[-70.468285,-35.312859],[-70.500196,-35.321068],[-70.512482,-35.310258],[-70.566292,-35.299494],[-70.583686,-35.26716],[-70.565156,-35.243014],[-70.568112,-35.223817],[-70.53605,-35.199103],[-70.526038,-35.194858],[-70.525581,-35.202696],[-70.517886,-35.206551],[-70.508349,-35.201511],[-70.472086,-35.20391],[-70.454986,-35.189779],[-70.449758,-35.195122],[-70.439916,-35.193729],[-70.423964,-35.184001],[-70.403539,-35.180424],[-70.389132,-35.170094],[-70.379238,-35.173303],[-70.37502,-35.170222],[-70.371885,-35.150557],[-70.361186,-35.135499],[-70.370095,-35.112082],[-70.357581,-35.09898],[-70.373891,-35.085686],[-70.371118,-35.066666],[-70.376346,-35.050919],[-70.372358,-35.041879],[-70.360446,-35.034887],[-70.363785,-35.006021],[-70.354674,-34.995537],[-70.333674,-34.989925],[-70.326925,-34.975967],[-70.331134,-34.936478],[-70.318301,-34.930445],[-70.301801,-34.89911],[-70.289083,-34.892261],[-70.290738,-34.882813],[-70.27632,-34.876255],[-70.279963,-34.852336],[-70.262582,-34.833153],[-70.258127,-34.807487],[-70.248195,-34.798868],[-70.309083,-34.769498],[-70.306263,-34.747334],[-70.29454,-34.739137],[-70.272615,-34.737095],[-70.259275,-34.730157],[-70.26184,-34.722418],[-70.247558,-34.693723],[-70.223792,-34.681078],[-70.215864,-34.683427],[-70.214394,-34.660503],[-70.220711,-34.658458],[-70.224256,-34.640892],[-70.216984,-34.610737],[-70.19976,-34.601875],[-70.205032,-34.595785],[-70.190556,-34.589309],[-70.194556,-34.579742],[-70.17448,-34.570428],[-70.167703,-34.555338],[-70.144417,-34.532876],[-70.145978,-34.524345],[-70.130044,-34.500684],[-70.129431,-34.485614],[-70.115396,-34.475932],[-70.101741,-34.482056],[-70.082419,-34.472557],[-70.067686,-34.454248],[-70.054071,-34.448477],[-70.041808,-34.423408],[-70.030323,-34.424389],[-70.012299,-34.41195],[-70.009406,-34.393477],[-70.024243,-34.373721],[-70.014658,-34.335392],[-70.030841,-34.287725],[-70.004246,-34.26226],[-69.986795,-34.260945],[-69.972438,-34.250007],[-69.954487,-34.260017],[-69.940258,-34.280222],[-69.909884,-34.29212],[-69.898475,-34.285362],[-69.89698,-34.265863],[-69.872567,-34.267588],[-69.85442,-34.256913],[-69.829742,-34.257448],[-69.823603,-34.249062],[-69.807199,-34.248351],[-69.802154,-34.23298],[-69.805968,-34.225396],[-69.796644,-34.209981],[-69.815258,-34.177865],[-69.832218,-34.168884],[-69.835409,-34.159755],[-69.859353,-34.141702],[-69.868499,-34.141027],[-69.873292,-34.131073],[-69.855841,-34.115711],[-69.859848,-34.104571],[-69.834073,-34.088203],[-69.832077,-34.07213],[-69.847374,-34.068682],[-69.854025,-34.056267],[-69.842989,-34.035804],[-69.821417,-34.015193],[-69.822083,-34.010985],[-69.83924,-34.006947],[-69.854211,-33.963708],[-69.873102,-33.964183],[-69.883453,-33.976715],[-69.898596,-33.972051],[-69.906184,-33.963302],[-69.892655,-33.940257],[-69.890056,-33.919476],[-69.876372,-33.914122],[-69.855521,-33.892096],[-69.856879,-33.885613],[-69.867644,-33.881192],[-69.873422,-33.860793],[-69.899147,-33.847078],[-69.893735,-33.791229],[-69.904673,-33.771287],[-69.864603,-33.716782],[-69.873886,-33.693777],[-69.884855,-33.683225],[-69.88034,-33.659586],[-69.870194,-33.651624],[-69.878158,-33.646273],[-69.874748,-33.624034],[-69.880859,-33.618557],[-69.865326,-33.583005],[-69.873742,-33.557307],[-69.87218,-33.539469],[-69.834848,-33.515659],[-69.829494,-33.476317],[-69.815115,-33.469169],[-69.822107,-33.453726],[-69.81403,-33.442652],[-69.819517,-33.43009],[-69.795568,-33.421381],[-69.799767,-33.40363],[-69.81551,-33.389875],[-69.794381,-33.395715],[-69.779681,-33.385236],[-69.769293,-33.34229],[-69.799887,-33.28786],[-69.814787,-33.289243],[-69.837233,-33.272611],[-69.859619,-33.283548],[-69.874081,-33.276537],[-69.885819,-33.278825],[-69.904328,-33.272901],[-69.916634,-33.244252],[-69.920522,-33.24586],[-69.915865,-33.266766],[-69.937483,-33.276613],[-69.942692,-33.284098],[-69.950273,-33.281261],[-69.968178,-33.299661],[-69.972001,-33.311131],[-70.002836,-33.322788],[-70.01092,-33.301064],[-70.006019,-33.285605],[-70.038259,-33.270397],[-70.027088,-33.246619],[-70.027354,-33.232317],[-70.054541,-33.22628],[-70.064398,-33.205112],[-70.059987,-33.19333],[-70.065494,-33.179548],[-70.057057,-33.171855],[-70.065578,-33.155728],[-70.054676,-33.146482],[-70.051733,-33.134545],[-70.075827,-33.120573],[-70.066182,-33.10377],[-70.070737,-33.095025],[-70.067117,-33.088158],[-70.074988,-33.062883],[-70.09374,-33.050967],[-70.079688,-33.038946],[-70.080917,-33.028295],[-70.058187,-33.028914],[-70.034654,-33.023125],[-70.021002,-33.008507],[-70.021434,-32.981874],[-70.027375,-32.969882],[-70.02026,-32.956313],[-69.999834,-32.944835],[-70.007242,-32.931156],[-69.991839,-32.91238],[-69.989382,-32.898958],[-70.003831,-32.882308],[-70.044684,-32.86995],[-70.056236,-32.856968],[-70.054317,-32.833133],[-70.078784,-32.822348],[-70.087622,-32.805149],[-70.101484,-32.799428],[-70.110359,-32.802912],[-70.106911,-32.794074],[-70.111532,-32.774344],[-70.129978,-32.758795],[-70.137267,-32.732089],[-70.147581,-32.72843],[-70.14285,-32.679692],[-70.14986,-32.657673],[-70.14656,-32.652429],[-70.151621,-32.636807],[-70.172297,-32.622088],[-70.150667,-32.581468],[-70.126096,-32.576628],[-70.123254,-32.535575],[-70.141352,-32.498657],[-70.136366,-32.487347],[-70.148746,-32.465665],[-70.165598,-32.455489],[-70.194321,-32.449269],[-70.200057,-32.441793],[-70.213436,-32.438569],[-70.218011,-32.42859],[-70.236649,-32.429292],[-70.23859,-32.404832],[-70.231764,-32.391214],[-70.222626,-32.390216],[-70.217333,-32.382201],[-70.229183,-32.364485],[-70.218184,-32.332733],[-70.222701,-32.324569],[-70.257954,-32.303306],[-70.262474,-32.291645],[-70.284427,-32.292511],[-70.296441,-32.278033],[-70.319027,-32.273266],[-70.323051,-32.267049],[-70.304879,-32.23277],[-70.310871,-32.222077],[-70.300953,-32.206815],[-70.310101,-32.199022],[-70.307447,-32.1872],[-70.317262,-32.177005],[-70.312343,-32.165795],[-70.317128,-32.159806],[-70.314418,-32.149399],[-70.303877,-32.136322],[-70.327033,-32.127917],[-70.341655,-32.108644],[-70.338192,-32.102911],[-70.350221,-32.088232],[-70.340451,-32.084217],[-70.335189,-32.070436],[-70.388233,-32.045402],[-70.379849,-32.026218],[-70.364275,-32.025058],[-70.350654,-32.026591],[-70.344721,-32.042004],[-70.328742,-32.049291],[-70.305785,-32.04751],[-70.289028,-32.052032],[-70.283366,-32.038308],[-70.27129,-32.034695],[-70.263892,-32.038141],[-70.259977,-32.0273],[-70.248261,-32.023861],[-70.249738,-31.992835],[-70.235416,-31.990057],[-70.22685,-31.981023],[-70.208156,-31.978002],[-70.209551,-31.959875],[-70.223571,-31.946324],[-70.232379,-31.925632],[-70.240293,-31.917883],[-70.263557,-31.910922],[-70.280053,-31.884086],[-70.317831,-31.880706],[-70.347946,-31.890577],[-70.363773,-31.880639],[-70.376856,-31.884822],[-70.379299,-31.879736],[-70.403358,-31.874248],[-70.427282,-31.853904],[-70.447359,-31.852264],[-70.460442,-31.843866],[-70.450973,-31.810371],[-70.460041,-31.80572],[-70.456529,-31.796218],[-70.463019,-31.790763],[-70.467469,-31.760681],[-70.47202,-31.758774],[-70.457966,-31.733343],[-70.466131,-31.718754],[-70.468172,-31.698477],[-70.48768,-31.689543],[-70.497752,-31.693993],[-70.512943,-31.689777],[-70.5103,-31.663945],[-70.503808,-31.659695],[-70.506753,-31.652267],[-70.531782,-31.638046],[-70.547743,-31.606124],[-70.567384,-31.600134],[-70.561572,-31.595156],[-70.567251,-31.583437],[-70.558417,-31.574771],[-70.562733,-31.561018],[-70.55226,-31.511161],[-70.566581,-31.502327],[-70.561997,-31.481816],[-70.569141,-31.472886],[-70.560433,-31.458355],[-70.550997,-31.454315],[-70.548161,-31.435493],[-70.560207,-31.419959],[-70.549943,-31.408063],[-70.531974,-31.407737],[-70.539662,-31.387029],[-70.527448,-31.366952],[-70.532602,-31.350991],[-70.542473,-31.344031],[-70.547157,-31.314853],[-70.52698,-31.278547],[-70.525173,-31.252582],[-70.531832,-31.246659],[-70.515336,-31.232404],[-70.5205,-31.218513],[-70.513451,-31.196562],[-70.524337,-31.189825],[-70.507695,-31.145746],[-70.495872,-31.136064],[-70.497907,-31.122797],[-70.475617,-31.114248],[-70.45638,-31.084274],[-70.432296,-31.101711],[-70.424355,-31.127677],[-70.413573,-31.138678],[-70.413067,-31.158015],[-70.407669,-31.166492],[-70.401378,-31.167072],[-70.38719,-31.154275],[-70.374832,-31.152661],[-70.360555,-31.135707],[-70.368274,-31.109965],[-70.340077,-31.0757],[-70.340231,-31.068995],[-70.327986,-31.063654],[-70.321651,-31.043494],[-70.298137,-31.047072],[-70.285076,-31.043675],[-70.275631,-31.047767],[-70.269099,-31.043093],[-70.277146,-31.02146],[-70.289228,-31.024055],[-70.297766,-31.020163],[-70.293669,-31.008424],[-70.303045,-30.995885],[-70.293375,-30.969986],[-70.314433,-30.954672],[-70.322821,-30.928026],[-70.30676,-30.897777],[-70.295483,-30.845745],[-70.284006,-30.840692],[-70.279739,-30.830691],[-70.276894,-30.811149],[-70.291048,-30.799438],[-70.28797,-30.786689],[-70.272979,-30.780566],[-70.269466,-30.745933],[-70.246094,-30.728522],[-70.259093,-30.700159],[-70.253222,-30.677333],[-70.239372,-30.667801],[-70.250388,-30.660742],[-70.24664,-30.634207],[-70.238342,-30.613495],[-70.221745,-30.599173],[-70.221049,-30.582863],[-70.207703,-30.571393],[-70.207347,-30.558605],[-70.190693,-30.550688],[-70.196826,-30.537493],[-70.179388,-30.512315],[-70.194815,-30.49163],[-70.136275,-30.458843],[-70.117501,-30.432126],[-70.142914,-30.373407],[-70.155399,-30.361973],[-70.154669,-30.346666],[-70.14166,-30.340187],[-70.106578,-30.352063],[-70.102529,-30.368091],[-70.084008,-30.374408],[-70.063206,-30.394364],[-70.050962,-30.388302],[-70.020385,-30.396895],[-69.994553,-30.378793],[-69.955342,-30.385505],[-69.935126,-30.358214],[-69.918696,-30.350116],[-69.898419,-30.355671],[-69.891846,-30.35059],[-69.904743,-30.340446],[-69.908127,-30.318005],[-69.900036,-30.304529],[-69.902372,-30.295757],[-69.894791,-30.288373],[-69.895494,-30.272881],[-69.883671,-30.272665],[-69.878576,-30.258318],[-69.888584,-30.238932],[-69.885035,-30.218583],[-69.868689,-30.210825],[-69.835045,-30.219944],[-69.826232,-30.193114],[-69.819384,-30.188725],[-69.823105,-30.184234],[-69.817018,-30.17966],[-69.828783,-30.162272],[-69.809442,-30.154777],[-69.81744,-30.127941],[-69.831828,-30.125398],[-69.847923,-30.129882],[-69.871111,-30.11178],[-69.899654,-30.106225],[-69.936093,-30.120078],[-69.945496,-30.113285],[-69.944224,-30.093242],[-69.96487,-30.085446],[-69.958545,-30.081163],[-69.961758,-30.068882],[-69.93442,-30.051382],[-69.915414,-30.025584],[-69.926042,-29.999193],[-69.921291,-29.985154],[-69.898017,-29.957841],[-69.896511,-29.936754],[-69.906703,-29.939378],[-69.908718,-29.928575],[-69.888515,-29.904588],[-69.895717,-29.89525],[-69.888499,-29.88624],[-69.896742,-29.878144],[-69.876552,-29.861639],[-69.898957,-29.848489],[-69.900943,-29.839988],[-69.893208,-29.819948],[-69.899522,-29.810908],[-69.913432,-29.80675],[-69.914848,-29.792706],[-69.893445,-29.767635],[-69.897043,-29.752724],[-69.879595,-29.734356],[-69.878671,-29.725808],[-69.887075,-29.719376],[-69.881747,-29.707493],[-69.893564,-29.693888],[-69.909437,-29.697884],[-69.922268,-29.68389],[-69.923248,-29.671793],[-69.939526,-29.654419],[-69.941443,-29.611905],[-69.931736,-29.585915],[-69.936183,-29.564657],[-69.956353,-29.535065],[-69.94637,-29.518945],[-69.953512,-29.499728],[-69.947434,-29.490448],[-69.960349,-29.470607],[-69.956462,-29.466461],[-69.981869,-29.452233],[-69.966596,-29.427697],[-69.966313,-29.414223],[-69.980974,-29.401359],[-70.009883,-29.394965],[-70.021276,-29.3844],[-70.01152,-29.369895],[-70.021761,-29.358597],[-70.010444,-29.353803],[-70.017338,-29.343155],[-70.013614,-29.337242],[-70.020928,-29.329782],[-70.018511,-29.320647],[-69.996818,-29.304548],[-69.99799,-29.285798],[-69.983653,-29.275554],[-69.951976,-29.266826],[-69.938155,-29.249921],[-69.939986,-29.231948],[-69.946517,-29.229446],[-69.951888,-29.215835],[-69.944502,-29.205032],[-69.952689,-29.189165],[-69.924355,-29.186395],[-69.876121,-29.138899],[-69.845619,-29.134171],[-69.839425,-29.129299],[-69.788099,-29.132683],[-69.791732,-29.113989],[-69.785027,-29.101857],[-69.796565,-29.082112],[-69.79085,-29.064786],[-69.793645,-29.051055],[-69.781234,-29.019655],[-69.785035,-29.014909],[-69.777012,-29.013471],[-69.767858,-28.989945],[-69.754408,-28.984239],[-69.763046,-28.973175],[-69.762097,-28.964946],[-69.753552,-28.957934],[-69.753725,-28.936496],[-69.766728,-28.922333],[-69.767153,-28.90912],[-69.761585,-28.904361],[-69.765702,-28.898793],[-69.746504,-28.881828],[-69.750383,-28.868908],[-69.740791,-28.864942],[-69.744426,-28.849823],[-69.727612,-28.845988],[-69.714325,-28.825425],[-69.704983,-28.804449],[-69.706613,-28.781285],[-69.698187,-28.779231],[-69.692902,-28.770896],[-69.701369,-28.750543],[-69.729249,-28.737452],[-69.723824,-28.72801],[-69.730834,-28.720622],[-69.725062,-28.70808],[-69.73245,-28.701936],[-69.727885,-28.691966],[-69.73142,-28.684033],[-69.721033,-28.66114],[-69.701488,-28.639868],[-69.703767,-28.634119],[-69.698335,-28.628922],[-69.703521,-28.620248],[-69.687159,-28.603589],[-69.694968,-28.596452],[-69.682345,-28.587484],[-69.668532,-28.589423],[-69.668902,-28.584654],[-69.662334,-28.58301],[-69.671067,-28.572386],[-69.669985,-28.55534],[-69.665035,-28.554635],[-69.659765,-28.539945],[-69.649858,-28.537664],[-69.664065,-28.521085],[-69.665269,-28.512471],[-69.65673,-28.504107],[-69.665996,-28.496784],[-69.664736,-28.482182],[-69.680503,-28.470613],[-69.674224,-28.469555],[-69.673424,-28.460113],[-69.66225,-28.446835],[-69.640187,-28.442819],[-69.632595,-28.429911],[-69.655389,-28.415378],[-69.647889,-28.404401],[-69.649086,-28.396453],[-69.63677,-28.388752],[-69.62981,-28.393692],[-69.634973,-28.38408],[-69.62456,-28.37818],[-69.60867,-28.393761],[-69.597012,-28.392061],[-69.587805,-28.377768],[-69.58276,-28.352442],[-69.523574,-28.329656],[-69.520095,-28.311468],[-69.513076,-28.307684],[-69.499131,-28.283085],[-69.502666,-28.264313],[-69.487806,-28.255836],[-69.474422,-28.237167],[-69.477064,-28.225396],[-69.482041,-28.223715],[-69.478403,-28.207002],[-69.463783,-28.197427],[-69.456268,-28.183597],[-69.42875,-28.203471],[-69.410974,-28.205264],[-69.40913,-28.214035],[-69.391382,-28.226443],[-69.382349,-28.212344],[-69.381783,-28.181788],[-69.36294,-28.180179],[-69.336267,-28.164065],[-69.322651,-28.141548],[-69.307394,-28.128854],[-69.296967,-28.078949],[-69.301362,-28.07132],[-69.27778,-28.05168],[-69.263118,-28.046732],[-69.260392,-28.040289],[-69.265831,-28.036079],[-69.269106,-28.011266],[-69.251308,-28.00449],[-69.251617,-27.989837],[-69.242765,-27.97896],[-69.235317,-27.978606],[-69.237064,-27.966534],[-69.221213,-27.971428],[-69.206842,-27.963529],[-69.173304,-27.971428],[-69.164651,-27.952846],[-69.154793,-27.946625],[-69.155573,-27.931959],[-69.123019,-27.901461],[-69.131629,-27.872042],[-69.110323,-27.85224],[-69.113706,-27.841473],[-69.105137,-27.832814],[-69.108587,-27.830086],[-69.09492,-27.787785],[-69.089067,-27.785671],[-69.087807,-27.740147],[-69.082321,-27.727728],[-69.089399,-27.721957],[-69.081364,-27.713194],[-69.043178,-27.697484],[-69.042166,-27.678554],[-69.056662,-27.671652],[-69.054275,-27.666053],[-69.059048,-27.664307],[-69.053299,-27.620191],[-69.038833,-27.595103],[-69.024905,-27.594519],[-69.021998,-27.585823],[-68.999811,-27.58284],[-68.975282,-27.560656],[-68.972486,-27.542858],[-68.987628,-27.523794],[-68.942515,-27.525931],[-68.948587,-27.488193],[-68.962709,-27.478032],[-68.960048,-27.470911],[-68.969413,-27.469233],[-68.980859,-27.454368],[-68.988104,-27.453069],[-68.980318,-27.431906],[-68.959991,-27.429746],[-68.934504,-27.444769],[-68.925638,-27.424454],[-68.930337,-27.409519],[-68.92007,-27.40912],[-68.908591,-27.400854],[-68.886962,-27.398698],[-68.896684,-27.384693],[-68.888332,-27.372258],[-68.892769,-27.357755],[-68.877825,-27.33935],[-68.883735,-27.337657],[-68.869854,-27.317947],[-68.848342,-27.315396],[-68.82872,-27.29828],[-68.808436,-27.300833],[-68.868061,-27.261734],[-68.86883,-27.238103],[-68.855973,-27.231761],[-68.858759,-27.221695],[-68.852474,-27.214692],[-68.857675,-27.190672],[-68.839944,-27.166369],[-68.842878,-27.160109],[-68.824804,-27.147469],[-68.816104,-27.14666],[-68.806777,-27.152665],[-68.799631,-27.125193],[-68.792298,-27.119487],[-68.78796,-27.104979],[-68.778133,-27.098995],[-68.751089,-27.112349],[-68.73752,-27.102345],[-68.715948,-27.105888],[-68.704201,-27.099065],[-68.693115,-27.099173],[-68.683494,-27.107955],[-68.670533,-27.099018],[-68.654365,-27.135667],[-68.639043,-27.143697],[-68.631347,-27.163305],[-68.615504,-27.171755],[-68.600318,-27.159194],[-68.574962,-27.177552],[-68.566751,-27.160623],[-68.569413,-27.155708],[-68.554226,-27.135643],[-68.560142,-27.124136],[-68.557024,-27.115124],[-68.540154,-27.109873],[-68.516018,-27.130981],[-68.494339,-27.136665],[-68.481623,-27.128583],[-68.480757,-27.115442],[-68.472736,-27.110839],[-68.483904,-27.058254],[-68.475814,-27.084015],[-68.450823,-27.095489],[-68.428828,-27.064326],[-68.418391,-27.070728],[-68.408945,-27.063241],[-68.403793,-27.068118],[-68.391794,-27.056226],[-68.382063,-27.054684],[-68.379697,-27.047051],[-68.367505,-27.045845],[-68.34664,-27.033451],[-68.308036,-27.04163],[-68.293861,-27.03778],[-68.293129,-27.027982],[-68.315014,-26.998796],[-68.312282,-26.98942],[-68.318758,-26.981644],[-68.293784,-26.959177],[-68.293784,-26.930496],[-68.289418,-26.924106],[-68.273058,-26.926419],[-68.262455,-26.918432],[-68.268295,-26.90888],[-68.28097,-26.904318],[-68.290852,-26.886937],[-68.298808,-26.885017],[-68.298539,-26.873495],[-68.345365,-26.816275],[-68.362249,-26.802818],[-68.588092,-26.492428],[-68.558355,-26.287369],[-68.381433,-26.177834],[-68.477339,-25.70164],[-68.484619,-25.698889],[-68.499091,-25.673447],[-68.511353,-25.672155],[-68.525328,-25.644086],[-68.539512,-25.6403],[-68.545368,-25.632312],[-68.545263,-25.617136],[-68.539161,-25.612466],[-68.540659,-25.59597],[-68.53206,-25.581399],[-68.514832,-25.574059],[-68.525321,-25.566549],[-68.52581,-25.557365],[-68.543041,-25.548957],[-68.537058,-25.543759],[-68.54804,-25.525891],[-68.538664,-25.508912],[-68.561637,-25.505568],[-68.572776,-25.49409],[-68.569973,-25.481683],[-68.578089,-25.477536],[-68.575698,-25.469883],[-68.589152,-25.448917],[-68.58419,-25.441888],[-68.589884,-25.414427],[-68.571615,-25.417751],[-68.565869,-25.408815],[-68.556479,-25.406045],[-68.541536,-25.382541],[-68.523866,-25.378917],[-68.52778,-25.352708],[-68.518155,-25.341654],[-68.52251,-25.328477],[-68.545936,-25.312215],[-68.545633,-25.298792],[-68.529207,-25.290467],[-68.548503,-25.26219],[-68.543079,-25.261464],[-68.54366,-25.252729],[-68.535484,-25.247922],[-68.535056,-25.237015],[-68.525531,-25.231028],[-68.511344,-25.233699],[-68.505222,-25.222549],[-68.507103,-25.168226],[-68.500164,-25.16164],[-68.487955,-25.162705],[-68.483024,-25.154621],[-68.471432,-25.150191],[-68.459747,-25.125661],[-68.445299,-25.133992],[-68.437704,-25.122791],[-68.434763,-25.131472],[-68.424962,-25.130608],[-68.410221,-25.145263],[-68.344244,-25.11077],[-68.357424,-25.099834],[-68.360936,-25.083173],[-68.367068,-25.082431],[-68.364909,-25.070071],[-68.373765,-25.065511],[-68.369506,-25.059747],[-68.379268,-25.042543],[-68.3782,-25.032446],[-68.389915,-25.038368],[-68.407016,-25.030332],[-68.416797,-24.994089],[-68.408664,-24.972738],[-68.429385,-24.956464],[-68.430991,-24.929867],[-68.439856,-24.91921],[-68.431294,-24.914199],[-68.432543,-24.905946],[-68.484213,-24.897284],[-68.492946,-24.876056],[-68.520052,-24.873465],[-68.52433,-24.862163],[-68.533274,-24.858169],[-68.533147,-24.82842],[-68.538021,-24.817341],[-68.568673,-24.794363],[-68.56289,-24.785178],[-68.561916,-24.762789],[-68.546626,-24.753616],[-68.544274,-24.72435],[-68.534485,-24.712317],[-68.51577,-24.703735],[-68.492631,-24.665384],[-68.48772,-24.640089],[-68.496256,-24.634844],[-68.503327,-24.618162],[-68.495706,-24.600081],[-68.486528,-24.601305],[-68.475559,-24.620875],[-68.467917,-24.623664],[-68.455614,-24.617572],[-68.451459,-24.603086],[-68.434874,-24.606752],[-68.432269,-24.578132],[-68.420828,-24.563596],[-68.403151,-24.526075],[-68.404828,-24.514123],[-68.39503,-24.505227],[-68.387867,-24.484156],[-68.376553,-24.491982],[-68.308513,-24.491796],[-68.310133,-24.484767],[-68.297217,-24.455523],[-68.268387,-24.434803],[-68.260869,-24.402828],[-68.249022,-24.401717],[-68.240248,-24.394057],[-67.322617,-24.034158],[-66.990503,-23.000006],[-67.1805,-22.814128],[-67.12775,-22.722114],[-67.014083,-22.654814],[-67.02725,-22.540883],[-66.972944,-22.540658],[-66.928556,-22.492228],[-66.782472,-22.438075],[-66.784306,-22.401769],[-66.761583,-22.345908],[-66.739278,-22.238458],[-66.68625,-22.209539],[-66.652472,-22.216422],[-66.63825,-22.225486],[-66.623167,-22.197381],[-66.347753,-22.128027],[-66.34794,-22.119897],[-66.331637,-22.118264],[-66.322041,-22.092373],[-66.325536,-22.088322],[-66.31738,-22.08478],[-66.307707,-22.094636],[-66.288604,-22.086955],[-66.290606,-22.074616],[-66.284247,-22.068355],[-66.293086,-22.062147],[-66.283579,-22.050425],[-66.291859,-22.051701],[-66.286206,-22.041974],[-66.292392,-22.034607],[-66.27764,-22.023699],[-66.283807,-21.986466],[-66.272005,-21.966862],[-66.274639,-21.94442],[-66.267246,-21.936211],[-66.260834,-21.936224],[-66.260305,-21.906141],[-66.250857,-21.901528],[-66.235933,-21.852321],[-66.242964,-21.79402],[-66.238102,-21.787826],[-66.225509,-21.788394],[-66.220983,-21.780857],[-66.194139,-21.795964],[-66.076306,-21.834975],[-66.043278,-21.871939],[-66.048167,-21.919017],[-65.924778,-21.93355],[-65.804844,-22.07525],[-65.794173,-22.074788],[-65.77574,-22.093657],[-65.748264,-22.109145],[-65.72542,-22.107111],[-65.715391,-22.097352],[-65.675303,-22.111603],[-65.656841,-22.110771],[-65.650266,-22.10518],[-65.639096,-22.106895],[-65.606742,-22.094499],[-65.589006,-22.098582],[-65.574645,-22.076204],[-65.483812,-22.095767],[-65.473295,-22.088594],[-64.993372,-22.082433],[-64.995611,-22.085678],[-64.981403,-22.097769],[-64.937929,-22.1097],[-64.935723,-22.11589],[-64.923718,-22.121129],[-64.902646,-22.119558],[-64.886418,-22.129209],[-64.878275,-22.117408],[-64.861681,-22.122004],[-64.832185,-22.144067],[-64.818708,-22.144742],[-64.812493,-22.153071],[-64.793191,-22.161209],[-64.779157,-22.177255],[-64.753287,-22.178925],[-64.73685,-22.193902],[-64.721574,-22.19651],[-64.710733,-22.189305],[-64.681805,-22.186504],[-64.660566,-22.195694],[-64.651044,-22.189506],[-64.625779,-22.202251],[-64.62396,-22.207951],[-64.618044,-22.204554],[-64.593028,-22.246641],[-64.575347,-22.253076],[-64.537585,-22.284277],[-64.546855,-22.316099],[-64.56419,-22.32347],[-64.56662,-22.337802],[-64.560948,-22.35194],[-64.566539,-22.369302],[-64.55098,-22.387821],[-64.512846,-22.412544],[-64.525235,-22.44081],[-64.512826,-22.4455],[-64.4921,-22.43595],[-64.489442,-22.457442],[-64.47453,-22.468381],[-64.483006,-22.474159],[-64.483277,-22.4802],[-64.475207,-22.48933],[-64.460499,-22.491916],[-64.456942,-22.504441],[-64.444914,-22.506398],[-64.45187,-22.515248],[-64.448313,-22.521557],[-64.428912,-22.521702],[-64.424739,-22.533398],[-64.41208,-22.538378],[-64.41615,-22.55299],[-64.40885,-22.5578],[-64.40958,-22.56295],[-64.417993,-22.576308],[-64.4302,-22.581729],[-64.424993,-22.587758],[-64.433888,-22.631345],[-64.425037,-22.629695],[-64.423987,-22.634356],[-64.426578,-22.638356],[-64.435068,-22.634815],[-64.441352,-22.638786],[-64.431614,-22.65074],[-64.413668,-22.656642],[-64.415919,-22.678567],[-64.394728,-22.685684],[-64.398548,-22.704704],[-64.396821,-22.710859],[-64.39073,-22.7121],[-64.40321,-22.7187],[-64.38878,-22.72324],[-64.38017,-22.71765],[-64.3728,-22.720651],[-64.37247,-22.72721],[-64.362535,-22.723711],[-64.344334,-22.739398],[-64.337134,-22.773926],[-64.344169,-22.793481],[-64.342541,-22.805808],[-64.3301,-22.812186],[-64.326729,-22.837672],[-64.328206,-22.862033],[-64.338763,-22.855927],[-64.340856,-22.861582],[-64.336434,-22.873737],[-64.324467,-22.874297],[-64.314783,-22.867125],[-64.315759,-22.882827],[-64.311583,-22.882083],[-64.308773,-22.862804],[-64.297467,-22.861445],[-64.306679,-22.839746],[-64.286725,-22.834885],[-64.282569,-22.824283],[-64.287427,-22.798824],[-64.276525,-22.790622],[-64.277334,-22.777635],[-64.265343,-22.766659],[-64.267444,-22.75775],[-64.283609,-22.751285],[-64.263968,-22.741238],[-64.270006,-22.737373],[-64.267309,-22.728116],[-64.271989,-22.71189],[-64.263977,-22.701687],[-64.260946,-22.67514],[-64.244678,-22.670741],[-64.242292,-22.666053],[-64.264589,-22.65016],[-64.257288,-22.628547],[-64.246129,-22.631382],[-64.239192,-22.622973],[-64.244374,-22.583925],[-64.241691,-22.557726],[-64.229661,-22.556714],[-64.226165,-22.541212],[-64.216292,-22.543346],[-64.218166,-22.531421],[-64.199628,-22.491245],[-64.187554,-22.490652],[-64.186056,-22.477553],[-64.17522,-22.466808],[-64.16307,-22.46893],[-64.163263,-22.457902],[-64.153056,-22.449948],[-64.150615,-22.436773],[-64.138042,-22.429474],[-64.144788,-22.417149],[-64.138185,-22.407041],[-64.115516,-22.405607],[-64.120761,-22.384349],[-64.109054,-22.37957],[-64.116889,-22.363235],[-64.099737,-22.34697],[-64.098682,-22.338923],[-64.104291,-22.336463],[-64.093227,-22.316686],[-64.095087,-22.308772],[-64.089091,-22.308905],[-64.082637,-22.301085],[-64.082145,-22.284208],[-64.071322,-22.268908],[-64.073967,-22.26411],[-64.062408,-22.238381],[-64.053614,-22.247236],[-64.03352,-22.242783],[-64.039797,-22.235432],[-64.030935,-22.234008],[-64.031171,-22.22896],[-64.039157,-22.223168],[-64.026642,-22.208764],[-64.033102,-22.196829],[-64.025658,-22.188441],[-64.017034,-22.187166],[-64.015269,-22.182464],[-64.021512,-22.182949],[-64.023401,-22.174601],[-64.001026,-22.158396],[-64.004782,-22.153212],[-63.992654,-22.133139],[-63.998145,-22.123767],[-63.989626,-22.114747],[-63.992593,-22.108617],[-64.000038,-22.107676],[-63.986037,-22.109026],[-63.990621,-22.102861],[-63.986215,-22.093675],[-63.977082,-22.09268],[-63.977295,-22.08607],[-63.982679,-22.086491],[-63.979612,-22.080998],[-63.975323,-22.080349],[-63.966475,-22.09316],[-63.958069,-22.085774],[-63.961789,-22.08406],[-63.957338,-22.068009],[-63.962188,-22.06459],[-63.949897,-22.057907],[-63.956761,-22.056986],[-63.950319,-22.050733],[-63.955467,-22.046225],[-63.949723,-22.043345],[-63.953328,-22.036619],[-63.94138,-22.02957],[-63.944945,-22.024501],[-63.937815,-22.015915],[-63.944412,-22.00995],[-63.938203,-22.011381],[-63.931457,-21.999377],[-63.709075,-21.999336],[-63.705595,-22.013993],[-63.688496,-22.011688],[-63.682141,-22.031111],[-63.686611,-22.038777],[-63.683751,-22.054742],[-63.673521,-22.04045],[-63.676202,-22.036725],[-63.669725,-22.027563],[-63.665257,-21.999358],[-62.811176,-21.998768],[-62.809656,-22.025209],[-62.81424,-22.042162],[-62.796956,-22.06676],[-62.799885,-22.085316],[-62.812984,-22.096724],[-62.81385,-22.10564],[-62.805095,-22.120001],[-62.8044,-22.139587],[-62.787638,-22.166124],[-62.778749,-22.167963],[-62.77372,-22.154394],[-62.765128,-22.152308],[-62.738025,-22.171174],[-62.720628,-22.202055],[-62.684916,-22.21234],[-62.660228,-22.250683],[-62.654633,-22.250663],[-62.6409,-22.23626],[-62.635512,-22.23924],[-62.630044,-22.248142],[-62.635997,-22.26585],[-62.63065,-22.282457],[-62.642315,-22.29467],[-62.636645,-22.305281],[-62.625321,-22.309879],[-62.603774,-22.306688],[-62.596905,-22.321674],[-62.569188,-22.309773],[-62.570765,-22.333405],[-62.558711,-22.338062],[-62.540338,-22.328568],[-62.542927,-22.339864],[-62.530809,-22.360588],[-62.534577,-22.367987],[-62.518603,-22.378235],[-62.480288,-22.380821],[-62.463894,-22.372069],[-62.459691,-22.379783],[-62.468716,-22.386622],[-62.465469,-22.402603],[-62.459603,-22.407245],[-62.457768,-22.399879],[-62.447955,-22.402292],[-62.445676,-22.423338],[-62.434451,-22.419214],[-62.41302,-22.442189],[-62.404304,-22.442326],[-62.404841,-22.451348],[-62.385171,-22.453737],[-62.380613,-22.473585],[-62.372997,-22.473462],[-62.371218,-22.460496],[-62.355947,-22.465682],[-62.344043,-22.455213],[-62.333081,-22.465858],[-62.335842,-22.476887],[-62.327324,-22.484307],[-62.309024,-22.486728],[-62.290197,-22.474609],[-62.291009,-22.49245],[-62.283595,-22.495916],[-62.286543,-22.523138],[-62.28116,-22.519745],[-62.280918,-22.51143],[-62.251209,-22.515969],[-62.254896,-22.531622],[-62.234095,-22.54433],[-62.237487,-22.558047],[-62.233228,-22.569863],[-62.244178,-22.574338],[-62.246069,-22.590719],[-62.262481,-22.596773],[-62.263792,-22.603584],[-62.25358,-22.600472],[-62.25145,-22.612495],[-62.235794,-22.615725],[-62.241978,-22.628741],[-62.234943,-22.631048],[-62.235082,-22.623326],[-62.22574,-22.622642],[-62.210517,-22.634574],[-62.207746,-22.645718],[-62.193531,-22.623007],[-62.188956,-22.622548],[-62.192514,-22.653336],[-62.203597,-22.661867],[-62.196659,-22.67172],[-62.20102,-22.683658],[-62.186291,-22.678685],[-62.177224,-22.693607],[-62.199705,-22.694174],[-62.200949,-22.706957],[-62.195032,-22.715073],[-62.185913,-22.704261],[-62.16109,-22.732503],[-62.157571,-22.741398],[-62.164186,-22.745999],[-62.162529,-22.753006],[-62.157465,-22.760481],[-62.138557,-22.76162],[-62.14729,-22.764803],[-62.134594,-22.771471],[-62.139626,-22.78072],[-62.122965,-22.795746],[-62.11557,-22.794912],[-62.108199,-22.819527],[-62.095241,-22.806137],[-62.088908,-22.826569],[-62.07566,-22.828672],[-62.072169,-22.846668],[-62.060216,-22.848497],[-62.057305,-22.862549],[-62.040548,-22.869415],[-62.031497,-22.899528],[-62.021641,-22.908297],[-62.028269,-22.920081],[-62.024822,-22.927711],[-62.018511,-22.923286],[-62.00761,-22.933662],[-62.006102,-22.926436],[-61.999597,-22.929577],[-62.003753,-22.939293],[-61.995946,-22.951532],[-62.008499,-22.96439],[-62.010376,-22.975686],[-61.996766,-22.966075],[-61.994624,-22.977529],[-62.002643,-22.980343],[-62.005953,-22.988472],[-62.001972,-22.994796],[-61.992498,-22.992033],[-61.99712,-23.010175],[-61.989467,-23.002924],[-61.982782,-23.022899],[-61.951611,-23.033761],[-61.955336,-23.048513],[-61.948365,-23.044341],[-61.940064,-23.046541],[-61.934727,-23.067687],[-61.926379,-23.070871],[-61.909866,-23.067782],[-61.896858,-23.075634],[-61.89183,-23.069633],[-61.885344,-23.075689],[-61.88816,-23.08721],[-61.877729,-23.082437],[-61.87265,-23.093127],[-61.868363,-23.084578],[-61.860562,-23.085719],[-61.860916,-23.091949],[-61.848562,-23.095154],[-61.848547,-23.105111],[-61.830736,-23.125681],[-61.826241,-23.129492],[-61.818255,-23.127097],[-61.816881,-23.145352],[-61.806596,-23.15699],[-61.792001,-23.154902],[-61.793434,-23.165227],[-61.775126,-23.162077],[-61.754424,-23.171093],[-61.734665,-23.199464],[-61.738503,-23.214201],[-61.734897,-23.235754],[-61.727045,-23.24228],[-61.709026,-23.243303],[-61.699801,-23.256163],[-61.68607,-23.261724],[-61.681408,-23.273693],[-61.663075,-23.27665],[-61.665188,-23.280928],[-61.672283,-23.27983],[-61.670797,-23.284517],[-61.647718,-23.282329],[-61.636656,-23.27543],[-61.635153,-23.282847],[-61.623529,-23.278842],[-61.606846,-23.283814],[-61.601509,-23.293025],[-61.593383,-23.294824],[-61.589121,-23.305117],[-61.572954,-23.30403],[-61.577252,-23.31381],[-61.573566,-23.322119],[-61.566765,-23.32345],[-61.566557,-23.339381],[-61.549484,-23.34862],[-61.537023,-23.344634],[-61.514961,-23.352151],[-61.523946,-23.366203],[-61.522207,-23.377273],[-61.515413,-23.389816],[-61.506147,-23.394356],[-61.494122,-23.424436],[-61.477303,-23.417779],[-61.472051,-23.426627],[-61.467111,-23.419035],[-61.455112,-23.424903],[-61.454614,-23.418667],[-61.44949,-23.419048],[-61.424395,-23.438061],[-61.419646,-23.447202],[-61.401099,-23.445177],[-61.384661,-23.459012],[-61.384664,-23.447246],[-61.37642,-23.457566],[-61.35207,-23.449954],[-61.34657,-23.463936],[-61.317858,-23.470052],[-61.307062,-23.479162],[-61.306002,-23.486943],[-61.296957,-23.483127],[-61.292669,-23.495426],[-61.287026,-23.487906],[-61.280861,-23.48867],[-61.2921,-23.509286],[-61.283915,-23.500419],[-61.273786,-23.506186],[-61.27761,-23.516992],[-61.270716,-23.520308],[-61.263155,-23.516334],[-61.246901,-23.540801],[-61.215117,-23.551752],[-61.206884,-23.547766],[-61.203164,-23.550508],[-61.189738,-23.540672],[-61.195368,-23.549969],[-61.176573,-23.547538],[-61.16876,-23.552769],[-61.16495,-23.566675],[-61.145557,-23.570427],[-61.155164,-23.57293],[-61.146599,-23.580215],[-61.130166,-23.578505],[-61.131921,-23.598014],[-61.12189,-23.584904],[-61.121191,-23.596071],[-61.106386,-23.599401],[-61.089515,-23.613861],[-61.089018,-23.619675],[-61.095644,-23.616697],[-61.101149,-23.626982],[-61.090499,-23.639054],[-61.099281,-23.657382],[-61.095178,-23.666661],[-61.081145,-23.670904],[-61.086722,-23.679858],[-61.065574,-23.707311],[-61.058545,-23.705482],[-61.042018,-23.730002],[-61.039989,-23.743022],[-61.015144,-23.758246],[-61.020403,-23.772625],[-61.003917,-23.78683],[-60.986809,-23.812867],[-60.964946,-23.808633],[-60.958946,-23.820574],[-60.953835,-23.809978],[-60.947457,-23.813344],[-60.938447,-23.807894],[-60.944379,-23.801803],[-60.932336,-23.800714],[-60.924875,-23.808367],[-60.908903,-23.813283],[-60.903696,-23.826734],[-60.866525,-23.853624],[-60.857758,-23.849203],[-60.85726,-23.856302],[-60.848952,-23.856888],[-60.853628,-23.864498],[-60.847339,-23.871548],[-60.805591,-23.867831],[-60.797339,-23.876568],[-60.78943,-23.877368],[-60.791957,-23.872842],[-60.782349,-23.871214],[-60.747357,-23.878374],[-60.742974,-23.87272],[-60.733037,-23.884356],[-60.71407,-23.881972],[-60.715255,-23.888425],[-60.694212,-23.902591],[-60.684177,-23.894834],[-60.659461,-23.899646],[-60.647826,-23.908586],[-60.612822,-23.903819],[-60.600511,-23.910085],[-60.603487,-23.916702],[-60.587355,-23.917024],[-60.594928,-23.921],[-60.592763,-23.943038],[-60.580016,-23.952996],[-60.589739,-23.954974],[-60.589928,-23.958839],[-60.581116,-23.960998],[-60.561385,-23.954852],[-60.552306,-23.966497],[-60.544158,-23.963599],[-60.509661,-23.970865],[-60.4878,-23.951539],[-60.477794,-23.950936],[-60.443014,-23.962403],[-60.413417,-23.985856],[-60.389508,-23.994954],[-60.380503,-24.019086],[-60.374233,-24.023722],[-60.365414,-24.020125],[-60.356358,-24.024653],[-60.3355,-24.0216],[-60.323108,-24.032967],[-60.295069,-24.041431],[-60.177525,-24.044022],[-60.119792,-24.032553],[-60.1062,-24.027303],[-60.103231,-24.019992],[-60.091201,-24.02474],[-60.072861,-24.011231],[-60.039006,-24.011656],[-59.475908,-24.331139],[-59.46827,-24.340284],[-59.470947,-24.34992],[-59.457991,-24.35763],[-59.456599,-24.373513],[-59.441612,-24.38985],[-59.425597,-24.395858],[-59.421276,-24.408879],[-59.400035,-24.411339],[-59.374104,-24.421867],[-59.350488,-24.483049],[-59.340226,-24.489949],[-59.319941,-24.492002],[-59.314379,-24.501043],[-59.301209,-24.503471],[-59.293446,-24.515487],[-59.257605,-24.519681],[-59.241276,-24.546063],[-59.185538,-24.563641],[-59.177864,-24.577977],[-59.157103,-24.587495],[-59.153385,-24.59969],[-59.132565,-24.608107],[-59.127806,-24.617952],[-59.110674,-24.623782],[-59.100026,-24.616673],[-59.07983,-24.621284],[-59.057404,-24.63101],[-59.051752,-24.642134],[-59.033579,-24.647963],[-59.023883,-24.660099],[-58.972971,-24.662056],[-58.966457,-24.672168],[-58.942914,-24.680371],[-58.926391,-24.696456],[-58.916969,-24.696456],[-58.903377,-24.704756],[-58.886283,-24.719223],[-58.878802,-24.733005],[-58.865249,-24.728703],[-58.846194,-24.737459],[-58.807361,-24.772409],[-58.763427,-24.774769],[-58.743439,-24.78088],[-58.726992,-24.774331],[-58.713058,-24.790835],[-58.708566,-24.810518],[-58.699981,-24.814401],[-58.68875,-24.810176],[-58.673502,-24.831515],[-58.65854,-24.831362],[-58.648661,-24.824528],[-58.611027,-24.831115],[-58.573584,-24.821026],[-58.557175,-24.83041],[-58.550475,-24.827726],[-58.526185,-24.850817],[-58.510899,-24.843507],[-58.49746,-24.857955],[-58.473704,-24.860906],[-58.451565,-24.878514],[-58.440753,-24.879275],[-58.430017,-24.893304],[-58.427809,-24.902308],[-58.433158,-24.913901],[-58.428627,-24.923438],[-58.40834,-24.923057],[-58.391374,-24.953019],[-58.373005,-24.956503],[-58.370473,-24.962016],[-58.348316,-24.971731],[-58.341406,-24.996345],[-58.333677,-25.000018],[-58.325987,-24.998876],[-58.323512,-24.989891],[-58.31961,-24.992556],[-58.320029,-24.988883],[-58.310948,-24.987074],[-58.314393,-24.982811],[-58.299338,-24.976313],[-58.296011,-24.967447],[-58.288388,-24.963978],[-58.289116,-24.957296],[-58.26613,-24.947117],[-58.255365,-24.931865],[-58.251749,-24.93453],[-58.242213,-24.932174],[-58.241571,-24.927891],[-58.224653,-24.927106],[-58.219334,-24.931639],[-58.225081,-24.934316],[-58.21987,-24.935101],[-58.224438,-24.942025],[-58.214278,-24.945523],[-58.216967,-24.950567],[-58.202,-24.949663],[-58.193467,-24.968033],[-58.173665,-24.971188],[-58.169097,-24.966277],[-58.162444,-24.975456],[-58.15966,-24.970788],[-58.14978,-24.975214],[-58.153107,-24.98191],[-58.142228,-24.986721],[-58.144227,-24.989776],[-58.137545,-24.988791],[-58.13716,-25.011677],[-58.11873,-25.013108],[-58.113154,-25.019626],[-58.106151,-25.011862],[-58.100069,-25.01496],[-58.090575,-25.00875],[-58.082937,-25.023441],[-58.078083,-25.02257],[-58.078625,-25.032635],[-58.074042,-25.033963],[-58.077354,-25.037503],[-58.068674,-25.045712],[-58.061479,-25.040573],[-58.058395,-25.045741],[-58.048844,-25.03816],[-58.044918,-25.043071],[-58.037736,-25.042029],[-58.031669,-25.035733],[-58.022874,-25.041244],[-58.016664,-25.03776],[-58.016307,-25.042029],[-58.005742,-25.035062],[-58.004072,-25.048796],[-57.995963,-25.059704],[-57.999517,-25.074166],[-57.99098,-25.07488],[-57.990709,-25.08179],[-57.975375,-25.086273],[-57.968094,-25.081033],[-57.971278,-25.07725],[-57.964197,-25.078692],[-57.95643,-25.072881],[-57.952604,-25.080591],[-57.943424,-25.077878],[-57.941768,-25.071682],[-57.936814,-25.075451],[-57.934116,-25.072167],[-57.931031,-25.078097],[-57.923493,-25.073252],[-57.916411,-25.077888],[-57.906218,-25.073386],[-57.907741,-25.079667],[-57.898746,-25.079191],[-57.895881,-25.083598],[-57.890123,-25.07883],[-57.886173,-25.081143],[-57.888486,-25.077526],[-57.884013,-25.075584],[-57.870118,-25.084161],[-57.861132,-25.08159],[-57.855478,-25.087872],[-57.859124,-25.090004],[-57.850986,-25.093621],[-57.855164,-25.098494],[-57.848254,-25.097428],[-57.851119,-25.108944],[-57.843771,-25.112399],[-57.848778,-25.118043],[-57.837147,-25.123497],[-57.837014,-25.131425],[-57.826354,-25.130645],[-57.822689,-25.14179],[-57.817607,-25.138802],[-57.812972,-25.147834],[-57.807232,-25.142304],[-57.8053,-25.148177],[-57.801997,-25.145074],[-57.800532,-25.149957],[-57.790034,-25.149947],[-57.791756,-25.155448],[-57.78023,-25.152507],[-57.768438,-25.172914],[-57.761194,-25.171676],[-57.757806,-25.180014],[-57.753504,-25.176473],[-57.758815,-25.1866],[-57.75259,-25.192225],[-57.756083,-25.196737],[-57.74925,-25.196289],[-57.75457,-25.205817],[-57.748621,-25.20674],[-57.757368,-25.210205],[-57.750611,-25.216563],[-57.759672,-25.216115],[-57.759062,-25.220274],[-57.754189,-25.220132],[-57.748688,-25.229945],[-57.744205,-25.228346],[-57.748298,-25.235208],[-57.742311,-25.232743],[-57.738285,-25.237902],[-57.735677,-25.234637],[-57.741026,-25.253254],[-57.7291,-25.246477],[-57.726416,-25.253987],[-57.722685,-25.253054],[-57.730109,-25.257499],[-57.723104,-25.266988],[-57.718212,-25.265598],[-57.722428,-25.277534],[-57.711835,-25.273051],[-57.7137,-25.283521],[-57.703174,-25.28254],[-57.705096,-25.291734],[-57.701099,-25.284939],[-57.694446,-25.285967],[-57.707228,-25.300063],[-57.697865,-25.308817],[-57.70285,-25.322201],[-57.692733,-25.322734],[-57.68855,-25.333166],[-57.685723,-25.329382],[-57.678313,-25.339933],[-57.681811,-25.342346],[-57.650649,-25.36658],[-57.642351,-25.383355],[-57.616653,-25.389333],[-57.596518,-25.401064],[-57.560602,-25.452714],[-57.561679,-25.473697],[-57.579709,-25.512534],[-57.569849,-25.53972],[-57.572647,-25.556052],[-57.580414,-25.569416],[-57.60457,-25.568787],[-57.607083,-25.600025],[-57.616848,-25.616072],[-57.637349,-25.614245],[-57.659336,-25.595685],[-57.674983,-25.596998],[-57.678295,-25.606478],[-57.670586,-25.651764],[-57.678067,-25.661072],[-57.692915,-25.660102],[-57.719926,-25.646339],[-57.732506,-25.646128],[-57.742785,-25.651878],[-57.765542,-25.69005],[-57.76665,-25.700131],[-57.758416,-25.709956],[-57.732023,-25.707795],[-57.727122,-25.715039],[-57.773565,-25.757607],[-57.788941,-25.762383],[-57.812782,-25.75193],[-57.826545,-25.754442],[-57.820206,-25.780083],[-57.796507,-25.810236],[-57.796564,-25.824855],[-57.816266,-25.847413],[-57.842192,-25.850496],[-57.858469,-25.858001],[-57.863965,-25.867424],[-57.863037,-25.882201],[-57.839223,-25.902235],[-57.836767,-25.915599],[-57.841907,-25.921195],[-57.878969,-25.932274],[-57.895302,-25.960713],[-57.854014,-25.987439],[-57.850016,-25.997661],[-57.854756,-26.008455],[-57.89633,-26.019876],[-57.919515,-26.032325],[-57.946413,-26.066019],[-58.015404,-26.101668],[-58.036967,-26.11119],[-58.067341,-26.107961],[-58.090928,-26.11628],[-58.118638,-26.154354],[-58.11966,-26.186495],[-58.149158,-26.178834],[-58.159009,-26.181187],[-58.140347,-26.200068],[-58.107456,-26.21769],[-58.104227,-26.229894],[-58.109536,-26.240949],[-58.163825,-26.264373],[-58.167164,-26.291627],[-58.154357,-26.313901],[-58.159666,-26.348817],[-58.168751,-26.359654],[-58.210453,-26.378972],[-58.221727,-26.399495],[-58.218498,-26.417829],[-58.18391,-26.449352],[-58.1809,-26.457397],[-58.194911,-26.464347],[-58.228623,-26.464621],[-58.233603,-26.473542],[-58.2303,-26.481591],[-58.212254,-26.489301],[-58.207457,-26.498438],[-58.224932,-26.536072],[-58.217109,-26.548464],[-58.199805,-26.560513],[-58.194094,-26.597804],[-58.210199,-26.622132],[-58.191753,-26.639778],[-58.191296,-26.646345],[-58.197464,-26.652856],[-58.21511,-26.654911],[-58.245662,-26.642291],[-58.260224,-26.645089],[-58.263708,-26.656168],[-58.255256,-26.676441],[-58.256284,-26.718472],[-58.246005,-26.750337],[-58.259768,-26.762273],[-58.293347,-26.757761],[-58.293518,-26.773009],[-58.28381,-26.786829],[-58.283981,-26.795395],[-58.307052,-26.808358],[-58.328068,-26.806131],[-58.334863,-26.809557],[-58.335092,-26.822064],[-58.323271,-26.836055],[-58.317895,-26.852734],[-58.325272,-26.869674],[-58.345828,-26.871404],[-58.372497,-26.865122],[-58.384889,-26.892191],[-58.459642,-26.929653],[-58.484137,-26.935354],[-58.487795,-26.94925],[-58.469236,-26.984533],[-58.470778,-27.002294],[-58.477688,-27.005206],[-58.501787,-26.996069],[-58.52029,-27.004064],[-58.50036,-27.0381],[-58.502301,-27.056031],[-58.517206,-27.062656],[-58.523488,-27.039642],[-58.534053,-27.03513],[-58.556039,-27.035701],[-58.562035,-27.044039],[-58.554097,-27.064141],[-58.554897,-27.108913],[-58.62571,-27.113881],[-58.652207,-27.130556],[-58.664028,-27.168018],[-58.66163,-27.186578],[-58.60538,-27.214732],[-58.592479,-27.229028],[-58.593156,-27.258078],[-58.618785,-27.305312],[-58.616488,-27.318632],[-58.592903,-27.320818],[-58.549748,-27.294793],[-58.515722,-27.291032],[-58.493509,-27.270649],[-58.476599,-27.270945],[-58.416849,-27.290097],[-58.372854,-27.290794],[-58.360749,-27.28336],[-58.295999,-27.276155],[-58.272921,-27.265824],[-58.246744,-27.261516],[-58.191339,-27.280832],[-58.092169,-27.275749],[-58.06716,-27.261923],[-58.034121,-27.25933],[-58.009875,-27.259381],[-57.970989,-27.274986],[-57.932307,-27.264108],[-57.891338,-27.267717],[-57.856011,-27.283627],[-57.838119,-27.314075],[-57.81738,-27.335576],[-57.780884,-27.341473],[-57.724309,-27.334915],[-57.70535,-27.325562],[-57.697013,-27.326884],[-57.672971,-27.338931],[-57.649944,-27.369531],[-57.609788,-27.395708],[-57.565108,-27.412838],[-57.543506,-27.432967],[-57.507518,-27.444201],[-57.439005,-27.438282],[-57.395691,-27.420819],[-57.326511,-27.409839],[-57.302214,-27.425546],[-57.279645,-27.430273],[-57.225409,-27.470378],[-57.147588,-27.481459],[-57.139861,-27.489389],[-57.120548,-27.493446],[-57.101789,-27.484662],[-57.036472,-27.480595],[-56.979927,-27.49339],[-56.965666,-27.502046],[-56.942233,-27.558315],[-56.913361,-27.573716],[-56.896587,-27.588813],[-56.849264,-27.606299],[-56.825729,-27.604265],[-56.794062,-27.586856],[-56.743232,-27.605003],[-56.685997,-27.576944],[-56.677864,-27.563271],[-56.677101,-27.548682],[-56.698247,-27.529824],[-56.705414,-27.507408],[-56.717054,-27.496937],[-56.720358,-27.466896],[-56.709175,-27.458357],[-56.691029,-27.454341],[-56.678062,-27.463529],[-56.649602,-27.460797],[-56.60355,-27.431417],[-56.58459,-27.447784],[-56.56624,-27.450275],[-56.556735,-27.456781],[-56.553024,-27.46832],[-56.542147,-27.475792],[-56.538741,-27.490736],[-56.506311,-27.527029],[-56.498483,-27.551783],[-56.487046,-27.563677],[-56.437182,-27.586856],[-56.422238,-27.603833],[-56.39484,-27.606934],[-56.37527,-27.601851],[-56.354887,-27.583705],[-56.350414,-27.550919],[-56.338367,-27.52403],[-56.319556,-27.517749],[-56.292417,-27.491549],[-56.284182,-27.457086],[-56.295162,-27.425317],[-56.287181,-27.410932],[-56.272135,-27.404172],[-56.240519,-27.404019],[-56.231878,-27.388516],[-56.211088,-27.38267],[-56.181556,-27.348766],[-56.153701,-27.329654],[-56.13225,-27.327519],[-56.122237,-27.318421],[-56.086808,-27.30856],[-56.061627,-27.306195],[-56.04101,-27.310847],[-56.00675,-27.339668],[-55.978946,-27.35512],[-55.896346,-27.342718],[-55.86844,-27.364168],[-55.854005,-27.392176],[-55.836061,-27.40956],[-55.810138,-27.417692],[-55.784367,-27.441634],[-55.73684,-27.445141],[-55.72276,-27.434568],[-55.711934,-27.409763],[-55.681029,-27.376977],[-55.638534,-27.362186],[-55.589636,-27.331687],[-55.586179,-27.316489],[-55.602394,-27.284618],[-55.59355,-27.275164],[-55.574386,-27.270945],[-55.574081,-27.250257],[-55.579927,-27.23638],[-55.611594,-27.212998],[-55.618761,-27.187177],[-55.607731,-27.161304],[-55.592533,-27.15983],[-55.574793,-27.168776],[-55.56112,-27.160948],[-55.558324,-27.149765],[-55.56544,-27.113981],[-55.561323,-27.101324],[-55.552123,-27.098071],[-55.526453,-27.100867],[-55.476995,-27.111795],[-55.455545,-27.106255],[-55.449486,-27.097268],[-55.456045,-27.058797],[-55.44574,-27.025378],[-55.419811,-26.993004],[-55.375741,-26.966166],[-55.306663,-26.963879],[-55.273674,-26.942479],[-55.257052,-26.937701],[-55.238448,-26.943546],[-55.203121,-26.969877],[-55.137753,-26.951222],[-55.130129,-26.935922],[-55.15029,-26.895954],[-55.141566,-26.866335],[-55.129763,-26.85362],[-55.093134,-26.836715],[-55.057543,-26.798985],[-55.021772,-26.789019],[-54.972694,-26.78984],[-54.95626,-26.781356],[-54.944242,-26.752729],[-54.949122,-26.704288],[-54.942158,-26.68238],[-54.919488,-26.668249],[-54.873893,-26.655338],[-54.855797,-26.656304],[-54.834687,-26.673121],[-54.820869,-26.67332],[-54.788566,-26.63351],[-54.78438,-26.605321],[-54.807719,-26.560957],[-54.800544,-26.536115],[-54.784269,-26.512773],[-54.752289,-26.493463],[-54.706353,-26.449134],[-54.697752,-26.423971],[-54.696645,-26.377714],[-54.647569,-26.31147],[-54.649354,-26.29855],[-54.677586,-26.275314],[-54.678585,-26.262537],[-54.623334,-26.223811],[-54.618016,-26.214246],[-54.622549,-26.201611],[-54.660313,-26.175471],[-54.672518,-26.156282],[-54.673588,-26.141363],[-54.649068,-26.116521],[-54.643107,-26.093607],[-54.650638,-26.064268],[-54.676658,-26.017869],[-54.679692,-26.003556],[-54.677657,-25.991528],[-54.667414,-25.981499],[-54.619908,-25.984675],[-54.607546,-25.969125],[-54.607832,-25.957133],[-54.62168,-25.935147],[-54.622013,-25.912399],[-54.596458,-25.861764],[-54.586911,-25.829486],[-54.627391,-25.774151],[-54.636003,-25.732318],[-54.658053,-25.678127],[-54.650071,-25.664549],[-54.640428,-25.660057],[-54.602132,-25.669176],[-54.583674,-25.666263],[-54.582428,-25.653733],[-54.596636,-25.623463],[-54.593345,-25.59326],[-54.551249,-25.589131],[-54.534945,-25.598625],[-54.537558,-25.618027],[-54.52645,-25.629006],[-54.503082,-25.615],[-54.494724,-25.617112],[-54.460478,-25.646166],[-54.444993,-25.66598],[-54.439305,-25.68991],[-54.428923,-25.694065],[-54.424228,-25.686864],[-54.42476,-25.657993],[-54.394838,-25.637553],[-54.388618,-25.622377],[-54.390979,-25.60533],[-54.384478,-25.597516],[-54.373256,-25.593777],[-54.357932,-25.605297],[-54.347344,-25.606058],[-54.328387,-25.571481],[-54.288417,-25.55573],[-54.280386,-25.558883],[-54.250519,-25.597716],[-54.235172,-25.59304],[-54.236542,-25.56821],[-54.230556,-25.563012],[-54.203768,-25.57965],[-54.178779,-25.584886],[-54.17323,-25.579811],[-54.174673,-25.57278],[-54.184151,-25.56414],[-54.205005,-25.557774],[-54.208636,-25.548901],[-54.205346,-25.540092],[-54.19065,-25.534663],[-54.164055,-25.542255],[-54.127484,-25.507109],[-54.104291,-25.494444],[-54.094407,-25.498365],[-54.093278,-25.512613],[-54.123725,-25.566962],[-54.101983,-25.617116],[-54.095027,-25.61875],[-54.089657,-25.612266],[-54.089847,-25.589061],[-54.081095,-25.55825],[-54.071015,-25.560683],[-54.059026,-25.579444],[-54.049077,-25.585373],[-54.039385,-25.581777],[-54.028345,-25.566161],[-54.016363,-25.563655],[-53.999913,-25.581777],[-53.970144,-25.601017],[-53.97818,-25.604678],[-53.978109,-25.61029],[-53.974899,-25.615334],[-53.965441,-25.612693],[-53.962259,-25.643477],[-53.951732,-25.647057],[-53.947684,-25.640211],[-53.944639,-25.631393],[-53.95409,-25.623861],[-53.947847,-25.611475],[-53.932799,-25.62261],[-53.916625,-25.616216],[-53.921317,-25.629897],[-53.919224,-25.632801],[-53.914381,-25.628705],[-53.912178,-25.636324],[-53.892592,-25.622287],[-53.888667,-25.625693],[-53.894969,-25.643188],[-53.880224,-25.640466],[-53.876414,-25.645103],[-53.883921,-25.648732],[-53.889994,-25.661277],[-53.8762,-25.654179],[-53.862377,-25.658668],[-53.854689,-25.672589],[-53.8597,-25.677861],[-53.856906,-25.683104],[-53.842549,-25.687295],[-53.855263,-25.691597],[-53.851492,-25.706189],[-53.856756,-25.707349],[-53.872323,-25.693424],[-53.865576,-25.705407],[-53.879304,-25.707794],[-53.867055,-25.71399],[-53.86921,-25.719986],[-53.861701,-25.716545],[-53.859015,-25.72335],[-53.866337,-25.744245],[-53.849423,-25.740909],[-53.834109,-25.751333],[-53.842478,-25.751987],[-53.840507,-25.760899],[-53.847945,-25.757549],[-53.857144,-25.76611],[-53.838573,-25.772664],[-53.831003,-25.780734],[-53.843301,-25.790657],[-53.822119,-25.793326],[-53.828543,-25.808488],[-53.819563,-25.816179],[-53.838408,-25.815888],[-53.835447,-25.825273],[-53.844073,-25.827742],[-53.850081,-25.839601],[-53.841932,-25.839077],[-53.834376,-25.850103],[-53.844941,-25.857098],[-53.831785,-25.859204],[-53.836293,-25.869191],[-53.823358,-25.872082],[-53.849899,-25.883774],[-53.846458,-25.888457],[-53.83544,-25.888603],[-53.835314,-25.895166],[-53.819575,-25.898437],[-53.835241,-25.911833],[-53.833435,-25.915195],[-53.826863,-25.91018],[-53.818801,-25.912606],[-53.823463,-25.917396],[-53.820605,-25.927608],[-53.826261,-25.928789],[-53.833806,-25.920625],[-53.833177,-25.931375],[-53.842917,-25.933681],[-53.839922,-25.953972],[-53.828082,-25.96364],[-53.836784,-25.9701],[-53.813777,-25.980118],[-53.82004,-25.981902],[-53.817883,-25.989982],[-53.802864,-25.984617],[-53.805114,-25.995604],[-53.799159,-26.001306],[-53.793901,-25.999043],[-53.792897,-26.006508],[-53.780303,-26.00846],[-53.78373,-26.013202],[-53.776563,-26.016586],[-53.780775,-26.021854],[-53.772716,-26.024324],[-53.77164,-26.03151],[-53.763262,-26.036231],[-53.756779,-26.032313],[-53.755125,-26.04265],[-53.75299,-26.037712],[-53.746054,-26.044999],[-53.737276,-26.041433],[-53.726722,-26.064822],[-53.73789,-26.071633],[-53.742585,-26.081772],[-53.744293,-26.116237],[-53.725203,-26.128328],[-53.710403,-26.130531],[-53.700111,-26.152797],[-53.682183,-26.162075],[-53.657875,-26.192592],[-53.650328,-26.194728],[-53.653164,-26.205333],[-53.641272,-26.213878],[-53.653514,-26.235097],[-53.637383,-26.249682],[-53.646187,-26.24837],[-53.641703,-26.260101],[-53.645624,-26.286073],[-53.657027,-26.29684],[-53.661453,-26.311604],[-53.670783,-26.319435],[-53.66947,-26.324879],[-53.67412,-26.324472],[-53.67124,-26.330704],[-53.677459,-26.330759],[-53.67704,-26.336384],[-53.685737,-26.335375],[-53.689463,-26.353956],[-53.696437,-26.355291],[-53.690041,-26.360031],[-53.701322,-26.366698],[-53.69736,-26.378964],[-53.701429,-26.388958],[-53.710055,-26.387959],[-53.696623,-26.402093],[-53.706248,-26.408791],[-53.705451,-26.416381],[-53.698436,-26.415629],[-53.693791,-26.430111],[-53.687331,-26.430848],[-53.688402,-26.443424],[-53.704249,-26.441865],[-53.696932,-26.454905],[-53.698276,-26.469598],[-53.70482,-26.463459],[-53.715337,-26.471121],[-53.707021,-26.481388],[-53.702191,-26.473429],[-53.695873,-26.475237],[-53.700097,-26.478818],[-53.695945,-26.490442],[-53.705177,-26.493452],[-53.708889,-26.501126],[-53.705213,-26.509002],[-53.729493,-26.501476],[-53.726866,-26.525194],[-53.716862,-26.527659],[-53.724857,-26.532951],[-53.72006,-26.538157],[-53.723097,-26.542326],[-53.731653,-26.538852],[-53.741752,-26.544611],[-53.725295,-26.554281],[-53.725961,-26.559972],[-53.73587,-26.559297],[-53.735927,-26.566606],[-53.714255,-26.55646],[-53.707544,-26.560915],[-53.722059,-26.562133],[-53.724619,-26.58903],[-53.732786,-26.58648],[-53.729217,-26.607476],[-53.735441,-26.609874],[-53.729255,-26.620192],[-53.732938,-26.630747],[-53.740676,-26.629776],[-53.739829,-26.644082],[-53.750936,-26.635239],[-53.759531,-26.64114],[-53.745216,-26.647565],[-53.734689,-26.645547],[-53.726342,-26.658777],[-53.724924,-26.647717],[-53.720089,-26.650953],[-53.718909,-26.667562],[-53.726561,-26.667153],[-53.731606,-26.677775],[-53.718204,-26.680259],[-53.717367,-26.684685],[-53.72876,-26.692185],[-53.743465,-26.681525],[-53.732672,-26.701474],[-53.734442,-26.717017],[-53.7473,-26.719691],[-53.754115,-26.709745],[-53.757954,-26.720287],[-53.742722,-26.731084],[-53.750099,-26.740707],[-53.735698,-26.74083],[-53.731758,-26.730894],[-53.728665,-26.740393],[-53.71395,-26.752337],[-53.72876,-26.765177],[-53.743627,-26.763768],[-53.730216,-26.77381],[-53.715987,-26.773105],[-53.713398,-26.766214],[-53.699283,-26.768794],[-53.717015,-26.781205],[-53.708639,-26.798099],[-53.700378,-26.797433],[-53.69716,-26.812262],[-53.710533,-26.812795],[-53.688414,-26.83777],[-53.696056,-26.842833],[-53.694286,-26.847573],[-53.679124,-26.84249],[-53.660012,-26.860013],[-53.664914,-26.864277],[-53.696656,-26.859175],[-53.679971,-26.869731],[-53.689546,-26.874575],[-53.695609,-26.886891],[-53.670891,-26.894667],[-53.679391,-26.902434],[-53.679029,-26.909591],[-53.672671,-26.912951],[-53.696856,-26.929217],[-53.671691,-26.941286],[-53.672652,-26.945626],[-53.708563,-26.933748],[-53.700949,-26.953373],[-53.703176,-26.960179],[-53.712046,-26.965423],[-53.726076,-26.958818],[-53.730092,-26.972609],[-53.736955,-26.974303],[-53.717871,-26.984382],[-53.717852,-26.990188],[-53.724762,-26.994062],[-53.743569,-26.991968],[-53.731739,-27.004389],[-53.740333,-27.014602],[-53.752709,-27.004967],[-53.763524,-27.008394],[-53.758634,-27.017733],[-53.749651,-27.021731],[-53.747248,-27.032176],[-53.759383,-27.034246],[-53.764,-27.045359],[-53.776884,-27.029309],[-53.785569,-27.026347],[-53.776278,-27.049868],[-53.759431,-27.064299],[-53.770353,-27.066928],[-53.791542,-27.04292],[-53.802297,-27.040314],[-53.797015,-27.060064],[-53.784737,-27.071378],[-53.771697,-27.073627],[-53.781715,-27.078754],[-53.797395,-27.066084],[-53.805402,-27.078612],[-53.801821,-27.085988],[-53.776349,-27.103429],[-53.795432,-27.110365],[-53.81191,-27.097838],[-53.818644,-27.102156],[-53.806973,-27.110865],[-53.804438,-27.122667],[-53.815513,-27.129632],[-53.824521,-27.126677],[-53.824692,-27.132359],[-53.817954,-27.139983],[-53.799037,-27.136556],[-53.798866,-27.146436],[-53.827933,-27.145746],[-53.836928,-27.154169],[-53.832573,-27.164605],[-53.836696,-27.169661],[-53.861241,-27.128504],[-53.873405,-27.125934],[-53.882428,-27.131074],[-53.897447,-27.169964],[-53.910634,-27.176807],[-53.933035,-27.156551],[-53.951805,-27.152829],[-53.959943,-27.160216],[-53.960752,-27.196128],[-54.008431,-27.199287],[-54.015738,-27.214391],[-54.020053,-27.246755],[-54.026959,-27.255111],[-54.055134,-27.263661],[-54.072273,-27.291143],[-54.08446,-27.299776],[-54.101817,-27.303181],[-54.15412,-27.29688],[-54.158868,-27.292024],[-54.157252,-27.261842],[-54.164819,-27.253776],[-54.173278,-27.254989],[-54.189732,-27.27569],[-54.192266,-27.306671],[-54.211629,-27.345771],[-54.214752,-27.383516],[-54.228778,-27.39226],[-54.262793,-27.398756],[-54.269396,-27.415424],[-54.26779,-27.437054],[-54.281567,-27.44719],[-54.294523,-27.444692],[-54.308479,-27.422991],[-54.338281,-27.403039],[-54.34517,-27.425596],[-54.334421,-27.453133],[-54.34188,-27.465696],[-54.353337,-27.466267],[-54.371183,-27.449492],[-54.396453,-27.412694],[-54.413157,-27.406519],[-54.433537,-27.42308],[-54.461698,-27.423259],[-54.469871,-27.42772],[-54.466588,-27.441176],[-54.442246,-27.461877],[-54.44635,-27.474155],[-54.46723,-27.480473],[-54.504278,-27.481829],[-54.521232,-27.503851],[-54.530191,-27.506564],[-54.558887,-27.465011],[-54.571561,-27.454395],[-54.581656,-27.453407],[-54.590735,-27.461002],[-54.593872,-27.483827],[-54.622276,-27.542041],[-54.64221,-27.54446],[-54.658682,-27.510918],[-54.669151,-27.505493],[-54.677908,-27.510252],[-54.679668,-27.527622],[-54.67134,-27.561029],[-54.675766,-27.572879],[-54.683666,-27.574973],[-54.730065,-27.561743],[-54.742962,-27.562267],[-54.76195,-27.583825],[-54.774466,-27.58511],[-54.78565,-27.576258],[-54.794025,-27.537473],[-54.801973,-27.530905],[-54.812871,-27.532619],[-54.828358,-27.560784],[-54.846802,-27.620278],[-54.86027,-27.62913],[-54.890298,-27.627416],[-54.905051,-27.638647],[-54.902814,-27.721024],[-54.928941,-27.754004],[-54.936241,-27.771868],[-54.955755,-27.778298],[-54.985489,-27.771525],[-55.008277,-27.797622],[-55.024492,-27.794639],[-55.0432,-27.774798],[-55.055931,-27.770049],[-55.076932,-27.776571],[-55.083936,-27.785968],[-55.083042,-27.797054],[-55.025023,-27.832573],[-55.023691,-27.8439],[-55.032733,-27.856749],[-55.088555,-27.842329],[-55.108495,-27.847421],[-55.125202,-27.8588],[-55.12458,-27.887349],[-55.134383,-27.896153],[-55.176024,-27.858319],[-55.189301,-27.855749],[-55.204911,-27.861079],[-55.228416,-27.880943],[-55.264207,-27.928894],[-55.279007,-27.932654],[-55.31013,-27.921613],[-55.322599,-27.924421],[-55.332212,-27.932701],[-55.339017,-27.966299],[-55.383561,-27.981195],[-55.383132,-27.994091],[-55.369858,-28.014179],[-55.370462,-28.028453],[-55.381602,-28.039615],[-55.422781,-28.060974],[-55.444976,-28.097208],[-55.461061,-28.097414],[-55.483431,-28.077633],[-55.495512,-28.079193],[-55.513099,-28.113873],[-55.540088,-28.122848],[-55.550788,-28.158567],[-55.559926,-28.164223],[-55.587766,-28.146139],[-55.586529,-28.11987],[-55.607563,-28.1163],[-55.6167,-28.125342],[-55.624726,-28.16489],[-55.632253,-28.176785],[-55.656069,-28.184454],[-55.698109,-28.221033],[-55.7752,-28.244379],[-55.782774,-28.256294],[-55.774475,-28.272517],[-55.732866,-28.285822],[-55.669942,-28.330763],[-55.668594,-28.341613],[-55.688947,-28.386686],[-55.690287,-28.412836],[-55.696331,-28.42316],[-55.704092,-28.426803],[-55.7175,-28.422158],[-55.732162,-28.384348],[-55.75745,-28.368588],[-55.803358,-28.366136],[-55.851245,-28.354968],[-55.878303,-28.361162],[-55.90303,-28.408104],[-55.881655,-28.466237],[-55.882362,-28.477707],[-55.94586,-28.493669],[-55.988371,-28.498119],[-56.008646,-28.505999],[-56.022021,-28.519877],[-56.025668,-28.535963],[-56.024517,-28.545281],[-56.002271,-28.578489],[-56.001887,-28.595894],[-56.007602,-28.604952],[-56.022995,-28.616047],[-56.055609,-28.628083],[-56.118573,-28.681681],[-56.185516,-28.770001],[-56.259155,-28.77832],[-56.29437,-28.797709],[-56.301211,-28.815521],[-56.297118,-28.873393],[-56.301949,-28.901111],[-56.337547,-28.934592],[-56.390479,-28.955131],[-56.409915,-28.977648],[-56.415482,-29.000697],[-56.400534,-29.016854],[-56.398771,-29.025807],[-56.419525,-29.078981],[-56.507154,-29.092546],[-56.545698,-29.115863],[-56.570207,-29.114554],[-56.591503,-29.12431],[-56.605498,-29.162404],[-56.64541,-29.199299],[-56.653663,-29.226508],[-56.649584,-29.272415],[-56.678409,-29.322857],[-56.703944,-29.362244],[-56.7522,-29.372143],[-56.767462,-29.382561],[-56.77841,-29.409012],[-56.777172,-29.433488],[-56.802484,-29.455221],[-56.813834,-29.48199],[-56.899923,-29.533387],[-56.931053,-29.572332],[-56.949773,-29.582641],[-56.969577,-29.605023],[-56.968237,-29.639106],[-57.00587,-29.656121],[-57.030182,-29.691759],[-57.11022,-29.756998],[-57.142656,-29.774274],[-57.169896,-29.781164],[-57.229949,-29.779164],[-57.289465,-29.825349],[-57.327833,-29.883264],[-57.326044,-29.965013],[-57.342929,-29.999996],[-57.408541,-30.032024],[-57.445886,-30.07164],[-57.470245,-30.116202],[-57.532644,-30.15666],[-57.588122,-30.179452],[-57.62401,-30.174393],[-57.641343,-30.178844],[-57.653143,-30.194555],[-57.651858,-30.201794],[-57.625115,-30.233167],[-57.61524,-30.254466],[-57.64292,-30.341905],[-57.72305,-30.400436],[-57.767823,-30.418322],[-57.787761,-30.442671],[-57.844024,-30.469297],[-57.889609,-30.510684],[-57.889738,-30.516071],[-57.885595,-30.512454],[-57.884877,-30.516591],[-57.88891,-30.525196],[-57.887304,-30.587569],[-57.847938,-30.618528],[-57.843369,-30.65955],[-57.808973,-30.695269],[-57.811412,-30.752852],[-57.797397,-30.782707],[-57.806705,-30.822581],[-57.79979,-30.856979],[-57.821808,-30.907832],[-57.832114,-30.917183],[-57.846973,-30.919839],[-57.891805,-30.906954],[-57.907602,-30.91182],[-57.914899,-30.920564],[-57.912843,-30.933735],[-57.89566,-30.952753],[-57.884319,-30.987814],[-57.866602,-31.013428],[-57.861479,-31.034388],[-57.871329,-31.070344],[-57.919066,-31.129907],[-57.91226,-31.177931],[-57.914249,-31.217159],[-57.938371,-31.275336],[-57.981323,-31.319692],[-57.981847,-31.335789],[-57.997135,-31.361725],[-57.979229,-31.379012],[-57.980491,-31.390445],[-58.059584,-31.43513],[-58.082394,-31.457827],[-58.078266,-31.488811],[-58.027961,-31.512742],[-58.003795,-31.531906],[-58.004505,-31.545237],[-57.980639,-31.581048],[-58.012854,-31.686734],[-58.035054,-31.718821],[-58.038332,-31.75954],[-58.086138,-31.821137],[-58.190237,-31.852978],[-58.20681,-31.871645],[-58.191344,-31.920347],[-58.168715,-31.932089],[-58.157041,-31.952518],[-58.151131,-31.982631],[-58.1383,-32.001843],[-58.143142,-32.060556],[-58.151589,-32.077456],[-58.167404,-32.091382],[-58.183326,-32.1592],[-58.104918,-32.244511],[-58.099882,-32.260012],[-58.100891,-32.303516],[-58.12299,-32.339999],[-58.168277,-32.360504],[-58.183357,-32.376675],[-58.204588,-32.462003],[-58.187432,-32.516109],[-58.187387,-32.532869],[-58.160583,-32.57078],[-58.160711,-32.594946],[-58.145047,-32.671127],[-58.149629,-32.734879],[-58.119798,-32.815234],[-58.124355,-32.835418],[-58.115302,-32.88288],[-58.115576,-32.919768],[-58.087324,-32.958903],[-58.084296,-33.001298],[-58.098902,-33.020388],[-58.139368,-33.040598],[-58.175963,-33.076893],[-58.256049,-33.102384],[-58.311635,-33.105366],[-58.361818,-33.120989],[-58.404244,-33.179621],[-58.409933,-33.234937],[-58.39047,-33.279121],[-58.397185,-33.313767],[-58.431714,-33.363329],[-58.431122,-33.412723],[-58.44315,-33.44808],[-58.433904,-33.499159],[-58.445011,-33.541052],[-58.480038,-33.565972],[-58.494773,-33.585579],[-58.475353,-33.650237],[-58.44732,-33.687884],[-58.434369,-33.721887],[-58.437773,-33.760416],[-58.423585,-33.916347],[-58.404785,-33.963928],[-58.38739,-33.985413],[-58.416199,-34.002686],[-58.412903,-34.010925],[-58.398621,-34.014893],[-58.362183,-34.054504],[-58.363098,-34.116882],[-58.373291,-34.158081],[-58.371094,-34.171692],[-58.355408,-34.190308],[-58.361084,-34.194092],[-58.367187,-34.188904],[-58.367981,-34.197815],[-58.382324,-34.203308],[-58.377197,-34.209412],[-58.386597,-34.220215],[-58.403625,-34.22522],[-58.398621,-34.23468],[-58.404724,-34.239502],[-58.403992,-34.250793],[-58.416687,-34.264404],[-58.452698,-34.263306],[-58.456299,-34.271179],[-58.469604,-34.274475],[-58.501892,-34.264771],[-58.514404,-34.270996],[-58.5,-34.288269],[-58.509583,-34.294983],[-58.510376,-34.308777],[-58.484985,-34.334595],[-58.454529,-34.388489],[-58.465027,-34.374878],[-58.465881,-34.38562],[-58.48291,-34.384583],[-58.494995,-34.406921],[-58.505371,-34.407898],[-58.502502,-34.4198],[-58.511475,-34.418701],[-58.508789,-34.429077],[-58.51504,-34.447],[-58.504656,-34.449889],[-58.482062,-34.47884],[-58.467727,-34.522942],[-58.455549,-34.527489],[-58.448639,-34.537369],[-58.436033,-34.540453],[-58.425605,-34.552265],[-58.409435,-34.556678],[-58.385366,-34.576317],[-58.391296,-34.570377],[-58.381417,-34.568342],[-58.378155,-34.572782],[-58.383587,-34.573389],[-58.361636,-34.581156],[-58.366162,-34.583533],[-58.359473,-34.588087],[-58.367896,-34.590026],[-58.36796,-34.597464],[-58.356655,-34.594877],[-58.346847,-34.602358],[-58.339785,-34.614846],[-58.345262,-34.618748],[-58.338366,-34.618705],[-58.335146,-34.626989],[-58.345325,-34.628666],[-58.333119,-34.635062],[-58.332847,-34.644728],[-58.304065,-34.665615],[-58.230154,-34.701378],[-58.231354,-34.705547],[-58.211252,-34.717553],[-58.198017,-34.735771],[-58.165866,-34.747777],[-58.112985,-34.751703],[-58.053765,-34.776602],[-58.014475,-34.780671],[-57.999228,-34.788637],[-57.959771,-34.825634],[-57.946417,-34.829556],[-57.94734,-34.833477],[-57.873739,-34.826158],[-57.862603,-34.840929],[-57.816917,-34.867037],[-57.751025,-34.914931],[-57.721272,-34.927608],[-57.674835,-34.936165],[-57.593314,-34.993969],[-57.508456,-35.024714],[-57.353239,-35.146745],[-57.274909,-35.227736],[-57.22306,-35.273148],[-57.179135,-35.348458],[-57.147036,-35.389777],[-57.130606,-35.421947],[-57.127938,-35.445758],[-57.152469,-35.495099],[-57.23538,-35.577069],[-57.319592,-35.687795],[-57.346611,-35.71504],[-57.364742,-35.744771],[-57.370203,-35.78897],[-57.389715,-35.853168],[-57.383956,-35.877046],[-57.386943,-35.90228],[-57.380815,-35.90316],[-57.381077,-35.912083],[-57.375247,-35.908312],[-57.381398,-35.925111],[-57.372535,-35.944301],[-57.376704,-35.949755],[-57.368809,-35.951097],[-57.373135,-35.958706],[-57.381441,-35.956716],[-57.382452,-35.966739],[-57.370942,-35.97013],[-57.352501,-36.006685],[-57.355475,-36.010759],[-57.347064,-36.016809],[-57.351518,-36.014468],[-57.350033,-36.020407],[-57.354545,-36.020179],[-57.351061,-36.027469],[-57.339526,-36.026993],[-57.321841,-36.052977],[-57.303662,-36.094494],[-57.280344,-36.124742],[-57.27924,-36.137591],[-57.266581,-36.137895],[-57.233211,-36.178498],[-57.126821,-36.262884],[-57.129143,-36.268004],[-57.115304,-36.270688],[-57.11519,-36.280149],[-57.107814,-36.275833],[-57.013444,-36.328243],[-56.97163,-36.334358],[-56.926896,-36.333397],[-56.904769,-36.338185],[-56.862356,-36.328691],[-56.813791,-36.33464],[-56.774066,-36.321386],[-56.776826,-36.293083],[-56.756743,-36.300388],[-56.740051,-36.314427],[-56.715935,-36.355603],[-56.698387,-36.426547],[-56.673748,-36.709607],[-56.675711,-36.815065],[-56.665812,-36.862214],[-56.667954,-36.884355],[-56.811126,-37.058662],[-56.882569,-37.156922],[-56.989849,-37.288487],[-57.062626,-37.408532],[-57.125501,-37.492775],[-57.256867,-37.611386],[-57.411212,-37.734842],[-57.491559,-37.828237],[-57.514411,-37.86948],[-57.52495,-37.925745],[-57.541407,-37.968495],[-57.544252,-37.990133],[-57.538999,-38.005167],[-57.524018,-38.016617],[-57.531489,-38.031493],[-57.522385,-38.037123],[-57.533259,-38.031969],[-57.54075,-38.046189],[-57.534863,-38.045937],[-57.540326,-38.048502],[-57.534501,-38.0503],[-57.517779,-38.038969],[-57.530556,-38.047873],[-57.539727,-38.06422],[-57.541283,-38.076831],[-57.535467,-38.081276],[-57.544866,-38.100593],[-57.593212,-38.118943],[-57.636547,-38.17319],[-57.683375,-38.20587],[-57.818971,-38.266298],[-57.833043,-38.276863],[-57.835879,-38.286762],[-57.852731,-38.296399],[-57.957051,-38.331724],[-58.056041,-38.380113],[-58.241931,-38.446899],[-58.278451,-38.464974],[-58.432535,-38.512411],[-58.496866,-38.537252],[-58.689536,-38.574543],[-58.695437,-38.578151],[-58.697674,-38.583661],[-58.68946,-38.587935],[-58.697978,-38.583833],[-58.702195,-38.580977],[-58.728093,-38.585241],[-58.787427,-38.60402],[-58.827687,-38.622608],[-58.92179,-38.64606],[-58.945699,-38.657958],[-59.005614,-38.671816],[-59.012448,-38.678592],[-59.113089,-38.700769],[-59.30404,-38.72892],[-59.382438,-38.745282],[-59.39326,-38.752068],[-59.685972,-38.796269],[-59.788917,-38.826421],[-60.116664,-38.865768],[-60.275973,-38.890029],[-60.449748,-38.922987],[-60.692299,-38.949548],[-60.85103,-38.979589],[-61.013593,-38.9815],[-61.143207,-39.000066],[-61.288338,-38.989687],[-61.37978,-38.98833],[-61.532877,-39.003614],[-61.606517,-39.004063],[-61.669663,-38.989887],[-61.69429,-38.967936],[-61.706697,-38.965466],[-61.749984,-38.973989],[-61.793321,-38.993013],[-61.812088,-38.992599],[-61.858765,-38.979525],[-61.866476,-38.969041],[-61.898095,-38.967956],[-61.947397,-38.952632],[-61.99303,-38.945755],[-62.067412,-38.9199],[-62.073409,-38.925111],[-62.073666,-38.907436],[-62.094595,-38.900541],[-62.092354,-38.89543],[-62.100518,-38.904329],[-62.110276,-38.8846],[-62.107306,-38.866154],[-62.14868,-38.82271],[-62.165955,-38.812031],[-62.180092,-38.819186],[-62.188329,-38.805309],[-62.21244,-38.798142],[-62.223248,-38.809606],[-62.235597,-38.804252],[-62.231357,-38.792631],[-62.236268,-38.78919],[-62.249603,-38.795758],[-62.259054,-38.789133],[-62.261767,-38.79353],[-62.3001,-38.785336],[-62.308303,-38.747397],[-62.326053,-38.749966],[-62.311938,-38.737743],[-62.329406,-38.725237],[-62.352913,-38.717592],[-62.375273,-38.724882],[-62.379527,-38.721713],[-62.378632,-38.726691],[-62.369486,-38.729089],[-62.372884,-38.741538],[-62.38025,-38.738807],[-62.380584,-38.730869],[-62.385181,-38.73479],[-62.38183,-38.741443],[-62.397154,-38.741358],[-62.397659,-38.746345],[-62.400799,-38.733867],[-62.404825,-38.741605],[-62.406096,-38.737379],[-62.414009,-38.741718],[-62.419363,-38.735265],[-62.442591,-38.734623],[-62.444033,-38.741618],[-62.463078,-38.739377],[-62.477755,-38.750341],[-62.496529,-38.737806],[-62.504126,-38.738304],[-62.503888,-38.744282],[-62.495025,-38.746186],[-62.510908,-38.757726],[-62.510372,-38.76421],[-62.487672,-38.771182],[-62.488386,-38.790063],[-62.470219,-38.80409],[-62.476358,-38.784352],[-62.467935,-38.790134],[-62.460261,-38.777],[-62.431636,-38.783567],[-62.420714,-38.773145],[-62.416253,-38.774501],[-62.417288,-38.785423],[-62.412139,-38.786137],[-62.40515,-38.776946],[-62.406518,-38.766447],[-62.401551,-38.767517],[-62.400777,-38.782538],[-62.393252,-38.778374],[-62.382426,-38.780813],[-62.383229,-38.786494],[-62.379065,-38.784739],[-62.375882,-38.790717],[-62.37151,-38.789765],[-62.373622,-38.769213],[-62.352891,-38.76951],[-62.368149,-38.775102],[-62.363598,-38.776619],[-62.368833,-38.780961],[-62.361606,-38.784025],[-62.360475,-38.775994],[-62.343998,-38.773615],[-62.343789,-38.780069],[-62.356847,-38.787654],[-62.342927,-38.791966],[-62.340577,-38.802079],[-62.327252,-38.789646],[-62.31128,-38.795357],[-62.314016,-38.79964],[-62.306134,-38.799414],[-62.329661,-38.811906],[-62.33909,-38.809348],[-62.337216,-38.814464],[-62.352236,-38.802686],[-62.353813,-38.815118],[-62.356847,-38.810479],[-62.361487,-38.813126],[-62.359464,-38.80447],[-62.371659,-38.799295],[-62.365591,-38.815237],[-62.379273,-38.801228],[-62.38305,-38.805095],[-62.37502,-38.81149],[-62.3854,-38.81027],[-62.397268,-38.795607],[-62.388672,-38.809229],[-62.398071,-38.804262],[-62.388523,-38.815029],[-62.399201,-38.811966],[-62.403544,-38.813929],[-62.394055,-38.818658],[-62.414013,-38.817498],[-62.401759,-38.822763],[-62.393342,-38.82068],[-62.387333,-38.830882],[-62.395305,-38.834452],[-62.387159,-38.838059],[-62.386825,-38.827756],[-62.377855,-38.831706],[-62.38347,-38.826923],[-62.375785,-38.825638],[-62.370598,-38.83073],[-62.375499,-38.833562],[-62.370312,-38.833704],[-62.371954,-38.843674],[-62.362721,-38.845459],[-62.369693,-38.832086],[-62.360794,-38.826685],[-62.347065,-38.839653],[-62.347897,-38.846411],[-62.336048,-38.836441],[-62.326149,-38.838178],[-62.33857,-38.84327],[-62.334135,-38.851339],[-62.342053,-38.855718],[-62.344185,-38.864893],[-62.351952,-38.863037],[-62.348454,-38.870204],[-62.339103,-38.87009],[-62.339189,-38.884723],[-62.328253,-38.884166],[-62.320529,-38.904268],[-62.32574,-38.905525],[-62.33432,-38.935006],[-62.342701,-38.939489],[-62.345713,-38.950311],[-62.321742,-38.968442],[-62.319929,-38.988744],[-62.314062,-38.991299],[-62.321371,-38.995754],[-62.300384,-38.993398],[-62.316945,-39.002992],[-62.304353,-39.0133],[-62.30452,-39.028124],[-62.299285,-39.025007],[-62.306614,-39.052894],[-62.339312,-39.079206],[-62.340997,-39.09057],[-62.35416,-39.101107],[-62.330546,-39.116583],[-62.334401,-39.119167],[-62.339212,-39.113014],[-62.352019,-39.113004],[-62.346574,-39.125282],[-62.332336,-39.132497],[-62.342234,-39.162954],[-62.331194,-39.169064],[-62.329461,-39.184807],[-62.310892,-39.210966],[-62.284137,-39.225805],[-62.286365,-39.233295],[-62.282786,-39.227318],[-62.264978,-39.233933],[-62.260295,-39.231239],[-62.237414,-39.251589],[-62.246065,-39.254247],[-62.26689,-39.248707],[-62.286011,-39.256667],[-62.301059,-39.251353],[-62.301687,-39.245043],[-62.304409,-39.249269],[-62.308864,-39.247299],[-62.309911,-39.254984],[-62.318486,-39.256564],[-62.31228,-39.258754],[-62.316887,-39.266092],[-62.299993,-39.27086],[-62.279368,-39.265702],[-62.241963,-39.274487],[-62.216569,-39.274667],[-62.153456,-39.291923],[-62.12989,-39.292723],[-62.062294,-39.31983],[-62.040765,-39.349125],[-62.021596,-39.35457],[-62.013787,-39.364866],[-62.011205,-39.357525],[-62.009206,-39.367495],[-62.012371,-39.384068],[-62.031811,-39.39358],[-62.044232,-39.388809],[-62.085587,-39.390106],[-62.167464,-39.331119],[-62.185014,-39.298358],[-62.199945,-39.3074],[-62.229896,-39.296604],[-62.252472,-39.304724],[-62.259818,-39.299518],[-62.276504,-39.302493],[-62.288497,-39.298638],[-62.277147,-39.306752],[-62.285903,-39.317317],[-62.274315,-39.308989],[-62.260562,-39.315431],[-62.286831,-39.322932],[-62.259824,-39.32229],[-62.256897,-39.32624],[-62.265868,-39.328262],[-62.279931,-39.325859],[-62.275505,-39.336805],[-62.259229,-39.342087],[-62.262608,-39.347227],[-62.248998,-39.346299],[-62.246666,-39.349892],[-62.238813,-39.345204],[-62.230295,-39.347441],[-62.234959,-39.34944],[-62.230319,-39.353009],[-62.228606,-39.349035],[-62.214947,-39.352723],[-62.203122,-39.346846],[-62.203835,-39.351462],[-62.212425,-39.352747],[-62.203478,-39.352818],[-62.211569,-39.360932],[-62.219873,-39.355888],[-62.217493,-39.36167],[-62.239313,-39.360195],[-62.224679,-39.363716],[-62.229676,-39.369308],[-62.212996,-39.364335],[-62.213258,-39.370736],[-62.194175,-39.37697],[-62.199073,-39.398541],[-62.212969,-39.395971],[-62.207591,-39.401039],[-62.195313,-39.398921],[-62.192434,-39.382265],[-62.180441,-39.38769],[-62.180441,-39.39697],[-62.179037,-39.386453],[-62.167069,-39.37527],[-62.162476,-39.382051],[-62.172227,-39.390774],[-62.166146,-39.387876],[-62.164033,-39.397456],[-62.162919,-39.384549],[-62.149856,-39.380024],[-62.147192,-39.397809],[-62.160487,-39.40004],[-62.147995,-39.402865],[-62.143415,-39.395192],[-62.134164,-39.397928],[-62.045381,-39.448343],[-62.069978,-39.502892],[-62.066469,-39.505658],[-62.089579,-39.540101],[-62.09294,-39.573473],[-62.119055,-39.662554],[-62.099305,-39.685605],[-62.106206,-39.666837],[-62.093624,-39.672815],[-62.092226,-39.679835],[-62.122713,-39.707674],[-62.111768,-39.706068],[-62.124914,-39.742236],[-62.12539,-39.786613],[-62.115693,-39.835644],[-62.119441,-39.845709],[-62.136038,-39.847458],[-62.149244,-39.834323],[-62.144211,-39.830255],[-62.153491,-39.836322],[-62.162093,-39.828934],[-62.21406,-39.84264],[-62.227231,-39.834966],[-62.236546,-39.816977],[-62.257462,-39.816585],[-62.262601,-39.825401],[-62.276712,-39.819035],[-62.276592,-39.824116],[-62.29633,-39.827364],[-62.288621,-39.845781],[-62.26642,-39.852812],[-62.266099,-39.859058],[-62.270668,-39.863912],[-62.286194,-39.861342],[-62.300221,-39.867588],[-62.303576,-39.86202],[-62.311927,-39.87644],[-62.31368,-39.900825],[-62.324206,-39.90303],[-62.331094,-39.915772],[-62.323849,-39.940221],[-62.328738,-39.954355],[-62.341445,-39.960066],[-62.32881,-39.977484],[-62.334842,-39.986371],[-62.33245,-40.010642],[-62.343943,-40.036518],[-62.341195,-40.059432],[-62.351867,-40.069997],[-62.340032,-40.097181],[-62.341031,-40.126448],[-62.327647,-40.151361],[-62.341245,-40.179915],[-62.33889,-40.186875],[-62.34485,-40.19719],[-62.370977,-40.210896],[-62.389394,-40.22842],[-62.424443,-40.235594],[-62.44543,-40.249942],[-62.453033,-40.269787],[-62.488189,-40.300839],[-62.486619,-40.331034],[-62.472627,-40.351165],[-62.467702,-40.350915],[-62.461848,-40.373222],[-62.451177,-40.381396],[-62.446858,-40.407879],[-62.421017,-40.428616],[-62.425764,-40.451852],[-62.418947,-40.463666],[-62.40442,-40.468627],[-62.37451,-40.491077],[-62.35952,-40.495217],[-62.344672,-40.492612],[-62.320366,-40.504854],[-62.316011,-40.51292],[-62.322638,-40.515038],[-62.322924,-40.531314],[-62.318974,-40.537358],[-62.298701,-40.542021],[-62.288707,-40.551301],[-62.283353,-40.560319],[-62.286542,-40.569409],[-62.279784,-40.572193],[-62.262152,-40.562961],[-62.261652,-40.578522],[-62.258369,-40.573311],[-62.255109,-40.577071],[-62.253586,-40.552586],[-62.316285,-40.535383],[-62.31845,-40.526412],[-62.24126,-40.545091],[-62.181941,-40.576833],[-62.172732,-40.584471],[-62.170019,-40.596535],[-62.17454,-40.637533],[-62.232314,-40.687906],[-62.235264,-40.708203],[-62.257274,-40.741325],[-62.310431,-40.869578],[-62.393974,-40.913003],[-62.533649,-40.951265],[-62.659884,-41.006145],[-62.710989,-41.037855],[-62.745997,-41.037319],[-62.786893,-41.022745],[-62.832397,-41.056213],[-62.86731,-41.072205],[-62.992981,-41.109497],[-63.043701,-41.140198],[-63.082092,-41.150024],[-63.143921,-41.15741],[-63.229126,-41.15918],[-63.320984,-41.151123],[-63.437317,-41.161987],[-63.617615,-41.155579],[-63.777222,-41.1604],[-63.882385,-41.132507],[-63.922607,-41.092102],[-63.958496,-41.07312],[-64.11438,-41.03009],[-64.099304,-41.024902],[-64.081787,-41.026672],[-64.081604,-41.021301],[-64.104126,-41.007019],[-64.098877,-41.00177],[-64.10907,-41.009827],[-64.095886,-41.018677],[-64.112,-41.022888],[-64.206177,-41.009827],[-64.288269,-40.97229],[-64.311401,-40.955994],[-64.395081,-40.927124],[-64.40741,-40.913208],[-64.434326,-40.903992],[-64.466614,-40.900513],[-64.541199,-40.864929],[-64.676392,-40.838806],[-64.746277,-40.818604],[-64.875305,-40.828918],[-64.897888,-40.818176],[-64.904907,-40.805481],[-64.847412,-40.782776],[-64.84198,-40.784485],[-64.856628,-40.803711],[-64.844971,-40.805908],[-64.849609,-40.809509],[-64.845276,-40.81488],[-64.838013,-40.795593],[-64.843079,-40.789001],[-64.838013,-40.786194],[-64.824402,-40.788086],[-64.819885,-40.7948],[-64.808105,-40.793701],[-64.795227,-40.802124],[-64.742004,-40.81073],[-64.749207,-40.805176],[-64.734192,-40.802612],[-64.753784,-40.794373],[-64.746582,-40.786987],[-64.733582,-40.786926],[-64.758606,-40.767883],[-64.769409,-40.77478],[-64.769409,-40.767395],[-64.779175,-40.766907],[-64.790588,-40.781982],[-64.797485,-40.780518],[-64.791992,-40.759094],[-64.800598,-40.748291],[-64.773499,-40.742798],[-64.806274,-40.725525],[-64.822083,-40.730408],[-64.838806,-40.720825],[-64.849792,-40.72229],[-64.847412,-40.715881],[-64.898499,-40.714294],[-64.913818,-40.709717],[-64.957397,-40.710083],[-64.956482,-40.713989],[-64.948914,-40.713196],[-64.951782,-40.719788],[-64.963013,-40.721375],[-64.971497,-40.716003],[-64.964172,-40.723083],[-64.969116,-40.725281],[-64.995911,-40.716919],[-64.96991,-40.727173],[-64.916687,-40.727295],[-64.92218,-40.740479],[-64.952209,-40.743103],[-64.959229,-40.748108],[-64.924377,-40.747803],[-64.899902,-40.760803],[-64.94928,-40.755798],[-65.006897,-40.761169],[-65.038513,-40.775208],[-65.060974,-40.798706],[-65.092712,-40.814575],[-65.113281,-40.832092],[-65.128906,-40.856812],[-65.125183,-40.881287],[-65.149719,-40.908997],[-65.166687,-40.973999],[-65.161499,-40.982483],[-65.165894,-41.002197],[-65.157288,-41.05188],[-65.168396,-41.069214],[-65.151978,-41.106506],[-65.147705,-41.145203],[-65.154297,-41.162781],[-65.138306,-41.207581],[-65.138,-41.229614],[-65.121826,-41.253296],[-65.117126,-41.283691],[-65.098877,-41.321411],[-65.101624,-41.335693],[-65.092712,-41.347107],[-65.088989,-41.368591],[-65.078613,-41.378418],[-65.081909,-41.384827],[-65.073608,-41.392212],[-65.073608,-41.415222],[-65.052917,-41.431824],[-65.054687,-41.443787],[-65.043884,-41.462524],[-65.023376,-41.477722],[-65.000305,-41.486084],[-64.987915,-41.517517],[-64.992187,-41.544189],[-65.001526,-41.547607],[-65.006714,-41.557312],[-64.998901,-41.573608],[-64.986389,-41.576782],[-64.997192,-41.576294],[-65.016479,-41.610291],[-65.026489,-41.611206],[-65.025391,-41.604004],[-65.033508,-41.594482],[-65.03717,-41.598816],[-65.0354,-41.605408],[-65.027588,-41.604797],[-65.028992,-41.613403],[-65.022705,-41.618408],[-65.027222,-41.673218],[-65.023499,-41.693604],[-65.015991,-41.695374],[-65.023376,-41.703796],[-65.020996,-41.733215],[-64.998413,-41.770691],[-65.012695,-41.779724],[-65.015869,-41.832214],[-65.039673,-41.830872],[-65.047302,-41.83728],[-65.049072,-41.863403],[-65.037109,-41.872986],[-65.059326,-41.885681],[-65.056702,-41.900696],[-65.066101,-41.905579],[-65.061523,-41.934204],[-65.074585,-41.965088],[-65.068176,-41.982605],[-65.068525,-42.014782],[-65.042649,-42.060325],[-65.013988,-42.093375],[-64.969302,-42.131244],[-64.905255,-42.169555],[-64.857049,-42.188829],[-64.820813,-42.19861],[-64.800693,-42.195698],[-64.739996,-42.214097],[-64.696835,-42.216227],[-64.614167,-42.230789],[-64.464209,-42.239523],[-64.508555,-42.27701],[-64.543081,-42.293085],[-64.558559,-42.307455],[-64.567243,-42.321166],[-64.569956,-42.346792],[-64.59337,-42.369107],[-64.595368,-42.38484],[-64.61774,-42.39472],[-64.618807,-42.415031],[-64.610098,-42.426381],[-64.585292,-42.426988],[-64.572872,-42.421348],[-64.572015,-42.427808],[-64.557667,-42.43202],[-64.542962,-42.425667],[-64.540285,-42.419278],[-64.528078,-42.42813],[-64.495349,-42.429843],[-64.485569,-42.415459],[-64.485141,-42.431306],[-64.477253,-42.438302],[-64.453255,-42.435297],[-64.438545,-42.439807],[-64.428224,-42.43948],[-64.410051,-42.428921],[-64.384531,-42.429189],[-64.369987,-42.422169],[-64.3517,-42.425684],[-64.301541,-42.403936],[-64.289353,-42.41509],[-64.247337,-42.414882],[-64.215309,-42.422115],[-64.191419,-42.415833],[-64.124248,-42.429664],[-64.099096,-42.403888],[-64.056837,-42.382664],[-64.043036,-42.351302],[-64.045321,-42.341832],[-64.070162,-42.333076],[-64.049651,-42.324224],[-64.044845,-42.31542],[-64.049461,-42.291816],[-64.059026,-42.275302],[-64.089816,-42.253411],[-64.107908,-42.251134],[-64.134915,-42.239326],[-64.14018,-42.243252],[-64.157401,-42.239594],[-64.185003,-42.248458],[-64.207429,-42.242003],[-64.229826,-42.245662],[-64.229588,-42.24123],[-64.246898,-42.234181],[-64.270752,-42.239178],[-64.273281,-42.246465],[-64.290175,-42.244383],[-64.312958,-42.252146],[-64.37875,-42.238345],[-64.143642,-42.196603],[-64.075113,-42.178329],[-64.056601,-42.163433],[-64.039278,-42.163195],[-64.027334,-42.147634],[-63.987549,-42.13745],[-63.964801,-42.114607],[-63.94291,-42.113655],[-63.934963,-42.103281],[-63.876143,-42.08415],[-63.80157,-42.072157],[-63.759454,-42.076107],[-63.735897,-42.103376],[-63.684882,-42.207263],[-63.616781,-42.28845],[-63.598555,-42.330234],[-63.608739,-42.418559],[-63.60536,-42.492608],[-63.599031,-42.505885],[-63.604123,-42.547193],[-63.590036,-42.570654],[-63.582803,-42.607346],[-63.60517,-42.629284],[-63.622254,-42.676064],[-63.639815,-42.699764],[-63.629964,-42.764628],[-63.653377,-42.778096],[-63.662419,-42.777763],[-63.678755,-42.792754],[-63.700491,-42.796418],[-63.732851,-42.812788],[-63.750555,-42.809743],[-63.790482,-42.814073],[-63.811421,-42.823401],[-63.90698,-42.836678],[-63.918723,-42.843674],[-63.950477,-42.843959],[-64.106979,-42.878474],[-64.145191,-42.87379],[-64.239932,-42.785734],[-64.260038,-42.746995],[-64.245248,-42.712468],[-64.249406,-42.683045],[-64.211194,-42.630833],[-64.213825,-42.621938],[-64.230036,-42.614253],[-64.273407,-42.617727],[-64.256827,-42.596515],[-64.259564,-42.589673],[-64.28246,-42.573251],[-64.308963,-42.585945],[-64.310462,-42.555773],[-64.339896,-42.532835],[-64.36143,-42.533953],[-64.402452,-42.516726],[-64.464604,-42.503925],[-64.499225,-42.499404],[-64.51481,-42.50195],[-64.564089,-42.491147],[-64.629167,-42.496334],[-64.684133,-42.512039],[-64.762393,-42.552489],[-64.833611,-42.610548],[-64.860784,-42.618924],[-64.882586,-42.613246],[-64.92316,-42.616843],[-64.979796,-42.649137],[-64.989376,-42.66063],[-64.995529,-42.69775],[-65.017911,-42.711051],[-65.036071,-42.730562],[-65.03538,-42.761239],[-65.015345,-42.781703],[-65.005399,-42.784582],[-64.999283,-42.779847],[-64.967589,-42.793909],[-64.95336,-42.785391],[-64.91555,-42.811589],[-64.89097,-42.812683],[-64.877431,-42.834646],[-64.811592,-42.840214],[-64.777613,-42.857798],[-64.702303,-42.88333],[-64.693237,-42.899843],[-64.629135,-42.919378],[-64.568434,-42.924637],[-64.542784,-42.919973],[-64.523582,-42.92497],[-64.493981,-42.948265],[-64.433257,-42.950645],[-64.396822,-42.959591],[-64.368239,-42.953078],[-64.330316,-42.935916],[-64.307681,-42.979162],[-64.330584,-43.002749],[-64.413091,-43.03389],[-64.458955,-43.064466],[-64.672334,-43.122703],[-64.757608,-43.150603],[-64.879733,-43.202653],[-64.97634,-43.254972],[-65.050293,-43.328276],[-65.055781,-43.351544],[-65.043486,-43.381516],[-65.052579,-43.402579],[-65.145196,-43.47333],[-65.191744,-43.529009],[-65.194005,-43.539865],[-65.250666,-43.568478],[-65.285644,-43.597597],[-65.332906,-43.6575],[-65.351181,-43.71965],[-65.354619,-43.764467],[-65.349277,-43.776138],[-65.322377,-43.782337],[-65.311194,-43.795579],[-65.322901,-43.807559],[-65.328576,-43.845666],[-65.316357,-43.862061],[-65.299421,-43.933439],[-65.276829,-43.966632],[-65.231143,-43.9727],[-65.232999,-43.979624],[-65.236925,-43.976947],[-65.251987,-43.981908],[-65.257305,-43.991831],[-65.246526,-44.008427],[-65.253153,-44.013148],[-65.251582,-44.027639],[-65.224778,-44.045342],[-65.187944,-44.035456],[-65.209359,-44.041488],[-65.217604,-44.057763],[-65.235949,-44.068471],[-65.241125,-44.077822],[-65.233594,-44.116797],[-65.215948,-44.125768],[-65.220402,-44.13679],[-65.233042,-44.145756],[-65.26822,-44.144252],[-65.287693,-44.154759],[-65.305111,-44.178002],[-65.311773,-44.204271],[-65.302574,-44.244532],[-65.288179,-44.263377],[-65.270198,-44.271708],[-65.274883,-44.281586],[-65.270779,-44.298807],[-65.263432,-44.306838],[-65.253006,-44.308292],[-65.261291,-44.31472],[-65.258822,-44.327301],[-65.24511,-44.338009],[-65.227413,-44.334112],[-65.223874,-44.360287],[-65.216735,-44.366741],[-65.231518,-44.370935],[-65.236187,-44.386877],[-65.262034,-44.388334],[-65.26947,-44.406389],[-65.285323,-44.409898],[-65.286067,-44.415639],[-65.277193,-44.420031],[-65.292313,-44.422004],[-65.283832,-44.430358],[-65.299346,-44.430049],[-65.301117,-44.423967],[-65.311705,-44.426911],[-65.30885,-44.442497],[-65.334459,-44.456],[-65.327469,-44.465875],[-65.31114,-44.467362],[-65.323395,-44.485119],[-65.320837,-44.49074],[-65.311981,-44.494794],[-65.297752,-44.489464],[-65.284282,-44.493804],[-65.290707,-44.503352],[-65.28797,-44.509865],[-65.278334,-44.511769],[-65.279285,-44.51742],[-65.287078,-44.513137],[-65.293354,-44.517301],[-65.30079,-44.510193],[-65.303437,-44.516409],[-65.307452,-44.512929],[-65.313133,-44.51626],[-65.316286,-44.531191],[-65.323246,-44.52789],[-65.317595,-44.515874],[-65.3239,-44.508854],[-65.352602,-44.508111],[-65.357986,-44.516141],[-65.359533,-44.51168],[-65.36789,-44.511501],[-65.377468,-44.524172],[-65.372322,-44.533363],[-65.361377,-44.533035],[-65.359414,-44.537378],[-65.367623,-44.542286],[-65.388175,-44.542999],[-65.394481,-44.555343],[-65.382167,-44.567478],[-65.374077,-44.565991],[-65.358216,-44.573777],[-65.369758,-44.582082],[-65.366338,-44.587347],[-65.372911,-44.587168],[-65.376272,-44.575211],[-65.38927,-44.579941],[-65.395978,-44.592836],[-65.412797,-44.573962],[-65.423235,-44.574419],[-65.426776,-44.569649],[-65.461635,-44.575776],[-65.470975,-44.584759],[-65.46339,-44.600225],[-65.476596,-44.598946],[-65.482634,-44.60549],[-65.497952,-44.602992],[-65.520973,-44.609327],[-65.548843,-44.62292],[-65.576147,-44.64832],[-65.58504,-44.642015],[-65.595569,-44.642372],[-65.63837,-44.665869],[-65.664336,-44.686421],[-65.692978,-44.725028],[-65.702615,-44.80132],[-65.714721,-44.802301],[-65.7287,-44.811581],[-65.727986,-44.827107],[-65.719242,-44.838588],[-65.726172,-44.839302],[-65.728849,-44.848403],[-65.704668,-44.875261],[-65.689885,-44.873417],[-65.686851,-44.880645],[-65.674686,-44.879366],[-65.663086,-44.890936],[-65.628438,-44.883841],[-65.623369,-44.891145],[-65.621216,-44.885732],[-65.601919,-44.89964],[-65.604881,-44.908896],[-65.591673,-44.90328],[-65.592508,-44.897237],[-65.572889,-44.895607],[-65.574305,-44.910681],[-65.568166,-44.912573],[-65.568428,-44.902436],[-65.560861,-44.903578],[-65.556269,-44.91312],[-65.543764,-44.910407],[-65.519815,-44.92974],[-65.540386,-44.928087],[-65.536388,-44.937569],[-65.544609,-44.93808],[-65.541623,-44.941376],[-65.553215,-44.939299],[-65.549051,-44.943849],[-65.558517,-44.94905],[-65.551867,-44.950061],[-65.569784,-44.953154],[-65.570902,-44.96078],[-65.59453,-44.957366],[-65.591235,-44.964183],[-65.600729,-44.967288],[-65.593697,-44.972238],[-65.604322,-44.972202],[-65.605785,-44.981862],[-65.599563,-44.989025],[-65.589367,-44.990393],[-65.592996,-44.994557],[-65.58487,-44.99878],[-65.58431,-45.006668],[-65.605619,-45.006561],[-65.613578,-44.999875],[-65.625606,-45.009345],[-65.602256,-45.027151],[-65.621673,-45.037335],[-65.636354,-45.03555],[-65.645586,-45.050922],[-65.653677,-45.039286],[-65.660434,-45.044449],[-65.682159,-45.040214],[-65.681302,-45.028864],[-65.68549,-45.040095],[-65.697816,-45.045925],[-65.685109,-45.057084],[-65.68994,-45.06201],[-65.702265,-45.052064],[-65.701361,-45.045092],[-65.736863,-45.04019],[-65.733032,-45.027722],[-65.740455,-45.023962],[-65.768842,-45.02056],[-65.772197,-45.024034],[-65.775457,-45.019489],[-65.778003,-45.026461],[-65.783619,-45.024652],[-65.788473,-45.030125],[-65.809412,-45.015422],[-65.815623,-45.024667],[-65.802881,-45.031162],[-65.818871,-45.040371],[-65.828722,-45.039122],[-65.83354,-45.034339],[-65.824296,-45.027022],[-65.823189,-45.016065],[-65.846532,-45.002074],[-65.875335,-45.002502],[-65.891646,-45.007998],[-65.894502,-45.022846],[-65.885971,-45.029164],[-65.886864,-45.038836],[-65.913883,-45.032019],[-65.934441,-45.049437],[-65.94597,-45.042691],[-65.958069,-45.043797],[-65.990597,-45.014109],[-66.005231,-45.005472],[-66.016831,-45.004936],[-66.019686,-44.998869],[-66.020864,-45.003009],[-66.042386,-45.000439],[-66.060482,-45.00408],[-66.05884,-44.995585],[-66.069762,-44.997155],[-66.072546,-44.989767],[-66.083075,-44.989981],[-66.085966,-44.996977],[-66.094925,-44.988589],[-66.105709,-44.992362],[-66.118945,-44.985234],[-66.141003,-44.990445],[-66.147463,-44.986698],[-66.144608,-44.990981],[-66.152067,-44.990588],[-66.150747,-44.994122],[-66.162275,-44.983021],[-66.17127,-44.98759],[-66.17309,-44.998155],[-66.177658,-44.987519],[-66.194612,-44.982201],[-66.209139,-44.99455],[-66.208925,-45.002759],[-66.230197,-45.007006],[-66.2257,-45.0281],[-66.246401,-45.020926],[-66.261998,-45.031491],[-66.269458,-45.046803],[-66.283699,-45.04873],[-66.278809,-45.059402],[-66.284092,-45.053049],[-66.290272,-45.057278],[-66.276234,-45.065339],[-66.295448,-45.058171],[-66.285543,-45.052639],[-66.293942,-45.045926],[-66.307564,-45.050923],[-66.315267,-45.045093],[-66.326064,-45.052023],[-66.328265,-45.043368],[-66.359198,-45.039739],[-66.374605,-45.051548],[-66.363273,-45.061601],[-66.398519,-45.053124],[-66.426596,-45.071089],[-66.465263,-45.076681],[-66.493638,-45.098542],[-66.517135,-45.096936],[-66.534594,-45.11728],[-66.533018,-45.142383],[-66.522608,-45.149522],[-66.502828,-45.144346],[-66.4887,-45.148213],[-66.465055,-45.14399],[-66.459017,-45.147261],[-66.468713,-45.152377],[-66.473174,-45.165881],[-66.493192,-45.158831],[-66.490604,-45.166713],[-66.506338,-45.16475],[-66.50732,-45.156779],[-66.517105,-45.151544],[-66.540275,-45.152913],[-66.547384,-45.136673],[-66.567847,-45.143573],[-66.599702,-45.139409],[-66.601933,-45.14854],[-66.590601,-45.158088],[-66.584384,-45.156987],[-66.599167,-45.161687],[-66.594467,-45.171621],[-66.588221,-45.175131],[-66.581797,-45.166832],[-66.57445,-45.168141],[-66.561274,-45.180098],[-66.536498,-45.175161],[-66.540483,-45.181288],[-66.534237,-45.180901],[-66.52121,-45.196754],[-66.514101,-45.196784],[-66.524987,-45.205558],[-66.518652,-45.222898],[-66.533315,-45.220222],[-66.542893,-45.225099],[-66.553273,-45.220192],[-66.552024,-45.214094],[-66.571238,-45.211566],[-66.630933,-45.215582],[-66.662014,-45.211418],[-66.705321,-45.224326],[-66.750691,-45.223089],[-66.780172,-45.23194],[-66.795627,-45.227764],[-66.82004,-45.234867],[-66.841313,-45.230013],[-66.888961,-45.241684],[-66.964022,-45.272986],[-67.063995,-45.346155],[-67.074167,-45.365178],[-67.138198,-45.422107],[-67.221539,-45.527077],[-67.281572,-45.566552],[-67.345068,-45.623017],[-67.359957,-45.650425],[-67.362027,-45.695754],[-67.35596,-45.710388],[-67.344253,-45.713457],[-67.34223,-45.723159],[-67.361653,-45.723784],[-67.379112,-45.735651],[-67.376911,-45.748739],[-67.368137,-45.754717],[-67.373788,-45.766822],[-67.365251,-45.778333],[-67.368553,-45.787256],[-67.37697,-45.79148],[-67.39788,-45.787524],[-67.426523,-45.810694],[-67.454749,-45.819468],[-67.475777,-45.853762],[-67.472833,-45.861079],[-67.456415,-45.861436],[-67.477294,-45.864053],[-67.499096,-45.874761],[-67.514295,-45.894867],[-67.552069,-45.925681],[-67.555668,-45.945133],[-67.547994,-45.954056],[-67.531219,-45.958964],[-67.565186,-45.962593],[-67.572562,-45.976572],[-67.582496,-45.978119],[-67.585471,-45.987161],[-67.592698,-45.988053],[-67.595646,-46.000823]],[[-60.259537,-33.26185],[-60.254211,-33.264709],[-60.263186,-33.259892],[-60.259537,-33.26185]],[[-58.109684,-32.967594],[-58.101409,-32.953717],[-58.112485,-32.931158],[-58.115014,-32.97455],[-58.109684,-32.967594]],[[-58.110414,-32.976253],[-58.11339,-32.990447],[-58.108903,-32.995186],[-58.107656,-33.001667],[-58.11455,-33.024698],[-58.096907,-33.012641],[-58.087384,-32.996769],[-58.088696,-32.95837],[-58.099593,-32.951533],[-58.110414,-32.976253]],[[-58.111848,-33.015308],[-58.108258,-32.99998],[-58.10948,-32.995092],[-58.11574,-32.990354],[-58.122848,-32.998529],[-58.128755,-33.025391],[-58.118264,-33.027428],[-58.111848,-33.015308]],[[-58.12983,-33.02886],[-58.133199,-33.034628],[-58.125204,-33.029287],[-58.12983,-33.02886]],[[-58.112739,-32.984474],[-58.111976,-32.971667],[-58.116938,-32.990352],[-58.112739,-32.984474]],[[-57.958087,-27.278172],[-57.939427,-27.277289],[-57.944874,-27.286171],[-57.923928,-27.275242],[-57.946226,-27.272756],[-57.958087,-27.278172]],[[-57.917728,-27.276162],[-57.913743,-27.273122],[-57.921713,-27.272464],[-57.917728,-27.276162]],[[-57.909473,-27.274282],[-57.912551,-27.277066],[-57.896055,-27.278387],[-57.893459,-27.286213],[-57.862389,-27.294362],[-57.883917,-27.279243],[-57.909473,-27.274282]],[[-57.902866,-27.288211],[-57.894336,-27.28631],[-57.896871,-27.27861],[-57.90968,-27.277637],[-57.918386,-27.282459],[-57.910907,-27.284458],[-57.91544,-27.293329],[-57.902866,-27.288211]],[[-57.927876,-27.268699],[-57.921479,-27.266981],[-57.943814,-27.270051],[-57.927876,-27.268699]],[[-66.157204,-47.81181],[-66.144249,-47.810463],[-66.157379,-47.816288],[-66.157204,-47.81181]],[[-66.072044,-47.781662],[-66.080063,-47.782879],[-66.065529,-47.776398],[-66.065414,-47.781864],[-66.072044,-47.781662]],[[-66.395096,-45.189453],[-66.408218,-45.193752],[-66.402061,-45.189266],[-66.409302,-45.183792],[-66.395096,-45.189453]],[[-66.493874,-45.182106],[-66.504333,-45.176567],[-66.492813,-45.178394],[-66.493874,-45.182106]],[[-66.403458,-45.088909],[-66.409958,-45.091389],[-66.409363,-45.08593],[-66.403458,-45.088909]],[[-66.33886,-45.057404],[-66.34317,-45.052097],[-66.333572,-45.058716],[-66.33886,-45.057404]],[[-65.711555,-47.914684],[-65.726059,-47.91148],[-65.716263,-47.905289],[-65.711555,-47.914684]],[[-66.005707,-47.771812],[-66.004379,-47.766987],[-66.007133,-47.773369],[-66.022102,-47.772255],[-66.04644,-47.788204],[-66.05481,-47.786423],[-66.05201,-47.776733],[-66.03894,-47.76757],[-65.990952,-47.760529],[-65.98996,-47.765575],[-66.005707,-47.771812]],[[-65.93956,-47.763752],[-65.947609,-47.759689],[-65.934433,-47.759941],[-65.93956,-47.763752]],[[-65.944435,-45.110096],[-65.945442,-45.118816],[-65.954964,-45.118862],[-65.953285,-45.1091],[-65.963684,-45.103725],[-65.944435,-45.110096]],[[-65.989296,-45.088478],[-65.98185,-45.094101],[-65.987015,-45.102444],[-65.965012,-45.106953],[-65.966599,-45.110718],[-66.007835,-45.104248],[-66.019753,-45.086407],[-66.010681,-45.079376],[-66.003983,-45.086788],[-65.989296,-45.088478]],[[-65.578979,-45.063557],[-65.592674,-45.060566],[-65.590775,-45.056377],[-65.577301,-45.059452],[-65.578979,-45.063557]],[[-65.705475,-45.057518],[-65.722649,-45.054562],[-65.720535,-45.049198],[-65.705475,-45.057518]],[[-65.592491,-45.043354],[-65.584778,-45.047039],[-65.588722,-45.054085],[-65.616631,-45.060024],[-65.622574,-45.044594],[-65.592491,-45.043354]],[[-65.86602,-45.039413],[-65.872833,-45.030304],[-65.86116,-45.03941],[-65.86602,-45.039413]],[[-65.658745,-44.774769],[-65.669388,-44.768848],[-65.652908,-44.774826],[-65.658745,-44.774769]],[[-65.235069,-44.277798],[-65.230507,-44.27544],[-65.238075,-44.281895],[-65.235069,-44.277798]],[[-64.76548,-40.779694],[-64.755356,-40.774391],[-64.767555,-40.783531],[-64.76548,-40.779694]],[[-64.155543,-54.854572],[-64.163039,-54.855822],[-64.15126,-54.845887],[-64.155543,-54.854572]],[[-64.327206,-54.842868],[-64.330966,-54.848103],[-64.331679,-54.842392],[-64.320591,-54.842868],[-64.327206,-54.842868]],[[-64.309594,-54.73662],[-64.278661,-54.728958],[-64.24235,-54.745234],[-64.22498,-54.743949],[-64.224599,-54.732908],[-64.216319,-54.73386],[-64.204469,-54.740998],[-64.182435,-54.742949],[-64.16064,-54.755084],[-64.164256,-54.764079],[-64.138511,-54.770408],[-64.145411,-54.745091],[-64.164923,-54.740189],[-64.151978,-54.740332],[-64.149504,-54.730338],[-64.140985,-54.733146],[-64.125265,-54.728104],[-64.129131,-54.734588],[-64.109441,-54.737979],[-64.10611,-54.749698],[-64.126454,-54.75755],[-64.108846,-54.75642],[-64.10843,-54.764331],[-64.105099,-54.757074],[-64.083208,-54.751839],[-64.072917,-54.728402],[-64.047278,-54.730365],[-64.049836,-54.742083],[-64.035321,-54.742559],[-64.0355,-54.752732],[-64.030324,-54.751363],[-64.050966,-54.774087],[-64.042578,-54.778132],[-64.028718,-54.76915],[-64.024257,-54.752494],[-64.007481,-54.742202],[-63.992372,-54.745177],[-63.989873,-54.735659],[-63.965305,-54.734588],[-63.958048,-54.741251],[-63.939191,-54.725665],[-63.920631,-54.722096],[-63.923308,-54.726022],[-63.915932,-54.725963],[-63.897788,-54.717218],[-63.876314,-54.716802],[-63.878396,-54.730662],[-63.854839,-54.731733],[-63.865784,-54.736135],[-63.864595,-54.743154],[-63.888092,-54.751185],[-63.878753,-54.75523],[-63.855969,-54.74946],[-63.842823,-54.728342],[-63.830985,-54.728758],[-63.825928,-54.720609],[-63.80832,-54.719598],[-63.80493,-54.729056],[-63.795888,-54.727152],[-63.810284,-54.736849],[-63.80148,-54.751006],[-63.829022,-54.760584],[-63.824977,-54.765283],[-63.847344,-54.780333],[-63.845678,-54.789197],[-63.88601,-54.793242],[-63.876789,-54.787829],[-63.882798,-54.779679],[-63.886545,-54.786758],[-63.912838,-54.790149],[-63.908139,-54.7958],[-63.953408,-54.813348],[-63.956739,-54.800559],[-63.94508,-54.795919],[-63.952516,-54.791993],[-63.967506,-54.793658],[-63.954895,-54.76683],[-63.985114,-54.775455],[-63.991361,-54.786698],[-64.010337,-54.792588],[-64.022948,-54.7911],[-64.033834,-54.798298],[-64.034488,-54.807995],[-64.035024,-54.802046],[-64.053643,-54.799547],[-64.061674,-54.788542],[-64.05513,-54.779798],[-64.061198,-54.779738],[-64.067979,-54.789673],[-64.084576,-54.790803],[-64.071132,-54.794967],[-64.075237,-54.808054],[-64.100935,-54.816501],[-64.109858,-54.833276],[-64.120625,-54.81436],[-64.148167,-54.830064],[-64.150546,-54.825543],[-64.172319,-54.823283],[-64.179635,-54.838928],[-64.189927,-54.838154],[-64.200575,-54.828398],[-64.21453,-54.855251],[-64.222573,-54.857868],[-64.230758,-54.847779],[-64.223715,-54.841973],[-64.231282,-54.837643],[-64.239134,-54.840355],[-64.231091,-54.835501],[-64.237896,-54.824222],[-64.227474,-54.820796],[-64.234422,-54.814372],[-64.233942,-54.782344],[-64.243926,-54.784324],[-64.263647,-54.80454],[-64.270157,-54.790572],[-64.278247,-54.796426],[-64.304897,-54.787693],[-64.310941,-54.792452],[-64.301209,-54.793999],[-64.299091,-54.806443],[-64.313368,-54.808775],[-64.324599,-54.824979],[-64.357103,-54.835116],[-64.361433,-54.829429],[-64.374163,-54.834426],[-64.394422,-54.827335],[-64.390377,-54.833759],[-64.394565,-54.840374],[-64.40689,-54.841516],[-64.399467,-54.84894],[-64.406224,-54.855222],[-64.425641,-54.865073],[-64.438632,-54.865691],[-64.448626,-54.8754],[-64.448626,-54.864644],[-64.472897,-54.868023],[-64.481701,-54.875019],[-64.492408,-54.868547],[-64.489172,-54.860457],[-64.501307,-54.862313],[-64.478179,-54.851653],[-64.485936,-54.847655],[-64.474943,-54.842563],[-64.445009,-54.839993],[-64.455907,-54.833664],[-64.471469,-54.835187],[-64.458096,-54.825859],[-64.466139,-54.823432],[-64.476799,-54.8369],[-64.496453,-54.83809],[-64.491575,-54.841421],[-64.518225,-54.854627],[-64.526673,-54.867833],[-64.515608,-54.870212],[-64.526554,-54.87164],[-64.539046,-54.888415],[-64.566267,-54.882771],[-64.573358,-54.897191],[-64.583922,-54.895525],[-64.581733,-54.901426],[-64.588729,-54.900284],[-64.588158,-54.905138],[-64.606147,-54.910849],[-64.620958,-54.902946],[-64.652795,-54.914939],[-64.674353,-54.909513],[-64.704239,-54.915462],[-64.702907,-54.906753],[-64.654009,-54.897545],[-64.643634,-54.888431],[-64.6522,-54.88046],[-64.659954,-54.882578],[-64.658149,-54.876177],[-64.67634,-54.87155],[-64.671938,-54.867327],[-64.683716,-54.858106],[-64.664383,-54.850551],[-64.675983,-54.843353],[-64.739036,-54.859163],[-64.739436,-54.855222],[-64.74863,-54.856479],[-64.738042,-54.853116],[-64.744233,-54.850882],[-64.738237,-54.844143],[-64.756568,-54.836491],[-64.740806,-54.831751],[-64.746346,-54.826155],[-64.73521,-54.813648],[-64.724931,-54.81165],[-64.737837,-54.804511],[-64.718306,-54.800285],[-64.708827,-54.789606],[-64.710483,-54.796174],[-64.697348,-54.806053],[-64.674277,-54.799943],[-64.695406,-54.78281],[-64.656574,-54.783953],[-64.647893,-54.776814],[-64.639613,-54.797144],[-64.626764,-54.805248],[-64.612487,-54.805248],[-64.586504,-54.82081],[-64.566516,-54.8141],[-64.556867,-54.795916],[-64.533549,-54.797522],[-64.528552,-54.804482],[-64.51142,-54.798058],[-64.520819,-54.796273],[-64.516179,-54.789254],[-64.526743,-54.788302],[-64.521461,-54.773121],[-64.541496,-54.768552],[-64.540782,-54.741855],[-64.549206,-54.72991],[-64.54378,-54.725198],[-64.526363,-54.729719],[-64.489909,-54.763746],[-64.467638,-54.766458],[-64.432231,-54.761033],[-64.439227,-54.764174],[-64.432326,-54.768172],[-64.42752,-54.764697],[-64.431327,-54.768552],[-64.411673,-54.774548],[-64.412434,-54.782734],[-64.404915,-54.780735],[-64.412101,-54.773787],[-64.403154,-54.764412],[-64.421524,-54.754894],[-64.3914,-54.749136],[-64.385927,-54.766696],[-64.395397,-54.782496],[-64.379836,-54.779403],[-64.366606,-54.784828],[-64.370413,-54.811383],[-64.360372,-54.805577],[-64.357611,-54.785113],[-64.364559,-54.784304],[-64.359705,-54.777594],[-64.376314,-54.7528],[-64.349426,-54.740617],[-64.33848,-54.702879],[-64.33829,-54.729577],[-64.309594,-54.73662]],[[-64.2366,-54.698242],[-64.236695,-54.705047],[-64.248307,-54.704334],[-64.239218,-54.694768],[-64.2366,-54.698242]],[[-64.252892,-54.695536],[-64.256271,-54.698249],[-64.249847,-54.690158],[-64.252892,-54.695536]],[[-64.254225,-54.674264],[-64.247467,-54.676072],[-64.26103,-54.688112],[-64.27169,-54.679261],[-64.261316,-54.672788],[-64.254225,-54.674264]],[[-64.123503,-54.648399],[-64.122195,-54.652325],[-64.109346,-54.651671],[-64.139684,-54.668803],[-64.162407,-54.650659],[-64.140279,-54.6459],[-64.123503,-54.648399]],[[-60.909613,-52.170636],[-60.940027,-52.169106],[-60.922361,-52.16186],[-60.909613,-52.170636]],[[-60.95133,-52.016637],[-60.956548,-52.02263],[-60.975858,-52.022672],[-60.965417,-52.010843],[-60.962308,-52.019312],[-60.95133,-52.016637]],[[-60.998784,-52.02088],[-61.005046,-52.012057],[-60.995886,-52.004621],[-60.997789,-52.011045],[-60.988569,-52.017351],[-60.994815,-52.024192],[-60.998784,-52.02088]],[[-61.094395,-52.006881],[-61.104508,-52.004026],[-61.090575,-52.002877],[-61.094395,-52.006881]],[[-60.857972,-51.971788],[-60.867825,-51.982664],[-60.857747,-51.980047],[-60.86345,-51.989706],[-60.854047,-51.994215],[-60.872659,-51.99431],[-60.871167,-52.00044],[-60.859677,-52.000406],[-60.86561,-52.006167],[-60.847467,-52.00361],[-60.852791,-52.013875],[-60.890225,-52.004087],[-60.893308,-52.008173],[-60.905637,-52.007742],[-60.926793,-51.994211],[-60.936887,-51.99986],[-60.950635,-51.99679],[-60.922721,-51.985744],[-60.917344,-51.991724],[-60.908802,-51.989908],[-60.904102,-51.979498],[-60.884992,-51.984563],[-60.888874,-51.974858],[-60.881319,-51.972419],[-60.880994,-51.962347],[-60.857972,-51.971788]],[[-60.96731,-51.98581],[-60.973463,-51.983484],[-60.961685,-51.98158],[-60.96731,-51.98581]],[[-61.154469,-51.897794],[-61.147504,-51.894765],[-61.159098,-51.908449],[-61.165701,-51.906426],[-61.18023,-51.913709],[-61.193094,-51.908449],[-61.165875,-51.891246],[-61.16562,-51.905626],[-61.154469,-51.897794]],[[-61.163838,-51.876871],[-61.195691,-51.905298],[-61.215489,-51.911135],[-61.216026,-51.905296],[-61.187184,-51.880029],[-61.18924,-51.875002],[-61.181687,-51.876867],[-61.175973,-51.872514],[-61.163838,-51.876871]],[[-60.875482,-51.763906],[-60.863344,-51.764937],[-60.865449,-51.780443],[-60.857076,-51.791666],[-60.866908,-51.799317],[-60.860662,-51.805504],[-60.865302,-51.813594],[-60.881863,-51.822034],[-60.87534,-51.830129],[-60.884843,-51.845579],[-60.880242,-51.859518],[-60.88775,-51.865541],[-60.881192,-51.876695],[-60.896762,-51.878765],[-60.89819,-51.883643],[-60.8901,-51.885963],[-60.884759,-51.881437],[-60.871884,-51.890142],[-60.915574,-51.896158],[-60.908681,-51.899572],[-60.910378,-51.910802],[-60.897714,-51.904642],[-60.890897,-51.910787],[-60.870534,-51.90101],[-60.870931,-51.917173],[-60.888234,-51.921243],[-60.890897,-51.937387],[-60.925851,-51.936876],[-60.922742,-51.942648],[-60.894357,-51.94922],[-60.898763,-51.952661],[-60.915126,-51.958372],[-60.937611,-51.955976],[-60.94938,-51.964128],[-60.966979,-51.964567],[-60.960259,-51.967607],[-60.975974,-51.98431],[-61.002082,-51.98925],[-61.013154,-51.974855],[-61.024239,-51.97476],[-61.032166,-51.965139],[-61.057721,-51.966447],[-61.037911,-51.958189],[-61.04139,-51.95215],[-61.058499,-51.947313],[-61.059476,-51.941846],[-61.074134,-51.941974],[-61.038661,-51.925306],[-61.068904,-51.935066],[-61.079825,-51.930184],[-61.073377,-51.91874],[-61.079267,-51.91529],[-61.098836,-51.931398],[-61.110282,-51.923105],[-61.100922,-51.918592],[-61.10719,-51.913313],[-61.101045,-51.901029],[-61.117024,-51.910143],[-61.137444,-51.904166],[-61.118863,-51.881189],[-61.120664,-51.877195],[-61.136666,-51.881071],[-61.134057,-51.859262],[-61.112706,-51.85246],[-61.100816,-51.859426],[-61.093484,-51.848249],[-61.136441,-51.852182],[-61.127446,-51.841306],[-61.160962,-51.852563],[-61.166184,-51.830721],[-61.151544,-51.838064],[-61.132443,-51.825903],[-61.132992,-51.819245],[-61.142053,-51.819074],[-61.112588,-51.818888],[-61.101262,-51.809126],[-61.093774,-51.816759],[-61.117644,-51.836853],[-61.092904,-51.824121],[-61.038161,-51.845155],[-61.054032,-51.838159],[-61.047093,-51.830786],[-61.057741,-51.833343],[-61.063562,-51.825406],[-61.05322,-51.811796],[-61.033471,-51.81526],[-61.044595,-51.803303],[-61.033054,-51.795867],[-61.038758,-51.784361],[-61.022534,-51.778452],[-61.001832,-51.786279],[-60.97757,-51.778497],[-60.97392,-51.781286],[-60.983605,-51.7852],[-60.975011,-51.795889],[-60.988737,-51.805444],[-60.975022,-51.799177],[-60.965615,-51.803281],[-60.951192,-51.79873],[-60.940434,-51.802229],[-60.942368,-51.809751],[-60.933652,-51.813059],[-60.942754,-51.813296],[-60.942218,-51.820078],[-60.963262,-51.815607],[-60.962182,-51.827428],[-60.983537,-51.833223],[-61.003018,-51.849645],[-61.018709,-51.850331],[-61.033343,-51.858004],[-61.029141,-51.872102],[-61.0522,-51.889235],[-61.023015,-51.872787],[-61.012701,-51.874482],[-61.013058,-51.870021],[-60.992059,-51.872162],[-60.989373,-51.864843],[-60.984334,-51.873224],[-60.967317,-51.860014],[-60.954232,-51.865537],[-60.947504,-51.862347],[-60.954207,-51.854068],[-60.947999,-51.840398],[-60.934655,-51.851104],[-60.926743,-51.843311],[-60.931168,-51.838892],[-60.918534,-51.831426],[-60.913361,-51.840669],[-60.906674,-51.83827],[-60.911991,-51.846999],[-60.902886,-51.849798],[-60.903306,-51.857231],[-60.897,-51.837125],[-60.899685,-51.830548],[-60.907388,-51.836801],[-60.90577,-51.830085],[-60.876503,-51.811491],[-60.875474,-51.805444],[-60.881083,-51.801414],[-60.89219,-51.810917],[-60.914874,-51.775863],[-60.909322,-51.771656],[-60.894325,-51.776263],[-60.890993,-51.769933],[-60.899991,-51.76222],[-60.875482,-51.763906]],[[-61.212804,-51.874123],[-61.215003,-51.869201],[-61.201841,-51.869183],[-61.212804,-51.874123]],[[-61.160165,-51.868646],[-61.166333,-51.863062],[-61.154969,-51.869375],[-61.160165,-51.868646]],[[-60.982823,-51.855497],[-60.976003,-51.852647],[-60.986945,-51.863412],[-60.982823,-51.855497]],[[-61.185748,-51.852115],[-61.175462,-51.849961],[-61.167684,-51.854916],[-61.206183,-51.866246],[-61.196488,-51.861268],[-61.191108,-51.843909],[-61.183713,-51.846032],[-61.185748,-51.852115]],[[-61.217037,-51.835044],[-61.2103,-51.840083],[-61.219009,-51.83871],[-61.217037,-51.835044]],[[-61.222707,-51.800386],[-61.21143,-51.819166],[-61.195686,-51.822458],[-61.210919,-51.830012],[-61.222073,-51.822457],[-61.239461,-51.821038],[-61.253537,-51.831754],[-61.255936,-51.838784],[-61.238709,-51.835882],[-61.229306,-51.84202],[-61.264681,-51.861507],[-61.24574,-51.855188],[-61.236068,-51.862043],[-61.23994,-51.853483],[-61.229251,-51.848396],[-61.2217,-51.850839],[-61.223452,-51.846687],[-61.204644,-51.849847],[-61.207368,-51.859975],[-61.223744,-51.859537],[-61.219693,-51.867315],[-61.23066,-51.868771],[-61.240083,-51.878835],[-61.299573,-51.86018],[-61.320445,-51.838747],[-61.345631,-51.837043],[-61.344998,-51.824335],[-61.334116,-51.824658],[-61.327947,-51.819417],[-61.313035,-51.821516],[-61.308175,-51.817999],[-61.297531,-51.830726],[-61.313691,-51.806894],[-61.307664,-51.800382],[-61.267499,-51.831602],[-61.257474,-51.828828],[-61.255814,-51.820932],[-61.265778,-51.808508],[-61.238574,-51.814386],[-61.240277,-51.796106],[-61.222707,-51.800386]],[[-61.313349,-51.813435],[-61.317053,-51.819325],[-61.326639,-51.807923],[-61.320196,-51.806023],[-61.313349,-51.813435]],[[-61.069035,-51.809397],[-61.053563,-51.79928],[-61.061379,-51.810377],[-61.069035,-51.809397]],[[-61.201081,-51.804168],[-61.19056,-51.802947],[-61.191285,-51.8091],[-61.2025,-51.805133],[-61.203687,-51.797351],[-61.201081,-51.804168]],[[-61.10864,-51.799658],[-61.125939,-51.808989],[-61.121087,-51.792807],[-61.117268,-51.799415],[-61.10864,-51.799658]],[[-61.082299,-51.800641],[-61.08651,-51.803578],[-61.089329,-51.797473],[-61.077664,-51.795277],[-61.082299,-51.800641]],[[-61.139607,-51.782983],[-61.139405,-51.797077],[-61.147387,-51.792],[-61.163812,-51.793905],[-61.157229,-51.792184],[-61.161546,-51.784841],[-61.139607,-51.782983]],[[-61.100312,-51.794103],[-61.108245,-51.779746],[-61.090936,-51.788282],[-61.100312,-51.794103]],[[-61.04287,-51.781709],[-61.066804,-51.794844],[-61.075839,-51.786856],[-61.06952,-51.780634],[-61.035612,-51.777307],[-61.04287,-51.781709]],[[-61.294492,-51.781179],[-61.301442,-51.777792],[-61.287129,-51.784639],[-61.294492,-51.781179]],[[-61.074326,-51.780103],[-61.08466,-51.783929],[-61.090875,-51.779687],[-61.084752,-51.773775],[-61.074326,-51.780103]],[[-61.264594,-51.739653],[-61.257305,-51.73445],[-61.254317,-51.743657],[-61.264594,-51.739653]],[[-61.254073,-51.687699],[-61.22518,-51.696122],[-61.218852,-51.688443],[-61.211818,-51.689855],[-61.212188,-51.703561],[-61.255322,-51.698314],[-61.239909,-51.717648],[-61.271033,-51.698174],[-61.292966,-51.706462],[-61.293105,-51.713021],[-61.279418,-51.721353],[-61.300987,-51.722047],[-61.291957,-51.72717],[-61.304633,-51.739766],[-61.274897,-51.744016],[-61.285386,-51.753514],[-61.277526,-51.757314],[-61.293719,-51.764222],[-61.315669,-51.747571],[-61.309275,-51.722085],[-61.325713,-51.69283],[-61.333091,-51.692086],[-61.318789,-51.690629],[-61.312705,-51.699269],[-61.295367,-51.693116],[-61.276553,-51.695287],[-61.264388,-51.691926],[-61.269313,-51.677777],[-61.261081,-51.676038],[-61.250602,-51.683267],[-61.254073,-51.687699]],[[-61.236316,-51.671474],[-61.246839,-51.667209],[-61.236816,-51.666442],[-61.236316,-51.671474]],[[-61.22471,-51.657689],[-61.230113,-51.663048],[-61.237323,-51.648289],[-61.22471,-51.657689]],[[-60.850338,-51.198176],[-60.886067,-51.210019],[-60.94094,-51.215047],[-60.842982,-51.194343],[-60.850338,-51.198176]],[[-60.897629,-51.094044],[-60.879722,-51.109549],[-60.860909,-51.112988],[-60.863831,-51.124116],[-60.887375,-51.114564],[-60.889302,-51.103952],[-60.920781,-51.087575],[-60.904721,-51.086175],[-60.897629,-51.094044]],[[-61.117884,-51.029245],[-61.091281,-51.034471],[-61.095729,-51.041731],[-61.077822,-51.051592],[-61.0721,-51.065748],[-61.055539,-51.068923],[-61.047774,-51.082537],[-61.065868,-51.074949],[-61.067603,-51.08032],[-61.089296,-51.076945],[-61.096095,-51.068956],[-61.12041,-51.063808],[-61.126544,-51.071597],[-61.126174,-51.062376],[-61.137202,-51.061518],[-61.10833,-51.048841],[-61.132411,-51.02696],[-61.120059,-51.02289],[-61.117884,-51.029245]],[[-61.207665,-51.036086],[-61.174079,-51.047511],[-61.166625,-51.055424],[-61.184387,-51.057909],[-61.208543,-51.046562],[-61.211635,-51.038114],[-61.226507,-51.038115],[-61.246419,-51.028903],[-61.252122,-51.011643],[-61.224723,-51.019079],[-61.207665,-51.036086]],[[-61.30718,-51.001237],[-61.299416,-51.006699],[-61.31274,-51.000057],[-61.30718,-51.001237]],[[-60.490927,-52.232826],[-60.500126,-52.234227],[-60.494593,-52.228969],[-60.469511,-52.225285],[-60.474912,-52.231607],[-60.490927,-52.232826]],[[-60.432489,-52.214692],[-60.453931,-52.221647],[-60.460727,-52.205864],[-60.441412,-52.211064],[-60.414588,-52.199993],[-60.432489,-52.214692]],[[-60.647138,-52.207437],[-60.651992,-52.202266],[-60.64272,-52.205457],[-60.647138,-52.207437]],[[-60.747589,-52.193932],[-60.743131,-52.197204],[-60.753293,-52.200586],[-60.754906,-52.190303],[-60.747589,-52.193932]],[[-60.758653,-52.190779],[-60.76167,-52.194482],[-60.776927,-52.19292],[-60.758653,-52.190779]],[[-60.690263,-52.18673],[-60.69185,-52.190969],[-60.711144,-52.18503],[-60.690263,-52.18673]],[[-60.478858,-52.186134],[-60.482337,-52.179542],[-60.475623,-52.181618],[-60.478858,-52.186134]],[[-60.775653,-52.136936],[-60.767995,-52.135245],[-60.763238,-52.146782],[-60.78058,-52.141751],[-60.775653,-52.136936]],[[-60.87543,-51.93643],[-60.877557,-51.93934],[-60.875218,-51.930685],[-60.87543,-51.93643]],[[-60.876275,-51.871576],[-60.876948,-51.864282],[-60.870421,-51.871935],[-60.876275,-51.871576]],[[-60.49422,-51.831761],[-60.486368,-51.834854],[-60.479272,-51.826732],[-60.469201,-51.836767],[-60.478494,-51.842619],[-60.469983,-51.851518],[-60.480023,-51.849807],[-60.491853,-51.858667],[-60.497298,-51.842026],[-60.51062,-51.835121],[-60.499991,-51.820221],[-60.49422,-51.831761]],[[-60.688954,-51.609773],[-60.679326,-51.620054],[-60.675561,-51.646761],[-60.657048,-51.66007],[-60.683686,-51.676084],[-60.693543,-51.668054],[-60.684236,-51.625423],[-60.700761,-51.604452],[-60.688954,-51.609773]],[[-60.356074,-51.640475],[-60.361714,-51.637262],[-60.352494,-51.631113],[-60.33772,-51.635646],[-60.339715,-51.641546],[-60.356074,-51.640475]],[[-60.432805,-51.606485],[-60.435677,-51.615732],[-60.418515,-51.628103],[-60.442027,-51.624468],[-60.437875,-51.6219],[-60.461598,-51.607187],[-60.447141,-51.610708],[-60.432805,-51.606485]],[[-60.800402,-51.569447],[-60.785211,-51.574162],[-60.776426,-51.569454],[-60.762421,-51.570908],[-60.731665,-51.587332],[-60.803213,-51.582936],[-60.817774,-51.576603],[-60.818464,-51.568611],[-60.800402,-51.569447]],[[-60.837971,-51.571465],[-60.832985,-51.576226],[-60.848526,-51.5763],[-60.845742,-51.565981],[-60.835518,-51.565795],[-60.837971,-51.571465]],[[-60.877116,-51.558978],[-60.855269,-51.563681],[-60.875026,-51.567767],[-60.890348,-51.557306],[-60.877116,-51.558978]],[[-60.481972,-51.553051],[-60.491986,-51.557243],[-60.491143,-51.569676],[-60.506852,-51.555576],[-60.493306,-51.548451],[-60.481972,-51.553051]],[[-60.518963,-51.495712],[-60.528881,-51.500184],[-60.532551,-51.491176],[-60.516857,-51.48867],[-60.511834,-51.491744],[-60.518963,-51.495712]],[[-60.709778,-51.471558],[-60.692131,-51.475167],[-60.697693,-51.482971],[-60.727295,-51.471436],[-60.729919,-51.46405],[-60.709778,-51.471558]],[[-60.388367,-51.358154],[-60.370544,-51.372559],[-60.384949,-51.371033],[-60.412659,-51.357483],[-60.388367,-51.358154]],[[-60.71306,-51.332537],[-60.682316,-51.342879],[-60.683544,-51.353982],[-60.663811,-51.351359],[-60.681179,-51.362283],[-60.687359,-51.375116],[-60.703273,-51.380723],[-60.716864,-51.369121],[-60.710023,-51.363454],[-60.714062,-51.35095],[-60.735115,-51.336278],[-60.731758,-51.326349],[-60.71306,-51.332537]],[[-60.459124,-51.337381],[-60.470938,-51.341925],[-60.467997,-51.328726],[-60.46094,-51.328978],[-60.459124,-51.337381]],[[-60.577101,-51.254172],[-60.560081,-51.269736],[-60.519484,-51.290419],[-60.509344,-51.306116],[-60.521465,-51.30876],[-60.522267,-51.318564],[-60.53676,-51.3086],[-60.528324,-51.306399],[-60.534971,-51.29695],[-60.555179,-51.292056],[-60.55656,-51.297305],[-60.568677,-51.296897],[-60.605781,-51.270317],[-60.59878,-51.269212],[-60.60298,-51.26205],[-60.594773,-51.25239],[-60.601844,-51.242496],[-60.577101,-51.254172]],[[-60.85097,-51.253675],[-60.840202,-51.260941],[-60.850732,-51.258888],[-60.85097,-51.253675]],[[-60.832081,-51.153458],[-60.829449,-51.160469],[-60.845726,-51.162316],[-60.85492,-51.169411],[-60.894337,-51.171875],[-60.863347,-51.168095],[-60.856476,-51.151608],[-60.845879,-51.154],[-60.838333,-51.148949],[-60.832081,-51.153458]],[[-60.386003,-51.144597],[-60.375094,-51.146773],[-60.394426,-51.154555],[-60.443342,-51.15106],[-60.43527,-51.14609],[-60.430408,-51.149124],[-60.386003,-51.144597]],[[-60.735407,-51.127758],[-60.750524,-51.133625],[-60.761556,-51.128395],[-60.735685,-51.123433],[-60.735407,-51.127758]],[[-59.688794,-52.314653],[-59.716973,-52.315977],[-59.720921,-52.32525],[-59.713582,-52.32735],[-59.720765,-52.336179],[-59.732358,-52.335691],[-59.744106,-52.348062],[-59.753831,-52.348844],[-59.735616,-52.359575],[-59.76003,-52.383268],[-59.786719,-52.377303],[-59.786828,-52.363386],[-59.801423,-52.366142],[-59.801492,-52.361639],[-59.816244,-52.361313],[-59.783879,-52.339708],[-59.779981,-52.344409],[-59.763648,-52.343781],[-59.764569,-52.316969],[-59.749019,-52.307897],[-59.743072,-52.306501],[-59.748099,-52.308723],[-59.741597,-52.314077],[-59.748563,-52.316808],[-59.739797,-52.316888],[-59.709554,-52.305574],[-59.696218,-52.303154],[-59.689128,-52.306966],[-59.682385,-52.300594],[-59.688794,-52.314653]],[[-59.774703,-52.164924],[-59.769987,-52.17329],[-59.756612,-52.174726],[-59.748528,-52.16908],[-59.738757,-52.17216],[-59.730515,-52.168249],[-59.723707,-52.172398],[-59.697427,-52.168283],[-59.684544,-52.188577],[-59.693785,-52.217726],[-59.679723,-52.21594],[-59.670129,-52.222154],[-59.689458,-52.229066],[-59.683139,-52.245849],[-59.717576,-52.266664],[-59.730508,-52.261713],[-59.735986,-52.29264],[-59.747106,-52.296053],[-59.762113,-52.266702],[-59.756127,-52.261746],[-59.760648,-52.24979],[-59.752278,-52.252919],[-59.73959,-52.244793],[-59.753986,-52.229088],[-59.739709,-52.222842],[-59.744646,-52.216477],[-59.736556,-52.208982],[-59.74655,-52.19643],[-59.741631,-52.191347],[-59.75119,-52.190244],[-59.751547,-52.181856],[-59.761302,-52.17912],[-59.786227,-52.185306],[-59.791528,-52.170518],[-59.803437,-52.172826],[-59.808237,-52.16859],[-59.783792,-52.15096],[-59.779389,-52.13965],[-59.774703,-52.164924]],[[-59.841137,-52.156373],[-59.835502,-52.15505],[-59.843398,-52.160954],[-59.841137,-52.156373]],[[-59.86638,-52.130195],[-59.868387,-52.135715],[-59.878257,-52.131627],[-59.86638,-52.130195]],[[-59.849156,-52.135751],[-59.857793,-52.135672],[-59.855116,-52.124608],[-59.846902,-52.126817],[-59.849156,-52.135751]],[[-59.735429,-52.09379],[-59.749047,-52.088403],[-59.74909,-52.079039],[-59.737401,-52.069524],[-59.738831,-52.0594],[-59.718156,-52.044405],[-59.721131,-52.077076],[-59.735429,-52.09379]],[[-59.861721,-52.03246],[-59.855433,-52.02127],[-59.851544,-52.035871],[-59.861721,-52.03246]],[[-59.767877,-51.848787],[-59.776524,-51.851991],[-59.750798,-51.829778],[-59.767877,-51.848787]],[[-59.378516,-51.344887],[-59.370887,-51.353554],[-59.314795,-51.370033],[-59.306311,-51.378212],[-59.239661,-51.390419],[-59.238379,-51.397133],[-59.224829,-51.401649],[-59.194129,-51.400062],[-59.244727,-51.422645],[-59.269385,-51.422218],[-59.26969,-51.428016],[-59.281897,-51.427284],[-59.283667,-51.433876],[-59.292029,-51.431129],[-59.292578,-51.436928],[-59.266272,-51.445839],[-59.291724,-51.451881],[-59.271582,-51.457741],[-59.286109,-51.457496],[-59.291907,-51.463783],[-59.267615,-51.462257],[-59.205664,-51.435829],[-59.201819,-51.43827],[-59.286658,-51.483497],[-59.33451,-51.524147],[-59.34397,-51.518654],[-59.327369,-51.499183],[-59.331214,-51.492592],[-59.343177,-51.496437],[-59.347693,-51.491188],[-59.351111,-51.49601],[-59.366187,-51.486549],[-59.349768,-51.501503],[-59.353858,-51.507545],[-59.377417,-51.498634],[-59.48014,-51.526039],[-59.381568,-51.502723],[-59.367408,-51.505897],[-59.365088,-51.512428],[-59.358496,-51.507789],[-59.353736,-51.51139],[-59.363868,-51.52372],[-59.370581,-51.52549],[-59.370581,-51.520973],[-59.393103,-51.536476],[-59.368079,-51.527138],[-59.395789,-51.55674],[-59.346167,-51.520546],[-59.338355,-51.528358],[-59.385779,-51.579628],[-59.390845,-51.606788],[-59.422827,-51.617897],[-59.440955,-51.634254],[-59.463965,-51.637123],[-59.480933,-51.632301],[-59.458594,-51.598182],[-59.441748,-51.597328],[-59.43888,-51.584999],[-59.464515,-51.597755],[-59.476966,-51.614784],[-59.498816,-51.626808],[-59.515235,-51.629127],[-59.538428,-51.647804],[-59.532141,-51.630958],[-59.500708,-51.608986],[-59.5026,-51.602028],[-59.516211,-51.616127],[-59.522254,-51.612831],[-59.521155,-51.61747],[-59.568335,-51.646705],[-59.567237,-51.651222],[-59.589026,-51.66111],[-59.602698,-51.686317],[-59.585059,-51.669349],[-59.543738,-51.646278],[-59.548316,-51.663307],[-59.561194,-51.669472],[-59.575049,-51.693031],[-59.579444,-51.695106],[-59.579993,-51.68882],[-59.59159,-51.697975],[-59.584754,-51.702247],[-59.595041,-51.706625],[-59.607398,-51.730873],[-59.612708,-51.732704],[-59.610816,-51.727699],[-59.632911,-51.741432],[-59.636451,-51.731605],[-59.664283,-51.743629],[-59.640296,-51.738014],[-59.629615,-51.74955],[-59.619178,-51.743751],[-59.628638,-51.754066],[-59.726661,-51.814247],[-59.731848,-51.814247],[-59.725013,-51.806984],[-59.746985,-51.811073],[-59.753028,-51.805641],[-59.773963,-51.820045],[-59.756263,-51.80973],[-59.749182,-51.810707],[-59.748206,-51.818397],[-59.778235,-51.845253],[-59.783973,-51.861732],[-59.806617,-51.879127],[-59.819068,-51.881202],[-59.834449,-51.897072],[-59.851294,-51.933388],[-59.848853,-51.950844],[-59.859534,-51.964088],[-59.900977,-51.978798],[-59.900794,-51.970436],[-59.919471,-51.966591],[-59.952674,-51.990455],[-60.004309,-52.005836],[-60.017798,-51.998817],[-60.001075,-51.992775],[-59.996802,-51.982338],[-60.009131,-51.979469],[-60.003821,-51.977577],[-60.017798,-51.967445],[-59.997351,-51.969581],[-60.017493,-51.959633],[-60.031348,-51.961647],[-60.037268,-51.969459],[-60.05271,-51.96891],[-60.052893,-51.961525],[-60.066443,-51.95768],[-60.075476,-51.961647],[-60.073157,-51.952858],[-60.059302,-51.952186],[-60.051673,-51.943153],[-60.067237,-51.949989],[-60.0792,-51.935341],[-60.091834,-51.954933],[-60.087561,-51.964393],[-60.101966,-51.961769],[-60.087867,-51.970863],[-60.099768,-51.985084],[-60.087256,-51.997169],[-60.100074,-52.008278],[-60.162452,-52.003761],[-60.239051,-52.016762],[-60.237281,-52.007484],[-60.204932,-51.995094],[-60.171485,-51.968117],[-60.220862,-51.994301],[-60.207007,-51.979225],[-60.229651,-51.993873],[-60.24198,-51.992897],[-60.233435,-51.981788],[-60.223853,-51.980873],[-60.209632,-51.967811],[-60.224402,-51.979774],[-60.235633,-51.981117],[-60.259619,-51.994423],[-60.263343,-51.992775],[-60.266761,-51.998024],[-60.276099,-51.999122],[-60.284461,-51.993446],[-60.274573,-52.001686],[-60.290076,-52.01432],[-60.294165,-52.00608],[-60.325171,-51.998146],[-60.32804,-51.99308],[-60.326575,-51.96714],[-60.331214,-51.962318],[-60.309546,-51.949867],[-60.315161,-51.948524],[-60.309119,-51.932838],[-60.323951,-51.939064],[-60.328345,-51.959999],[-60.330664,-51.939064],[-60.340918,-51.940407],[-60.348792,-51.93412],[-60.351783,-51.938881],[-60.369361,-51.932289],[-60.359717,-51.957924],[-60.356604,-51.953956],[-60.336158,-51.959999],[-60.340552,-51.964821],[-60.328345,-51.96891],[-60.330909,-51.994118],[-60.335608,-51.992103],[-60.342627,-51.994423],[-60.357398,-52.00663],[-60.341651,-51.995643],[-60.338782,-52.001259],[-60.335303,-51.993446],[-60.327796,-51.999367],[-60.297095,-52.01017],[-60.311438,-52.008278],[-60.292151,-52.016884],[-60.295142,-52.026405],[-60.288001,-52.016884],[-60.281836,-52.020485],[-60.278723,-52.036781],[-60.288733,-52.046364],[-60.280921,-52.042946],[-60.277869,-52.048866],[-60.27555,-52.040199],[-60.273902,-52.043251],[-60.282508,-52.082008],[-60.279822,-52.074379],[-60.277625,-52.082741],[-60.269629,-52.078895],[-60.258033,-52.023903],[-60.250891,-52.016945],[-60.242347,-52.018593],[-60.256507,-52.028602],[-60.266394,-52.089332],[-60.286963,-52.09861],[-60.292945,-52.112892],[-60.309668,-52.123756],[-60.330786,-52.151588],[-60.353553,-52.161049],[-60.359717,-52.153724],[-60.36753,-52.158851],[-60.380713,-52.153785],[-60.382117,-52.119484],[-60.36991,-52.115089],[-60.378089,-52.116493],[-60.377539,-52.108253],[-60.347388,-52.114113],[-60.327918,-52.101356],[-60.342017,-52.104957],[-60.381018,-52.103126],[-60.407569,-52.091102],[-60.38114,-52.111793],[-60.388098,-52.135658],[-60.408667,-52.120033],[-60.414893,-52.122902],[-60.45066,-52.114296],[-60.458289,-52.10276],[-60.500708,-52.110695],[-60.404578,-52.124855],[-60.384436,-52.143165],[-60.388648,-52.159218],[-60.380835,-52.157997],[-60.366492,-52.165443],[-60.368262,-52.176246],[-60.393042,-52.176246],[-60.395667,-52.170204],[-60.407325,-52.172157],[-60.412513,-52.162941],[-60.406104,-52.15171],[-60.416358,-52.144325],[-60.465186,-52.159767],[-60.460791,-52.168007],[-60.443213,-52.169655],[-60.455298,-52.17942],[-60.466285,-52.178566],[-60.479041,-52.169655],[-60.473304,-52.149635],[-60.489478,-52.156532],[-60.485999,-52.165993],[-60.508399,-52.158119],[-60.533484,-52.138405],[-60.52909,-52.131935],[-60.53678,-52.135414],[-60.543494,-52.130836],[-60.543372,-52.112465],[-60.549903,-52.120827],[-60.585974,-52.126076],[-60.586768,-52.134254],[-60.565955,-52.132667],[-60.557715,-52.137977],[-60.565128,-52.150679],[-60.577613,-52.153908],[-60.576514,-52.164467],[-60.544715,-52.136513],[-60.524146,-52.155128],[-60.530616,-52.161842],[-60.538916,-52.157875],[-60.535132,-52.167213],[-60.519324,-52.159218],[-60.504798,-52.165687],[-60.506995,-52.16996],[-60.499488,-52.167579],[-60.490943,-52.171974],[-60.490027,-52.180641],[-60.495093,-52.185829],[-60.512793,-52.179115],[-60.505774,-52.187904],[-60.522193,-52.1912],[-60.551001,-52.184181],[-60.551398,-52.188985],[-60.540198,-52.190895],[-60.543738,-52.194191],[-60.505469,-52.195411],[-60.504248,-52.203834],[-60.51493,-52.204078],[-60.571448,-52.235756],[-60.582129,-52.232216],[-60.595008,-52.234901],[-60.604651,-52.251137],[-60.622473,-52.232338],[-60.618506,-52.259437],[-60.631079,-52.254921],[-60.652747,-52.259071],[-60.657569,-52.249306],[-60.681433,-52.235451],[-60.680457,-52.228615],[-60.66648,-52.222755],[-60.691321,-52.219459],[-60.696387,-52.213112],[-60.673194,-52.199806],[-60.673316,-52.204078],[-60.665931,-52.201088],[-60.64646,-52.213661],[-60.631934,-52.214638],[-60.642066,-52.207802],[-60.631263,-52.204933],[-60.665076,-52.19297],[-60.649756,-52.182838],[-60.638221,-52.179909],[-60.632553,-52.183182],[-60.629309,-52.175392],[-60.665808,-52.1865],[-60.672095,-52.192421],[-60.696936,-52.179237],[-60.682898,-52.174598],[-60.661414,-52.154335],[-60.704444,-52.1735],[-60.711036,-52.164894],[-60.701575,-52.141701],[-60.717505,-52.160438],[-60.726783,-52.160194],[-60.723792,-52.153175],[-60.746914,-52.144105],[-60.725013,-52.140724],[-60.732398,-52.134804],[-60.715308,-52.129494],[-60.666175,-52.137733],[-60.679663,-52.131386],[-60.675269,-52.128822],[-60.685828,-52.12986],[-60.711463,-52.118629],[-60.716956,-52.112221],[-60.712256,-52.106849],[-60.72312,-52.106972],[-60.716101,-52.102882],[-60.726111,-52.1063],[-60.722388,-52.114235],[-60.743384,-52.124244],[-60.764258,-52.119911],[-60.764258,-52.110267],[-60.811011,-52.112343],[-60.820166,-52.104286],[-60.814673,-52.097938],[-60.834021,-52.09861],[-60.837744,-52.108497],[-60.850074,-52.107033],[-60.852149,-52.119179],[-60.84458,-52.12754],[-60.811377,-52.141823],[-60.796175,-52.140037],[-60.773841,-52.15757],[-60.770789,-52.167213],[-60.739844,-52.168983],[-60.732581,-52.180336],[-60.719519,-52.176246],[-60.731055,-52.181618],[-60.721289,-52.182411],[-60.720496,-52.186806],[-60.741187,-52.181312],[-60.738745,-52.186683],[-60.756995,-52.182533],[-60.794837,-52.189979],[-60.815894,-52.183388],[-60.825415,-52.172523],[-60.81156,-52.162697],[-60.817847,-52.151405],[-60.859412,-52.146095],[-60.852698,-52.14225],[-60.861853,-52.133156],[-60.858863,-52.124306],[-60.871621,-52.12647],[-60.882117,-52.116737],[-60.90232,-52.113746],[-60.93302,-52.116493],[-60.9318,-52.111549],[-60.947974,-52.106605],[-60.946997,-52.090248],[-60.978431,-52.087684],[-60.973609,-52.078041],[-60.996802,-52.074257],[-60.995948,-52.060219],[-61.017188,-52.051613],[-61.02323,-52.042824],[-61.030494,-52.045997],[-61.010901,-52.062965],[-61.011878,-52.073524],[-61.019812,-52.080543],[-61.029273,-52.070106],[-61.048194,-52.072181],[-61.041053,-52.061073],[-61.051917,-52.056679],[-61.042151,-52.014992],[-61.078101,-52.016762],[-61.077979,-52.010719],[-61.067786,-52.007301],[-61.057776,-52.012245],[-61.024085,-52.007606],[-61.00376,-52.019081],[-61.004493,-52.039955],[-60.978553,-52.041725],[-60.979529,-52.048866],[-60.957679,-52.04203],[-60.947669,-52.048195],[-60.942725,-52.040931],[-60.938941,-52.046974],[-60.930518,-52.036537],[-60.920569,-52.041176],[-60.915076,-52.03556],[-60.903968,-52.039955],[-60.896704,-52.037086],[-60.892676,-52.048866],[-60.901221,-52.05143],[-60.892981,-52.053077],[-60.893286,-52.058754],[-60.917517,-52.067787],[-60.905432,-52.071327],[-60.90354,-52.065895],[-60.892432,-52.064796],[-60.8823,-52.07328],[-60.920142,-52.08329],[-60.89585,-52.081886],[-60.876685,-52.073402],[-60.856543,-52.085182],[-60.858313,-52.07859],[-60.812049,-52.060768],[-60.87052,-52.0709],[-60.882727,-52.065162],[-60.872657,-52.062843],[-60.873633,-52.056251],[-60.886145,-52.054359],[-60.885169,-52.036232],[-60.89408,-52.035438],[-60.896277,-52.028419],[-60.875952,-52.028847],[-60.859656,-52.04203],[-60.823035,-52.034462],[-60.810135,-52.036202],[-60.800818,-52.025856],[-60.750647,-52.02256],[-60.746375,-52.001991],[-60.793555,-51.999244],[-60.791114,-51.989357],[-60.820838,-52.001991],[-60.820472,-51.987709],[-60.838538,-51.98484],[-60.837439,-51.980568],[-60.826636,-51.983192],[-60.827979,-51.975624],[-60.847571,-51.975624],[-60.854163,-51.969215],[-60.856665,-51.964149],[-60.845008,-51.953712],[-60.798133,-51.960121],[-60.778052,-51.957374],[-60.768592,-51.96122],[-60.775061,-51.96714],[-60.74491,-51.961769],[-60.753272,-51.977577],[-60.745337,-51.967445],[-60.731299,-51.962623],[-60.704016,-51.963966],[-60.709693,-51.97892],[-60.727759,-51.985267],[-60.707618,-51.98539],[-60.711036,-51.998024],[-60.732154,-52.002113],[-60.712256,-52.005104],[-60.721839,-52.012367],[-60.691809,-52.004127],[-60.702124,-51.998573],[-60.702369,-51.974647],[-60.690345,-51.969887],[-60.679786,-51.984291],[-60.687171,-52.008156],[-60.681311,-52.013649],[-60.696753,-52.02018],[-60.689673,-52.024452],[-60.684729,-52.02195],[-60.680579,-52.035988],[-60.67472,-52.036415],[-60.689795,-52.039406],[-60.683448,-52.046974],[-60.686194,-52.040504],[-60.645728,-52.041969],[-60.639075,-52.037758],[-60.645789,-52.041054],[-60.670569,-52.038612],[-60.676734,-52.03257],[-60.653296,-52.022499],[-60.670325,-52.017067],[-60.670325,-52.010353],[-60.653723,-52.008583],[-60.669348,-52.004555],[-60.665625,-51.98539],[-60.673194,-51.975502],[-60.649207,-51.968544],[-60.639869,-51.969459],[-60.644812,-51.976845],[-60.641639,-51.973854],[-60.623938,-51.978493],[-60.630103,-51.979347],[-60.633948,-51.991798],[-60.639563,-51.992775],[-60.634131,-51.999367],[-60.637244,-51.993629],[-60.628882,-51.991249],[-60.628211,-51.98069],[-60.617224,-51.98484],[-60.616248,-51.979103],[-60.58927,-51.98484],[-60.586402,-51.981544],[-60.577369,-51.986915],[-60.5875,-52.005287],[-60.608069,-52.004432],[-60.595008,-52.008278],[-60.608191,-52.026527],[-60.592444,-52.024879],[-60.596839,-52.019508],[-60.585425,-52.009498],[-60.578833,-52.016212],[-60.5698,-52.01609],[-60.568457,-52.023231],[-60.555396,-52.026222],[-60.565161,-52.012794],[-60.581153,-52.00608],[-60.572547,-52.00016],[-60.572119,-51.989357],[-60.536597,-52.00254],[-60.549659,-52.00785],[-60.545386,-52.026954],[-60.541297,-52.014137],[-60.531531,-52.015785],[-60.534034,-52.007301],[-60.518409,-52.02195],[-60.503455,-52.023109],[-60.525794,-52.0084],[-60.51908,-52.003639],[-60.570472,-51.984169],[-60.551429,-51.983864],[-60.555823,-51.977455],[-60.548987,-51.9766],[-60.531165,-51.981239],[-60.506446,-51.979042],[-60.502234,-51.973854],[-60.485999,-51.9766],[-60.459449,-51.971107],[-60.434485,-51.957008],[-60.433081,-51.962623],[-60.431983,-51.954811],[-60.406104,-51.938759],[-60.407325,-51.932289],[-60.397315,-51.925575],[-60.421057,-51.923378],[-60.421057,-51.930153],[-60.456946,-51.934669],[-60.469825,-51.946144],[-60.483008,-51.946998],[-60.478308,-51.939735],[-60.491065,-51.941627],[-60.500403,-51.953163],[-60.519995,-51.952308],[-60.524939,-51.947365],[-60.543189,-51.953834],[-60.55979,-51.946998],[-60.554175,-51.943031],[-60.562537,-51.937965],[-60.597754,-51.931923],[-60.624793,-51.936256],[-60.631263,-51.924782],[-60.645057,-51.924782],[-60.629187,-51.917946],[-60.613379,-51.928077],[-60.586097,-51.926979],[-60.552649,-51.934364],[-60.547034,-51.941749],[-60.539222,-51.935158],[-60.534583,-51.939003],[-60.499488,-51.93174],[-60.489173,-51.912269],[-60.499182,-51.913673],[-60.497107,-51.90818],[-60.483435,-51.905311],[-60.449683,-51.875953],[-60.454627,-51.870338],[-60.477183,-51.872028],[-60.445472,-51.851539],[-60.447791,-51.843849],[-60.457251,-51.842933],[-60.454383,-51.838356],[-60.475989,-51.827125],[-60.477393,-51.818214],[-60.46543,-51.815346],[-60.469825,-51.807411],[-60.45835,-51.792885],[-60.452124,-51.795326],[-60.459388,-51.786659],[-60.449134,-51.778297],[-60.440467,-51.780372],[-60.414893,-51.769996],[-60.428992,-51.77726],[-60.437232,-51.79026],[-60.419532,-51.792213],[-60.405677,-51.771461],[-60.4047,-51.7808],[-60.396765,-51.768287],[-60.372779,-51.765419],[-60.386512,-51.777626],[-60.377051,-51.77848],[-60.372657,-51.770912],[-60.373023,-51.786842],[-60.384681,-51.795997],[-60.39524,-51.787819],[-60.397864,-51.797096],[-60.405432,-51.794533],[-60.418433,-51.818214],[-60.411414,-51.814796],[-60.412818,-51.822059],[-60.400061,-51.799843],[-60.393714,-51.800392],[-60.401831,-51.806556],[-60.390052,-51.8115],[-60.372046,-51.796974],[-60.356726,-51.814918],[-60.373586,-51.816464],[-60.369361,-51.827858],[-60.375647,-51.827858],[-60.380042,-51.838112],[-60.40885,-51.841285],[-60.397559,-51.845131],[-60.41886,-51.868995],[-60.382239,-51.84568],[-60.383582,-51.85569],[-60.373877,-51.852638],[-60.365638,-51.85923],[-60.359595,-51.854957],[-60.357276,-51.86277],[-60.351661,-51.861183],[-60.364295,-51.87693],[-60.338599,-51.868812],[-60.342994,-51.859779],[-60.327369,-51.864174],[-60.343177,-51.853859],[-60.326941,-51.832741],[-60.33396,-51.819313],[-60.319678,-51.830726],[-60.307349,-51.828529],[-60.304175,-51.840065],[-60.292029,-51.829628],[-60.300757,-51.820045],[-60.297644,-51.813576],[-60.316016,-51.811073],[-60.312842,-51.805092],[-60.328345,-51.80381],[-60.308997,-51.795326],[-60.294226,-51.778602],[-60.319129,-51.779152],[-60.311621,-51.773964],[-60.321509,-51.767921],[-60.329688,-51.779701],[-60.3245,-51.761207],[-60.308448,-51.761635],[-60.266089,-51.749428],[-60.283484,-51.759681],[-60.272376,-51.765602],[-60.280738,-51.771889],[-60.25553,-51.765297],[-60.269629,-51.778358],[-60.263221,-51.782753],[-60.258582,-51.780128],[-60.258826,-51.787758],[-60.243872,-51.77848],[-60.235633,-51.779823],[-60.23014,-51.772438],[-60.213965,-51.792213],[-60.21427,-51.780372],[-60.203406,-51.779457],[-60.182837,-51.752113],[-60.188758,-51.720192],[-60.180945,-51.708656],[-60.195349,-51.699867],[-60.228797,-51.700477],[-60.247718,-51.695656],[-60.26731,-51.714027],[-60.28855,-51.720436],[-60.311499,-51.713478],[-60.31803,-51.696632],[-60.323279,-51.707191],[-60.342994,-51.7183],[-60.360999,-51.710182],[-60.382361,-51.717323],[-60.375098,-51.720192],[-60.387976,-51.731544],[-60.380713,-51.727211],[-60.37168,-51.730873],[-60.374854,-51.743629],[-60.367957,-51.751442],[-60.356848,-51.750221],[-60.358619,-51.755958],[-60.373572,-51.758583],[-60.376746,-51.752968],[-60.388648,-51.754738],[-60.390479,-51.745704],[-60.409888,-51.745033],[-60.415442,-51.746498],[-60.405249,-51.749244],[-60.419776,-51.760475],[-60.458594,-51.77433],[-60.461463,-51.769447],[-60.473426,-51.774513],[-60.484107,-51.771889],[-60.480262,-51.759559],[-60.499854,-51.769813],[-60.521399,-51.760353],[-60.526038,-51.771034],[-60.549781,-51.778602],[-60.535926,-51.785194],[-60.555823,-51.793556],[-60.543311,-51.798866],[-60.5344,-51.793434],[-60.537024,-51.78849],[-60.524695,-51.793678],[-60.526465,-51.804237],[-60.538916,-51.806984],[-60.548255,-51.799721],[-60.569678,-51.799598],[-60.570227,-51.781227],[-60.561011,-51.771766],[-60.590918,-51.774879],[-60.592688,-51.76432],[-60.611243,-51.745704],[-60.629981,-51.729774],[-60.640174,-51.728248],[-60.651282,-51.709327],[-60.64524,-51.701149],[-60.663117,-51.68498],[-60.652965,-51.668334],[-60.617957,-51.681556],[-60.610816,-51.696083],[-60.616553,-51.676613],[-60.561133,-51.702125],[-60.526587,-51.70591],[-60.520972,-51.712257],[-60.518409,-51.705116],[-60.508399,-51.709633],[-60.484351,-51.704017],[-60.47959,-51.707313],[-60.437598,-51.696754],[-60.388282,-51.674415],[-60.373572,-51.677528],[-60.368384,-51.671669],[-60.320411,-51.681556],[-60.282141,-51.680031],[-60.248694,-51.669899],[-60.244117,-51.656959],[-60.233435,-51.656288],[-60.205909,-51.665626],[-60.17063,-51.691688],[-60.100623,-51.706215],[-60.085364,-51.714821],[-60.086463,-51.722267],[-60.082618,-51.717567],[-60.077857,-51.724586],[-60.057105,-51.729408],[-60.02024,-51.735023],[-59.990638,-51.733742],[-59.973792,-51.742286],[-59.988562,-51.732521],[-60.02146,-51.733742],[-60.025611,-51.726478],[-60.06095,-51.72538],[-60.071387,-51.713478],[-60.086036,-51.713478],[-60.093848,-51.699928],[-60.083167,-51.697548],[-60.073279,-51.701149],[-60.069312,-51.699379],[-60.043677,-51.705116],[-60.024756,-51.699074],[-60.047827,-51.698524],[-60.034217,-51.697975],[-60.07096,-51.687965],[-60.071143,-51.699867],[-60.088111,-51.69535],[-60.094031,-51.698097],[-60.095679,-51.691017],[-60.074927,-51.694862],[-60.077307,-51.687416],[-60.088416,-51.690407],[-60.094275,-51.681373],[-60.09458,-51.679359],[-60.089759,-51.677711],[-60.084143,-51.669472],[-60.086707,-51.6641],[-60.09043,-51.677284],[-60.09458,-51.676857],[-60.099423,-51.67111],[-60.110999,-51.67057],[-60.116248,-51.679909],[-60.1276,-51.677955],[-60.134558,-51.683327],[-60.18278,-51.665953],[-60.220862,-51.631508],[-60.25553,-51.627479],[-60.255103,-51.62162],[-60.223609,-51.621315],[-60.220679,-51.614479],[-60.241248,-51.60746],[-60.272681,-51.610206],[-60.290625,-51.604347],[-60.297217,-51.595436],[-60.30503,-51.597755],[-60.307471,-51.579384],[-60.28501,-51.579811],[-60.265113,-51.568397],[-60.293921,-51.579262],[-60.313391,-51.576942],[-60.291246,-51.555532],[-60.299659,-51.555824],[-60.296973,-51.55143],[-60.309973,-51.543861],[-60.32096,-51.544716],[-60.321997,-51.536598],[-60.333533,-51.543068],[-60.346937,-51.540001],[-60.347571,-51.544655],[-60.327796,-51.54496],[-60.320655,-51.55143],[-60.306556,-51.552528],[-60.312415,-51.555092],[-60.302527,-51.56089],[-60.315589,-51.575966],[-60.332862,-51.58036],[-60.374305,-51.576332],[-60.397864,-51.566932],[-60.400489,-51.558937],[-60.385535,-51.549354],[-60.391028,-51.544838],[-60.405677,-51.562355],[-60.431617,-51.541542],[-60.43241,-51.546181],[-60.445288,-51.543861],[-60.475623,-51.531959],[-60.489417,-51.532631],[-60.484107,-51.543068],[-60.495642,-51.539223],[-60.511817,-51.526588],[-60.502784,-51.522743],[-60.51438,-51.509987],[-60.508094,-51.499977],[-60.482032,-51.494362],[-60.482215,-51.490089],[-60.385945,-51.505014],[-60.383033,-51.485756],[-60.401038,-51.481605],[-60.398413,-51.474586],[-60.410071,-51.470375],[-60.421729,-51.455177],[-60.446387,-51.454017],[-60.454383,-51.437477],[-60.468848,-51.436378],[-60.49314,-51.448036],[-60.521827,-51.451027],[-60.581214,-51.438392],[-60.600135,-51.439369],[-60.613807,-51.421669],[-60.650672,-51.414039],[-60.62876,-51.403602],[-60.63053,-51.376564],[-60.636328,-51.374244],[-60.644507,-51.378883],[-60.644263,-51.373268],[-60.664527,-51.360695],[-60.657386,-51.355751],[-60.633704,-51.364357],[-60.610389,-51.359474],[-60.664405,-51.340004],[-60.615577,-51.34684],[-60.565528,-51.365639],[-60.570777,-51.372597],[-60.557715,-51.367958],[-60.538916,-51.369728],[-60.527869,-51.373268],[-60.53208,-51.377418],[-60.523169,-51.374367],[-60.515662,-51.377662],[-60.515662,-51.38578],[-60.512732,-51.379066],[-60.487525,-51.387123],[-60.47544,-51.397316],[-60.450537,-51.402199],[-60.453406,-51.411659],[-60.444861,-51.40348],[-60.4047,-51.420448],[-60.358496,-51.454445],[-60.245093,-51.494056],[-60.202063,-51.49778],[-60.166419,-51.483253],[-60.150916,-51.484474],[-60.17118,-51.488991],[-60.169715,-51.498634],[-60.149817,-51.503822],[-60.129554,-51.502174],[-60.130042,-51.506447],[-60.122229,-51.497535],[-60.132117,-51.494362],[-60.112403,-51.496864],[-60.116614,-51.500099],[-60.10813,-51.504494],[-60.092627,-51.499855],[-60.081092,-51.483925],[-60.074927,-51.487526],[-60.0651,-51.483925],[-60.052466,-51.493019],[-60.044654,-51.480079],[-59.982947,-51.474586],[-59.983069,-51.469398],[-59.995948,-51.466774],[-60.009436,-51.455543],[-60.092078,-51.450477],[-60.099646,-51.437843],[-60.08219,-51.435524],[-60.078101,-51.422218],[-60.068091,-51.421425],[-60.081397,-51.408363],[-60.031653,-51.41703],[-60.031226,-51.402504],[-60.044348,-51.398231],[-60.03617,-51.395119],[-60.05094,-51.388222],[-60.009986,-51.380836],[-60.003943,-51.382606],[-60.00846,-51.387428],[-59.983252,-51.388527],[-59.999121,-51.39109],[-60.003394,-51.398964],[-60.019934,-51.403053],[-60.015052,-51.417702],[-60.002539,-51.421119],[-59.980078,-51.419777],[-59.985022,-51.413612],[-59.975257,-51.406044],[-59.963599,-51.411964],[-59.959754,-51.39579],[-59.953345,-51.400551],[-59.947852,-51.392067],[-59.936621,-51.398659],[-59.93125,-51.397011],[-59.935889,-51.390053],[-59.915076,-51.396339],[-59.902991,-51.390541],[-59.918171,-51.385046],[-59.886573,-51.382179],[-59.860327,-51.390724],[-59.898597,-51.395119],[-59.881751,-51.402199],[-59.887671,-51.404518],[-59.908484,-51.402382],[-59.899451,-51.405128],[-59.907264,-51.409523],[-59.888892,-51.407448],[-59.902442,-51.418434],[-59.896277,-51.423866],[-59.890662,-51.410744],[-59.819922,-51.395241],[-59.811255,-51.396339],[-59.823096,-51.396889],[-59.824439,-51.402931],[-59.872596,-51.409645],[-59.875586,-51.413856],[-59.834021,-51.417335],[-59.817298,-51.410744],[-59.771338,-51.420753],[-59.757788,-51.405372],[-59.759864,-51.415382],[-59.745459,-51.413734],[-59.743262,-51.42057],[-59.730078,-51.421547],[-59.732825,-51.42704],[-59.753516,-51.424843],[-59.773413,-51.434547],[-59.778662,-51.430763],[-59.800574,-51.436378],[-59.829627,-51.434303],[-59.805091,-51.439674],[-59.842505,-51.443764],[-59.814551,-51.443458],[-59.809058,-51.449501],[-59.816504,-51.455421],[-59.792456,-51.459816],[-59.778113,-51.453224],[-59.769324,-51.458717],[-59.756995,-51.449806],[-59.760291,-51.456947],[-59.732825,-51.460792],[-59.720801,-51.452369],[-59.70243,-51.452675],[-59.684058,-51.445839],[-59.672644,-51.44828],[-59.634375,-51.43705],[-59.626746,-51.444069],[-59.627295,-51.468849],[-59.619422,-51.435646],[-59.595313,-51.43882],[-59.574073,-51.434608],[-59.531409,-51.413429],[-59.519934,-51.39933],[-59.504126,-51.393959],[-59.491004,-51.395363],[-59.487525,-51.400001],[-59.495887,-51.404701],[-59.490943,-51.411842],[-59.481116,-51.408668],[-59.483863,-51.415382],[-59.514258,-51.421669],[-59.541846,-51.439247],[-59.548316,-51.436744],[-59.593665,-51.445289],[-59.601477,-51.442543],[-59.58927,-51.457924],[-59.546241,-51.463539],[-59.547583,-51.467933],[-59.520423,-51.480812],[-59.542273,-51.445289],[-59.508399,-51.459511],[-59.474768,-51.457374],[-59.46604,-51.463905],[-59.447486,-51.456947],[-59.439429,-51.447059],[-59.424231,-51.449013],[-59.39762,-51.435402],[-59.385779,-51.43882],[-59.38346,-51.43235],[-59.396521,-51.421669],[-59.436377,-51.406471],[-59.476172,-51.403602],[-59.435706,-51.388405],[-59.434058,-51.381935],[-59.454383,-51.356178],[-59.44889,-51.35215],[-59.423926,-51.357948],[-59.427649,-51.361061],[-59.403907,-51.361488],[-59.397742,-51.367531],[-59.398719,-51.360939],[-59.411048,-51.357826],[-59.404029,-51.355629],[-59.416358,-51.347389],[-59.415564,-51.337806],[-59.393897,-51.338905],[-59.391822,-51.334755],[-59.378516,-51.344887]],[[-60.214336,-51.779532],[-60.21856,-51.771977],[-60.228197,-51.770014],[-60.223438,-51.75663],[-60.214336,-51.779532]],[[-59.77905,-51.446519],[-59.782914,-51.43828],[-59.776677,-51.437391],[-59.77905,-51.446519]],[[-60.141087,-51.415623],[-60.125026,-51.414176],[-60.127858,-51.418506],[-60.112067,-51.421769],[-60.114211,-51.427579],[-60.105305,-51.427326],[-60.109993,-51.431755],[-60.120843,-51.423378],[-60.158333,-51.413998],[-60.141087,-51.415623]],[[-60.202184,-51.404203],[-60.211519,-51.407668],[-60.209435,-51.401746],[-60.202184,-51.404203]],[[-59.756139,-51.404196],[-59.759054,-51.395247],[-59.750116,-51.3916],[-59.743253,-51.39411],[-59.751244,-51.395177],[-59.756139,-51.404196]],[[-59.770001,-51.394846],[-59.776696,-51.392774],[-59.755608,-51.389989],[-59.770001,-51.394846]],[[-59.880763,-51.379947],[-59.889525,-51.380127],[-59.873052,-51.375021],[-59.873414,-51.381277],[-59.880763,-51.379947]],[[-59.959248,-51.375921],[-59.964883,-51.380212],[-59.975808,-51.378431],[-59.965161,-51.370958],[-59.959248,-51.375921]],[[-59.760083,-51.376222],[-59.767365,-51.375948],[-59.753774,-51.374513],[-59.760083,-51.376222]],[[-59.824117,-51.3705],[-59.83779,-51.373451],[-59.834458,-51.379008],[-59.845452,-51.377615],[-59.846534,-51.372369],[-59.848283,-51.376616],[-59.871053,-51.375494],[-59.86638,-51.36762],[-59.858277,-51.371286],[-59.850724,-51.366476],[-59.832497,-51.366136],[-59.824117,-51.3705]],[[-59.89683,-51.378551],[-59.906278,-51.372966],[-59.889963,-51.365752],[-59.884161,-51.370879],[-59.89683,-51.378551]],[[-59.834708,-51.34955],[-59.830274,-51.352609],[-59.837118,-51.356383],[-59.849756,-51.352822],[-59.846701,-51.348051],[-59.855908,-51.349744],[-59.837651,-51.343423],[-59.834708,-51.34955]],[[-59.741145,-51.319503],[-59.745049,-51.336271],[-59.735288,-51.338819],[-59.733426,-51.327463],[-59.733521,-51.342546],[-59.692513,-51.364011],[-59.660325,-51.37063],[-59.684689,-51.370924],[-59.718209,-51.358484],[-59.736936,-51.361542],[-59.744748,-51.381881],[-59.746669,-51.370767],[-59.767625,-51.373399],[-59.764419,-51.366706],[-59.774541,-51.369409],[-59.776036,-51.365018],[-59.743963,-51.364072],[-59.771706,-51.361307],[-59.782958,-51.3522],[-59.783324,-51.357378],[-59.799231,-51.355546],[-59.814839,-51.361055],[-59.795636,-51.362424],[-59.800392,-51.374082],[-59.807542,-51.364816],[-59.831895,-51.359396],[-59.80794,-51.350071],[-59.789237,-51.353297],[-59.7957,-51.34754],[-59.779897,-51.34361],[-59.768333,-51.349217],[-59.750095,-51.348217],[-59.752177,-51.342304],[-59.77185,-51.340547],[-59.782678,-51.322],[-59.751771,-51.333461],[-59.75174,-51.319919],[-59.739213,-51.315704],[-59.741145,-51.319503]],[[-59.850282,-51.338806],[-59.860359,-51.341471],[-59.845742,-51.336225],[-59.850282,-51.338806]],[[-60.283569,-51.264404],[-60.265503,-51.27179],[-60.249207,-51.300598],[-60.230652,-51.307312],[-60.157593,-51.316467],[-60.09137,-51.303467],[-60.0849,-51.304687],[-60.09137,-51.309875],[-60.086304,-51.314148],[-60.061462,-51.313721],[-60.079041,-51.32843],[-60.046143,-51.33374],[-60.044739,-51.337891],[-60.054626,-51.341553],[-60.062012,-51.355408],[-60.083008,-51.36377],[-60.076965,-51.373413],[-60.087219,-51.370239],[-60.088379,-51.376404],[-60.080261,-51.382446],[-60.107666,-51.378906],[-60.098206,-51.384521],[-60.112061,-51.387085],[-60.121094,-51.396179],[-60.109985,-51.403687],[-60.17572,-51.404236],[-60.170776,-51.398071],[-60.197754,-51.406311],[-60.192993,-51.400513],[-60.200623,-51.396851],[-60.238892,-51.414124],[-60.25769,-51.413696],[-60.281677,-51.40741],[-60.315674,-51.389282],[-60.273987,-51.395996],[-60.28595,-51.379456],[-60.284424,-51.369568],[-60.243164,-51.360779],[-60.233582,-51.348999],[-60.242859,-51.345947],[-60.232605,-51.338562],[-60.194214,-51.358459],[-60.182556,-51.379028],[-60.169006,-51.380005],[-60.182251,-51.382141],[-60.186951,-51.389709],[-60.172791,-51.393127],[-60.176208,-51.396851],[-60.137817,-51.391479],[-60.146484,-51.38092],[-60.130066,-51.388184],[-60.130737,-51.376282],[-60.12262,-51.369812],[-60.13208,-51.369934],[-60.121643,-51.364746],[-60.130981,-51.359924],[-60.140015,-51.364197],[-60.165405,-51.363403],[-60.139099,-51.360352],[-60.147461,-51.353088],[-60.156616,-51.357239],[-60.202026,-51.342957],[-60.23175,-51.324585],[-60.239441,-51.308289],[-60.283569,-51.304687],[-60.309509,-51.290588],[-60.320923,-51.281128],[-60.325562,-51.262634],[-60.307495,-51.269592],[-60.295959,-51.266724],[-60.29718,-51.261536],[-60.283569,-51.264404]],[[-59.948716,-51.291769],[-59.946221,-51.300905],[-59.926515,-51.305212],[-59.923325,-51.315549],[-59.898728,-51.31265],[-59.917133,-51.326543],[-59.92699,-51.324438],[-59.927722,-51.31649],[-59.948839,-51.315657],[-59.94765,-51.319881],[-59.929881,-51.321983],[-59.939195,-51.326727],[-59.936379,-51.335256],[-59.919824,-51.336614],[-59.928775,-51.355911],[-59.94985,-51.357825],[-59.95505,-51.352631],[-59.988726,-51.345182],[-60.032609,-51.320638],[-60.044553,-51.305544],[-60.025934,-51.29906],[-59.995881,-51.300175],[-59.997315,-51.290506],[-59.988101,-51.285735],[-59.976501,-51.293707],[-59.957105,-51.28203],[-59.948716,-51.291769]],[[-59.719882,-51.307546],[-59.713599,-51.308431],[-59.733092,-51.314619],[-59.732892,-51.30369],[-59.719882,-51.307546]],[[-59.866379,-51.248874],[-59.840967,-51.263094],[-59.856006,-51.265886],[-59.876456,-51.261033],[-59.877455,-51.255537],[-59.888632,-51.258063],[-59.901786,-51.239959],[-59.887202,-51.237865],[-59.866379,-51.248874]],[[-59.90194,-51.218976],[-59.899403,-51.224462],[-59.936581,-51.215412],[-59.917596,-51.208435],[-59.90194,-51.218976]],[[-59.184045,-52.907673],[-59.191572,-52.919029],[-59.186181,-52.891257],[-59.177143,-52.893359],[-59.184045,-52.907673]],[[-59.039765,-52.430177],[-59.038249,-52.433248],[-59.05671,-52.42859],[-59.073304,-52.431314],[-59.092989,-52.440864],[-59.108056,-52.438505],[-59.112053,-52.446583],[-59.123652,-52.449459],[-59.152545,-52.437574],[-59.129368,-52.427973],[-59.109305,-52.427679],[-59.104463,-52.422236],[-59.074304,-52.419843],[-59.039765,-52.430177]],[[-59.657899,-52.363519],[-59.648577,-52.370164],[-59.691914,-52.380136],[-59.69827,-52.396693],[-59.720761,-52.392036],[-59.725919,-52.396193],[-59.742747,-52.385697],[-59.732239,-52.373305],[-59.723515,-52.373613],[-59.720304,-52.379416],[-59.717595,-52.367784],[-59.697347,-52.367023],[-59.706655,-52.375704],[-59.692493,-52.375761],[-59.676549,-52.363428],[-59.667649,-52.363626],[-59.668267,-52.358373],[-59.683545,-52.362089],[-59.659028,-52.348901],[-59.664624,-52.357658],[-59.657899,-52.363519]],[[-59.553159,-52.264899],[-59.557918,-52.263769],[-59.550362,-52.270525],[-59.538388,-52.267328],[-59.529836,-52.273805],[-59.548344,-52.282449],[-59.560952,-52.269658],[-59.560476,-52.262282],[-59.553159,-52.264899]],[[-59.684934,-52.269327],[-59.694211,-52.269441],[-59.674905,-52.265021],[-59.675353,-52.269267],[-59.684934,-52.269327]],[[-59.316343,-52.249373],[-59.326928,-52.251867],[-59.317216,-52.244215],[-59.319412,-52.238025],[-59.310248,-52.23653],[-59.316343,-52.249373]],[[-59.593102,-52.229169],[-59.598336,-52.228025],[-59.589761,-52.225366],[-59.586797,-52.230003],[-59.593102,-52.229169]],[[-59.259156,-52.207201],[-59.270944,-52.203325],[-59.256913,-52.200792],[-59.259156,-52.207201]],[[-59.080438,-52.069429],[-59.07886,-52.078943],[-59.087926,-52.07982],[-59.091817,-52.0734],[-59.080438,-52.069429]],[[-59.661731,-52.032628],[-59.650989,-52.027953],[-59.667052,-52.038197],[-59.661731,-52.032628]],[[-59.665449,-52.02105],[-59.667579,-52.027718],[-59.675677,-52.02845],[-59.685256,-52.02826],[-59.688583,-52.02175],[-59.671931,-52.010918],[-59.679243,-52.019311],[-59.665449,-52.02105]],[[-59.648232,-51.986986],[-59.64528,-51.994199],[-59.663728,-51.9983],[-59.661527,-51.987001],[-59.648232,-51.986986]],[[-59.683827,-51.943174],[-59.701094,-51.959856],[-59.683625,-51.96161],[-59.666367,-51.97508],[-59.671653,-51.983845],[-59.696698,-51.992143],[-59.698098,-51.980066],[-59.719666,-51.979906],[-59.723409,-51.968568],[-59.70963,-51.965391],[-59.717492,-51.954725],[-59.709672,-51.937387],[-59.693044,-51.933366],[-59.683827,-51.943174]],[[-59.643197,-51.921342],[-59.636076,-51.924818],[-59.641972,-51.930997],[-59.658131,-51.92299],[-59.651139,-51.917871],[-59.656819,-51.913278],[-59.643197,-51.921342]],[[-59.654527,-51.910486],[-59.662709,-51.908956],[-59.649053,-51.908361],[-59.654527,-51.910486]],[[-59.665647,-51.890514],[-59.669167,-51.898569],[-59.686921,-51.89739],[-59.66771,-51.88503],[-59.661977,-51.885851],[-59.665647,-51.890514]],[[-59.635178,-51.886402],[-59.632699,-51.877111],[-59.62817,-51.884625],[-59.635178,-51.886402]],[[-59.645127,-51.876608],[-59.657311,-51.87615],[-59.651814,-51.872659],[-59.645127,-51.876608]],[[-59.595393,-51.871894],[-59.612668,-51.878332],[-59.610474,-51.869485],[-59.623002,-51.868608],[-59.608785,-51.859251],[-59.59842,-51.862547],[-59.586774,-51.856723],[-59.595393,-51.871894]],[[-59.558735,-51.804219],[-59.591869,-51.802553],[-59.614053,-51.806779],[-59.619721,-51.812894],[-59.630521,-51.797781],[-59.625325,-51.789419],[-59.607752,-51.783993],[-59.596478,-51.787222],[-59.58764,-51.779131],[-59.587705,-51.782923],[-59.578454,-51.782899],[-59.548801,-51.759544],[-59.535382,-51.756548],[-59.556951,-51.776201],[-59.558735,-51.804219]],[[-59.660398,-51.799291],[-59.663587,-51.789632],[-59.621889,-51.76825],[-59.633726,-51.783337],[-59.660398,-51.799291]],[[-59.515919,-51.731223],[-59.505161,-51.734508],[-59.528765,-51.750987],[-59.515919,-51.731223]],[[-59.548848,-51.665631],[-59.538109,-51.658849],[-59.557099,-51.671338],[-59.548848,-51.665631]],[[-59.21025,-51.590206],[-59.218821,-51.591778],[-59.21608,-51.583484],[-59.203231,-51.584614],[-59.21025,-51.590206]],[[-59.184758,-51.586769],[-59.186704,-51.591031],[-59.195094,-51.579002],[-59.184758,-51.586769]],[[-59.252534,-51.450582],[-59.247487,-51.449205],[-59.259469,-51.45379],[-59.252534,-51.450582]],[[-59.713994,-51.435159],[-59.718377,-51.430006],[-59.710183,-51.428434],[-59.712388,-51.438757],[-59.713994,-51.435159]],[[-59.663987,-51.434965],[-59.679597,-51.437727],[-59.671616,-51.431848],[-59.680432,-51.428213],[-59.669511,-51.4279],[-59.663987,-51.434965]],[[-59.647485,-51.415987],[-59.655679,-51.422609],[-59.662095,-51.415708],[-59.643083,-51.409647],[-59.651719,-51.41356],[-59.647485,-51.415987]],[[-59.595614,-51.409423],[-59.592282,-51.426124],[-59.618188,-51.422594],[-59.623448,-51.416616],[-59.642602,-51.420324],[-59.636327,-51.408632],[-59.607674,-51.404169],[-59.595614,-51.409423]],[[-59.698884,-51.390512],[-59.687554,-51.390148],[-59.697064,-51.399187],[-59.684949,-51.398275],[-59.684007,-51.407911],[-59.723233,-51.423681],[-59.728858,-51.409679],[-59.739667,-51.408758],[-59.731157,-51.398875],[-59.735391,-51.394666],[-59.723237,-51.400358],[-59.726819,-51.389371],[-59.698884,-51.390512]],[[-59.664979,-51.390741],[-59.673291,-51.406377],[-59.670361,-51.389276],[-59.647214,-51.384977],[-59.641278,-51.388036],[-59.664979,-51.390741]],[[-59.679531,-51.385536],[-59.754188,-51.388103],[-59.677364,-51.37561],[-59.672913,-51.379108],[-59.679531,-51.385536]],[[-59.615968,-51.369634],[-59.590135,-51.371603],[-59.617471,-51.37718],[-59.594636,-51.379087],[-59.632441,-51.383669],[-59.653765,-51.380098],[-59.653127,-51.384449],[-59.668351,-51.38471],[-59.672292,-51.374166],[-59.655961,-51.375112],[-59.655053,-51.368471],[-59.615968,-51.369634]],[[-59.661042,-51.350031],[-59.657288,-51.347658],[-59.655185,-51.354454],[-59.661042,-51.350031]],[[-59.62568,-51.347925],[-59.633508,-51.344793],[-59.625783,-51.337583],[-59.619985,-51.3439],[-59.62568,-51.347925]],[[-59.701675,-51.339492],[-59.703556,-51.346264],[-59.696571,-51.342567],[-59.691742,-51.349998],[-59.682054,-51.350549],[-59.684552,-51.34297],[-59.675648,-51.335258],[-59.661839,-51.343132],[-59.643688,-51.33887],[-59.644364,-51.344264],[-59.637432,-51.341674],[-59.633476,-51.348796],[-59.641708,-51.351314],[-59.638329,-51.356742],[-59.649624,-51.358505],[-59.65147,-51.344535],[-59.666065,-51.351924],[-59.676891,-51.34955],[-59.663841,-51.357551],[-59.700424,-51.352382],[-59.715759,-51.33517],[-59.692761,-51.326798],[-59.701675,-51.339492]],[[-59.658893,-51.334356],[-59.660617,-51.337766],[-59.670985,-51.334135],[-59.658893,-51.334356]],[[-59.750552,-51.252827],[-59.743727,-51.264874],[-59.726504,-51.257],[-59.72576,-51.268394],[-59.696154,-51.272696],[-59.672617,-51.2714],[-59.653266,-51.264073],[-59.638888,-51.26895],[-59.603427,-51.262854],[-59.601356,-51.268071],[-59.588164,-51.270241],[-59.603355,-51.28486],[-59.595156,-51.29069],[-59.588279,-51.282576],[-59.600557,-51.305304],[-59.587732,-51.311369],[-59.556299,-51.308559],[-59.546304,-51.302221],[-59.542022,-51.294168],[-59.552929,-51.291028],[-59.53866,-51.286058],[-59.549437,-51.278039],[-59.517172,-51.28589],[-59.51145,-51.282212],[-59.5178,-51.275005],[-59.508971,-51.278893],[-59.5027,-51.274358],[-59.491524,-51.275822],[-59.473734,-51.284051],[-59.479307,-51.290346],[-59.47121,-51.303923],[-59.45135,-51.310733],[-59.449794,-51.320723],[-59.434884,-51.325241],[-59.424416,-51.338085],[-59.434483,-51.338818],[-59.459447,-51.327736],[-59.477835,-51.303315],[-59.482631,-51.306332],[-59.472009,-51.319181],[-59.485372,-51.332544],[-59.459257,-51.345743],[-59.461451,-51.351061],[-59.485594,-51.343304],[-59.506234,-51.34303],[-59.513436,-51.347734],[-59.530266,-51.343503],[-59.550381,-51.347147],[-59.586293,-51.343744],[-59.59908,-51.334047],[-59.600911,-51.319311],[-59.619516,-51.305056],[-59.660616,-51.301921],[-59.680384,-51.294116],[-59.714711,-51.303241],[-59.721886,-51.29293],[-59.728334,-51.300624],[-59.732546,-51.293263],[-59.757837,-51.293175],[-59.769266,-51.283779],[-59.811555,-51.280339],[-59.837908,-51.264322],[-59.82395,-51.261937],[-59.823642,-51.254018],[-59.799018,-51.25507],[-59.765121,-51.248005],[-59.750552,-51.252827]],[[-58.905126,-52.449716],[-58.912912,-52.448861],[-58.891996,-52.438802],[-58.896083,-52.448936],[-58.905126,-52.449716]],[[-58.999015,-52.444506],[-59.00464,-52.446156],[-59.006143,-52.440633],[-58.999015,-52.444506]],[[-58.84293,-52.166554],[-58.850339,-52.170487],[-58.845328,-52.185171],[-58.825798,-52.20059],[-58.837682,-52.203806],[-58.835449,-52.210698],[-58.850388,-52.209931],[-58.848325,-52.215048],[-58.866309,-52.226075],[-58.879016,-52.223609],[-58.887702,-52.231028],[-58.92465,-52.236168],[-58.935786,-52.243192],[-58.987809,-52.240673],[-59.003823,-52.248253],[-59.004714,-52.241479],[-58.990144,-52.235005],[-58.997005,-52.225032],[-58.990155,-52.222725],[-58.975312,-52.224305],[-58.968976,-52.236428],[-58.949086,-52.23008],[-58.949035,-52.224347],[-58.936635,-52.234913],[-58.920081,-52.227259],[-58.914743,-52.213772],[-58.911212,-52.218251],[-58.897225,-52.215492],[-58.885018,-52.221891],[-58.874853,-52.211726],[-58.85658,-52.214196],[-58.85241,-52.206301],[-58.861604,-52.200248],[-58.85418,-52.196764],[-58.85418,-52.186371],[-58.861889,-52.178718],[-58.850846,-52.161713],[-58.841454,-52.160798],[-58.841407,-52.148248],[-58.826178,-52.133079],[-58.83183,-52.145676],[-58.824096,-52.15378],[-58.84293,-52.166554]],[[-58.998867,-52.14638],[-59.013323,-52.150544],[-59.015732,-52.144595],[-58.988279,-52.135137],[-58.998867,-52.14638]],[[-58.857132,-52.142989],[-58.861321,-52.139296],[-58.852143,-52.140707],[-58.857132,-52.142989]],[[-58.702833,-52.131197],[-58.707533,-52.137785],[-58.72064,-52.139482],[-58.722738,-52.131757],[-58.734816,-52.129869],[-58.713141,-52.125753],[-58.702833,-52.131197]],[[-58.59979,-52.135878],[-58.596084,-52.14406],[-58.614201,-52.151151],[-58.609112,-52.140372],[-58.628452,-52.130905],[-58.624654,-52.112672],[-58.614584,-52.117172],[-58.61743,-52.130114],[-58.59979,-52.135878]],[[-59.009805,-52.084356],[-59.000979,-52.081075],[-59.00517,-52.087503],[-59.009805,-52.084356]],[[-58.603796,-52.037874],[-58.609528,-52.035902],[-58.596066,-52.034528],[-58.603796,-52.037874]],[[-58.594923,-51.97239],[-58.596339,-51.976041],[-58.608618,-51.972443],[-58.594923,-51.97239]],[[-58.652577,-51.954334],[-58.671257,-51.95182],[-58.668141,-51.948967],[-58.652577,-51.954334]],[[-58.766908,-51.945299],[-58.756863,-51.946416],[-58.783105,-51.947466],[-58.766908,-51.945299]],[[-58.650686,-51.945504],[-58.674756,-51.942106],[-58.676997,-51.945859],[-58.685239,-51.940835],[-58.672761,-51.937825],[-58.650686,-51.945504]],[[-58.725099,-51.925472],[-58.718377,-51.928804],[-58.709811,-51.923628],[-58.700709,-51.925889],[-58.720994,-51.93041],[-58.710287,-51.932492],[-58.711357,-51.936299],[-58.734498,-51.931718],[-58.724326,-51.929458],[-58.736342,-51.923509],[-58.719745,-51.922379],[-58.725099,-51.925472]],[[-58.616416,-51.903817],[-58.623523,-51.902974],[-58.608436,-51.904702],[-58.616416,-51.903817]],[[-58.931996,-51.854753],[-58.928204,-51.859159],[-58.942899,-51.851348],[-58.931996,-51.854753]],[[-58.962913,-51.847096],[-58.973819,-51.846604],[-58.958411,-51.844609],[-58.956267,-51.846814],[-58.962913,-51.847096]],[[-58.952946,-51.838212],[-58.960705,-51.836358],[-58.95271,-51.832688],[-58.952946,-51.838212]],[[-58.951101,-51.242653],[-58.908953,-51.266356],[-58.905301,-51.276172],[-58.871587,-51.28571],[-58.839952,-51.287911],[-58.825727,-51.299492],[-58.817527,-51.297309],[-58.814584,-51.305441],[-58.791193,-51.305844],[-58.783784,-51.311509],[-58.745824,-51.317452],[-58.751806,-51.322297],[-58.739484,-51.325997],[-58.741003,-51.332959],[-58.734221,-51.331963],[-58.726461,-51.340813],[-58.731618,-51.347695],[-58.736349,-51.349179],[-58.740999,-51.347073],[-58.737474,-51.350151],[-58.731969,-51.348889],[-58.720426,-51.341441],[-58.726299,-51.325675],[-58.743078,-51.32162],[-58.738634,-51.314984],[-58.726137,-51.3182],[-58.720426,-51.326118],[-58.693801,-51.326562],[-58.670218,-51.335834],[-58.658704,-51.335155],[-58.660015,-51.329482],[-58.63956,-51.323869],[-58.629213,-51.34079],[-58.640092,-51.341279],[-58.618997,-51.35825],[-58.596087,-51.348603],[-58.592435,-51.363644],[-58.592309,-51.349953],[-58.580045,-51.347546],[-58.580141,-51.356076],[-58.562479,-51.364083],[-58.575426,-51.354695],[-58.570825,-51.345688],[-58.581956,-51.339802],[-58.577959,-51.33107],[-58.569543,-51.336274],[-58.578092,-51.328721],[-58.568819,-51.323521],[-58.586488,-51.325921],[-58.585011,-51.342274],[-58.617647,-51.350464],[-58.628881,-51.342225],[-58.620304,-51.334038],[-58.626243,-51.318811],[-58.636583,-51.314431],[-58.627656,-51.313008],[-58.623998,-51.320263],[-58.606206,-51.322008],[-58.582596,-51.310377],[-58.583768,-51.299286],[-58.572011,-51.297139],[-58.555529,-51.304798],[-58.531717,-51.295051],[-58.513349,-51.309544],[-58.490789,-51.304457],[-58.481477,-51.308138],[-58.465906,-51.298142],[-58.466005,-51.31157],[-58.458211,-51.316426],[-58.448331,-51.31367],[-58.43329,-51.320755],[-58.41213,-51.315747],[-58.394526,-51.33197],[-58.378313,-51.332051],[-58.38569,-51.344265],[-58.370664,-51.351708],[-58.365335,-51.34873],[-58.36696,-51.353787],[-58.354726,-51.35886],[-58.342982,-51.354506],[-58.340831,-51.361012],[-58.349157,-51.365239],[-58.331388,-51.379212],[-58.335351,-51.387913],[-58.347154,-51.390042],[-58.35143,-51.38382],[-58.360352,-51.391595],[-58.376651,-51.394689],[-58.340833,-51.390473],[-58.315088,-51.416668],[-58.330568,-51.428181],[-58.318914,-51.429108],[-58.325941,-51.436238],[-58.358743,-51.432843],[-58.353178,-51.441349],[-58.331064,-51.438614],[-58.343021,-51.445616],[-58.339498,-51.451622],[-58.350084,-51.455479],[-58.35095,-51.462174],[-58.365333,-51.465293],[-58.358964,-51.452267],[-58.37228,-51.449973],[-58.36485,-51.444973],[-58.3701,-51.433522],[-58.369531,-51.441811],[-58.378778,-51.446087],[-58.395078,-51.441475],[-58.45704,-51.45504],[-58.475595,-51.431027],[-58.47141,-51.41985],[-58.483908,-51.398322],[-58.49485,-51.397742],[-58.50604,-51.424248],[-58.519395,-51.419793],[-58.514668,-51.414682],[-58.520622,-51.406661],[-58.489545,-51.385628],[-58.503313,-51.381196],[-58.527475,-51.404923],[-58.538518,-51.408841],[-58.549304,-51.404513],[-58.547277,-51.400715],[-58.557943,-51.404152],[-58.530614,-51.412014],[-58.551008,-51.419194],[-58.537733,-51.421086],[-58.598976,-51.439486],[-58.582216,-51.439625],[-58.528146,-51.423649],[-58.522909,-51.42907],[-58.535852,-51.433728],[-58.542692,-51.430626],[-58.560335,-51.438172],[-58.566289,-51.447884],[-58.572011,-51.443654],[-58.583421,-51.445912],[-58.591169,-51.454453],[-58.596525,-51.452115],[-58.592802,-51.458123],[-58.621072,-51.467598],[-58.626794,-51.463147],[-58.624921,-51.467267],[-58.633577,-51.470051],[-58.62092,-51.469376],[-58.598228,-51.461056],[-58.59617,-51.464619],[-58.582096,-51.448874],[-58.572011,-51.445301],[-58.572946,-51.450497],[-58.558855,-51.450802],[-58.558514,-51.439946],[-58.517629,-51.42878],[-58.521398,-51.43945],[-58.541791,-51.444649],[-58.522409,-51.443631],[-58.50815,-51.436459],[-58.516008,-51.446476],[-58.509496,-51.44558],[-58.513906,-51.449757],[-58.507192,-51.44814],[-58.504205,-51.453782],[-58.516582,-51.460877],[-58.52017,-51.45517],[-58.543729,-51.457238],[-58.524595,-51.45797],[-58.52329,-51.471203],[-58.551568,-51.469189],[-58.546251,-51.471524],[-58.559949,-51.475628],[-58.559881,-51.480236],[-58.548482,-51.474392],[-58.532358,-51.476529],[-58.526624,-51.482354],[-58.520589,-51.474511],[-58.514486,-51.478421],[-58.513311,-51.48259],[-58.524408,-51.483727],[-58.52984,-51.48975],[-58.542604,-51.490193],[-58.526639,-51.499752],[-58.536336,-51.509598],[-58.529836,-51.511956],[-58.51164,-51.500675],[-58.526418,-51.49495],[-58.52065,-51.485672],[-58.510602,-51.492127],[-58.502492,-51.480866],[-58.492929,-51.479763],[-58.491914,-51.468461],[-58.476331,-51.468312],[-58.476774,-51.477086],[-58.466974,-51.477642],[-58.473165,-51.491147],[-58.442834,-51.468682],[-58.424741,-51.468899],[-58.436407,-51.472973],[-58.435251,-51.481316],[-58.424661,-51.480595],[-58.423337,-51.492218],[-58.433439,-51.49379],[-58.429269,-51.496907],[-58.437845,-51.501282],[-58.40978,-51.49054],[-58.415456,-51.510437],[-58.433817,-51.523688],[-58.422006,-51.534607],[-58.43147,-51.538594],[-58.425828,-51.54163],[-58.430517,-51.545037],[-58.462728,-51.547711],[-58.444341,-51.547356],[-58.433294,-51.551697],[-58.427106,-51.563431],[-58.417505,-51.563122],[-58.419301,-51.551396],[-58.410356,-51.549374],[-58.405138,-51.528157],[-58.388906,-51.537842],[-58.377484,-51.530188],[-58.392934,-51.549481],[-58.383221,-51.551476],[-58.371126,-51.545548],[-58.36852,-51.551442],[-58.378233,-51.555365],[-58.370876,-51.558968],[-58.385873,-51.564885],[-58.359498,-51.559102],[-58.349817,-51.561211],[-58.3537,-51.571293],[-58.342538,-51.565541],[-58.328233,-51.56736],[-58.345573,-51.554495],[-58.327222,-51.55196],[-58.326684,-51.537718],[-58.309556,-51.543702],[-58.314569,-51.54567],[-58.308702,-51.55682],[-58.300739,-51.557223],[-58.292553,-51.548173],[-58.290563,-51.553845],[-58.275635,-51.555884],[-58.282804,-51.560822],[-58.278287,-51.565484],[-58.270814,-51.562375],[-58.26476,-51.565503],[-58.264712,-51.572963],[-58.283975,-51.572773],[-58.273956,-51.575378],[-58.276441,-51.581578],[-58.264797,-51.582734],[-58.272813,-51.586266],[-58.264051,-51.594601],[-58.29207,-51.588608],[-58.285181,-51.593888],[-58.304043,-51.604781],[-58.309011,-51.614889],[-58.282856,-51.5977],[-58.269893,-51.600955],[-58.263497,-51.613348],[-58.252222,-51.614438],[-58.25514,-51.618779],[-58.282068,-51.623272],[-58.256187,-51.621799],[-58.264354,-51.636819],[-58.256315,-51.6455],[-58.268751,-51.650239],[-58.262273,-51.653665],[-58.280858,-51.655835],[-58.26384,-51.655207],[-58.279544,-51.66166],[-58.266295,-51.661603],[-58.258375,-51.652856],[-58.240869,-51.654032],[-58.256816,-51.65218],[-58.250063,-51.643294],[-58.254132,-51.63619],[-58.244768,-51.636086],[-58.254246,-51.634591],[-58.24793,-51.620934],[-58.236732,-51.626322],[-58.24311,-51.629966],[-58.23322,-51.632702],[-58.240711,-51.637332],[-58.222261,-51.647633],[-58.226435,-51.653836],[-58.218497,-51.660175],[-58.212558,-51.649268],[-58.21113,-51.655321],[-58.19908,-51.658291],[-58.226579,-51.637669],[-58.202181,-51.644765],[-58.172834,-51.643515],[-58.19297,-51.638931],[-58.211709,-51.641667],[-58.217271,-51.632649],[-58.204388,-51.630349],[-58.228548,-51.62711],[-58.20462,-51.62237],[-58.231602,-51.623214],[-58.241636,-51.617745],[-58.24006,-51.607695],[-58.260528,-51.60067],[-58.257631,-51.594197],[-58.246572,-51.593968],[-58.252183,-51.584366],[-58.233995,-51.587002],[-58.1951,-51.607464],[-58.174577,-51.607438],[-58.170152,-51.603383],[-58.163255,-51.609761],[-58.157529,-51.607296],[-58.146661,-51.611817],[-58.153448,-51.605942],[-58.211578,-51.586756],[-58.178899,-51.5817],[-58.222188,-51.580224],[-58.241607,-51.574158],[-58.220273,-51.563427],[-58.232358,-51.564208],[-58.233388,-51.559826],[-58.240137,-51.564116],[-58.262954,-51.553664],[-58.244459,-51.549889],[-58.24975,-51.545975],[-58.239114,-51.542427],[-58.225942,-51.545323],[-58.216955,-51.542035],[-58.22027,-51.537865],[-58.203302,-51.530526],[-58.201278,-51.524208],[-58.250497,-51.535229],[-58.270555,-51.53439],[-58.277351,-51.531048],[-58.267095,-51.518765],[-58.278673,-51.527737],[-58.29791,-51.530632],[-58.301492,-51.521531],[-58.283764,-51.50243],[-58.287069,-51.4907],[-58.296339,-51.487263],[-58.30375,-51.490349],[-58.303113,-51.499672],[-58.3229,-51.500523],[-58.315443,-51.504013],[-58.31683,-51.513917],[-58.333086,-51.520379],[-58.337204,-51.509932],[-58.352979,-51.518341],[-58.37848,-51.512692],[-58.369857,-51.509081],[-58.36998,-51.501198],[-58.377149,-51.500603],[-58.351627,-51.486708],[-58.375444,-51.491005],[-58.386583,-51.484505],[-58.35452,-51.478348],[-58.341913,-51.470293],[-58.328958,-51.475724],[-58.338705,-51.465699],[-58.321195,-51.455159],[-58.31299,-51.439995],[-58.299959,-51.43874],[-58.291429,-51.430233],[-58.296411,-51.419039],[-58.277311,-51.398453],[-58.282686,-51.390976],[-58.267053,-51.392056],[-58.233396,-51.382515],[-58.210832,-51.388535],[-58.193929,-51.384705],[-58.175669,-51.387956],[-58.156583,-51.377644],[-58.13764,-51.383717],[-58.133589,-51.3772],[-58.107671,-51.378066],[-58.097005,-51.38297],[-58.079847,-51.373312],[-58.05541,-51.369576],[-58.053399,-51.377602],[-58.041864,-51.379639],[-58.042116,-51.373757],[-58.034337,-51.372437],[-58.014273,-51.382385],[-58.02467,-51.391179],[-58.018543,-51.389722],[-58.014735,-51.401768],[-58.012951,-51.383981],[-58.003923,-51.377102],[-57.981126,-51.3772],[-57.977973,-51.367682],[-57.962447,-51.37143],[-57.943768,-51.362447],[-57.945777,-51.366515],[-57.925803,-51.369585],[-57.904565,-51.378571],[-57.905866,-51.383347],[-57.896357,-51.383386],[-57.897794,-51.392479],[-57.888288,-51.40194],[-57.853189,-51.414383],[-57.860675,-51.41812],[-57.855432,-51.423462],[-57.865942,-51.424313],[-57.870946,-51.432488],[-57.86046,-51.44508],[-57.84168,-51.44878],[-57.845952,-51.455044],[-57.834398,-51.461616],[-57.837812,-51.474099],[-57.818613,-51.485398],[-57.798498,-51.485791],[-57.772157,-51.495701],[-57.74193,-51.512661],[-57.769994,-51.509633],[-57.783586,-51.518334],[-57.7887,-51.511914],[-57.797132,-51.512108],[-57.792149,-51.507542],[-57.847169,-51.501862],[-57.860506,-51.493784],[-57.839312,-51.486684],[-57.843809,-51.474774],[-57.866211,-51.496178],[-57.897684,-51.498204],[-57.882976,-51.50014],[-57.874975,-51.509209],[-57.821973,-51.513764],[-57.810426,-51.510102],[-57.812101,-51.518929],[-57.80335,-51.515614],[-57.766172,-51.526391],[-57.76637,-51.540898],[-57.826993,-51.546326],[-57.913087,-51.541707],[-57.925195,-51.537465],[-57.954908,-51.540364],[-57.986948,-51.526974],[-57.993253,-51.507136],[-58.035216,-51.508712],[-58.039096,-51.500459],[-58.063108,-51.493683],[-58.078073,-51.495892],[-58.053344,-51.502507],[-58.042606,-51.511483],[-58.048992,-51.51469],[-58.042668,-51.526447],[-58.018091,-51.535213],[-58.084744,-51.525874],[-58.093131,-51.521056],[-58.088194,-51.520044],[-58.114546,-51.511002],[-58.092921,-51.525725],[-58.100555,-51.529773],[-58.09557,-51.532299],[-58.10366,-51.530216],[-58.102173,-51.534678],[-58.117737,-51.536732],[-58.11645,-51.528967],[-58.124301,-51.526549],[-58.127514,-51.531466],[-58.120257,-51.536819],[-58.162466,-51.541069],[-58.164931,-51.547527],[-58.148923,-51.556117],[-58.106703,-51.564218],[-58.122369,-51.566361],[-58.110895,-51.569321],[-58.149534,-51.56709],[-58.131013,-51.569531],[-58.136686,-51.574315],[-58.128473,-51.570019],[-58.116983,-51.577801],[-58.101995,-51.57733],[-58.108598,-51.577746],[-58.101783,-51.581437],[-58.106498,-51.58471],[-58.099283,-51.584968],[-58.094499,-51.578936],[-58.100091,-51.57733],[-58.073798,-51.578579],[-58.108623,-51.572345],[-58.103229,-51.565717],[-58.089443,-51.565849],[-58.069277,-51.570072],[-58.059462,-51.592023],[-58.0044,-51.594727],[-57.977392,-51.586949],[-57.925821,-51.599308],[-57.888281,-51.599779],[-57.784425,-51.616635],[-57.770492,-51.62107],[-57.754957,-51.638016],[-57.742887,-51.633801],[-57.743066,-51.639398],[-57.72496,-51.644482],[-57.761098,-51.642357],[-57.759408,-51.645657],[-57.774775,-51.648925],[-57.772718,-51.657799],[-57.780363,-51.655922],[-57.787865,-51.660873],[-57.801558,-51.648183],[-57.812922,-51.649039],[-57.816793,-51.654705],[-57.806926,-51.659433],[-57.844354,-51.665085],[-57.858877,-51.675343],[-57.87219,-51.670947],[-57.86746,-51.660404],[-57.874097,-51.67104],[-57.890295,-51.670319],[-57.91029,-51.661603],[-57.917356,-51.662007],[-57.916454,-51.652506],[-57.927007,-51.648832],[-57.977128,-51.653061],[-57.938409,-51.655243],[-57.929727,-51.650631],[-57.918985,-51.657696],[-57.920722,-51.665635],[-57.90944,-51.663272],[-57.89652,-51.669011],[-57.908102,-51.672902],[-57.872606,-51.673214],[-57.875235,-51.677549],[-57.831301,-51.682043],[-57.920976,-51.687104],[-57.784658,-51.699051],[-57.782144,-51.694607],[-57.808055,-51.693013],[-57.800758,-51.685698],[-57.826688,-51.683934],[-57.82195,-51.676621],[-57.808553,-51.673817],[-57.799634,-51.680363],[-57.784448,-51.673005],[-57.766225,-51.681878],[-57.718088,-51.683274],[-57.733479,-51.686055],[-57.738416,-51.692301],[-57.771787,-51.692212],[-57.776575,-51.699971],[-57.806478,-51.704758],[-57.805143,-51.710679],[-57.818485,-51.713121],[-57.813012,-51.717642],[-57.832307,-51.721943],[-57.850801,-51.717587],[-57.852788,-51.724286],[-57.867605,-51.725628],[-57.869035,-51.729931],[-57.894571,-51.728253],[-57.892755,-51.721264],[-57.91609,-51.717514],[-57.894346,-51.723969],[-57.899351,-51.727505],[-57.952054,-51.725495],[-57.954698,-51.732708],[-58.012254,-51.734772],[-58.001237,-51.739216],[-57.949874,-51.734557],[-57.927312,-51.738945],[-57.857824,-51.738514],[-57.881922,-51.746658],[-57.920861,-51.742627],[-57.972227,-51.749775],[-57.967139,-51.754464],[-58.036158,-51.758067],[-58.051372,-51.755594],[-58.043582,-51.750182],[-58.051374,-51.745958],[-58.044177,-51.737333],[-58.067251,-51.735875],[-58.086778,-51.7419],[-58.065397,-51.741921],[-58.046616,-51.750479],[-58.065175,-51.759699],[-58.091525,-51.757201],[-58.083435,-51.759699],[-58.092752,-51.762532],[-58.060057,-51.770466],[-58.064966,-51.771691],[-58.158117,-51.765061],[-58.153835,-51.762648],[-58.164304,-51.76051],[-58.159831,-51.755069],[-58.165331,-51.752045],[-58.155178,-51.747505],[-58.153306,-51.739743],[-58.17074,-51.741009],[-58.174333,-51.747743],[-58.184353,-51.742632],[-58.185874,-51.74578],[-58.164455,-51.749997],[-58.167326,-51.75357],[-58.164162,-51.757318],[-58.183248,-51.760437],[-58.176484,-51.756716],[-58.189342,-51.75544],[-58.193175,-51.766195],[-58.210048,-51.76652],[-58.213425,-51.758262],[-58.227581,-51.761668],[-58.234246,-51.755169],[-58.266069,-51.748532],[-58.29833,-51.747395],[-58.305986,-51.753956],[-58.289152,-51.748685],[-58.282978,-51.754368],[-58.266011,-51.752671],[-58.258527,-51.760086],[-58.235906,-51.758198],[-58.244882,-51.762639],[-58.241443,-51.765877],[-58.225977,-51.76546],[-58.220266,-51.773253],[-58.201112,-51.777536],[-58.232954,-51.784016],[-58.22217,-51.781938],[-58.207404,-51.7872],[-58.170824,-51.779803],[-58.109133,-51.788431],[-58.135664,-51.791286],[-58.118235,-51.795569],[-58.12021,-51.799025],[-58.187549,-51.791813],[-58.21872,-51.796453],[-58.229515,-51.792588],[-58.223776,-51.791039],[-58.239622,-51.789826],[-58.244834,-51.79217],[-58.229475,-51.796521],[-58.260836,-51.79794],[-58.257802,-51.804602],[-58.286356,-51.800438],[-58.286058,-51.809837],[-58.297975,-51.821763],[-58.328294,-51.818522],[-58.333917,-51.811501],[-58.333576,-51.817219],[-58.324151,-51.82288],[-58.387559,-51.824452],[-58.354761,-51.826294],[-58.372934,-51.833062],[-58.349145,-51.826397],[-58.342489,-51.830708],[-58.339061,-51.826255],[-58.32181,-51.841187],[-58.337556,-51.843544],[-58.320977,-51.843566],[-58.320901,-51.833626],[-58.304891,-51.833455],[-58.303518,-51.827359],[-58.287694,-51.828808],[-58.296537,-51.825459],[-58.281418,-51.806803],[-58.253757,-51.80835],[-58.253439,-51.804122],[-58.20913,-51.81401],[-58.164396,-51.816092],[-58.189935,-51.826718],[-58.235902,-51.828499],[-58.234927,-51.839055],[-58.214329,-51.845828],[-58.216579,-51.862791],[-58.234213,-51.863861],[-58.2479,-51.873885],[-58.256969,-51.86752],[-58.233321,-51.861362],[-58.230704,-51.852023],[-58.225826,-51.856663],[-58.225171,-51.845479],[-58.244207,-51.843754],[-58.263362,-51.854997],[-58.265682,-51.849465],[-58.274307,-51.849703],[-58.270964,-51.857564],[-58.297796,-51.859528],[-58.273831,-51.860648],[-58.2784,-51.863993],[-58.314937,-51.867132],[-58.306846,-51.882896],[-58.317937,-51.87838],[-58.346464,-51.881945],[-58.378702,-51.891064],[-58.392091,-51.900564],[-58.457288,-51.900028],[-58.460973,-51.904185],[-58.486085,-51.896582],[-58.461858,-51.890877],[-58.503656,-51.895047],[-58.507165,-51.885373],[-58.537553,-51.879567],[-58.541643,-51.864716],[-58.516595,-51.860848],[-58.536428,-51.860596],[-58.544115,-51.865109],[-58.549352,-51.859044],[-58.558633,-51.856915],[-58.548246,-51.855019],[-58.548826,-51.848057],[-58.563722,-51.846837],[-58.562471,-51.838894],[-58.569993,-51.835919],[-58.56458,-51.829812],[-58.575166,-51.832127],[-58.583707,-51.828206],[-58.593839,-51.830605],[-58.579626,-51.831063],[-58.564364,-51.839055],[-58.565494,-51.846669],[-58.551396,-51.84887],[-58.563055,-51.855354],[-58.553037,-51.859806],[-58.561483,-51.864357],[-58.551752,-51.86273],[-58.542651,-51.867549],[-58.540569,-51.879803],[-58.532347,-51.884155],[-58.510469,-51.886347],[-58.517553,-51.895207],[-58.593553,-51.887104],[-58.558199,-51.89665],[-58.557828,-51.900547],[-58.567621,-51.900914],[-58.557701,-51.906334],[-58.568506,-51.90696],[-58.572175,-51.899178],[-58.581548,-51.901577],[-58.597257,-51.896035],[-58.615655,-51.900841],[-58.6256,-51.894795],[-58.623781,-51.899209],[-58.632326,-51.902108],[-58.626543,-51.90387],[-58.639911,-51.905263],[-58.640016,-51.894154],[-58.678071,-51.904084],[-58.685002,-51.900894],[-58.68437,-51.891167],[-58.667966,-51.894593],[-58.649084,-51.888127],[-58.639764,-51.892861],[-58.629892,-51.883191],[-58.667226,-51.885529],[-58.668706,-51.891133],[-58.685544,-51.887967],[-58.69441,-51.876061],[-58.718992,-51.872456],[-58.691076,-51.881112],[-58.691411,-51.893696],[-58.732244,-51.890362],[-58.726354,-51.88591],[-58.743841,-51.881649],[-58.736101,-51.888726],[-58.756856,-51.886845],[-58.748987,-51.896157],[-58.764116,-51.898884],[-58.808465,-51.884106],[-58.810388,-51.877533],[-58.794996,-51.880818],[-58.810201,-51.868756],[-58.80578,-51.875821],[-58.820489,-51.870148],[-58.837438,-51.870766],[-58.85452,-51.865345],[-58.857465,-51.857243],[-58.853116,-51.856366],[-58.852582,-51.853032],[-58.83687,-51.858769],[-58.814256,-51.856831],[-58.838319,-51.856739],[-58.86033,-51.847352],[-58.84937,-51.848267],[-58.868871,-51.844387],[-58.877042,-51.841092],[-58.870866,-51.839253],[-58.882501,-51.835961],[-58.872659,-51.839741],[-58.880849,-51.840821],[-58.87713,-51.847279],[-58.888216,-51.846337],[-58.876493,-51.850026],[-58.875284,-51.844548],[-58.868055,-51.845047],[-58.856569,-51.852738],[-58.859388,-51.855858],[-58.858026,-51.860653],[-58.865888,-51.85925],[-58.861677,-51.863965],[-58.932619,-51.841301],[-58.926237,-51.837883],[-58.93712,-51.821606],[-58.92666,-51.823342],[-58.922094,-51.814385],[-58.928674,-51.822026],[-58.937936,-51.820115],[-58.948633,-51.805016],[-58.940839,-51.788632],[-58.950178,-51.787262],[-58.954484,-51.795178],[-58.948968,-51.797955],[-58.957265,-51.803475],[-58.966634,-51.802178],[-58.957212,-51.805851],[-58.961698,-51.814854],[-58.967313,-51.81876],[-58.973894,-51.815968],[-58.967714,-51.820412],[-58.972845,-51.826165],[-58.964414,-51.830197],[-58.974809,-51.828812],[-58.984357,-51.838734],[-58.979417,-51.844338],[-58.971307,-51.836323],[-58.967538,-51.838585],[-58.976152,-51.845528],[-58.972679,-51.849822],[-58.97879,-51.85439],[-59.009649,-51.856389],[-59.021467,-51.849141],[-59.048479,-51.859978],[-59.079427,-51.854901],[-59.086366,-51.857586],[-59.082738,-51.844239],[-59.099561,-51.840676],[-59.092824,-51.854565],[-59.115625,-51.876503],[-59.098215,-51.868493],[-59.092813,-51.858471],[-59.067171,-51.857155],[-59.060362,-51.862195],[-59.042024,-51.862179],[-59.023576,-51.852875],[-59.006567,-51.859955],[-59.013249,-51.873735],[-59.004209,-51.858059],[-58.991506,-51.857411],[-58.989461,-51.873505],[-58.976831,-51.856427],[-58.970415,-51.861378],[-58.978132,-51.858857],[-58.977287,-51.863726],[-58.970136,-51.865681],[-58.966374,-51.861065],[-58.958429,-51.864609],[-58.962461,-51.868271],[-58.954536,-51.875044],[-58.910638,-51.881726],[-58.909623,-51.889797],[-58.892835,-51.902108],[-58.879186,-51.904892],[-58.875558,-51.900757],[-58.845067,-51.914746],[-58.817971,-51.918775],[-58.796327,-51.93121],[-58.760278,-51.936814],[-58.78766,-51.936299],[-58.791677,-51.947148],[-58.802518,-51.944798],[-58.799943,-51.938572],[-58.807001,-51.941361],[-58.82084,-51.935357],[-58.83233,-51.920102],[-58.834627,-51.924938],[-58.843824,-51.917805],[-58.850867,-51.922273],[-58.862266,-51.919402],[-58.858029,-51.923855],[-58.887796,-51.918641],[-58.875246,-51.912312],[-58.882557,-51.908416],[-58.897569,-51.917607],[-58.895692,-51.92709],[-58.846593,-51.931466],[-58.840681,-51.935765],[-58.852144,-51.934857],[-58.851358,-51.939328],[-58.835027,-51.939331],[-58.833761,-51.9347],[-58.822153,-51.944516],[-58.804773,-51.947922],[-58.801538,-51.953186],[-58.815168,-51.95044],[-58.816553,-51.953064],[-58.805029,-51.952799],[-58.80834,-51.960579],[-58.805099,-51.967229],[-58.806467,-51.960309],[-58.795434,-51.952927],[-58.769105,-51.956162],[-58.76832,-51.963784],[-58.775533,-51.957241],[-58.781324,-51.962178],[-58.763616,-51.97033],[-58.762689,-51.97827],[-58.770227,-51.979832],[-58.761679,-51.980194],[-58.765897,-51.993119],[-58.752737,-51.972607],[-58.760583,-51.966786],[-58.752121,-51.96578],[-58.760828,-51.961796],[-58.742914,-51.96073],[-58.745852,-51.954012],[-58.732542,-51.952328],[-58.725698,-51.966927],[-58.725812,-51.951771],[-58.699338,-51.952584],[-58.693841,-51.973523],[-58.688762,-51.961735],[-58.677322,-51.964492],[-58.677441,-51.960447],[-58.670248,-51.964535],[-58.662034,-51.96366],[-58.666334,-51.959694],[-58.652818,-51.962311],[-58.651044,-51.972996],[-58.660619,-51.9735],[-58.655435,-51.975228],[-58.645887,-51.974881],[-58.642848,-51.96661],[-58.624379,-51.966277],[-58.627603,-51.98193],[-58.61843,-51.983469],[-58.622526,-51.980656],[-58.614004,-51.975541],[-58.606797,-51.983237],[-58.622476,-51.989536],[-58.603883,-51.991105],[-58.61334,-51.991082],[-58.615335,-51.997048],[-58.629966,-51.995341],[-58.623476,-52.002076],[-58.631525,-52.006001],[-58.617876,-52.001526],[-58.602666,-52.01241],[-58.586469,-52.007714],[-58.58606,-52.015028],[-58.614953,-52.022706],[-58.626459,-52.016972],[-58.64565,-52.027222],[-58.688013,-52.023755],[-58.673743,-52.029305],[-58.672431,-52.041026],[-58.665306,-52.030961],[-58.645975,-52.036076],[-58.635862,-52.051148],[-58.663465,-52.054261],[-58.660783,-52.074707],[-58.645502,-52.090725],[-58.652141,-52.105969],[-58.637285,-52.114033],[-58.654611,-52.115815],[-58.653718,-52.137335],[-58.659631,-52.141475],[-58.669481,-52.135193],[-58.66847,-52.122582],[-58.694023,-52.123248],[-58.683282,-52.109792],[-58.688173,-52.102398],[-58.682687,-52.106223],[-58.67424,-52.096289],[-58.685543,-52.086771],[-58.701188,-52.087425],[-58.700095,-52.081177],[-58.710474,-52.078549],[-58.704973,-52.069161],[-58.721555,-52.063599],[-58.739151,-52.078659],[-58.744428,-52.070557],[-58.72966,-52.057621],[-58.735921,-52.050747],[-58.75472,-52.044568],[-58.772859,-52.048249],[-58.766153,-52.041069],[-58.780366,-52.047539],[-58.796761,-52.032696],[-58.803312,-52.037331],[-58.818902,-52.031857],[-58.82258,-52.023941],[-58.820611,-52.032814],[-58.813318,-52.035675],[-58.814279,-52.047341],[-58.809804,-52.048573],[-58.814722,-52.05658],[-58.850957,-52.05053],[-58.85729,-52.053326],[-58.868635,-52.041649],[-58.878267,-52.046299],[-58.897233,-52.033696],[-58.890439,-52.048424],[-58.883165,-52.043793],[-58.879983,-52.053219],[-58.875242,-52.049218],[-58.868253,-52.056805],[-58.872831,-52.074292],[-58.85975,-52.084561],[-58.873209,-52.084839],[-58.872606,-52.079452],[-58.887025,-52.074639],[-58.890393,-52.083021],[-58.901571,-52.088665],[-58.909509,-52.086976],[-58.910164,-52.096943],[-58.920323,-52.100893],[-58.928209,-52.117356],[-58.938836,-52.091887],[-58.949573,-52.08619],[-58.945436,-52.069191],[-58.951971,-52.070439],[-58.95284,-52.060509],[-58.964239,-52.066506],[-58.963918,-52.080107],[-58.973818,-52.079222],[-58.988679,-52.097529],[-58.991094,-52.069199],[-59.004903,-52.05592],[-59.004632,-52.04604],[-58.984857,-52.045128],[-59.000455,-52.039051],[-59.018175,-52.043911],[-59.01555,-52.020302],[-59.038157,-52.028853],[-59.044912,-52.040098],[-59.058996,-52.043057],[-59.06046,-52.034277],[-59.071462,-52.031311],[-59.065713,-52.023842],[-59.072175,-52.015999],[-59.082772,-52.015326],[-59.09455,-52.021334],[-59.090299,-52.02793],[-59.100796,-52.030435],[-59.117479,-52.016407],[-59.110429,-52.001767],[-59.120943,-52.005436],[-59.11782,-51.997924],[-59.130824,-52.001435],[-59.139769,-51.994394],[-59.134595,-51.982517],[-59.15601,-51.996109],[-59.157378,-51.990845],[-59.17451,-51.98561],[-59.17802,-51.976033],[-59.189501,-51.97175],[-59.179588,-51.976791],[-59.178744,-51.986316],[-59.166242,-51.988287],[-59.157557,-51.999054],[-59.168226,-52.012082],[-59.238924,-52.010983],[-59.248674,-51.997183],[-59.255472,-51.999173],[-59.258573,-51.994153],[-59.269758,-51.997578],[-59.276624,-52.009442],[-59.291326,-52.011475],[-59.283938,-52.017144],[-59.299409,-52.026322],[-59.294589,-52.029282],[-59.277393,-52.015597],[-59.281301,-52.023827],[-59.274473,-52.021849],[-59.265756,-52.006813],[-59.264622,-52.011281],[-59.247591,-52.009853],[-59.241899,-52.019133],[-59.225774,-52.016945],[-59.224225,-52.022843],[-59.209121,-52.01717],[-59.207039,-52.022107],[-59.197165,-52.021334],[-59.199009,-52.028115],[-59.186406,-52.027606],[-59.190681,-52.044177],[-59.23589,-52.053754],[-59.233689,-52.056847],[-59.198771,-52.052624],[-59.199306,-52.060654],[-59.190687,-52.065518],[-59.210824,-52.080182],[-59.171257,-52.05648],[-59.165381,-52.059035],[-59.164982,-52.051791],[-59.147512,-52.044138],[-59.145233,-52.036681],[-59.1321,-52.038732],[-59.134698,-52.044547],[-59.148207,-52.047805],[-59.14943,-52.057753],[-59.142913,-52.06351],[-59.13802,-52.054589],[-59.135688,-52.062001],[-59.098961,-52.080156],[-59.138837,-52.085499],[-59.142756,-52.094207],[-59.177145,-52.09182],[-59.172024,-52.095278],[-59.177794,-52.102713],[-59.16971,-52.095944],[-59.156702,-52.095185],[-59.147478,-52.106705],[-59.134698,-52.094002],[-59.125327,-52.101881],[-59.114917,-52.099263],[-59.115274,-52.109316],[-59.108135,-52.109486],[-59.09832,-52.09962],[-59.08336,-52.105072],[-59.067982,-52.102951],[-59.077143,-52.111042],[-59.073591,-52.117684],[-59.104982,-52.126389],[-59.11408,-52.117447],[-59.138771,-52.140086],[-59.149282,-52.137909],[-59.179506,-52.14457],[-59.16205,-52.142769],[-59.171667,-52.153812],[-59.158631,-52.144177],[-59.143514,-52.143667],[-59.157866,-52.16214],[-59.149511,-52.157772],[-59.14817,-52.164104],[-59.146266,-52.156608],[-59.126361,-52.151028],[-59.110693,-52.135491],[-59.101651,-52.147626],[-59.116544,-52.163968],[-59.082635,-52.150937],[-59.074228,-52.137097],[-59.07048,-52.141142],[-59.050697,-52.136795],[-59.023367,-52.144354],[-59.025544,-52.155519],[-59.045881,-52.157978],[-59.038858,-52.166165],[-59.066465,-52.163708],[-59.072598,-52.168676],[-59.071824,-52.175993],[-59.059173,-52.181286],[-59.072977,-52.185251],[-59.087053,-52.180871],[-59.102821,-52.197168],[-59.097463,-52.200977],[-59.088956,-52.196992],[-59.092704,-52.2146],[-59.071348,-52.198033],[-59.053027,-52.202226],[-59.036311,-52.198538],[-59.034883,-52.204308],[-59.023105,-52.204546],[-59.029351,-52.209067],[-59.035322,-52.205346],[-59.053324,-52.218169],[-59.050588,-52.235479],[-59.029493,-52.228333],[-59.026494,-52.231146],[-59.054276,-52.242499],[-59.028172,-52.244131],[-59.011365,-52.255612],[-59.021082,-52.256419],[-59.023997,-52.262367],[-59.040838,-52.248598],[-59.068553,-52.243867],[-59.063518,-52.232853],[-59.076286,-52.23655],[-59.090534,-52.231722],[-59.104958,-52.241963],[-59.105623,-52.232945],[-59.123994,-52.228579],[-59.127397,-52.222153],[-59.150466,-52.224653],[-59.15069,-52.214211],[-59.157604,-52.21576],[-59.160238,-52.209441],[-59.171754,-52.215168],[-59.195259,-52.210317],[-59.193117,-52.20526],[-59.201017,-52.203251],[-59.215068,-52.22382],[-59.226962,-52.224411],[-59.229999,-52.214897],[-59.241182,-52.219002],[-59.235509,-52.21072],[-59.250879,-52.200144],[-59.250574,-52.191166],[-59.259445,-52.191281],[-59.25834,-52.186167],[-59.246151,-52.188357],[-59.248826,-52.172619],[-59.258613,-52.171698],[-59.264323,-52.176528],[-59.266552,-52.164388],[-59.283204,-52.17142],[-59.296625,-52.162709],[-59.317605,-52.184449],[-59.325564,-52.179473],[-59.324659,-52.169873],[-59.29807,-52.16042],[-59.290987,-52.141121],[-59.322893,-52.155323],[-59.340246,-52.154154],[-59.349309,-52.161198],[-59.357908,-52.141533],[-59.353601,-52.129944],[-59.365474,-52.131089],[-59.367906,-52.113457],[-59.370763,-52.144789],[-59.394773,-52.137707],[-59.391054,-52.128968],[-59.40872,-52.116433],[-59.400868,-52.148161],[-59.379704,-52.157073],[-59.386518,-52.158776],[-59.396505,-52.156491],[-59.414312,-52.161546],[-59.415149,-52.140934],[-59.432277,-52.139417],[-59.433761,-52.132809],[-59.45343,-52.12546],[-59.440355,-52.133999],[-59.453069,-52.13963],[-59.43715,-52.14008],[-59.442271,-52.145127],[-59.435606,-52.152204],[-59.445642,-52.159924],[-59.460069,-52.154267],[-59.476118,-52.167103],[-59.486871,-52.165795],[-59.475255,-52.168015],[-59.453306,-52.160817],[-59.444888,-52.166959],[-59.419717,-52.168782],[-59.414645,-52.175755],[-59.403731,-52.172378],[-59.398405,-52.178194],[-59.405755,-52.187199],[-59.420778,-52.180874],[-59.464323,-52.196118],[-59.436605,-52.188775],[-59.422739,-52.194146],[-59.436001,-52.199074],[-59.429449,-52.208024],[-59.461461,-52.224474],[-59.428003,-52.215924],[-59.430776,-52.210274],[-59.419881,-52.211274],[-59.409662,-52.203392],[-59.400309,-52.203714],[-59.408637,-52.207699],[-59.404336,-52.213273],[-59.429567,-52.221505],[-59.416999,-52.220798],[-59.435644,-52.24357],[-59.41781,-52.233685],[-59.418571,-52.239227],[-59.377908,-52.205113],[-59.363606,-52.21454],[-59.349321,-52.208828],[-59.329579,-52.21222],[-59.387817,-52.226378],[-59.36654,-52.238846],[-59.343559,-52.238394],[-59.341811,-52.253719],[-59.36012,-52.264382],[-59.370555,-52.264493],[-59.382951,-52.277028],[-59.405714,-52.280205],[-59.410253,-52.275383],[-59.414665,-52.283991],[-59.399279,-52.281811],[-59.397037,-52.287961],[-59.393928,-52.282864],[-59.348028,-52.267876],[-59.342741,-52.282948],[-59.336024,-52.283515],[-59.351255,-52.29506],[-59.37475,-52.292653],[-59.371126,-52.296528],[-59.387777,-52.304276],[-59.383146,-52.319104],[-59.35217,-52.335068],[-59.335405,-52.334488],[-59.335092,-52.346138],[-59.325494,-52.343678],[-59.316602,-52.327496],[-59.296585,-52.332711],[-59.313241,-52.344905],[-59.308181,-52.350663],[-59.32389,-52.346905],[-59.364078,-52.359372],[-59.367177,-52.348481],[-59.3812,-52.350501],[-59.382204,-52.346043],[-59.391787,-52.345962],[-59.37018,-52.342835],[-59.373517,-52.334092],[-59.399812,-52.336674],[-59.406727,-52.331326],[-59.425909,-52.33115],[-59.419229,-52.325295],[-59.407022,-52.32589],[-59.406,-52.317097],[-59.414861,-52.310284],[-59.466438,-52.306572],[-59.484029,-52.313771],[-59.497709,-52.31189],[-59.499393,-52.303191],[-59.478124,-52.286473],[-59.483331,-52.279412],[-59.478322,-52.275395],[-59.510541,-52.273046],[-59.492776,-52.264264],[-59.493288,-52.25697],[-59.506937,-52.259301],[-59.514783,-52.254939],[-59.508584,-52.242832],[-59.546541,-52.25985],[-59.557737,-52.258103],[-59.562509,-52.251477],[-59.583726,-52.259575],[-59.581033,-52.250493],[-59.589849,-52.252057],[-59.594411,-52.244179],[-59.584669,-52.234875],[-59.575258,-52.236638],[-59.575944,-52.224774],[-59.552297,-52.204991],[-59.584657,-52.213616],[-59.630659,-52.209744],[-59.624322,-52.19349],[-59.613775,-52.188378],[-59.638879,-52.188462],[-59.645692,-52.181424],[-59.623422,-52.174012],[-59.64433,-52.165528],[-59.6443,-52.159844],[-59.654539,-52.159676],[-59.66215,-52.169761],[-59.663747,-52.163292],[-59.684568,-52.154015],[-59.678453,-52.145565],[-59.693883,-52.138369],[-59.702772,-52.143025],[-59.705873,-52.135472],[-59.73512,-52.126908],[-59.737783,-52.121453],[-59.72413,-52.124215],[-59.721704,-52.115399],[-59.710603,-52.117779],[-59.71412,-52.112893],[-59.707056,-52.107563],[-59.715101,-52.10352],[-59.727586,-52.105862],[-59.731554,-52.097122],[-59.695089,-52.09617],[-59.683794,-52.109143],[-59.667852,-52.10018],[-59.662961,-52.108231],[-59.67928,-52.124451],[-59.661966,-52.127118],[-59.660043,-52.11863],[-59.640081,-52.111046],[-59.637149,-52.129006],[-59.622218,-52.12627],[-59.622903,-52.119214],[-59.607389,-52.122048],[-59.615289,-52.104145],[-59.635602,-52.094353],[-59.631826,-52.088089],[-59.641149,-52.084275],[-59.629781,-52.077599],[-59.626547,-52.084237],[-59.614732,-52.079098],[-59.616188,-52.09123],[-59.603956,-52.093007],[-59.58341,-52.074795],[-59.575702,-52.076014],[-59.581924,-52.084687],[-59.575937,-52.08471],[-59.5543,-52.066876],[-59.570367,-52.06637],[-59.567094,-52.05663],[-59.574309,-52.051493],[-59.597246,-52.055798],[-59.603689,-52.048565],[-59.613748,-52.048596],[-59.611536,-52.034581],[-59.62005,-52.034085],[-59.611711,-52.030541],[-59.592869,-52.034064],[-59.595317,-52.024441],[-59.645479,-52.018162],[-59.653936,-52.005822],[-59.636732,-51.998932],[-59.636532,-52.008068],[-59.608186,-51.997624],[-59.59275,-52.007117],[-59.581129,-52.004639],[-59.574488,-52.009674],[-59.570581,-52.003899],[-59.570918,-52.008247],[-59.559854,-52.010924],[-59.545637,-52.005153],[-59.563779,-52.004116],[-59.574907,-51.997586],[-59.58827,-51.999909],[-59.585603,-51.996262],[-59.598253,-51.995198],[-59.596124,-51.987122],[-59.607122,-51.978974],[-59.623136,-51.979596],[-59.614707,-51.974072],[-59.620401,-51.96856],[-59.632089,-51.97242],[-59.64715,-51.962124],[-59.636426,-51.95974],[-59.629327,-51.965609],[-59.609371,-51.968089],[-59.59621,-51.985194],[-59.56384,-51.973896],[-59.546956,-51.972523],[-59.54529,-51.97746],[-59.526365,-51.966019],[-59.534753,-51.961346],[-59.553583,-51.963623],[-59.560205,-51.95184],[-59.576974,-51.960125],[-59.585897,-51.951142],[-59.5974,-51.954447],[-59.614717,-51.950631],[-59.609186,-51.916501],[-59.60032,-51.916165],[-59.591901,-51.904076],[-59.570752,-51.913377],[-59.575033,-51.922376],[-59.556715,-51.922039],[-59.53607,-51.931894],[-59.528799,-51.923024],[-59.515966,-51.938485],[-59.495786,-51.936203],[-59.503862,-51.923485],[-59.474683,-51.930066],[-59.481805,-51.925104],[-59.469831,-51.927548],[-59.474567,-51.916149],[-59.498094,-51.909985],[-59.512918,-51.912476],[-59.514169,-51.905526],[-59.526762,-51.902863],[-59.527565,-51.88357],[-59.537797,-51.881882],[-59.519971,-51.87117],[-59.520253,-51.882361],[-59.506032,-51.879927],[-59.508534,-51.889797],[-59.500995,-51.88741],[-59.505916,-51.891403],[-59.500325,-51.893961],[-59.483827,-51.893521],[-59.47879,-51.898422],[-59.459564,-51.887602],[-59.44481,-51.889172],[-59.450475,-51.884443],[-59.486881,-51.884502],[-59.458862,-51.865526],[-59.474882,-51.866837],[-59.477422,-51.863325],[-59.489542,-51.869095],[-59.48715,-51.861069],[-59.515169,-51.857319],[-59.495401,-51.848603],[-59.504713,-51.844628],[-59.497972,-51.835549],[-59.469896,-51.834759],[-59.446958,-51.823178],[-59.459041,-51.835961],[-59.456126,-51.847145],[-59.425727,-51.820757],[-59.420707,-51.824617],[-59.414012,-51.820412],[-59.410409,-51.812409],[-59.403228,-51.824263],[-59.414914,-51.839987],[-59.392997,-51.833067],[-59.398718,-51.843755],[-59.387062,-51.843814],[-59.39075,-51.853094],[-59.383969,-51.850774],[-59.37927,-51.85815],[-59.382607,-51.849474],[-59.370439,-51.840569],[-59.376935,-51.83265],[-59.366392,-51.822822],[-59.358138,-51.830211],[-59.354509,-51.827356],[-59.36129,-51.819504],[-59.355639,-51.812068],[-59.359888,-51.798798],[-59.349885,-51.790116],[-59.3593,-51.787461],[-59.361448,-51.777634],[-59.351835,-51.787461],[-59.336206,-51.786],[-59.340005,-51.797062],[-59.328016,-51.793885],[-59.32423,-51.810581],[-59.301065,-51.789235],[-59.291887,-51.787922],[-59.288885,-51.792576],[-59.301268,-51.802253],[-59.300436,-51.807755],[-59.291673,-51.796231],[-59.272358,-51.798148],[-59.291013,-51.776417],[-59.302251,-51.780781],[-59.297418,-51.771328],[-59.304487,-51.770016],[-59.306069,-51.760605],[-59.284333,-51.758856],[-59.278753,-51.746697],[-59.269285,-51.743315],[-59.272573,-51.749825],[-59.25907,-51.748694],[-59.26328,-51.75483],[-59.254,-51.757828],[-59.261353,-51.766822],[-59.248444,-51.766323],[-59.238748,-51.751629],[-59.251872,-51.751609],[-59.24933,-51.736321],[-59.230992,-51.72139],[-59.214865,-51.717257],[-59.210588,-51.720914],[-59.220344,-51.734239],[-59.213009,-51.750522],[-59.22459,-51.765073],[-59.217511,-51.759422],[-59.215429,-51.762813],[-59.197799,-51.722104],[-59.18099,-51.734177],[-59.177055,-51.727557],[-59.1583,-51.72145],[-59.153243,-51.704972],[-59.139925,-51.704754],[-59.125642,-51.696941],[-59.122556,-51.701844],[-59.104211,-51.705265],[-59.085786,-51.690993],[-59.069903,-51.696108],[-59.05597,-51.690471],[-59.054189,-51.703381],[-59.049618,-51.698904],[-59.04387,-51.711487],[-59.058935,-51.723782],[-59.051031,-51.72905],[-59.045399,-51.726394],[-59.040685,-51.742073],[-59.046712,-51.739163],[-59.046976,-51.744057],[-59.061002,-51.745919],[-59.034997,-51.74527],[-59.03557,-51.751088],[-59.041933,-51.748181],[-59.052591,-51.753144],[-59.040052,-51.753354],[-59.034835,-51.75866],[-59.029226,-51.755703],[-59.024633,-51.775208],[-59.030897,-51.772694],[-59.033584,-51.778822],[-59.03568,-51.77343],[-59.045354,-51.773232],[-59.042436,-51.780457],[-59.071744,-51.783619],[-59.043729,-51.785778],[-59.047849,-51.79395],[-59.030904,-51.812481],[-59.060823,-51.807795],[-59.062757,-51.813065],[-59.041884,-51.813147],[-59.051385,-51.821061],[-59.04894,-51.82742],[-59.028597,-51.831585],[-59.020174,-51.828919],[-59.025648,-51.824143],[-59.033102,-51.825665],[-59.028882,-51.816273],[-59.017957,-51.813969],[-59.020792,-51.822274],[-59.009794,-51.823826],[-59.004438,-51.817784],[-59.013879,-51.814694],[-59.000265,-51.814751],[-58.980958,-51.794594],[-58.984895,-51.785016],[-58.975507,-51.788262],[-58.959596,-51.775292],[-58.949174,-51.77415],[-58.947835,-51.769673],[-58.957509,-51.772652],[-58.952791,-51.767331],[-58.961278,-51.773411],[-58.964082,-51.770722],[-58.967836,-51.780129],[-58.978631,-51.784672],[-58.983057,-51.774796],[-58.988805,-51.773468],[-58.983442,-51.783593],[-58.989637,-51.78339],[-59.003816,-51.772488],[-59.001687,-51.763313],[-58.993703,-51.771798],[-58.987009,-51.767846],[-58.997831,-51.75557],[-59.003362,-51.759613],[-58.995092,-51.748059],[-59.006757,-51.74754],[-59.008661,-51.711232],[-59.025169,-51.711753],[-59.024835,-51.719906],[-59.028262,-51.710623],[-59.035928,-51.713665],[-59.041116,-51.700039],[-59.033018,-51.699807],[-59.029036,-51.68897],[-59.019518,-51.690338],[-59.034032,-51.677192],[-59.016662,-51.678143],[-59.002921,-51.693907],[-59.00649,-51.681594],[-59.024995,-51.672448],[-59.008751,-51.674336],[-58.99616,-51.686364],[-58.998197,-51.677487],[-59.048318,-51.653794],[-58.996913,-51.665235],[-58.98007,-51.675896],[-58.976711,-51.670985],[-59.041265,-51.648537],[-59.041124,-51.641044],[-59.047964,-51.646176],[-59.060141,-51.640359],[-59.076616,-51.643044],[-59.084522,-51.626775],[-59.101775,-51.624452],[-59.099729,-51.618573],[-59.109704,-51.621067],[-59.108289,-51.612236],[-59.151243,-51.600125],[-59.154359,-51.595069],[-59.162486,-51.596544],[-59.178796,-51.584336],[-59.170225,-51.575814],[-59.158494,-51.576928],[-59.128192,-51.534682],[-59.113261,-51.528674],[-59.12837,-51.496551],[-59.115652,-51.504082],[-59.113874,-51.500235],[-59.087572,-51.528061],[-59.084529,-51.545509],[-59.074,-51.554134],[-59.079948,-51.568173],[-59.065587,-51.572476],[-59.07834,-51.587315],[-59.059366,-51.579951],[-59.041478,-51.597765],[-59.044479,-51.603665],[-59.033461,-51.597839],[-59.014484,-51.602252],[-59.036329,-51.591146],[-59.036109,-51.583717],[-59.024634,-51.583496],[-59.029195,-51.577392],[-59.04967,-51.575371],[-59.036905,-51.572308],[-59.045684,-51.560261],[-59.026842,-51.560986],[-59.054662,-51.539799],[-59.052934,-51.532894],[-59.059358,-51.533549],[-59.056676,-51.527611],[-59.065307,-51.519688],[-59.045557,-51.504639],[-58.994421,-51.512314],[-58.984167,-51.511578],[-58.980554,-51.506157],[-58.973306,-51.514626],[-58.956762,-51.513783],[-58.950296,-51.521237],[-58.925577,-51.521771],[-58.924764,-51.528027],[-58.933218,-51.529686],[-58.932118,-51.536761],[-58.936578,-51.537423],[-58.942171,-51.542469],[-58.934305,-51.545277],[-58.936877,-51.538724],[-58.930391,-51.536297],[-58.927484,-51.529702],[-58.915563,-51.529938],[-58.916578,-51.5243],[-58.899179,-51.52311],[-58.878023,-51.531853],[-58.846414,-51.522244],[-58.856111,-51.513878],[-58.852264,-51.511098],[-58.845777,-51.511368],[-58.841184,-51.521424],[-58.830827,-51.519452],[-58.840497,-51.520817],[-58.84374,-51.511582],[-58.855192,-51.509652],[-58.860334,-51.514714],[-58.855302,-51.521439],[-58.879587,-51.530354],[-58.899401,-51.521592],[-58.918313,-51.52081],[-58.920053,-51.527764],[-58.924234,-51.519955],[-58.949033,-51.516148],[-58.95276,-51.507851],[-58.966753,-51.510888],[-58.980653,-51.502804],[-59.001188,-51.504765],[-59.09316,-51.468514],[-59.106458,-51.468621],[-59.103412,-51.475731],[-59.114866,-51.479092],[-59.124074,-51.468167],[-59.134523,-51.470112],[-59.144037,-51.462113],[-59.139978,-51.444131],[-59.114019,-51.436272],[-59.100203,-51.411137],[-59.074842,-51.420876],[-59.074518,-51.427659],[-59.059568,-51.426369],[-59.051553,-51.433789],[-59.014562,-51.425454],[-58.980077,-51.426835],[-58.976121,-51.431696],[-58.984338,-51.441948],[-58.958753,-51.447228],[-58.969175,-51.424121],[-58.990934,-51.420464],[-59.004617,-51.424771],[-59.019765,-51.419156],[-58.999505,-51.409172],[-58.996793,-51.393475],[-59.005388,-51.385296],[-58.9787,-51.381348],[-58.944807,-51.387627],[-58.932352,-51.380692],[-58.880258,-51.383797],[-58.871809,-51.377491],[-58.861257,-51.353184],[-58.917907,-51.313061],[-58.916326,-51.298218],[-58.959443,-51.266994],[-58.947476,-51.25613],[-58.96412,-51.248631],[-58.972864,-51.233586],[-58.960996,-51.234723],[-58.951101,-51.242653]],[[-59.066333,-51.682986],[-59.068668,-51.679164],[-59.059063,-51.68862],[-59.066333,-51.682986]],[[-59.06281,-51.484811],[-59.092919,-51.488561],[-59.076531,-51.482874],[-59.06281,-51.484811]],[[-58.414395,-51.995592],[-58.396932,-51.999918],[-58.40352,-52.003519],[-58.414128,-52.000589],[-58.403283,-52.004541],[-58.403787,-52.014436],[-58.418828,-52.02371],[-58.424325,-52.013901],[-58.455085,-52.008112],[-58.459371,-52.011385],[-58.445264,-52.017589],[-58.460116,-52.018695],[-58.448774,-52.020147],[-58.441635,-52.029784],[-58.448174,-52.029302],[-58.447324,-52.033716],[-58.471726,-52.027193],[-58.459885,-52.034105],[-58.466481,-52.040033],[-58.447968,-52.036554],[-58.446573,-52.041265],[-58.435319,-52.02384],[-58.423825,-52.026968],[-58.442237,-52.050111],[-58.430987,-52.058932],[-58.437425,-52.065336],[-58.425489,-52.06695],[-58.435806,-52.079515],[-58.43327,-52.089154],[-58.413758,-52.097006],[-58.448558,-52.102062],[-58.467236,-52.092247],[-58.445538,-52.087148],[-58.446037,-52.075708],[-58.465653,-52.079698],[-58.45152,-52.08317],[-58.473066,-52.085168],[-58.481015,-52.070651],[-58.529272,-52.058887],[-58.513276,-52.05545],[-58.522359,-52.040373],[-58.529735,-52.033948],[-58.534589,-52.036306],[-58.55353,-52.028654],[-58.553589,-52.022646],[-58.546808,-52.01866],[-58.537647,-52.021753],[-58.533542,-52.010332],[-58.512305,-52.015983],[-58.522984,-52.008035],[-58.493474,-52.005842],[-58.490768,-51.996781],[-58.469797,-52.003052],[-58.473973,-51.99692],[-58.488882,-51.994895],[-58.484471,-51.989416],[-58.450039,-51.994841],[-58.4465,-52.005529],[-58.417559,-52.00299],[-58.43145,-51.987723],[-58.414395,-51.995592]],[[-58.454841,-52.032045],[-58.452046,-52.035554],[-58.460317,-52.031561],[-58.454841,-52.032045]],[[-58.380777,-52.009878],[-58.350819,-52.017404],[-58.376062,-52.018028],[-58.384828,-52.006333],[-58.380777,-52.009878]],[[-58.372634,-51.999145],[-58.354873,-51.995708],[-58.348717,-52.004145],[-58.364337,-52.008524],[-58.392329,-51.996351],[-58.372634,-51.999145]],[[-58.466233,-51.989994],[-58.474881,-51.987477],[-58.464856,-51.986863],[-58.466233,-51.989994]],[[-58.479084,-51.971961],[-58.453125,-51.982314],[-58.439457,-51.977133],[-58.431255,-51.984736],[-58.438285,-51.988509],[-58.469268,-51.985156],[-58.486076,-51.976042],[-58.499096,-51.976119],[-58.479084,-51.971961]],[[-58.460124,-51.957673],[-58.470502,-51.962361],[-58.470849,-51.957041],[-58.494446,-51.953467],[-58.452387,-51.951008],[-58.460124,-51.957673]],[[-58.398375,-51.915646],[-58.409945,-51.917023],[-58.401546,-51.922522],[-58.449732,-51.925595],[-58.464724,-51.921979],[-58.472732,-51.91338],[-58.468293,-51.906453],[-58.439739,-51.910498],[-58.426652,-51.917636],[-58.444082,-51.920135],[-58.425794,-51.920094],[-58.422582,-51.91277],[-58.400374,-51.913765],[-58.398991,-51.907464],[-58.428725,-51.905499],[-58.396499,-51.903267],[-58.398375,-51.915646]],[[-58.5195,-51.903553],[-58.507239,-51.907147],[-58.510112,-51.912996],[-58.52421,-51.913472],[-58.538963,-51.903062],[-58.5195,-51.903553]],[[-58.520522,-51.90104],[-58.534369,-51.899662],[-58.51963,-51.897887],[-58.520522,-51.90104]],[[-58.553716,-51.898244],[-58.54486,-51.895966],[-58.536788,-51.900132],[-58.553716,-51.898244]],[[-58.28374,-51.875119],[-58.28329,-51.87897],[-58.299811,-51.880228],[-58.296139,-51.884621],[-58.303932,-51.885573],[-58.299708,-51.876531],[-58.306682,-51.873421],[-58.28374,-51.875119]],[[-58.263274,-51.871304],[-58.25664,-51.873616],[-58.285431,-51.870226],[-58.276389,-51.866181],[-58.263274,-51.871304]],[[-58.31181,-51.827375],[-58.320409,-51.826772],[-58.306886,-51.826151],[-58.31181,-51.827375]],[[-58.184611,-51.802451],[-58.175861,-51.808306],[-58.226066,-51.805239],[-58.184611,-51.802451]],[[-58.278911,-51.544657],[-58.275792,-51.547304],[-58.285425,-51.547838],[-58.285718,-51.539987],[-58.27086,-51.538629],[-58.278911,-51.544657]],[[-58.352614,-51.530213],[-58.34659,-51.533551],[-58.360849,-51.541516],[-58.36355,-51.53682],[-58.352614,-51.530213]],[[-58.496368,-51.456272],[-58.492821,-51.449474],[-58.4836,-51.453869],[-58.496368,-51.456272]],[[-58.304165,-51.424586],[-58.310104,-51.428641],[-58.314754,-51.424518],[-58.305641,-51.42023],[-58.304165,-51.424586]],[[-58.421599,-27.280501],[-58.431126,-27.268229],[-58.424564,-27.26804],[-58.421599,-27.280501]],[[-58.356389,-27.273405],[-58.349075,-27.271803],[-58.36128,-27.274703],[-58.356389,-27.273405]],[[-58.169005,-27.273186],[-58.169161,-27.269645],[-58.16414,-27.273614],[-58.169005,-27.273186]],[[-58.188089,-27.269914],[-58.184728,-27.272776],[-58.200732,-27.268945],[-58.188089,-27.269914]],[[-58.336019,-27.271865],[-58.345599,-27.274808],[-58.332672,-27.266267],[-58.336019,-27.271865]],[[-58.296303,-27.267029],[-58.312138,-27.27169],[-58.291525,-27.265879],[-58.296303,-27.267029]],[[-58.307799,-27.266671],[-58.31784,-27.2725],[-58.324073,-27.272904],[-58.320206,-27.26921],[-58.335558,-27.273423],[-58.321649,-27.262574],[-58.303643,-27.262458],[-58.307799,-27.266671]],[[-58.216183,-27.258138],[-58.213835,-27.258759],[-58.209572,-27.258381],[-58.204121,-27.25965],[-58.1967,-27.259137],[-58.190818,-27.262456],[-58.186365,-27.263265],[-58.183694,-27.262942],[-58.183093,-27.261355],[-58.170484,-27.269217],[-58.211347,-27.263184],[-58.223046,-27.256236],[-58.216183,-27.258138]],[[-58.326151,-27.264363],[-58.335154,-27.264016],[-58.32465,-27.260727],[-58.329729,-27.263728],[-58.326151,-27.264363]],[[-58.214164,-27.25534],[-58.189397,-27.257697],[-58.184183,-27.260655],[-58.184072,-27.262726],[-58.189846,-27.262375],[-58.196808,-27.258867],[-58.2069,-27.259002],[-58.210165,-27.258031],[-58.21397,-27.258543],[-58.215626,-27.258198],[-58.214996,-27.257167],[-58.225435,-27.255129],[-58.214164,-27.25534]],[[-58.225084,-27.261191],[-58.239535,-27.260987],[-58.235683,-27.260165],[-58.244081,-27.253966],[-58.225084,-27.261191]],[[-58.286742,-27.25635],[-58.291384,-27.260115],[-58.299532,-27.255636],[-58.286742,-27.25635]],[[-34.690654,-55.0148],[-34.685387,-55.009968],[-34.6697,-55.017736],[-34.678257,-55.025094],[-34.696083,-55.01978],[-34.690654,-55.0148]],[[-36.02486,-54.881975],[-36.033517,-54.883405],[-36.031526,-54.874669],[-36.02486,-54.881975]],[[-35.771237,-54.804059],[-35.781946,-54.826443],[-35.803147,-54.82511],[-35.797451,-54.813021],[-35.809887,-54.804252],[-35.774095,-54.800797],[-35.771237,-54.804059]],[[-37.087684,-54.473939],[-37.022815,-54.49918],[-37.031992,-54.504956],[-37.048552,-54.504353],[-37.051281,-54.50923],[-37.098021,-54.514347],[-37.078531,-54.49956],[-37.094252,-54.497697],[-37.095613,-54.490834],[-37.115563,-54.491977],[-37.112341,-54.485027],[-37.123253,-54.481875],[-37.114582,-54.48151],[-37.118736,-54.474291],[-37.110723,-54.477404],[-37.087684,-54.473939]],[[-37.698805,-53.988963],[-37.674963,-53.989463],[-37.683885,-53.992604],[-37.677889,-54.00324],[-37.68203,-54.000955],[-37.692951,-54.010592],[-37.686598,-54.015732],[-37.670679,-54.012234],[-37.667753,-54.016803],[-37.648836,-54.007095],[-37.625422,-54.014304],[-37.59694,-54.009736],[-37.572384,-54.014233],[-37.575739,-54.020443],[-37.561034,-54.020229],[-37.550683,-54.027225],[-37.547471,-54.020443],[-37.520417,-54.017588],[-37.509066,-54.024369],[-37.484939,-54.011235],[-37.471804,-54.01202],[-37.457028,-53.995102],[-37.43447,-54.003026],[-37.433114,-53.992318],[-37.418837,-53.985894],[-37.40042,-53.99139],[-37.365228,-53.992033],[-37.389142,-54.007737],[-37.4107,-54.004596],[-37.456242,-54.014875],[-37.45303,-54.020586],[-37.436326,-54.023513],[-37.457742,-54.034078],[-37.439753,-54.041787],[-37.476587,-54.047997],[-37.500358,-54.06206],[-37.418504,-54.067771],[-37.407916,-54.062179],[-37.386857,-54.064083],[-37.367346,-54.059562],[-37.357481,-54.049452],[-37.318767,-54.060775],[-37.284331,-54.060775],[-37.269369,-54.055578],[-37.27034,-54.064887],[-37.24527,-54.08339],[-37.251495,-54.095039],[-37.231414,-54.081491],[-37.222372,-54.055793],[-37.213578,-54.055545],[-37.205069,-54.065368],[-37.189936,-54.069536],[-37.181027,-54.067081],[-37.186966,-54.059657],[-37.179999,-54.044809],[-37.149618,-54.047093],[-37.134713,-54.04241],[-37.128146,-54.049606],[-37.145792,-54.053775],[-37.130316,-54.058572],[-37.1559,-54.059714],[-37.160126,-54.066795],[-37.139796,-54.068394],[-37.134941,-54.063426],[-37.119465,-54.068451],[-37.104503,-54.066852],[-37.151674,-54.084555],[-37.154758,-54.093521],[-37.142365,-54.116079],[-37.157499,-54.117107],[-37.164866,-54.126929],[-37.15333,-54.133839],[-37.140195,-54.125615],[-37.130601,-54.132011],[-37.110214,-54.128871],[-37.120265,-54.113909],[-37.107987,-54.111224],[-37.072181,-54.078616],[-37.052728,-54.080507],[-37.046711,-54.075361],[-37.053164,-54.072963],[-37.023811,-54.068109],[-37.015302,-54.071649],[-37.018843,-54.080558],[-37.007764,-54.076389],[-37.004509,-54.080444],[-36.995886,-54.071649],[-37.004966,-54.073077],[-37.008164,-54.068052],[-36.998284,-54.066795],[-37.001477,-54.058244],[-36.988726,-54.055637],[-36.986577,-54.065139],[-36.977158,-54.05878],[-36.969686,-54.06671],[-36.98736,-54.072079],[-36.970984,-54.080336],[-36.973664,-54.086402],[-37.033345,-54.112036],[-37.049062,-54.136377],[-37.01319,-54.13501],[-37.016192,-54.125149],[-37.001931,-54.129226],[-36.997497,-54.116063],[-36.954635,-54.105357],[-36.937243,-54.088918],[-36.941036,-54.085672],[-36.92794,-54.088117],[-36.92158,-54.086639],[-36.925901,-54.081529],[-36.906385,-54.079783],[-36.904235,-54.083489],[-36.896082,-54.078322],[-36.872225,-54.092989],[-36.867799,-54.087322],[-36.851817,-54.08599],[-36.856505,-54.079143],[-36.84459,-54.090802],[-36.809247,-54.095451],[-36.81478,-54.10095],[-36.804552,-54.10914],[-36.825909,-54.131225],[-36.807049,-54.15412],[-36.78555,-54.150924],[-36.786424,-54.123265],[-36.778298,-54.118432],[-36.785626,-54.115902],[-36.769161,-54.10674],[-36.760043,-54.110098],[-36.759476,-54.106264],[-36.748529,-54.107115],[-36.739451,-54.112987],[-36.729926,-54.105468],[-36.725207,-54.113117],[-36.700841,-54.111923],[-36.692755,-54.119704],[-36.671624,-54.118139],[-36.667219,-54.113635],[-36.662518,-54.117459],[-36.673413,-54.126621],[-36.652019,-54.122503],[-36.646279,-54.126544],[-36.642751,-54.120555],[-36.626549,-54.130441],[-36.645073,-54.13435],[-36.644322,-54.146298],[-36.664484,-54.145606],[-36.688339,-54.137009],[-36.680573,-54.151228],[-36.706177,-54.153406],[-36.708957,-54.162027],[-36.653005,-54.16834],[-36.707102,-54.17468],[-36.704215,-54.187206],[-36.693375,-54.184766],[-36.664568,-54.192877],[-36.638002,-54.181612],[-36.638299,-54.176437],[-36.618554,-54.177869],[-36.597966,-54.170593],[-36.599123,-54.166642],[-36.581582,-54.16984],[-36.560989,-54.164348],[-36.543118,-54.169396],[-36.551853,-54.173557],[-36.529381,-54.178625],[-36.526955,-54.184636],[-36.490449,-54.181817],[-36.49866,-54.189928],[-36.489565,-54.199408],[-36.514996,-54.195028],[-36.508346,-54.19441],[-36.51676,-54.188412],[-36.517255,-54.193806],[-36.525199,-54.191584],[-36.52013,-54.189544],[-36.526212,-54.18652],[-36.541394,-54.189253],[-36.544807,-54.199392],[-36.571417,-54.18998],[-36.581,-54.190228],[-36.584576,-54.1968],[-36.59377,-54.189718],[-36.597982,-54.193467],[-36.589244,-54.195215],[-36.584827,-54.210884],[-36.602861,-54.219025],[-36.613841,-54.215976],[-36.618285,-54.233843],[-36.632486,-54.239938],[-36.643402,-54.238027],[-36.643666,-54.242783],[-36.69888,-54.233462],[-36.704673,-54.249843],[-36.651288,-54.271746],[-36.674218,-54.280702],[-36.698276,-54.301591],[-36.67353,-54.300341],[-36.661085,-54.285607],[-36.63146,-54.274751],[-36.630719,-54.282726],[-36.611917,-54.284013],[-36.604703,-54.271535],[-36.589881,-54.269728],[-36.539545,-54.24263],[-36.528689,-54.244955],[-36.528002,-54.240276],[-36.509375,-54.238202],[-36.513703,-54.24787],[-36.500558,-54.252667],[-36.499055,-54.244156],[-36.488843,-54.24443],[-36.488135,-54.238871],[-36.466073,-54.248739],[-36.473373,-54.259428],[-36.468085,-54.264742],[-36.48489,-54.283651],[-36.49582,-54.285338],[-36.499009,-54.280092],[-36.507538,-54.283058],[-36.491179,-54.292449],[-36.490695,-54.301731],[-36.477656,-54.306205],[-36.494594,-54.311985],[-36.48828,-54.331167],[-36.501204,-54.356285],[-36.517067,-54.352801],[-36.521878,-54.355811],[-36.503362,-54.363083],[-36.484863,-54.362422],[-36.469419,-54.345205],[-36.472752,-54.338106],[-36.463067,-54.335839],[-36.444055,-54.314407],[-36.428948,-54.317556],[-36.389288,-54.358404],[-36.392647,-54.364334],[-36.348034,-54.374258],[-36.330682,-54.349716],[-36.36241,-54.318602],[-36.356186,-54.31028],[-36.375667,-54.304636],[-36.401228,-54.27682],[-36.393196,-54.264654],[-36.403794,-54.252117],[-36.396036,-54.250347],[-36.400152,-54.244003],[-36.387289,-54.255843],[-36.355389,-54.265108],[-36.343444,-54.260143],[-36.329531,-54.262834],[-36.334314,-54.268453],[-36.327984,-54.27291],[-36.313388,-54.274093],[-36.308063,-54.264963],[-36.294836,-54.269366],[-36.300955,-54.281562],[-36.292846,-54.277618],[-36.285509,-54.281564],[-36.309378,-54.293292],[-36.298622,-54.300756],[-36.287083,-54.300048],[-36.282636,-54.288735],[-36.265319,-54.293268],[-36.2617,-54.287206],[-36.250833,-54.287274],[-36.24732,-54.290569],[-36.262671,-54.295072],[-36.26254,-54.310226],[-36.251698,-54.313793],[-36.259813,-54.323333],[-36.240298,-54.32144],[-36.239538,-54.332666],[-36.258624,-54.332613],[-36.267862,-54.339042],[-36.243163,-54.340192],[-36.245881,-54.351139],[-36.220103,-54.3449],[-36.207776,-54.348944],[-36.256711,-54.3747],[-36.251967,-54.38116],[-36.264174,-54.390995],[-36.240725,-54.39088],[-36.206096,-54.380865],[-36.20479,-54.385252],[-36.184235,-54.388419],[-36.15746,-54.37449],[-36.170935,-54.389993],[-36.185688,-54.394482],[-36.165165,-54.411569],[-36.171589,-54.418494],[-36.187929,-54.41417],[-36.175644,-54.418202],[-36.178962,-54.424525],[-36.169587,-54.422914],[-36.186795,-54.434834],[-36.177014,-54.449617],[-36.147336,-54.462634],[-36.134346,-54.460049],[-36.112743,-54.466941],[-36.105259,-54.460538],[-36.085429,-54.471032],[-36.076358,-54.467821],[-36.072651,-54.474316],[-36.055995,-54.472585],[-36.036158,-54.500429],[-36.025984,-54.497768],[-36.019963,-54.505738],[-36.008805,-54.504741],[-36.009405,-54.510436],[-36.029257,-54.509111],[-36.041836,-54.515976],[-36.039459,-54.520107],[-36.080496,-54.516732],[-36.087147,-54.519949],[-36.079317,-54.536827],[-36.112412,-54.547376],[-36.091125,-54.575039],[-36.058187,-54.569434],[-36.027657,-54.570953],[-36.02319,-54.565231],[-35.995667,-54.576498],[-36.001746,-54.590138],[-35.990203,-54.59731],[-35.982656,-54.577875],[-35.92281,-54.559299],[-35.909181,-54.552625],[-35.908744,-54.543587],[-35.893637,-54.545274],[-35.896727,-54.552265],[-35.888838,-54.557978],[-35.905531,-54.562381],[-35.912101,-54.57484],[-35.902157,-54.593171],[-35.921959,-54.58745],[-35.917545,-54.601961],[-35.930753,-54.607783],[-35.928035,-54.62023],[-35.941091,-54.617726],[-35.950529,-54.627704],[-35.964443,-54.622735],[-35.960671,-54.631584],[-35.946707,-54.633149],[-35.925543,-54.649596],[-35.929144,-54.668933],[-35.916166,-54.697499],[-35.9207,-54.701332],[-35.935492,-54.695461],[-35.962149,-54.697033],[-35.971621,-54.704014],[-35.926599,-54.714842],[-35.929224,-54.721485],[-35.918533,-54.73144],[-35.888591,-54.731133],[-35.881874,-54.736958],[-35.871813,-54.732101],[-35.858357,-54.74172],[-35.86586,-54.745394],[-35.856373,-54.754629],[-35.836855,-54.750149],[-35.840715,-54.759861],[-35.834292,-54.764031],[-35.828284,-54.759526],[-35.815128,-54.764715],[-35.812774,-54.758957],[-35.791697,-54.761217],[-35.793969,-54.769845],[-35.805455,-54.767537],[-35.794057,-54.777269],[-35.802575,-54.778196],[-35.80021,-54.783067],[-35.819599,-54.781605],[-35.81582,-54.794547],[-35.842786,-54.800562],[-35.875896,-54.795479],[-35.882362,-54.785444],[-35.887423,-54.80372],[-35.895401,-54.783694],[-35.894729,-54.792605],[-35.913615,-54.800046],[-35.907525,-54.809431],[-35.914597,-54.815244],[-35.939695,-54.812913],[-35.929923,-54.81266],[-35.936899,-54.807737],[-35.931553,-54.80572],[-35.951474,-54.791801],[-35.939386,-54.809953],[-35.976649,-54.813805],[-35.984996,-54.803125],[-36.039571,-54.794001],[-36.032374,-54.788811],[-36.049068,-54.790125],[-36.050005,-54.784446],[-36.060399,-54.78565],[-36.07927,-54.768405],[-36.086627,-54.76812],[-36.091176,-54.775795],[-36.105379,-54.770764],[-36.099662,-54.763849],[-36.119428,-54.751614],[-36.122878,-54.760295],[-36.109003,-54.770014],[-36.11645,-54.77487],[-36.108023,-54.777666],[-36.124806,-54.785368],[-36.090912,-54.786706],[-36.036184,-54.811533],[-36.044964,-54.816045],[-36.077402,-54.811906],[-36.066639,-54.819545],[-36.030876,-54.81916],[-35.995256,-54.825156],[-36.007938,-54.828101],[-36.004044,-54.831599],[-36.018159,-54.83869],[-36.043449,-54.830542],[-36.048008,-54.834794],[-36.016566,-54.843633],[-35.997084,-54.832453],[-35.965703,-54.833651],[-35.961671,-54.843228],[-35.939576,-54.847785],[-35.93745,-54.857306],[-35.962793,-54.861188],[-35.977918,-54.855853],[-35.96185,-54.867793],[-35.977071,-54.873522],[-35.981877,-54.881802],[-35.990527,-54.859791],[-35.998355,-54.86204],[-35.99985,-54.871886],[-36.004644,-54.858419],[-36.028734,-54.853568],[-36.008664,-54.861661],[-36.014364,-54.883663],[-36.026499,-54.864216],[-36.042579,-54.854474],[-36.052245,-54.868663],[-36.041438,-54.874163],[-36.05197,-54.882417],[-36.070783,-54.886382],[-36.068796,-54.875913],[-36.076744,-54.872801],[-36.080618,-54.885665],[-36.098548,-54.890044],[-36.091139,-54.89678],[-36.10721,-54.900353],[-36.107916,-54.881849],[-36.114799,-54.882118],[-36.112055,-54.888215],[-36.118397,-54.887335],[-36.131752,-54.873835],[-36.113039,-54.866487],[-36.105781,-54.856313],[-36.119794,-54.857064],[-36.119519,-54.864456],[-36.134001,-54.863262],[-36.128385,-54.847517],[-36.159867,-54.850355],[-36.14609,-54.844929],[-36.156644,-54.834445],[-36.185007,-54.831045],[-36.192826,-54.825251],[-36.201983,-54.827512],[-36.199275,-54.820053],[-36.209885,-54.824434],[-36.21921,-54.815334],[-36.207636,-54.807912],[-36.213544,-54.803525],[-36.231076,-54.812615],[-36.232665,-54.804222],[-36.252613,-54.803469],[-36.257807,-54.796314],[-36.265592,-54.796535],[-36.259661,-54.787751],[-36.276294,-54.784396],[-36.264393,-54.774839],[-36.275638,-54.771429],[-36.256115,-54.769796],[-36.270039,-54.764849],[-36.281708,-54.767363],[-36.312464,-54.747008],[-36.308013,-54.733056],[-36.327199,-54.725407],[-36.316182,-54.724524],[-36.321971,-54.706369],[-36.30706,-54.706231],[-36.318544,-54.698094],[-36.327758,-54.698923],[-36.327878,-54.686118],[-36.337358,-54.686556],[-36.340836,-54.678909],[-36.368096,-54.667966],[-36.35503,-54.654834],[-36.374589,-54.649285],[-36.395545,-54.626819],[-36.40366,-54.626367],[-36.398584,-54.622717],[-36.414611,-54.617283],[-36.420157,-54.608162],[-36.413493,-54.602795],[-36.424417,-54.597936],[-36.423531,-54.588875],[-36.434355,-54.590912],[-36.446715,-54.582268],[-36.468368,-54.582283],[-36.485579,-54.57462],[-36.479937,-54.568461],[-36.48981,-54.57265],[-36.499469,-54.568924],[-36.499459,-54.560026],[-36.474335,-54.546315],[-36.464594,-54.531848],[-36.519005,-54.520311],[-36.518262,-54.514543],[-36.497373,-54.513103],[-36.499879,-54.507995],[-36.52006,-54.507167],[-36.528106,-54.500264],[-36.540199,-54.501835],[-36.540344,-54.506816],[-36.547487,-54.500663],[-36.55652,-54.508703],[-36.57349,-54.508777],[-36.58072,-54.502668],[-36.588692,-54.509615],[-36.600816,-54.506522],[-36.609388,-54.510246],[-36.615029,-54.520456],[-36.624587,-54.513201],[-36.64139,-54.517952],[-36.652677,-54.508328],[-36.662327,-54.508049],[-36.661748,-54.493366],[-36.644644,-54.491618],[-36.654368,-54.482973],[-36.672381,-54.484375],[-36.682948,-54.491493],[-36.689981,-54.485244],[-36.71045,-54.485512],[-36.715691,-54.479241],[-36.738338,-54.47882],[-36.732539,-54.47212],[-36.740134,-54.466379],[-36.750319,-54.471137],[-36.769206,-54.462392],[-36.79132,-54.465539],[-36.798966,-54.456887],[-36.817946,-54.458414],[-36.817508,-54.44906],[-36.803016,-54.448906],[-36.813712,-54.438593],[-36.793832,-54.430831],[-36.804745,-54.426983],[-36.78706,-54.422602],[-36.783518,-54.413941],[-36.794271,-54.413957],[-36.788984,-54.408644],[-36.801529,-54.400363],[-36.805904,-54.408196],[-36.839977,-54.408163],[-36.846756,-54.382031],[-36.852144,-54.389155],[-36.872796,-54.385121],[-36.881911,-54.390892],[-36.894906,-54.390714],[-36.88477,-54.372868],[-36.903182,-54.372751],[-36.903016,-54.365999],[-36.854532,-54.360968],[-36.853581,-54.354924],[-36.915351,-54.342741],[-36.916113,-54.334937],[-36.936386,-54.340885],[-36.948759,-54.359588],[-36.956183,-54.356257],[-36.960085,-54.361206],[-36.966605,-54.356828],[-36.978264,-54.363538],[-36.988781,-54.358351],[-36.996681,-54.36349],[-36.995539,-54.356875],[-37.01348,-54.360159],[-37.030422,-54.353877],[-37.020238,-54.351736],[-37.018763,-54.34217],[-37.028994,-54.349594],[-37.034039,-54.345026],[-37.036038,-54.349118],[-37.037751,-54.344835],[-37.046602,-54.347357],[-37.044794,-54.332748],[-37.057167,-54.325228],[-37.06145,-54.325086],[-37.058071,-54.331843],[-37.062402,-54.337792],[-37.06659,-54.337935],[-37.070587,-54.334128],[-37.063259,-54.335555],[-37.06264,-54.328845],[-37.078202,-54.320422],[-37.083294,-54.323087],[-37.085816,-54.317852],[-37.08929,-54.32875],[-37.092859,-54.321326],[-37.094668,-54.328179],[-37.109277,-54.324705],[-37.103138,-54.324657],[-37.103376,-54.315853],[-37.096286,-54.317519],[-37.097047,-54.312855],[-37.081485,-54.309238],[-37.090575,-54.30191],[-37.086577,-54.281066],[-37.105565,-54.288728],[-37.105756,-54.279257],[-37.113815,-54.277465],[-37.120889,-54.282065],[-37.122222,-54.277259],[-37.13174,-54.283302],[-37.151822,-54.263791],[-37.172523,-54.273642],[-37.175426,-54.267741],[-37.204075,-54.266646],[-37.210167,-54.262553],[-37.200363,-54.2567],[-37.212165,-54.247991],[-37.227251,-54.254558],[-37.213783,-54.244565],[-37.220938,-54.238975],[-37.23596,-54.237617],[-37.247048,-54.245469],[-37.253949,-54.239758],[-37.264513,-54.247944],[-37.257565,-54.25513],[-37.271271,-54.253511],[-37.271985,-54.260412],[-37.291592,-54.262744],[-37.303441,-54.274784],[-37.315719,-54.274594],[-37.312245,-54.27012],[-37.334184,-54.270596],[-37.344321,-54.279067],[-37.348175,-54.27388],[-37.355456,-54.274974],[-37.363499,-54.283398],[-37.364594,-54.275498],[-37.35203,-54.274308],[-37.349413,-54.26874],[-37.367877,-54.266503],[-37.374682,-54.271167],[-37.387865,-54.25532],[-37.385105,-54.259793],[-37.391957,-54.261411],[-37.384627,-54.265799],[-37.401856,-54.271167],[-37.397573,-54.261887],[-37.406948,-54.257223],[-37.405044,-54.27526],[-37.417989,-54.278543],[-37.416371,-54.272214],[-37.420844,-54.276592],[-37.420558,-54.271215],[-37.408852,-54.269882],[-37.419607,-54.26717],[-37.410755,-54.257461],[-37.421796,-54.255986],[-37.418131,-54.251227],[-37.334398,-54.243589],[-37.335731,-54.238164],[-37.306273,-54.230312],[-37.318075,-54.227123],[-37.327403,-54.230407],[-37.329544,-54.224268],[-37.376943,-54.208326],[-37.391743,-54.211942],[-37.389649,-54.207231],[-37.401737,-54.205518],[-37.410303,-54.194239],[-37.407971,-54.186672],[-37.415823,-54.186958],[-37.397073,-54.185816],[-37.398739,-54.182389],[-37.376372,-54.176964],[-37.350436,-54.175156],[-37.347342,-54.178963],[-37.342346,-54.173443],[-37.314696,-54.170207],[-37.292567,-54.174537],[-37.296708,-54.16816],[-37.289522,-54.165257],[-37.271676,-54.167256],[-37.25383,-54.161688],[-37.225133,-54.166685],[-37.222611,-54.158595],[-37.235698,-54.153122],[-37.231415,-54.149315],[-37.29014,-54.144556],[-37.4074,-54.152503],[-37.477356,-54.137893],[-37.480259,-54.126853],[-37.511002,-54.141986],[-37.541126,-54.140749],[-37.543458,-54.134324],[-37.560875,-54.135466],[-37.560257,-54.148458],[-37.579625,-54.147887],[-37.581339,-54.152123],[-37.546265,-54.153217],[-37.543315,-54.17054],[-37.550596,-54.168874],[-37.569965,-54.178059],[-37.586811,-54.175156],[-37.595473,-54.183056],[-37.610796,-54.179344],[-37.619934,-54.190242],[-37.629547,-54.191336],[-37.621694,-54.184007],[-37.633354,-54.178963],[-37.646679,-54.183056],[-37.654198,-54.177821],[-37.693935,-54.177726],[-37.68613,-54.165115],[-37.671425,-54.157786],[-37.687605,-54.161355],[-37.7114,-54.148791],[-37.72877,-54.150267],[-37.722441,-54.139749],[-37.732101,-54.138131],[-37.708735,-54.13718],[-37.638017,-54.11743],[-37.661051,-54.104867],[-37.673709,-54.10382],[-37.685369,-54.113623],[-37.684607,-54.109054],[-37.715873,-54.114432],[-37.733243,-54.109959],[-37.719157,-54.105247],[-37.729769,-54.101297],[-37.701835,-54.084927],[-37.677992,-54.078692],[-37.64606,-54.078121],[-37.651818,-54.066605],[-37.607608,-54.055802],[-37.613223,-54.04419],[-37.63678,-54.050567],[-37.660004,-54.049282],[-37.661098,-54.052852],[-37.673043,-54.046808],[-37.664287,-54.045523],[-37.669093,-54.033863],[-37.699693,-54.035053],[-37.708878,-54.047569],[-37.724011,-54.049711],[-37.731911,-54.045856],[-37.747806,-54.057563],[-37.749852,-54.054136],[-37.769744,-54.055469],[-37.780404,-54.048331],[-37.787495,-54.052709],[-37.791017,-54.047807],[-37.7943,-54.059422],[-37.804532,-54.061037],[-37.805056,-54.053089],[-37.82195,-54.053565],[-37.821474,-54.046427],[-37.807245,-54.040954],[-37.82195,-54.035577],[-37.838701,-54.049663],[-37.844935,-54.048188],[-37.870967,-54.06256],[-37.88058,-54.054374],[-37.884768,-54.062655],[-37.89676,-54.05742],[-37.901804,-54.060466],[-37.909546,-54.052581],[-37.928359,-54.052138],[-37.929263,-54.047141],[-37.946967,-54.049901],[-37.951678,-54.040145],[-37.974092,-54.052185],[-37.982183,-54.050615],[-37.975711,-54.06118],[-37.995746,-54.072125],[-38.012783,-54.072506],[-38.004264,-54.061608],[-38.047665,-54.068128],[-38.02211,-54.061798],[-38.010546,-54.035339],[-37.997792,-54.032816],[-38.021158,-54.018682],[-38.008737,-54.009307],[-37.988179,-54.018635],[-37.977471,-54.01716],[-37.969143,-54.024679],[-37.96467,-54.012115],[-37.953201,-54.006595],[-37.915916,-53.999846],[-37.882198,-54.004215],[-37.877391,-54.00117],[-37.857023,-54.005215],[-37.841366,-54.020776],[-37.828232,-54.021538],[-37.809767,-54.019967],[-37.805294,-54.013352],[-37.784108,-54.016517],[-37.764978,-54.003954],[-37.737923,-54.011306],[-37.728286,-54.008451],[-37.729214,-53.993746],[-37.741924,-53.988407],[-37.733569,-53.981182],[-37.720862,-53.983681],[-37.71608,-53.992318],[-37.698805,-53.988963]],[[-36.664251,-54.156019],[-36.669037,-54.16185],[-36.670537,-54.156005],[-36.664251,-54.156019]],[[-41.800537,-53.640519],[-41.792289,-53.642893],[-41.797827,-53.654046],[-41.80666,-53.652391],[-41.800537,-53.640519]],[[-42.03789,-53.549059],[-42.030483,-53.546823],[-42.028229,-53.551636],[-42.035808,-53.554913],[-42.03789,-53.549059]],[[-58.056685,-51.787628],[-58.047232,-51.788601],[-58.061831,-51.794228],[-58.087309,-51.788132],[-58.056685,-51.787628]],[[-57.745662,-51.622392],[-57.749194,-51.626527],[-57.760581,-51.622125],[-57.745662,-51.622392]],[[-58.053006,-51.555878],[-58.03964,-51.56377],[-58.090562,-51.559055],[-58.095266,-51.553257],[-58.079164,-51.549046],[-58.053006,-51.555878]],[[-58.091387,-51.539832],[-58.086462,-51.537303],[-58.075583,-51.543071],[-58.091387,-51.539832]],[[-56.717609,-27.582157],[-56.732994,-27.592678],[-56.71627,-27.579284],[-56.717609,-27.582157]],[[-56.707055,-27.578607],[-56.711821,-27.581949],[-56.706684,-27.575079],[-56.707055,-27.578607]],[[-56.769815,-27.571528],[-56.75618,-27.569443],[-56.775646,-27.575865],[-56.769815,-27.571528]],[[-56.909909,-27.568283],[-56.899309,-27.573551],[-56.9128,-27.570917],[-56.921087,-27.563079],[-56.909909,-27.568283]],[[-56.702151,-27.57877],[-56.706684,-27.580773],[-56.693316,-27.545063],[-56.686068,-27.560886],[-56.702151,-27.57877]],[[-56.70123,-27.55839],[-56.703737,-27.563565],[-56.702244,-27.552225],[-56.70123,-27.55839]],[[-56.711499,-27.574889],[-56.737838,-27.592004],[-56.784004,-27.58206],[-56.761369,-27.577493],[-56.734045,-27.558731],[-56.716932,-27.519936],[-56.699418,-27.537451],[-56.711499,-27.574889]],[[-56.954506,-27.51814],[-56.925911,-27.535369],[-56.910732,-27.539054],[-56.894129,-27.551716],[-56.875988,-27.583573],[-56.91961,-27.562565],[-56.932373,-27.535113],[-56.957771,-27.515796],[-56.954506,-27.51814]],[[-56.931953,-27.547447],[-56.930788,-27.557297],[-56.944729,-27.53584],[-56.931953,-27.547447]],[[-56.935534,-27.540339],[-56.933892,-27.544083],[-56.946785,-27.532692],[-56.935534,-27.540339]],[[-56.91146,-27.533388],[-56.908043,-27.538817],[-56.931005,-27.530716],[-56.91146,-27.533388]],[[-56.359353,-27.522928],[-56.3712,-27.538533],[-56.367441,-27.520406],[-56.357593,-27.514221],[-56.359353,-27.522928]],[[-56.94707,-27.52256],[-56.954815,-27.514896],[-56.938793,-27.524839],[-56.94707,-27.52256]],[[-56.909681,-27.423407],[-56.885734,-27.42413],[-56.871761,-27.430442],[-56.838623,-27.461014],[-56.783429,-27.49421],[-56.754094,-27.506139],[-56.7294,-27.501961],[-56.727961,-27.521534],[-56.73771,-27.550111],[-56.748573,-27.561785],[-56.798653,-27.573545],[-56.825517,-27.593868],[-56.840421,-27.596181],[-56.87158,-27.58346],[-56.903059,-27.537397],[-56.912073,-27.531478],[-56.93278,-27.526781],[-56.952438,-27.514768],[-56.970105,-27.492732],[-56.993367,-27.485194],[-57.031584,-27.481467],[-56.994001,-27.466338],[-56.982244,-27.450293],[-56.958099,-27.441639],[-56.950685,-27.432465],[-56.927123,-27.422829],[-56.909681,-27.423407]],[[-57.229001,-27.464313],[-57.239298,-27.456655],[-57.221441,-27.464484],[-57.229001,-27.464313]],[[-57.450851,-27.436229],[-57.472951,-27.438564],[-57.449008,-27.432084],[-57.450851,-27.436229]],[[-57.449799,-27.431723],[-57.454806,-27.430925],[-57.44205,-27.427514],[-57.449799,-27.431723]],[[-57.557466,-27.386586],[-57.502453,-27.403322],[-57.429704,-27.409574],[-57.404465,-27.417964],[-57.492187,-27.438701],[-57.52718,-27.426491],[-57.593415,-27.392452],[-57.583823,-27.38676],[-57.590839,-27.385204],[-57.557466,-27.386586]],[[-55.933251,-27.339016],[-55.960362,-27.34187],[-55.942148,-27.334148],[-55.924186,-27.334567],[-55.933251,-27.339016]],[[-57.770528,-27.329796],[-57.779173,-27.333154],[-57.786823,-27.328552],[-57.770528,-27.329796]],[[-57.806035,-27.32565],[-57.802916,-27.32838],[-57.820477,-27.324566],[-57.806035,-27.32565]],[[-57.74201,-27.324042],[-57.75212,-27.327925],[-57.782765,-27.32782],[-57.798088,-27.325021],[-57.794081,-27.32573],[-57.791364,-27.324007],[-57.790178,-27.324098],[-57.787068,-27.325632],[-57.776077,-27.321008],[-57.765329,-27.321985],[-57.754633,-27.320031],[-57.74201,-27.324042]],[[-57.807553,-27.320656],[-57.798224,-27.322498],[-57.787826,-27.320612],[-57.78413,-27.322537],[-57.786963,-27.325336],[-57.790252,-27.323727],[-57.792176,-27.324077],[-57.79459,-27.325266],[-57.818483,-27.320124],[-57.807553,-27.320656]],[[-57.81216,-27.305723],[-57.797386,-27.315326],[-57.777815,-27.314226],[-57.771747,-27.316457],[-57.768948,-27.321109],[-57.789052,-27.320036],[-57.798708,-27.321995],[-57.819451,-27.318697],[-57.830535,-27.302529],[-57.81216,-27.305723]],[[-57.830659,-27.312899],[-57.837282,-27.307302],[-57.838122,-27.297414],[-57.82147,-27.31831],[-57.830659,-27.312899]],[[-58.091185,-27.265011],[-58.100041,-27.266305],[-58.085114,-27.261042],[-58.091185,-27.265011]],[[-58.141193,-27.263239],[-58.138825,-27.265805],[-58.178002,-27.259267],[-58.154707,-27.255912],[-58.141193,-27.263239]]]},"properties":{"fid":1}}
]}