{"type":"FeatureCollection", "features": [
{"type":"Feature","geometry":{"type":"Polygon","coordinates":[[[-58.341887,-34.631097],[-58.335189,-34.626518],[-58.346847,-34.602358],[-58.36796,-34.597464],[-58.361636,-34.581156],[-58.381417,-34.568342],[-58.391296,-34.570377],[-58.385366,-34.576317],[-58.459564,-34.527784],[-58.500804,-34.549533],[-58.531465,-34.615966],[-58.529205,-34.654751],[-58.46139,-34.705315],[-58.423729,-34.662214],[-58.374052,-34.657194],[-58.341887,-34.631097]]]},"properties":{"fid":1,"OBJECTID":427,"Entidad":0,"Objeto":"Provincia","FNA":"Ciudad Autónoma de Buenos Aires","GNA":"Ciudad Autónoma","NAM":"Ciudad Autónoma de Buenos Aires","SAG":"IGN","FDC":"Geografía","IN1":"02","SHAPE_STAr":0.0202417882723,"SHAPE_STLe":0.743806468471,"argentina_population_2022":3120612}},
{"type":"Feature","geometry":{"type":"Polygon","coordinates":[[[-68.25,-37.574785],[-68.289886,-37.559042],[-68.349099,-37.556651],[-68.354952,-37.547228],[-68.401176,-37.558733],[-68.436663,-37.544564],[-68.504908,-37.454093],[-68.569917,-37.456282],[-68.613669,-37.438625],[-68.634087,-37.4475],[-68.69658,-37.442344],[-68.701666,-37.414494],[-68.721642,-37.388937],[-68.766087,-37.366485],[-68.865168,-37.401251],[-68.884681,-37.381995],[-68.942997,-37.371829],[-68.97713,-37.379296],[-69.026041,-37.364793],[-69.049299,-37.314666],[-69.038293,-37.255636],[-69.064131,-37.223647],[-69.089029,-37.220163],[-69.103712,-37.205115],[-69.131281,-37.202735],[-69.172879,-37.177907],[-69.207714,-37.171359],[-69.219642,-37.17739],[-69.268318,-37.144501],[-69.299175,-37.155066],[-69.334915,-37.151425],[-69.351547,-37.163989],[-69.377674,-37.159563],[-69.396988,-37.171903],[-69.421594,-37.169281],[-69.430074,-37.159493],[-69.464976,-37.172555],[-69.496242,-37.175254],[-69.510924,-37.166889],[-69.529573,-37.174436],[-69.552764,-37.161616],[-69.576102,-37.163101],[-69.58069,-37.151679],[-69.627498,-37.143722],[-69.653343,-37.122721],[-69.711541,-37.101483],[-69.755634,-37.068641],[-69.764594,-37.000288],[-69.776257,-36.991224],[-69.770268,-36.924724],[-69.778998,-36.916821],[-69.752076,-36.886167],[-69.759652,-36.87152],[-69.850603,-36.846272],[-69.873573,-36.811398],[-69.921877,-36.794712],[-69.920033,-36.762267],[-69.943926,-36.744923],[-69.94753,-36.721607],[-69.987484,-36.692897],[-70.012165,-36.695526],[-70.02208,-36.665844],[-70.045693,-36.656612],[-70.075919,-36.606619],[-70.12257,-36.571048],[-70.137602,-36.527932],[-70.182686,-36.491076],[-70.201588,-36.453906],[-70.19594,-36.421653],[-70.225354,-36.32712],[-70.266651,-36.322405],[-70.303406,-36.340558],[-70.343923,-36.333333],[-70.372183,-36.280165],[-70.370616,-36.223792],[-70.394986,-36.194329],[-70.397378,-36.119489],[-70.415075,-36.109908],[-70.420987,-36.155926],[-70.449231,-36.173159],[-70.49132,-36.178856],[-70.52848,-36.144201],[-70.570109,-36.13298],[-70.582858,-36.147299],[-70.570909,-36.175553],[-70.633233,-36.21716],[-70.624669,-36.227704],[-70.632115,-36.239011],[-70.666451,-36.243432],[-70.706203,-36.272585],[-70.685459,-36.283764],[-70.684848,-36.304747],[-70.712428,-36.344968],[-70.681813,-36.372657],[-70.679276,-36.389966],[-70.712979,-36.427768],[-70.73942,-36.429809],[-70.735122,-36.415668],[-70.747786,-36.405874],[-70.773182,-36.42883],[-70.790897,-36.428747],[-70.817692,-36.395373],[-70.849166,-36.41867],[-70.869068,-36.411146],[-70.864833,-36.397248],[-70.883775,-36.396241],[-70.893884,-36.471272],[-70.927976,-36.47438],[-70.933752,-36.49146],[-70.958117,-36.503647],[-71.010865,-36.48761],[-71.021657,-36.472594],[-71.036917,-36.475546],[-71.035241,-36.509816],[-71.050714,-36.523553],[-71.040682,-36.55067],[-71.054571,-36.571285],[-71.047214,-36.606681],[-71.057176,-36.618662],[-71.027377,-36.663179],[-71.012001,-36.663912],[-71.009206,-36.691237],[-71.064871,-36.714651],[-71.085886,-36.678203],[-71.113255,-36.679445],[-71.111401,-36.728297],[-71.128355,-36.763608],[-71.131936,-36.814671],[-71.153066,-36.827913],[-71.16275,-36.819109],[-71.180011,-36.841421],[-71.163145,-36.86138],[-71.13844,-36.853286],[-71.119116,-36.869184],[-71.149266,-36.901357],[-71.144005,-36.929341],[-71.095621,-36.925336],[-71.088013,-36.938019],[-71.10596,-36.970886],[-71.148462,-36.980817],[-71.184866,-36.968202],[-71.222396,-36.978246],[-71.188171,-36.996377],[-71.167303,-36.996985],[-71.143666,-37.032563],[-71.141774,-37.069539],[-71.12,-37.074144],[-71.12282,-37.091633],[-71.092291,-37.114654],[-71.09573,-37.126147],[-71.135304,-37.147754],[-71.115344,-37.207752],[-71.170419,-37.225392],[-71.155505,-37.235112],[-71.174454,-37.259787],[-71.183361,-37.25884],[-71.187988,-37.275906],[-71.221042,-37.275106],[-71.20778,-37.338298],[-71.185676,-37.354768],[-71.201666,-37.365126],[-71.197326,-37.383857],[-71.153567,-37.400667],[-71.142498,-37.440166],[-71.11818,-37.468945],[-71.133066,-37.529445],[-71.15153,-37.539287],[-71.132539,-37.553064],[-71.127985,-37.587557],[-71.14766,-37.608907],[-71.177756,-37.6142],[-71.206307,-37.647683],[-71.199728,-37.663863],[-71.211111,-37.697463],[-71.188825,-37.712517],[-71.183816,-37.736935],[-71.156366,-37.756894],[-71.169848,-37.785361],[-71.152973,-37.808813],[-71.126438,-37.82073],[-71.131596,-37.832313],[-71.157429,-37.837928],[-71.166222,-37.854204],[-71.182994,-37.85843],[-71.138905,-37.859908],[-71.107918,-37.89105],[-71.113907,-37.952057],[-71.062599,-37.970213],[-71.06765,-37.989462],[-71.051184,-37.992546],[-71.062597,-38.016417],[-71.05038,-38.028854],[-71.054869,-38.043626],[-71.011464,-38.080253],[-70.98799,-38.087752],[-70.988577,-38.110265],[-71.042962,-38.122772],[-70.996652,-38.170985],[-70.997125,-38.202663],[-71.020758,-38.213369],[-71.017891,-38.23869],[-71.031711,-38.249729],[-71.008986,-38.261689],[-71.010409,-38.282709],[-70.997618,-38.291988],[-71.002354,-38.323134],[-70.997033,-38.355513],[-70.982795,-38.364883],[-70.984018,-38.430662],[-70.977274,-38.442863],[-70.951766,-38.450228],[-70.910659,-38.503798],[-70.866744,-38.513648],[-70.843061,-38.537524],[-70.835702,-38.586776],[-70.826411,-38.591353],[-70.837009,-38.612522],[-70.904512,-38.666862],[-70.900524,-38.689673],[-70.883736,-38.701807],[-70.92673,-38.763197],[-70.981192,-38.759919],[-71.001254,-38.770106],[-71.052182,-38.757491],[-71.070047,-38.769724],[-71.093818,-38.754878],[-71.117365,-38.781516],[-71.133796,-38.780764],[-71.149265,-38.799429],[-71.17988,-38.801563],[-71.185317,-38.814866],[-71.212588,-38.815827],[-71.238442,-38.802789],[-71.26855,-38.828175],[-71.267944,-38.853171],[-71.296536,-38.873354],[-71.33583,-38.876193],[-71.375461,-38.907128],[-71.433604,-38.928944],[-71.441512,-38.981027],[-71.413551,-39.008095],[-71.421398,-39.025244],[-71.396008,-39.045635],[-71.417732,-39.069662],[-71.40737,-39.095779],[-71.421186,-39.151075],[-71.401036,-39.165006],[-71.400029,-39.185809],[-71.381073,-39.211327],[-71.391909,-39.215804],[-71.382365,-39.23765],[-71.392545,-39.250254],[-71.374093,-39.283159],[-71.392484,-39.295551],[-71.385637,-39.318154],[-71.400365,-39.350604],[-71.433572,-39.372116],[-71.457023,-39.37057],[-71.44448,-39.403475],[-71.464174,-39.419533],[-71.450236,-39.42626],[-71.447085,-39.45062],[-71.465052,-39.458316],[-71.472945,-39.493267],[-71.517404,-39.504169],[-71.534381,-39.530408],[-71.503986,-39.56038],[-71.470769,-39.553266],[-71.474496,-39.574213],[-71.461119,-39.582861],[-71.502409,-39.637797],[-71.541032,-39.624339],[-71.576638,-39.63625],[-71.610089,-39.628199],[-71.623946,-39.592163],[-71.656062,-39.587477],[-71.674175,-39.563639],[-71.698683,-39.587356],[-71.694881,-39.624544],[-71.716013,-39.63442],[-71.717225,-39.649529],[-71.669482,-39.683012],[-71.671219,-39.692304],[-71.704063,-39.695778],[-71.693721,-39.707251],[-71.712425,-39.72442],[-71.680874,-39.768616],[-71.683621,-39.801904],[-71.666969,-39.807206],[-71.692105,-39.824528],[-71.69154,-39.841421],[-71.670075,-39.862937],[-71.642913,-39.853395],[-71.633193,-39.881961],[-71.61267,-39.87437],[-71.595997,-39.890137],[-71.592685,-39.911381],[-71.602764,-39.916684],[-71.59819,-39.929282],[-71.625177,-39.937874],[-71.614241,-39.95622],[-71.619905,-39.972494],[-71.651132,-39.971381],[-71.674954,-40.025948],[-71.688928,-40.032254],[-71.666272,-40.073388],[-71.673568,-40.103725],[-71.699475,-40.116674],[-71.813504,-40.080792],[-71.831132,-40.105735],[-71.8029,-40.110394],[-71.798432,-40.137239],[-71.809534,-40.137475],[-71.808867,-40.152984],[-71.828775,-40.172142],[-71.799842,-40.185932],[-71.829323,-40.207535],[-71.824487,-40.231686],[-71.807447,-40.233077],[-71.799202,-40.255374],[-71.761817,-40.276555],[-71.760908,-40.299007],[-71.747395,-40.307127],[-71.736305,-40.306369],[-71.716763,-40.278979],[-71.684979,-40.294007],[-71.671648,-40.311096],[-71.673686,-40.34366],[-71.656117,-40.349728],[-71.656824,-40.363796],[-71.693099,-40.37373],[-71.69262,-40.40565],[-71.736853,-40.44082],[-71.758956,-40.416426],[-71.77289,-40.422994],[-71.793372,-40.407308],[-71.808464,-40.406593],[-71.824957,-40.421898],[-71.819893,-40.432835],[-71.841527,-40.451917],[-71.840749,-40.489311],[-71.855654,-40.5094],[-71.842769,-40.525329],[-71.858979,-40.534993],[-71.858795,-40.555229],[-71.89042,-40.556052],[-71.855996,-40.592418],[-71.823826,-40.577911],[-71.840645,-40.597899],[-71.84395,-40.627943],[-71.868082,-40.648896],[-71.866879,-40.663161],[-71.920429,-40.688917],[-71.965046,-40.727576],[-71.95681,-40.760908],[-71.921356,-40.78576],[-71.935137,-40.821368],[-71.927525,-40.833506],[-71.880119,-40.881025],[-71.858184,-40.879479],[-71.869049,-40.892966],[-71.856435,-40.960022],[-71.887204,-40.968111],[-71.90303,-40.961287],[-71.908486,-40.972247],[-71.906337,-40.986109],[-71.871574,-41.003763],[-71.861077,-41.031024],[-71.785278,-41.018799],[-71.621887,-41.034912],[-71.550598,-41.023193],[-71.456421,-41.041687],[-71.360718,-41.088684],[-71.306213,-41.100098],[-71.240479,-41.095093],[-71.174881,-41.056203],[-71.141648,-41.055976],[-71.114701,-41.006955],[-71.088577,-40.997206],[-71.102449,-40.990797],[-71.060329,-40.980819],[-71.036378,-40.955874],[-71.042969,-40.947998],[-71.032052,-40.933364],[-71.038995,-40.889019],[-71.053633,-40.882109],[-71.046837,-40.871216],[-71.069634,-40.850246],[-71.085701,-40.852486],[-71.099954,-40.840363],[-71.093081,-40.825943],[-71.119334,-40.804063],[-71.120945,-40.758634],[-71.093675,-40.726715],[-71.029724,-40.724426],[-71.01178,-40.679321],[-70.976501,-40.648682],[-70.879089,-40.620422],[-70.855408,-40.593384],[-70.733127,-40.580054],[-70.712347,-40.591782],[-70.653917,-40.591337],[-70.623596,-40.553101],[-70.549683,-40.520996],[-70.54248,-40.503601],[-70.465088,-40.512207],[-70.424927,-40.536316],[-70.298375,-40.504391],[-70.229855,-40.502933],[-70.170569,-40.483009],[-70.174942,-40.42761],[-70.153074,-40.414003],[-70.103021,-40.405741],[-70.062686,-40.37464],[-70.049565,-40.317783],[-70.058823,-40.248955],[-70.002085,-40.203202],[-69.992035,-40.179968],[-69.961954,-40.185731],[-69.950278,-40.178985],[-69.97069,-40.121037],[-69.994794,-40.103134],[-70.005372,-40.047434],[-69.970888,-39.977742],[-69.933508,-39.955414],[-69.931754,-39.943583],[-69.894578,-39.938984],[-69.865938,-39.910899],[-69.810497,-39.899061],[-69.792233,-39.883085],[-69.761837,-39.883333],[-69.697056,-39.846445],[-69.671156,-39.849845],[-69.650723,-39.836207],[-69.629985,-39.842906],[-69.596583,-39.830087],[-69.586708,-39.815334],[-69.558109,-39.809354],[-69.506997,-39.815423],[-69.491577,-39.795135],[-69.421918,-39.768063],[-69.409267,-39.748701],[-69.389737,-39.743104],[-69.390251,-39.731626],[-69.374661,-39.73174],[-69.348962,-39.712095],[-69.343,-39.680379],[-69.313956,-39.653913],[-69.289971,-39.652989],[-69.293701,-39.645508],[-69.272278,-39.629028],[-69.2771,-39.596375],[-69.226318,-39.571289],[-69.177124,-39.560608],[-69.112793,-39.514709],[-69.047485,-39.526672],[-68.999878,-39.515198],[-68.930725,-39.460999],[-68.912504,-39.417872],[-68.823961,-39.374926],[-68.808055,-39.347356],[-68.818495,-39.312589],[-68.802391,-39.284909],[-68.75458,-39.269643],[-68.6655,-39.217303],[-68.653254,-39.199185],[-68.660803,-39.172344],[-68.594706,-39.120171],[-68.561911,-39.076988],[-68.52452,-39.077426],[-68.515752,-39.066421],[-68.504806,-39.071477],[-68.469232,-39.045746],[-68.426571,-39.028625],[-68.412275,-39.034393],[-68.354973,-39.001899],[-68.308501,-38.99088],[-68.300538,-38.975385],[-68.230757,-38.991296],[-68.207788,-38.971322],[-68.177666,-38.967226],[-68.165354,-38.979809],[-68.148435,-38.974983],[-68.078272,-38.995102],[-68.057424,-38.991474],[-68.048457,-38.978264],[-68.019417,-38.977483],[-67.998088,-38.995764],[-68.011942,-38.979253],[-68.000282,-38.97365],[-68.007384,-38.959383],[-68.039411,-38.941885],[-68.050363,-38.912071],[-68.069227,-38.902937],[-68.071509,-38.871511],[-68.094049,-38.858649],[-68.081176,-38.848291],[-68.118261,-38.793257],[-68.120608,-38.74728],[-68.163124,-38.73789],[-68.180411,-38.718234],[-68.18995,-38.722684],[-68.196851,-38.709945],[-68.2425,-38.696717],[-68.25,-38.682],[-68.25,-37.576692],[-68.25,-37.574785]]]},"properties":{"fid":2,"OBJECTID":428,"Entidad":0,"Objeto":"Provincia","FNA":"Provincia del Neuquén","GNA":"Provincia","NAM":"Neuquén","SAG":"IGN","FDC":"Geografía","IN1":"58","SHAPE_STAr":9.77181087612,"SHAPE_STLe":21.5159845829,"argentina_population_2022":726590}},
{"type":"Feature","geometry":{"type":"Polygon","coordinates":[[[-63.38575,-35.000135],[-65.117493,-35.000002],[-65.116945,-35.99953],[-66.637875,-35.999504],[-68.296145,-35.999552],[-68.296132,-36.172547],[-68.250183,-36.172485],[-68.25,-37.574785],[-68.25,-37.576692],[-68.217837,-37.58835],[-68.152544,-37.580318],[-68.111206,-37.594971],[-68.08728,-37.590393],[-68.0672,-37.601685],[-68.04541,-37.595886],[-67.980688,-37.60905],[-67.944163,-37.60322],[-67.917297,-37.618408],[-67.876404,-37.620117],[-67.870728,-37.61261],[-67.793396,-37.646301],[-67.768616,-37.673584],[-67.764893,-37.723511],[-67.750916,-37.738892],[-67.757629,-37.74707],[-67.748108,-37.749084],[-67.741882,-37.784912],[-67.725491,-37.791911],[-67.72097,-37.806426],[-67.733105,-37.820227],[-67.732727,-37.859802],[-67.780456,-37.89399],[-67.81365,-37.900771],[-67.867004,-37.931396],[-67.875,-37.955322],[-67.882385,-37.951477],[-67.90395,-37.983577],[-67.889435,-38.000471],[-67.894908,-38.01796],[-67.88313,-38.018793],[-67.862793,-38.053589],[-67.850769,-38.05188],[-67.851196,-38.065796],[-67.835876,-38.056519],[-67.809129,-38.071855],[-67.781765,-38.053295],[-67.759705,-38.068604],[-67.75769,-38.057007],[-67.748718,-38.058105],[-67.751221,-38.07428],[-67.729919,-38.078796],[-67.730103,-38.114807],[-67.718628,-38.130371],[-67.70752,-38.124023],[-67.687012,-38.135803],[-67.681824,-38.164795],[-67.656494,-38.201782],[-67.593201,-38.240601],[-67.547913,-38.256287],[-67.344177,-38.25177],[-67.317078,-38.24762],[-67.261108,-38.217102],[-67.187613,-38.214503],[-67.196594,-38.253784],[-67.170481,-38.260903],[-67.172385,-38.279225],[-67.152771,-38.292603],[-67.152992,-38.356795],[-67.118609,-38.356795],[-67.09184,-38.399625],[-67.007019,-38.424316],[-66.994385,-38.446472],[-66.970398,-38.443115],[-66.948792,-38.452881],[-66.896973,-38.443726],[-66.889709,-38.463623],[-66.812012,-38.484802],[-66.786072,-38.48053],[-66.76633,-38.504322],[-66.746582,-38.517517],[-66.714783,-38.520996],[-66.711364,-38.532518],[-66.636173,-38.542393],[-66.633794,-38.556789],[-66.608453,-38.559763],[-66.599768,-38.599738],[-66.577995,-38.621391],[-66.597507,-38.649112],[-66.592391,-38.670884],[-66.607144,-38.679093],[-66.578186,-38.691528],[-66.575928,-38.701599],[-66.553368,-38.698367],[-66.538615,-38.720853],[-66.498759,-38.717997],[-66.488171,-38.729538],[-66.474487,-38.729004],[-66.474976,-38.73877],[-66.446768,-38.736081],[-66.442007,-38.745694],[-66.417419,-38.744324],[-66.409054,-38.730965],[-66.404419,-38.74408],[-66.357605,-38.7453],[-66.341834,-38.757734],[-66.321777,-38.748596],[-66.315002,-38.761597],[-66.309082,-38.743103],[-66.291992,-38.745178],[-66.288513,-38.75592],[-66.246826,-38.735596],[-66.220276,-38.741089],[-66.208801,-38.731995],[-66.18042,-38.731384],[-66.177185,-38.745422],[-66.155212,-38.729187],[-66.135986,-38.739319],[-66.121277,-38.733826],[-66.1203,-38.743469],[-66.108093,-38.727905],[-66.084778,-38.725586],[-66.062604,-38.75131],[-66.031195,-38.739413],[-66.033875,-38.750916],[-66.019714,-38.741272],[-65.951008,-38.747265],[-65.946249,-38.76749],[-65.925547,-38.764159],[-65.92638,-38.774985],[-65.910676,-38.765706],[-65.909485,-38.782776],[-65.874878,-38.77771],[-65.882019,-38.789307],[-65.864014,-38.789978],[-65.863892,-38.7995],[-65.841076,-38.786645],[-65.820679,-38.798889],[-65.8172,-38.788818],[-65.804382,-38.793579],[-65.805969,-38.806091],[-65.787598,-38.79541],[-65.779602,-38.810181],[-65.748596,-38.81012],[-65.712585,-38.825012],[-65.701782,-38.816528],[-65.694092,-38.833191],[-65.653503,-38.826904],[-65.643311,-38.808411],[-65.631775,-38.818115],[-65.63208,-38.80249],[-65.617004,-38.808411],[-65.608704,-38.798401],[-65.622986,-38.786316],[-65.58252,-38.774292],[-65.569519,-38.784607],[-65.523193,-38.779175],[-65.502502,-38.798096],[-65.390808,-38.830505],[-65.374512,-38.855713],[-65.280518,-38.821411],[-65.256324,-38.832093],[-65.19184,-38.836613],[-65.191365,-38.810439],[-65.168823,-38.802002],[-65.140076,-38.818176],[-65.111389,-38.7995],[-64.92427,-38.833163],[-64.891434,-38.826739],[-64.877319,-38.814392],[-64.845034,-38.826977],[-64.809509,-38.815796],[-64.734746,-38.841134],[-64.693481,-38.843689],[-64.672791,-38.833191],[-64.630407,-38.852675],[-64.604675,-38.847717],[-64.596375,-38.859192],[-64.538084,-38.865643],[-64.535095,-38.858398],[-64.515198,-38.868408],[-64.476379,-38.859985],[-64.430889,-38.879206],[-64.420657,-38.87183],[-64.413269,-38.883606],[-64.3974,-38.87323],[-64.396606,-38.886719],[-64.373108,-38.891479],[-64.366699,-38.88269],[-64.355896,-38.890991],[-64.348694,-38.883484],[-64.32536,-38.906451],[-64.293951,-38.897647],[-64.279602,-38.914001],[-64.230896,-38.923706],[-64.152588,-38.963196],[-64.064575,-38.991821],[-64.062683,-39.010376],[-64.049377,-39],[-64.01178,-39.002197],[-64.013611,-39.018127],[-63.990112,-39.013428],[-63.99823,-39.035278],[-63.933463,-39.061592],[-63.9328,-39.093506],[-63.913574,-39.086304],[-63.895508,-39.107727],[-63.869202,-39.106689],[-63.879578,-39.100403],[-63.871277,-39.095276],[-63.858272,-39.11037],[-63.841797,-39.109192],[-63.834953,-39.136307],[-63.793193,-39.122982],[-63.797833,-39.11037],[-63.788208,-39.109192],[-63.776917,-39.128906],[-63.75708,-39.129211],[-63.763428,-39.153992],[-63.744771,-39.163789],[-63.742392,-39.188893],[-63.729614,-39.184387],[-63.693494,-39.205668],[-63.67077,-39.204478],[-63.675053,-39.221015],[-63.634583,-39.22699],[-63.631714,-39.247803],[-63.617187,-39.235901],[-63.614377,-39.251829],[-63.593872,-39.245911],[-63.566101,-39.266296],[-63.557678,-39.261902],[-63.53772,-39.280823],[-63.54122,-39.296658],[-63.512012,-39.31266],[-63.489467,-39.306533],[-63.457404,-39.328841],[-63.451574,-39.320275],[-63.430873,-39.330685],[-63.383269,-39.328492],[-63.385367,-38.227968],[-63.385554,-37.147144],[-63.385379,-36.073046],[-63.38575,-35.000135]]]},"properties":{"fid":3,"OBJECTID":429,"Entidad":0,"Objeto":"Provincia","FNA":"Provincia de La Pampa","GNA":"Provincia","NAM":"La Pampa","SAG":"IGN","FDC":"Geografía","IN1":"42","SHAPE_STAr":14.5530193016,"SHAPE_STLe":19.665614461,"argentina_population_2022":361859}},
{"type":"Feature","geometry":{"type":"Polygon","coordinates":[[[-67.317745,-32.38203],[-67.331308,-32.350918],[-67.355162,-32.352167],[-67.381732,-32.330537],[-67.423965,-32.327844],[-67.470664,-32.307945],[-67.485682,-32.263088],[-67.500308,-32.239075],[-67.511416,-32.243713],[-67.523318,-32.229492],[-67.518985,-32.222412],[-67.546511,-32.240295],[-67.579531,-32.237183],[-67.594485,-32.246399],[-67.604678,-32.23291],[-67.636721,-32.241211],[-67.668399,-32.226807],[-67.68323,-32.237976],[-67.704898,-32.235718],[-67.709719,-32.246094],[-67.727481,-32.240723],[-67.735598,-32.223816],[-67.768985,-32.225586],[-67.773989,-32.235596],[-67.796511,-32.220398],[-67.81763,-32.22821],[-67.839297,-32.21521],[-67.845889,-32.223511],[-67.87482,-32.197205],[-67.869998,-32.189697],[-67.916995,-32.174194],[-67.923403,-32.147095],[-67.936587,-32.138],[-67.928103,-32.121704],[-67.963992,-32.117615],[-67.956912,-32.093079],[-67.987185,-32.093811],[-68.004397,-32.080383],[-68.029727,-32.086304],[-68.033511,-32.075989],[-68.04999,-32.08783],[-68.051394,-32.071899],[-68.065982,-32.079529],[-68.072695,-32.098511],[-68.078982,-32.085388],[-68.09772,-32.092712],[-68.093814,-32.101807],[-68.1225,-32.099915],[-68.151126,-32.119019],[-68.186587,-32.112915],[-68.206912,-32.121094],[-68.247932,-32.091545],[-68.304117,-32.137691],[-68.463041,-32.137846],[-68.462898,-32.237747],[-68.665713,-32.337097],[-68.917613,-32.338042],[-68.917615,-32.114646],[-68.95679,-32.108887],[-69.011645,-32.116502],[-69.086242,-32.052375],[-69.093692,-32.031494],[-69.116461,-32.019895],[-69.116417,-32.002478],[-69.183994,-31.999385],[-69.244509,-32.016113],[-69.262441,-32.033161],[-69.276797,-32.070007],[-69.300296,-32.074402],[-69.314212,-32.091125],[-69.378604,-32.064209],[-69.390396,-32.076824],[-69.415737,-32.066533],[-69.43394,-32.076348],[-69.454761,-32.074682],[-69.477127,-32.110374],[-69.505562,-32.113825],[-69.507585,-32.125365],[-69.531141,-32.14095],[-69.557672,-32.140118],[-69.560766,-32.12941],[-69.596457,-32.143092],[-69.609901,-32.202103],[-69.60312,-32.210788],[-69.63096,-32.260042],[-69.685806,-32.307037],[-69.721498,-32.314175],[-69.728874,-32.330831],[-69.733157,-32.390556],[-69.704128,-32.403643],[-69.689212,-32.430176],[-69.704961,-32.496442],[-69.756119,-32.50941],[-69.783721,-32.542128],[-69.822387,-32.544388],[-69.827384,-32.56271],[-69.847253,-32.570562],[-69.862838,-32.56152],[-69.900672,-32.56152],[-69.930534,-32.541414],[-69.964322,-32.545816],[-70.004178,-32.528327],[-70.025712,-32.559855],[-70.025831,-32.578771],[-70.041655,-32.585077],[-70.0457,-32.605183],[-70.066163,-32.625825],[-70.089958,-32.622315],[-70.091266,-32.602209],[-70.126201,-32.574154],[-70.150667,-32.581468],[-70.172194,-32.621074],[-70.14656,-32.652429],[-70.147581,-32.72843],[-70.111532,-32.774344],[-70.110359,-32.802912],[-70.087622,-32.805149],[-70.078784,-32.822348],[-70.054317,-32.833133],[-70.056236,-32.856968],[-70.044684,-32.86995],[-70.003831,-32.882308],[-69.989382,-32.898958],[-70.007242,-32.931156],[-69.999834,-32.944835],[-70.027375,-32.969882],[-70.021002,-33.008507],[-70.034654,-33.023125],[-70.080917,-33.028295],[-70.09374,-33.050967],[-70.074988,-33.062883],[-70.067117,-33.088158],[-70.075827,-33.120573],[-70.051733,-33.134545],[-70.065578,-33.155728],[-70.057057,-33.171855],[-70.064398,-33.205112],[-70.054541,-33.22628],[-70.02591,-33.236512],[-70.038259,-33.270397],[-70.006019,-33.285605],[-70.010837,-33.301862],[-70.000908,-33.322875],[-69.969393,-33.309439],[-69.950273,-33.281261],[-69.915865,-33.266766],[-69.916634,-33.244252],[-69.904328,-33.272901],[-69.859619,-33.283548],[-69.837233,-33.272611],[-69.814787,-33.289243],[-69.799887,-33.28786],[-69.769065,-33.343213],[-69.779681,-33.385236],[-69.794381,-33.395715],[-69.81551,-33.389875],[-69.795568,-33.421381],[-69.819517,-33.43009],[-69.815115,-33.469169],[-69.829494,-33.476317],[-69.834848,-33.515659],[-69.87218,-33.539469],[-69.865326,-33.583005],[-69.880859,-33.618557],[-69.870194,-33.651624],[-69.884855,-33.683225],[-69.864603,-33.716782],[-69.904673,-33.771287],[-69.893735,-33.791229],[-69.899147,-33.847078],[-69.873422,-33.860793],[-69.855521,-33.892096],[-69.890056,-33.919476],[-69.906184,-33.963302],[-69.883453,-33.976715],[-69.873102,-33.964183],[-69.854211,-33.963708],[-69.83924,-34.006947],[-69.821417,-34.015193],[-69.854025,-34.056267],[-69.832077,-34.07213],[-69.834073,-34.088203],[-69.859848,-34.104571],[-69.855841,-34.115711],[-69.873292,-34.131073],[-69.815258,-34.177865],[-69.796644,-34.209981],[-69.807199,-34.248351],[-69.872567,-34.267588],[-69.89698,-34.265863],[-69.898475,-34.285362],[-69.909884,-34.29212],[-69.940258,-34.280222],[-69.972438,-34.250007],[-70.004246,-34.26226],[-70.030841,-34.287725],[-70.014658,-34.335392],[-70.024243,-34.373721],[-70.009406,-34.393477],[-70.012299,-34.41195],[-70.041808,-34.423408],[-70.082419,-34.472557],[-70.129431,-34.485614],[-70.144417,-34.532876],[-70.17448,-34.570428],[-70.194556,-34.579742],[-70.19976,-34.601875],[-70.216984,-34.610737],[-70.224256,-34.640892],[-70.215864,-34.683427],[-70.247558,-34.693723],[-70.259275,-34.730157],[-70.306263,-34.747334],[-70.309083,-34.769498],[-70.248195,-34.798868],[-70.279963,-34.852336],[-70.27632,-34.876255],[-70.331134,-34.936478],[-70.333674,-34.989925],[-70.363785,-35.006021],[-70.360446,-35.034887],[-70.376346,-35.050919],[-70.373891,-35.085686],[-70.357581,-35.09898],[-70.370095,-35.112082],[-70.361186,-35.135499],[-70.37502,-35.170222],[-70.439916,-35.193729],[-70.454986,-35.189779],[-70.472086,-35.20391],[-70.517886,-35.206551],[-70.526038,-35.194858],[-70.53605,-35.199103],[-70.568112,-35.223817],[-70.565156,-35.243014],[-70.583686,-35.26716],[-70.566292,-35.299494],[-70.512482,-35.310258],[-70.500196,-35.321068],[-70.468285,-35.312859],[-70.431893,-35.318292],[-70.435316,-35.331484],[-70.418385,-35.353675],[-70.422696,-35.370716],[-70.452003,-35.391625],[-70.438311,-35.413172],[-70.452128,-35.426328],[-70.432331,-35.445713],[-70.445641,-35.450748],[-70.446529,-35.463228],[-70.413742,-35.488537],[-70.394224,-35.485325],[-70.386766,-35.507913],[-70.368009,-35.520741],[-70.388241,-35.515863],[-70.413559,-35.528495],[-70.409965,-35.559156],[-70.384696,-35.60511],[-70.423798,-35.641065],[-70.397504,-35.663663],[-70.406629,-35.672839],[-70.398835,-35.686654],[-70.374461,-35.700607],[-70.369692,-35.737531],[-70.3583,-35.749643],[-70.380092,-35.766964],[-70.378742,-35.787851],[-70.358447,-35.801244],[-70.336862,-35.795646],[-70.311964,-35.813164],[-70.357473,-35.842799],[-70.369556,-35.841222],[-70.381287,-35.866922],[-70.421966,-35.876586],[-70.423994,-35.91466],[-70.411092,-35.923608],[-70.364773,-35.924195],[-70.422954,-35.971549],[-70.378151,-35.989969],[-70.380555,-36.025048],[-70.370095,-36.035325],[-70.388846,-36.052343],[-70.410839,-36.056864],[-70.425474,-36.095336],[-70.415075,-36.109908],[-70.397378,-36.119489],[-70.394986,-36.194329],[-70.370616,-36.223792],[-70.372183,-36.280165],[-70.343923,-36.333333],[-70.303406,-36.340558],[-70.266651,-36.322405],[-70.225354,-36.32712],[-70.19594,-36.421653],[-70.201588,-36.453906],[-70.182686,-36.491076],[-70.137602,-36.527932],[-70.12257,-36.571048],[-70.075919,-36.606619],[-70.045693,-36.656612],[-70.02208,-36.665844],[-70.012165,-36.695526],[-69.987484,-36.692897],[-69.94753,-36.721607],[-69.943926,-36.744923],[-69.920033,-36.762267],[-69.921877,-36.794712],[-69.873573,-36.811398],[-69.850603,-36.846272],[-69.759652,-36.87152],[-69.752076,-36.886167],[-69.778998,-36.916821],[-69.770268,-36.924724],[-69.776257,-36.991224],[-69.764594,-37.000288],[-69.755634,-37.068641],[-69.711541,-37.101483],[-69.653343,-37.122721],[-69.627498,-37.143722],[-69.58069,-37.151679],[-69.576102,-37.163101],[-69.552764,-37.161616],[-69.529573,-37.174436],[-69.510924,-37.166889],[-69.496242,-37.175254],[-69.464976,-37.172555],[-69.430074,-37.159493],[-69.421594,-37.169281],[-69.396988,-37.171903],[-69.377674,-37.159563],[-69.351547,-37.163989],[-69.334915,-37.151425],[-69.299175,-37.155066],[-69.268318,-37.144501],[-69.219642,-37.17739],[-69.207714,-37.171359],[-69.172879,-37.177907],[-69.131281,-37.202735],[-69.103712,-37.205115],[-69.089029,-37.220163],[-69.064131,-37.223647],[-69.038293,-37.255636],[-69.049299,-37.314666],[-69.026041,-37.364793],[-68.97713,-37.379296],[-68.942997,-37.371829],[-68.884681,-37.381995],[-68.865168,-37.401251],[-68.766087,-37.366485],[-68.721642,-37.388937],[-68.701666,-37.414494],[-68.69658,-37.442344],[-68.634087,-37.4475],[-68.613669,-37.438625],[-68.569917,-37.456282],[-68.504908,-37.454093],[-68.436663,-37.544564],[-68.401176,-37.558733],[-68.354952,-37.547228],[-68.349099,-37.556651],[-68.289886,-37.559042],[-68.25,-37.574785],[-68.250183,-36.172485],[-68.296132,-36.172547],[-68.296145,-35.999552],[-66.637875,-35.999504],[-66.619366,-35.964307],[-66.629679,-35.927635],[-66.619294,-35.906743],[-66.627194,-35.897141],[-66.622241,-35.848357],[-66.59342,-35.803765],[-66.58169,-35.769898],[-66.580584,-35.703778],[-66.548173,-35.637311],[-66.562735,-35.624477],[-66.570647,-35.582111],[-66.539786,-35.563049],[-66.525844,-35.54057],[-66.517369,-35.470104],[-66.529279,-35.442873],[-66.521894,-35.40855],[-66.508078,-35.397544],[-66.51455,-35.389006],[-66.495721,-35.309861],[-66.520192,-35.274795],[-66.500668,-35.247389],[-66.484227,-35.240901],[-66.484315,-35.208465],[-66.498517,-35.193453],[-66.494161,-35.156777],[-66.478577,-35.140418],[-66.498687,-35.1065],[-66.48911,-35.094755],[-66.507545,-35.090817],[-66.521367,-35.063973],[-66.514999,-35.051912],[-66.526932,-35.04953],[-66.52243,-35.021754],[-66.540776,-35.015567],[-66.53287,-35.006146],[-66.546408,-34.967958],[-66.526017,-34.942789],[-66.53826,-34.917314],[-66.555308,-34.910961],[-66.545456,-34.883198],[-66.563503,-34.829397],[-66.602843,-34.80283],[-66.595843,-34.789836],[-66.60857,-34.773767],[-66.65158,-34.757332],[-66.641613,-34.716744],[-66.678885,-34.689582],[-66.690719,-34.691349],[-66.703004,-34.635543],[-66.713094,-34.628557],[-66.703318,-34.619955],[-66.726197,-34.611069],[-66.730371,-34.584937],[-66.758577,-34.566276],[-66.76609,-34.551019],[-66.755457,-34.532031],[-66.76477,-34.496745],[-66.755714,-34.442753],[-66.795966,-34.411536],[-66.774239,-34.408241],[-66.776776,-34.393381],[-66.764987,-34.38018],[-66.787687,-34.377807],[-66.795816,-34.355734],[-66.81306,-34.343816],[-66.800008,-34.335301],[-66.802903,-34.305171],[-66.776646,-34.29808],[-66.786313,-34.269434],[-66.802071,-34.257416],[-66.788363,-34.252927],[-66.78519,-34.232479],[-66.764402,-34.227863],[-66.747253,-34.235343],[-66.748944,-34.222816],[-66.725748,-34.221871],[-66.719833,-34.213011],[-66.730078,-34.208002],[-66.719436,-34.189089],[-66.73099,-34.181869],[-66.711722,-34.148264],[-66.7339,-34.136551],[-66.722689,-34.131771],[-66.712674,-34.10115],[-66.716051,-34.057354],[-66.699709,-34.046808],[-66.708188,-34.024401],[-66.663619,-33.985895],[-66.666616,-33.957645],[-66.678636,-33.950012],[-66.67566,-33.941579],[-66.70467,-33.931939],[-66.723323,-33.93547],[-66.734124,-33.913559],[-66.749995,-33.914711],[-66.768582,-33.90209],[-66.772562,-33.886704],[-66.784812,-33.88758],[-66.800635,-33.862635],[-66.874258,-33.831506],[-66.88246,-33.770122],[-66.949132,-33.732275],[-66.974162,-33.6891],[-67.004817,-33.667307],[-66.997809,-33.633563],[-67.019887,-33.609562],[-67.036838,-33.607528],[-67.048063,-33.580342],[-67.070159,-33.564912],[-67.061438,-33.562362],[-67.07044,-33.546091],[-67.093194,-33.538828],[-67.096066,-33.504551],[-67.131624,-33.471408],[-67.131342,-33.449751],[-67.145897,-33.439983],[-67.158153,-33.364217],[-67.152406,-33.32718],[-67.170114,-33.302204],[-67.180756,-33.248733],[-67.182222,-33.199398],[-67.167325,-33.167218],[-67.18489,-33.123516],[-67.183604,-33.086744],[-67.17421,-33.077174],[-67.198087,-33.0451],[-67.183365,-33.039205],[-67.179356,-33.004176],[-67.201384,-32.973312],[-67.212362,-32.911835],[-67.232463,-32.887966],[-67.230925,-32.862228],[-67.209425,-32.857064],[-67.177429,-32.820511],[-67.185734,-32.770649],[-67.166853,-32.758872],[-67.187652,-32.698289],[-67.224316,-32.68284],[-67.236556,-32.636091],[-67.256622,-32.625557],[-67.244011,-32.604432],[-67.247646,-32.588191],[-67.268014,-32.570976],[-67.262119,-32.553645],[-67.280386,-32.534672],[-67.296925,-32.536219],[-67.283838,-32.512067],[-67.301446,-32.470665],[-67.289667,-32.442111],[-67.310131,-32.424741],[-67.317745,-32.38203]]]},"properties":{"fid":4,"OBJECTID":430,"Entidad":0,"Objeto":"Provincia","FNA":"Provincia de Mendoza","GNA":"Provincia","NAM":"Mendoza","SAG":"IGN","FDC":"Geografía","IN1":"50","SHAPE_STAr":14.6583879434,"SHAPE_STLe":23.2599861838,"argentina_population_2022":2014533}},
{"type":"Feature","geometry":{"type":"Polygon","coordinates":[[[-66.661788,-31.920536],[-66.885696,-31.897693],[-67.00593,-31.855355],[-67.049997,-31.85748],[-67.136729,-31.833805],[-67.241536,-31.880805],[-67.379244,-31.868116],[-67.365234,-31.975901],[-67.383793,-32.125212],[-67.380186,-32.223756],[-67.37039,-32.246281],[-67.278008,-32.292324],[-67.26623,-32.339259],[-67.263799,-32.381859],[-67.317745,-32.38203],[-67.310131,-32.424741],[-67.289667,-32.442111],[-67.301446,-32.470665],[-67.283838,-32.512067],[-67.296925,-32.536219],[-67.280386,-32.534672],[-67.262119,-32.553645],[-67.268014,-32.570976],[-67.247646,-32.588191],[-67.244011,-32.604432],[-67.256622,-32.625557],[-67.236556,-32.636091],[-67.224316,-32.68284],[-67.187652,-32.698289],[-67.166853,-32.758872],[-67.185734,-32.770649],[-67.177429,-32.820511],[-67.209425,-32.857064],[-67.230925,-32.862228],[-67.232463,-32.887966],[-67.212362,-32.911835],[-67.201384,-32.973312],[-67.179356,-33.004176],[-67.183365,-33.039205],[-67.198087,-33.0451],[-67.17421,-33.077174],[-67.183604,-33.086744],[-67.18489,-33.123516],[-67.167325,-33.167218],[-67.182222,-33.199398],[-67.180756,-33.248733],[-67.170114,-33.302204],[-67.152406,-33.32718],[-67.158153,-33.364217],[-67.145897,-33.439983],[-67.131342,-33.449751],[-67.131624,-33.471408],[-67.096066,-33.504551],[-67.093194,-33.538828],[-67.07044,-33.546091],[-67.061438,-33.562362],[-67.070159,-33.564912],[-67.048063,-33.580342],[-67.036838,-33.607528],[-67.019887,-33.609562],[-66.997809,-33.633563],[-67.004817,-33.667307],[-66.974162,-33.6891],[-66.949132,-33.732275],[-66.88246,-33.770122],[-66.874258,-33.831506],[-66.800635,-33.862635],[-66.784812,-33.88758],[-66.772562,-33.886704],[-66.768582,-33.90209],[-66.749995,-33.914711],[-66.734124,-33.913559],[-66.723323,-33.93547],[-66.70467,-33.931939],[-66.67566,-33.941579],[-66.678636,-33.950012],[-66.666616,-33.957645],[-66.663619,-33.985895],[-66.708188,-34.024401],[-66.699709,-34.046808],[-66.716051,-34.057354],[-66.712674,-34.10115],[-66.722689,-34.131771],[-66.7339,-34.136551],[-66.711722,-34.148264],[-66.73099,-34.181869],[-66.719436,-34.189089],[-66.730078,-34.208002],[-66.719833,-34.213011],[-66.725748,-34.221871],[-66.748944,-34.222816],[-66.747253,-34.235343],[-66.764402,-34.227863],[-66.78519,-34.232479],[-66.788363,-34.252927],[-66.802071,-34.257416],[-66.786313,-34.269434],[-66.776646,-34.29808],[-66.802903,-34.305171],[-66.800008,-34.335301],[-66.81306,-34.343816],[-66.795816,-34.355734],[-66.787687,-34.377807],[-66.764987,-34.38018],[-66.776776,-34.393381],[-66.774239,-34.408241],[-66.795966,-34.411536],[-66.755714,-34.442753],[-66.76477,-34.496745],[-66.755457,-34.532031],[-66.76609,-34.551019],[-66.758577,-34.566276],[-66.730371,-34.584937],[-66.726197,-34.611069],[-66.703318,-34.619955],[-66.713094,-34.628557],[-66.703004,-34.635543],[-66.690719,-34.691349],[-66.678885,-34.689582],[-66.641613,-34.716744],[-66.65158,-34.757332],[-66.60857,-34.773767],[-66.595843,-34.789836],[-66.602843,-34.80283],[-66.563503,-34.829397],[-66.545456,-34.883198],[-66.555308,-34.910961],[-66.53826,-34.917314],[-66.526017,-34.942789],[-66.546408,-34.967958],[-66.53287,-35.006146],[-66.540776,-35.015567],[-66.52243,-35.021754],[-66.526932,-35.04953],[-66.514999,-35.051912],[-66.521367,-35.063973],[-66.507545,-35.090817],[-66.48911,-35.094755],[-66.498687,-35.1065],[-66.478577,-35.140418],[-66.494161,-35.156777],[-66.498517,-35.193453],[-66.484315,-35.208465],[-66.484227,-35.240901],[-66.500668,-35.247389],[-66.520192,-35.274795],[-66.495721,-35.309861],[-66.51455,-35.389006],[-66.508078,-35.397544],[-66.521894,-35.40855],[-66.529279,-35.442873],[-66.517369,-35.470104],[-66.525844,-35.54057],[-66.539786,-35.563049],[-66.570647,-35.582111],[-66.562735,-35.624477],[-66.548173,-35.637311],[-66.580584,-35.703778],[-66.58169,-35.769898],[-66.59342,-35.803765],[-66.622241,-35.848357],[-66.627194,-35.897141],[-66.619294,-35.906743],[-66.629679,-35.927635],[-66.619366,-35.964307],[-66.637875,-35.999504],[-65.116945,-35.99953],[-65.117493,-35.000002],[-65.117472,-33.949979],[-65.142729,-33.194528],[-65.070076,-33.137104],[-65.054848,-33.11557],[-65.059428,-33.099152],[-65.044914,-33.062508],[-64.999704,-33.002665],[-65.022309,-32.97304],[-64.991495,-32.944487],[-64.965166,-32.865161],[-64.970674,-32.80505],[-64.944619,-32.767336],[-64.948189,-32.72284],[-64.916185,-32.679177],[-64.924121,-32.614751],[-64.882753,-32.570792],[-64.899529,-32.51202],[-64.895496,-32.48518],[-64.919782,-32.466738],[-64.929272,-32.418507],[-64.919397,-32.401375],[-64.924394,-32.328801],[-64.943549,-32.297987],[-64.976147,-32.321127],[-64.995897,-32.313811],[-65.086999,-32.313531],[-65.211416,-32.325589],[-65.207609,-32.303579],[-65.219269,-32.279665],[-65.208383,-32.248375],[-65.232237,-32.209055],[-65.224392,-32.167483],[-65.244907,-32.090141],[-65.309272,-32.053676],[-65.313019,-32.041541],[-65.628476,-31.898297],[-65.77008,-31.888637],[-65.894031,-31.910483],[-65.979026,-31.889163],[-66.069243,-31.936467],[-66.079499,-31.971349],[-66.144339,-31.936978],[-66.16115,-31.938501],[-66.160234,-31.963533],[-66.228334,-31.941297],[-66.299634,-31.931065],[-66.338098,-31.943724],[-66.349781,-31.99769],[-66.56655,-31.950446],[-66.604753,-31.934123],[-66.604538,-31.923379],[-66.661788,-31.920536]]]},"properties":{"fid":5,"OBJECTID":431,"Entidad":0,"Objeto":"Provincia","FNA":"Provincia de San Luis","GNA":"Provincia","NAM":"San Luis","SAG":"IGN","FDC":"Geografía","IN1":"74","SHAPE_STAr":7.33377055086,"SHAPE_STLe":14.490195786,"argentina_population_2022":540905}},
{"type":"Feature","geometry":{"type":"Polygon","coordinates":[[[-62.130603,-30.479928],[-62.173794,-30.345314],[-62.520077,-30.341898],[-62.534531,-30.31202],[-62.593618,-30.259583],[-62.596801,-30.165742],[-62.567665,-30.123067],[-62.556483,-30.062787],[-62.65544,-30.055292],[-62.674742,-30.035185],[-62.654993,-30.007345],[-62.662369,-29.999255],[-62.723878,-29.990808],[-62.753622,-29.966419],[-62.791336,-29.960589],[-62.785844,-29.942748],[-62.800529,-29.908045],[-62.820308,-29.903973],[-62.825337,-29.875956],[-62.838676,-29.865761],[-62.829266,-29.842397],[-62.805715,-29.834132],[-62.80701,-29.815858],[-63.459013,-29.757145],[-63.459251,-29.725736],[-63.480666,-29.725736],[-63.465199,-29.664822],[-63.530083,-29.657124],[-63.568468,-29.663989],[-63.625389,-29.655288],[-63.6737,-29.664822],[-63.723673,-29.659162],[-63.763711,-29.617063],[-63.816391,-29.614696],[-63.784982,-29.598932],[-63.784047,-29.584039],[-63.811649,-29.579161],[-63.841749,-29.581779],[-63.869589,-29.623895],[-63.958635,-29.6213],[-63.977046,-29.555414],[-64.342311,-29.500423],[-64.824628,-29.574305],[-64.964052,-29.596091],[-64.937932,-29.847511],[-65.15827,-30.047267],[-65.422985,-30.119602],[-65.520804,-30.484529],[-65.771984,-31.044523],[-65.77008,-31.888637],[-65.628476,-31.898297],[-65.313019,-32.041541],[-65.309272,-32.053676],[-65.244907,-32.090141],[-65.224392,-32.167483],[-65.232237,-32.209055],[-65.208383,-32.248375],[-65.219269,-32.279665],[-65.207609,-32.303579],[-65.211416,-32.325589],[-65.086999,-32.313531],[-64.995897,-32.313811],[-64.976147,-32.321127],[-64.943549,-32.297987],[-64.924394,-32.328801],[-64.919397,-32.401375],[-64.929272,-32.418507],[-64.919782,-32.466738],[-64.895496,-32.48518],[-64.899529,-32.51202],[-64.882753,-32.570792],[-64.924121,-32.614751],[-64.916185,-32.679177],[-64.948189,-32.72284],[-64.944619,-32.767336],[-64.970674,-32.80505],[-64.965166,-32.865161],[-64.991495,-32.944487],[-65.022309,-32.97304],[-64.999704,-33.002665],[-65.044914,-33.062508],[-65.059428,-33.099152],[-65.054848,-33.11557],[-65.070076,-33.137104],[-65.142729,-33.194528],[-65.117472,-33.949979],[-65.117493,-35.000002],[-63.38575,-35.000135],[-63.38508,-34.383325],[-62.87973,-34.383488],[-61.920324,-33.120158],[-61.896648,-33.112544],[-61.861194,-33.068881],[-61.787668,-33.006202],[-61.790762,-32.958612],[-61.770893,-32.901664],[-61.792011,-32.876997],[-61.777972,-32.830122],[-61.795699,-32.773966],[-61.827822,-32.754455],[-61.857625,-32.694611],[-61.907415,-32.69596],[-61.946438,-32.678431],[-61.946081,-32.650472],[-61.889033,-32.610438],[-61.891591,-32.590093],[-61.914375,-32.595269],[-61.92651,-32.584264],[-61.902477,-32.568619],[-61.904262,-32.552776],[-61.930674,-32.544051],[-61.91259,-32.526978],[-61.92074,-32.505504],[-61.914315,-32.494558],[-62.011338,-32.346437],[-62.038761,-32.260955],[-62.137687,-32.200219],[-62.178435,-32.159708],[-62.196757,-32.11432],[-62.167609,-31.986186],[-62.188548,-31.922298],[-62.223348,-31.883453],[-62.217875,-31.740685],[-62.241075,-31.700175],[-62.12579,-31.615566],[-61.841476,-30.744956],[-62.130603,-30.479928]]]},"properties":{"fid":6,"OBJECTID":432,"Entidad":0,"Objeto":"Provincia","FNA":"Provincia de Córdoba","GNA":"Provincia","NAM":"Córdoba","SAG":"IGN","FDC":"Geografía","IN1":"14","SHAPE_STAr":15.7483284893,"SHAPE_STLe":18.4531148919,"argentina_population_2022":3978984}},
{"type":"Feature","geometry":{"type":"Polygon","coordinates":[[[-62.87973,-34.383488],[-61.717601,-34.383607],[-60.930737,-33.652019],[-60.917888,-33.589678],[-60.879936,-33.555532],[-60.818633,-33.54045],[-60.781811,-33.57876],[-60.746654,-33.588337],[-60.684582,-33.585157],[-60.61992,-33.628344],[-60.586219,-33.631227],[-60.556924,-33.646844],[-60.497557,-33.644881],[-60.459572,-33.631465],[-60.456598,-33.581972],[-60.423464,-33.563828],[-60.414303,-33.545744],[-60.42394,-33.527958],[-60.410097,-33.46796],[-60.33543,-33.412328],[-60.323963,-33.350753],[-60.282946,-33.313725],[-60.264612,-33.281316],[-60.272375,-33.263486],[-60.252392,-33.275415],[-60.259537,-33.26185],[-60.263186,-33.259892],[-60.297829,-33.242284],[-60.284504,-33.207068],[-60.303063,-33.183511],[-60.335662,-33.176849],[-60.392055,-33.188984],[-60.493408,-33.131409],[-60.605493,-32.999817],[-60.620246,-32.947945],[-60.676208,-32.899597],[-60.681398,-32.871564],[-60.658875,-32.831177],[-60.694275,-32.805603],[-60.716003,-32.773621],[-60.723514,-32.671689],[-60.752075,-32.622192],[-60.747375,-32.554321],[-60.776184,-32.507019],[-60.723816,-32.456116],[-60.711617,-32.393055],[-60.718993,-32.334044],[-60.679018,-32.319529],[-60.672607,-32.232605],[-60.697051,-32.182368],[-60.700382,-32.149769],[-60.656006,-32.067078],[-60.684387,-32.012085],[-60.720659,-31.985215],[-60.721849,-31.966179],[-60.657227,-31.911316],[-60.660706,-31.851196],[-60.675781,-31.811707],[-60.660696,-31.794144],[-60.638567,-31.787482],[-60.638794,-31.742004],[-60.584078,-31.708484],[-60.46759,-31.698303],[-60.396301,-31.643005],[-60.330665,-31.608546],[-60.326858,-31.578803],[-60.340183,-31.559767],[-60.332807,-31.547156],[-60.299256,-31.533593],[-60.244001,-31.530395],[-60.224728,-31.508266],[-60.212354,-31.467816],[-60.143494,-31.443604],[-60.138428,-31.413391],[-60.096069,-31.370605],[-60.086792,-31.346985],[-60.109375,-31.304077],[-60.105591,-31.289917],[-60.025513,-31.259094],[-60.002686,-31.238586],[-59.984802,-31.19342],[-59.983276,-31.155701],[-59.963379,-31.119873],[-59.925443,-31.105052],[-59.87793,-31.056213],[-59.818176,-30.942505],[-59.734848,-30.876624],[-59.704867,-30.817376],[-59.699394,-30.769072],[-59.639893,-30.727783],[-59.633179,-30.708191],[-59.668091,-30.676025],[-59.678406,-30.646912],[-59.645856,-30.597037],[-59.65033,-30.500977],[-59.703439,-30.44261],[-59.682617,-30.382996],[-59.684404,-30.355998],[-59.671672,-30.338662],[-59.666803,-30.327161],[-59.702971,-30.301701],[-59.710824,-30.270292],[-59.663472,-30.256729],[-59.636584,-30.237456],[-59.616121,-30.11301],[-59.56639,-30.008076],[-59.588911,-29.976252],[-59.6047,-29.902666],[-59.659665,-29.843179],[-59.655858,-29.823905],[-59.617549,-29.77584],[-59.613979,-29.668765],[-59.590185,-29.569779],[-59.579953,-29.459848],[-59.604283,-29.394743],[-59.519788,-29.343189],[-59.510932,-29.257255],[-59.500633,-29.243518],[-59.442265,-29.223525],[-59.407814,-29.221376],[-59.346766,-29.11435],[-59.275303,-29.099567],[-59.204712,-29.040825],[-59.198288,-29.025358],[-59.209471,-28.968965],[-59.158075,-28.877356],[-59.160454,-28.794789],[-59.1181,-28.743154],[-59.078601,-28.667487],[-59.105013,-28.633937],[-59.100008,-28.576399],[-59.048857,-28.493311],[-59.060517,-28.462854],[-59.085977,-28.435966],[-59.076213,-28.365341],[-59.080972,-28.347257],[-59.103458,-28.328816],[-59.107868,-28.222766],[-59.086207,-28.199493],[-59.087635,-28.171772],[-59.062413,-28.128109],[-58.999657,-28.139356],[-58.952965,-28.137106],[-58.880822,-28.066825],[-58.893694,-28.035274],[-58.883922,-27.999444],[-60.216737,-27.999433],[-61.711256,-27.999421],[-61.920682,-29.238212],[-62.130603,-30.479928],[-61.841476,-30.744956],[-62.12579,-31.615566],[-62.241075,-31.700175],[-62.217875,-31.740685],[-62.223348,-31.883453],[-62.188548,-31.922298],[-62.167609,-31.986186],[-62.196757,-32.11432],[-62.178435,-32.159708],[-62.137687,-32.200219],[-62.038761,-32.260955],[-62.011338,-32.346437],[-61.914315,-32.494558],[-61.92074,-32.505504],[-61.91259,-32.526978],[-61.930674,-32.544051],[-61.904262,-32.552776],[-61.902477,-32.568619],[-61.92651,-32.584264],[-61.914375,-32.595269],[-61.891591,-32.590093],[-61.889033,-32.610438],[-61.946081,-32.650472],[-61.946438,-32.678431],[-61.907415,-32.69596],[-61.857625,-32.694611],[-61.827822,-32.754455],[-61.795699,-32.773966],[-61.777972,-32.830122],[-61.792011,-32.876997],[-61.770893,-32.901664],[-61.790762,-32.958612],[-61.787668,-33.006202],[-61.861194,-33.068881],[-61.896648,-33.112544],[-61.920324,-33.120158],[-62.87973,-34.383488]]]},"properties":{"fid":7,"OBJECTID":433,"Entidad":0,"Objeto":"Provincia","FNA":"Provincia de Santa Fe","GNA":"Provincia","NAM":"Santa Fe","SAG":"IGN","FDC":"Geografía","IN1":"82","SHAPE_STAr":12.5528384103,"SHAPE_STLe":20.8522796644,"argentina_population_2022":3556522}},
{"type":"Feature","geometry":{"type":"Polygon","coordinates":[[[-57.809199,-30.729623],[-57.821523,-30.719403],[-57.843748,-30.721658],[-57.854835,-30.69465],[-57.894779,-30.669411],[-57.97485,-30.64734],[-57.979945,-30.6295],[-58.033625,-30.598041],[-58.036781,-30.568201],[-58.06875,-30.54482],[-58.057598,-30.497049],[-58.0736,-30.481745],[-58.079429,-30.455868],[-58.071934,-30.425411],[-58.141176,-30.405721],[-58.192394,-30.33517],[-58.208337,-30.287581],[-58.28555,-30.244631],[-58.343726,-30.27125],[-58.368791,-30.264791],[-58.437563,-30.229311],[-58.436857,-30.221703],[-58.451822,-30.22485],[-58.470634,-30.203328],[-58.497886,-30.207047],[-58.540375,-30.18321],[-58.55329,-30.185582],[-58.576499,-30.160041],[-58.629858,-30.177055],[-58.647652,-30.163],[-58.682242,-30.163879],[-58.680405,-30.174488],[-58.720868,-30.185694],[-58.748415,-30.214115],[-58.788832,-30.219059],[-58.804341,-30.210985],[-58.831545,-30.231553],[-58.870204,-30.235333],[-58.879642,-30.246118],[-58.911997,-30.248096],[-58.965301,-30.218133],[-59.008609,-30.218993],[-59.051201,-30.235292],[-59.063693,-30.230771],[-59.081004,-30.249152],[-59.075591,-30.257361],[-59.135732,-30.286212],[-59.136386,-30.311911],[-59.158158,-30.323035],[-59.171661,-30.318633],[-59.180465,-30.33285],[-59.191411,-30.329994],[-59.23097,-30.356882],[-59.229839,-30.364199],[-59.255478,-30.364378],[-59.273205,-30.352837],[-59.288493,-30.361582],[-59.299974,-30.346948],[-59.323114,-30.354562],[-59.347742,-30.3247],[-59.422338,-30.314766],[-59.439351,-30.329459],[-59.463264,-30.324581],[-59.463978,-30.336597],[-59.475459,-30.334159],[-59.488725,-30.344807],[-59.557432,-30.333147],[-59.556539,-30.351767],[-59.565581,-30.348138],[-59.574207,-30.370386],[-59.572006,-30.40816],[-59.587769,-30.434822],[-59.615097,-30.419207],[-59.63682,-30.357754],[-59.671672,-30.338662],[-59.684404,-30.355998],[-59.682617,-30.382996],[-59.703439,-30.44261],[-59.65033,-30.500977],[-59.645856,-30.597037],[-59.678406,-30.646912],[-59.668091,-30.676025],[-59.633179,-30.708191],[-59.639893,-30.727783],[-59.699394,-30.769072],[-59.704867,-30.817376],[-59.734848,-30.876624],[-59.818176,-30.942505],[-59.87793,-31.056213],[-59.925443,-31.105052],[-59.963379,-31.119873],[-59.983276,-31.155701],[-59.984802,-31.19342],[-60.002686,-31.238586],[-60.025513,-31.259094],[-60.105591,-31.289917],[-60.109375,-31.304077],[-60.086792,-31.346985],[-60.096069,-31.370605],[-60.138428,-31.413391],[-60.143494,-31.443604],[-60.212354,-31.467816],[-60.224728,-31.508266],[-60.244001,-31.530395],[-60.299256,-31.533593],[-60.332807,-31.547156],[-60.340183,-31.559767],[-60.326858,-31.578803],[-60.330665,-31.608546],[-60.396301,-31.643005],[-60.46759,-31.698303],[-60.584078,-31.708484],[-60.638794,-31.742004],[-60.638567,-31.787482],[-60.660696,-31.794144],[-60.675781,-31.811707],[-60.660706,-31.851196],[-60.657227,-31.911316],[-60.721849,-31.966179],[-60.720659,-31.985215],[-60.684387,-32.012085],[-60.656006,-32.067078],[-60.700382,-32.149769],[-60.697051,-32.182368],[-60.672607,-32.232605],[-60.679018,-32.319529],[-60.718993,-32.334044],[-60.711617,-32.393055],[-60.723816,-32.456116],[-60.776184,-32.507019],[-60.747375,-32.554321],[-60.752075,-32.622192],[-60.723514,-32.671689],[-60.716003,-32.773621],[-60.694275,-32.805603],[-60.658875,-32.831177],[-60.681398,-32.871564],[-60.676208,-32.899597],[-60.620246,-32.947945],[-60.605493,-32.999817],[-60.493408,-33.131409],[-60.392055,-33.188984],[-60.335662,-33.176849],[-60.303063,-33.183511],[-60.284504,-33.207068],[-60.297829,-33.242284],[-60.263186,-33.259892],[-60.254211,-33.264709],[-60.200684,-33.292175],[-60.169617,-33.348999],[-60.111084,-33.372986],[-60.04484,-33.447527],[-59.999393,-33.470132],[-59.933006,-33.474891],[-59.899292,-33.50708],[-59.823181,-33.530029],[-59.809387,-33.544006],[-59.807678,-33.588501],[-59.788572,-33.604571],[-59.743839,-33.620276],[-59.709574,-33.621228],[-59.693394,-33.61052],[-59.652405,-33.624878],[-59.618774,-33.6922],[-59.596313,-33.689575],[-59.541992,-33.641602],[-59.516479,-33.63208],[-59.479309,-33.652893],[-59.467773,-33.704285],[-59.437012,-33.729004],[-59.377686,-33.736511],[-59.254272,-33.72229],[-59.235413,-33.73999],[-59.254883,-33.785889],[-59.24231,-33.807495],[-59.218811,-33.814697],[-59.173584,-33.807007],[-59.130676,-33.847717],[-59.055481,-33.832397],[-59.020482,-33.848942],[-58.992881,-33.841804],[-58.97789,-33.870357],[-58.933594,-33.87439],[-58.89978,-33.890991],[-58.854872,-33.947214],[-58.830601,-33.955304],[-58.763739,-33.94531],[-58.684021,-34.019287],[-58.650476,-34.036682],[-58.60717,-34.037871],[-58.477295,-34.002625],[-58.416199,-34.002686],[-58.38739,-33.985413],[-58.423585,-33.916347],[-58.434174,-33.722868],[-58.475353,-33.650237],[-58.494773,-33.585579],[-58.445011,-33.541052],[-58.433904,-33.499159],[-58.44315,-33.44808],[-58.431122,-33.412723],[-58.431714,-33.363329],[-58.397185,-33.313767],[-58.39047,-33.279121],[-58.409933,-33.234937],[-58.404006,-33.178834],[-58.361818,-33.120989],[-58.311635,-33.105366],[-58.256049,-33.102384],[-58.175963,-33.076893],[-58.084221,-33.000673],[-58.087324,-32.958903],[-58.115576,-32.919768],[-58.119798,-32.815234],[-58.149629,-32.734879],[-58.145047,-32.671127],[-58.160583,-32.57078],[-58.187387,-32.532869],[-58.204588,-32.462003],[-58.183357,-32.376675],[-58.12299,-32.339999],[-58.100891,-32.303516],[-58.099882,-32.260012],[-58.183326,-32.1592],[-58.167404,-32.091382],[-58.143142,-32.060556],[-58.1383,-32.001843],[-58.168715,-31.932089],[-58.191344,-31.920347],[-58.20681,-31.871645],[-58.190237,-31.852978],[-58.086138,-31.821137],[-58.038148,-31.759064],[-58.035054,-31.718821],[-58.012854,-31.686734],[-57.980639,-31.581048],[-58.003795,-31.531906],[-58.078266,-31.488811],[-58.082394,-31.457827],[-58.059584,-31.43513],[-57.980491,-31.390445],[-57.979229,-31.379012],[-57.997135,-31.361725],[-57.981323,-31.319692],[-57.938371,-31.275336],[-57.9154,-31.220636],[-57.919066,-31.129907],[-57.871329,-31.070344],[-57.861479,-31.034388],[-57.914899,-30.920564],[-57.894414,-30.907207],[-57.84507,-30.919925],[-57.821808,-30.907832],[-57.799267,-30.853224],[-57.806705,-30.822581],[-57.797397,-30.782707],[-57.811191,-30.754197],[-57.809199,-30.729623]],[[-58.114955,-32.974192],[-58.112485,-32.931158],[-58.101435,-32.954354],[-58.114955,-32.974192]],[[-58.110345,-32.971331],[-58.099723,-32.951575],[-58.090467,-32.956081],[-58.087384,-32.996769],[-58.11455,-33.024698],[-58.107656,-33.001667],[-58.110345,-32.971331]],[[-58.114038,-33.021062],[-58.121014,-33.028624],[-58.128755,-33.025391],[-58.11574,-32.990354],[-58.108105,-33.001483],[-58.114038,-33.021062]]]},"properties":{"fid":8,"OBJECTID":434,"Entidad":0,"Objeto":"Provincia","FNA":"Provincia de Entre Ríos","GNA":"Provincia","NAM":"Entre Ríos","SAG":"IGN","FDC":"Geografía","IN1":"30","SHAPE_STAr":7.48648662083,"SHAPE_STLe":14.3590911819,"argentina_population_2022":1426426}},
{"type":"Feature","geometry":{"type":"Polygon","coordinates":[[[-69.62981,-28.393692],[-69.648871,-28.396152],[-69.655914,-28.412732],[-69.632566,-28.429416],[-69.638918,-28.442008],[-69.660715,-28.445641],[-69.680503,-28.470613],[-69.664736,-28.482182],[-69.65673,-28.504107],[-69.664065,-28.521085],[-69.649858,-28.537664],[-69.669985,-28.55534],[-69.662334,-28.58301],[-69.694968,-28.596452],[-69.687159,-28.603589],[-69.703521,-28.620248],[-69.701488,-28.639868],[-69.73142,-28.684033],[-69.729249,-28.737452],[-69.701369,-28.750543],[-69.692902,-28.770896],[-69.706613,-28.781285],[-69.714325,-28.825425],[-69.727612,-28.845988],[-69.744426,-28.849823],[-69.746504,-28.881828],[-69.765702,-28.898793],[-69.766728,-28.922333],[-69.753725,-28.936496],[-69.763046,-28.973175],[-69.754408,-28.984239],[-69.785035,-29.014909],[-69.793645,-29.051055],[-69.788285,-29.13314],[-69.839425,-29.129299],[-69.876121,-29.138899],[-69.924355,-29.186395],[-69.952689,-29.189165],[-69.938155,-29.249921],[-69.951976,-29.266826],[-69.99799,-29.285798],[-69.996818,-29.304548],[-70.020928,-29.329782],[-70.010444,-29.353803],[-70.021761,-29.358597],[-70.01152,-29.369895],[-70.021276,-29.3844],[-69.966313,-29.414223],[-69.981869,-29.452233],[-69.956462,-29.466461],[-69.947434,-29.490448],[-69.94637,-29.518945],[-69.956353,-29.535065],[-69.931736,-29.585915],[-69.941443,-29.611905],[-69.939526,-29.654419],[-69.909437,-29.697884],[-69.893564,-29.693888],[-69.881747,-29.707493],[-69.887075,-29.719376],[-69.878671,-29.725808],[-69.897043,-29.752724],[-69.893445,-29.767635],[-69.914848,-29.792706],[-69.913432,-29.80675],[-69.893208,-29.819948],[-69.898957,-29.848489],[-69.876552,-29.861639],[-69.896742,-29.878144],[-69.888515,-29.904588],[-69.908718,-29.928575],[-69.906703,-29.939378],[-69.896511,-29.936754],[-69.898017,-29.957841],[-69.926042,-29.999193],[-69.915414,-30.025584],[-69.961758,-30.068882],[-69.96487,-30.085446],[-69.944224,-30.093242],[-69.945496,-30.113285],[-69.936093,-30.120078],[-69.899654,-30.106225],[-69.871111,-30.11178],[-69.847923,-30.129882],[-69.81744,-30.127941],[-69.809442,-30.154777],[-69.828783,-30.162272],[-69.819384,-30.188725],[-69.835045,-30.219944],[-69.868689,-30.210825],[-69.885035,-30.218583],[-69.888584,-30.238932],[-69.878576,-30.258318],[-69.883671,-30.272665],[-69.895494,-30.272881],[-69.908127,-30.318005],[-69.904743,-30.340446],[-69.891846,-30.35059],[-69.935126,-30.358214],[-69.955342,-30.385505],[-69.994553,-30.378793],[-70.020385,-30.396895],[-70.050962,-30.388302],[-70.063206,-30.394364],[-70.102529,-30.368091],[-70.106578,-30.352063],[-70.14166,-30.340187],[-70.154669,-30.346666],[-70.155399,-30.361973],[-70.117501,-30.432126],[-70.136275,-30.458843],[-70.194815,-30.49163],[-70.179388,-30.512315],[-70.196826,-30.537493],[-70.190693,-30.550688],[-70.207347,-30.558605],[-70.24664,-30.634207],[-70.250388,-30.660742],[-70.239372,-30.667801],[-70.253222,-30.677333],[-70.259093,-30.700159],[-70.246094,-30.728522],[-70.269466,-30.745933],[-70.272979,-30.780566],[-70.28797,-30.786689],[-70.279739,-30.830691],[-70.295483,-30.845745],[-70.322821,-30.928026],[-70.314433,-30.954672],[-70.293375,-30.969986],[-70.303045,-30.995885],[-70.297766,-31.020163],[-70.277146,-31.02146],[-70.269099,-31.043093],[-70.321651,-31.043494],[-70.368274,-31.109965],[-70.360555,-31.135707],[-70.401378,-31.167072],[-70.413067,-31.158015],[-70.432296,-31.101711],[-70.455838,-31.084302],[-70.475617,-31.114248],[-70.497907,-31.122797],[-70.495872,-31.136064],[-70.524337,-31.189825],[-70.513451,-31.196562],[-70.515336,-31.232404],[-70.531832,-31.246659],[-70.52698,-31.278547],[-70.547157,-31.314853],[-70.527616,-31.364242],[-70.539662,-31.387029],[-70.531974,-31.407737],[-70.549943,-31.408063],[-70.560207,-31.419959],[-70.548688,-31.448744],[-70.569141,-31.472886],[-70.566581,-31.502327],[-70.55226,-31.511161],[-70.567384,-31.600134],[-70.547743,-31.606124],[-70.531782,-31.638046],[-70.506753,-31.652267],[-70.512943,-31.689777],[-70.468172,-31.698477],[-70.457966,-31.733343],[-70.47202,-31.758774],[-70.450973,-31.810371],[-70.460442,-31.843866],[-70.376856,-31.884822],[-70.363773,-31.880639],[-70.347946,-31.890577],[-70.317831,-31.880706],[-70.280053,-31.884086],[-70.263557,-31.910922],[-70.232379,-31.925632],[-70.209316,-31.960411],[-70.208156,-31.978002],[-70.249738,-31.992835],[-70.248261,-32.023861],[-70.263892,-32.038141],[-70.283366,-32.038308],[-70.289028,-32.052032],[-70.328742,-32.049291],[-70.344721,-32.042004],[-70.350654,-32.026591],[-70.364275,-32.025058],[-70.379849,-32.026218],[-70.388233,-32.045402],[-70.335189,-32.070436],[-70.350221,-32.088232],[-70.341655,-32.108644],[-70.327033,-32.127917],[-70.303877,-32.136322],[-70.317262,-32.177005],[-70.300953,-32.206815],[-70.323319,-32.266514],[-70.284427,-32.292511],[-70.262474,-32.291645],[-70.222366,-32.325004],[-70.229183,-32.364485],[-70.217333,-32.382201],[-70.23859,-32.404832],[-70.236649,-32.429292],[-70.218011,-32.42859],[-70.194321,-32.449269],[-70.148746,-32.465665],[-70.123254,-32.535575],[-70.126201,-32.574154],[-70.091266,-32.602209],[-70.089958,-32.622315],[-70.066163,-32.625825],[-70.0457,-32.605183],[-70.041655,-32.585077],[-70.025831,-32.578771],[-70.025712,-32.559855],[-70.004178,-32.528327],[-69.964322,-32.545816],[-69.930534,-32.541414],[-69.900672,-32.56152],[-69.862838,-32.56152],[-69.847253,-32.570562],[-69.827384,-32.56271],[-69.822387,-32.544388],[-69.783721,-32.542128],[-69.756119,-32.50941],[-69.704961,-32.496442],[-69.689212,-32.430176],[-69.704128,-32.403643],[-69.733157,-32.390556],[-69.728874,-32.330831],[-69.721498,-32.314175],[-69.685806,-32.307037],[-69.63096,-32.260042],[-69.60312,-32.210788],[-69.609901,-32.202103],[-69.596457,-32.143092],[-69.560766,-32.12941],[-69.557672,-32.140118],[-69.531141,-32.14095],[-69.507585,-32.125365],[-69.505562,-32.113825],[-69.477127,-32.110374],[-69.454761,-32.074682],[-69.43394,-32.076348],[-69.415737,-32.066533],[-69.390396,-32.076824],[-69.378604,-32.064209],[-69.314212,-32.091125],[-69.300296,-32.074402],[-69.276797,-32.070007],[-69.262441,-32.033161],[-69.244509,-32.016113],[-69.183994,-31.999385],[-69.116417,-32.002478],[-69.116461,-32.019895],[-69.093692,-32.031494],[-69.086242,-32.052375],[-69.011645,-32.116502],[-68.95679,-32.108887],[-68.917615,-32.114646],[-68.917613,-32.338042],[-68.665713,-32.337097],[-68.462898,-32.237747],[-68.463041,-32.137846],[-68.304117,-32.137691],[-68.247932,-32.091545],[-68.206912,-32.121094],[-68.186587,-32.112915],[-68.151126,-32.119019],[-68.1225,-32.099915],[-68.093814,-32.101807],[-68.09772,-32.092712],[-68.078982,-32.085388],[-68.072695,-32.098511],[-68.065982,-32.079529],[-68.051394,-32.071899],[-68.04999,-32.08783],[-68.033511,-32.075989],[-68.029727,-32.086304],[-68.004397,-32.080383],[-67.987185,-32.093811],[-67.956912,-32.093079],[-67.963992,-32.117615],[-67.928103,-32.121704],[-67.936587,-32.138],[-67.923403,-32.147095],[-67.916995,-32.174194],[-67.869998,-32.189697],[-67.87482,-32.197205],[-67.845889,-32.223511],[-67.839297,-32.21521],[-67.81763,-32.22821],[-67.796511,-32.220398],[-67.773989,-32.235596],[-67.768985,-32.225586],[-67.735598,-32.223816],[-67.727481,-32.240723],[-67.709719,-32.246094],[-67.704898,-32.235718],[-67.68323,-32.237976],[-67.668399,-32.226807],[-67.636721,-32.241211],[-67.604678,-32.23291],[-67.594485,-32.246399],[-67.579531,-32.237183],[-67.546511,-32.240295],[-67.518985,-32.222412],[-67.523318,-32.229492],[-67.511416,-32.243713],[-67.500308,-32.239075],[-67.485682,-32.263088],[-67.470664,-32.307945],[-67.423965,-32.327844],[-67.381732,-32.330537],[-67.355162,-32.352167],[-67.331308,-32.350918],[-67.317745,-32.38203],[-67.263799,-32.381859],[-67.26623,-32.339259],[-67.278008,-32.292324],[-67.37039,-32.246281],[-67.380186,-32.223756],[-67.383793,-32.125212],[-67.365234,-31.975901],[-67.379244,-31.868116],[-67.241536,-31.880805],[-67.136729,-31.833805],[-67.049997,-31.85748],[-67.00593,-31.855355],[-66.885696,-31.897693],[-66.661788,-31.920536],[-66.73504,-31.87466],[-66.802429,-31.811829],[-66.87519,-31.632669],[-66.958531,-31.632669],[-67.109091,-31.382825],[-67.075303,-31.227447],[-67.125747,-31.160703],[-67.092197,-31.060765],[-67.112423,-31.010559],[-67.085297,-30.914191],[-67.128841,-30.895631],[-67.282792,-30.69528],[-67.410093,-30.627466],[-67.446261,-30.577973],[-67.494802,-30.536332],[-67.578618,-30.402963],[-67.590873,-30.298148],[-67.67344,-30.23652],[-67.686348,-30.214867],[-67.835838,-30.105888],[-67.857015,-30.100474],[-67.87736,-30.075133],[-67.898299,-30.0743],[-67.930541,-30.030221],[-67.990087,-29.988104],[-68.013405,-29.944322],[-68.053023,-29.901254],[-68.105193,-29.884241],[-68.15879,-29.885431],[-68.163668,-29.864134],[-68.18437,-29.848133],[-68.185202,-29.802982],[-68.199003,-29.781091],[-68.25385,-29.780734],[-68.26777,-29.758605],[-68.258484,-29.746887],[-68.441284,-29.650513],[-68.520203,-29.637512],[-68.620644,-29.645819],[-68.668649,-29.63987],[-68.68251,-29.646533],[-68.735096,-29.625415],[-68.758534,-29.632791],[-68.794226,-29.623511],[-68.863111,-29.635052],[-68.887262,-29.621727],[-68.883396,-29.591924],[-68.907845,-29.619823],[-68.935565,-29.619823],[-68.938302,-29.651589],[-68.957457,-29.657538],[-69.014088,-29.639097],[-69.031934,-29.584607],[-69.033718,-29.532973],[-69.000049,-29.466705],[-68.987438,-29.478007],[-68.975184,-29.456473],[-68.979229,-29.423637],[-68.996718,-29.41519],[-69.00219,-29.399723],[-68.974589,-29.36415],[-68.984939,-29.325246],[-68.973399,-29.315371],[-68.957576,-29.317156],[-68.957457,-29.285866],[-68.989103,-29.273969],[-68.992197,-29.253148],[-68.97911,-29.230544],[-69.001239,-29.186642],[-68.969592,-29.146311],[-68.958527,-29.164157],[-68.934998,-29.166382],[-68.933781,-29.149166],[-68.911652,-29.128227],[-68.925215,-29.089441],[-68.919028,-29.072904],[-68.907964,-29.072785],[-68.908508,-29.044922],[-68.914031,-29.028765],[-68.932472,-29.017939],[-68.932948,-28.984983],[-68.961304,-28.941528],[-68.933424,-28.907651],[-68.921408,-28.866308],[-68.908202,-28.861013],[-69.161971,-28.761135],[-69.209798,-28.681602],[-69.21658,-28.60647],[-69.202393,-28.596375],[-69.316041,-28.411712],[-69.331091,-28.428665],[-69.375944,-28.448474],[-69.425476,-28.451782],[-69.469695,-28.415519],[-69.498249,-28.416589],[-69.516213,-28.431877],[-69.555237,-28.405822],[-69.605713,-28.419006],[-69.62981,-28.393692]]]},"properties":{"fid":9,"OBJECTID":435,"Entidad":0,"Objeto":"Provincia","FNA":"Provincia de San Juan","GNA":"Provincia","NAM":"San Juan","SAG":"IGN","FDC":"Geografía","IN1":"70","SHAPE_STAr":8.32844121046,"SHAPE_STLe":19.4456057212,"argentina_population_2022":818234}},
{"type":"Feature","geometry":{"type":"Polygon","coordinates":[[[-65.422985,-30.119602],[-65.719459,-29.409989],[-65.717258,-29.328612],[-65.748159,-29.269686],[-65.814427,-29.269805],[-65.814665,-29.180932],[-66.099519,-28.944091],[-66.313551,-28.886508],[-66.328186,-28.875977],[-66.396301,-28.866028],[-66.411377,-28.814209],[-66.388611,-28.801025],[-66.352455,-28.721849],[-66.373335,-28.718339],[-66.395996,-28.677002],[-66.496217,-28.622294],[-66.496273,-28.531339],[-66.532203,-28.531458],[-66.515011,-28.466261],[-66.57081,-28.288634],[-66.99019,-28.263293],[-67.016245,-28.254251],[-67.057052,-28.273286],[-67.07466,-28.270193],[-67.155443,-28.384407],[-67.375305,-28.384526],[-67.691464,-28.311834],[-67.761242,-28.329918],[-67.756364,-28.353653],[-67.802764,-28.347882],[-67.815553,-28.37602],[-67.844821,-28.375187],[-67.851543,-28.371201],[-67.84137,-28.313261],[-67.872303,-28.284589],[-67.871826,-28.271301],[-67.894194,-28.259129],[-67.905199,-28.233073],[-67.898953,-28.212134],[-67.9121,-28.208506],[-67.913623,-28.1831],[-67.930243,-28.172219],[-67.921915,-28.16633],[-67.926472,-28.14836],[-67.914932,-28.114096],[-67.950505,-28.10898],[-68.022364,-28.124684],[-68.024625,-28.139318],[-68.053773,-28.139794],[-68.0715,-28.162518],[-68.107311,-28.173463],[-68.141218,-28.101842],[-68.164418,-28.110765],[-68.183097,-28.086018],[-68.234136,-28.08233],[-68.246153,-28.071147],[-68.274706,-28.09506],[-68.29541,-28.068604],[-68.286194,-28.026489],[-68.312012,-28.024475],[-68.335815,-28.037598],[-68.351685,-28.017212],[-68.396618,-28.004169],[-68.440002,-28.025391],[-68.456699,-28.015591],[-68.440281,-27.873656],[-68.458313,-27.85199],[-68.51452,-27.838559],[-68.539147,-27.785378],[-68.533912,-27.729699],[-68.543396,-27.709778],[-68.561752,-27.735409],[-68.56318,-27.770387],[-68.582335,-27.819761],[-68.624249,-27.791679],[-68.665176,-27.809882],[-68.715977,-27.815235],[-68.72954,-27.805837],[-68.723829,-27.789656],[-68.799011,-27.755676],[-69.095264,-27.79479],[-69.110323,-27.85224],[-69.131542,-27.871704],[-69.123019,-27.901461],[-69.155573,-27.931959],[-69.154793,-27.946625],[-69.173304,-27.971428],[-69.237064,-27.966534],[-69.251308,-28.00449],[-69.269106,-28.011266],[-69.263118,-28.046732],[-69.301362,-28.07132],[-69.307394,-28.128854],[-69.336267,-28.164065],[-69.381783,-28.181788],[-69.391382,-28.226443],[-69.410974,-28.205264],[-69.42875,-28.203471],[-69.456268,-28.183597],[-69.478403,-28.207002],[-69.474422,-28.237167],[-69.502666,-28.264313],[-69.499131,-28.283085],[-69.523574,-28.329656],[-69.58276,-28.352442],[-69.596948,-28.392025],[-69.60867,-28.393761],[-69.62456,-28.37818],[-69.634973,-28.38408],[-69.62981,-28.393692],[-69.605713,-28.419006],[-69.555237,-28.405822],[-69.516213,-28.431877],[-69.498249,-28.416589],[-69.469695,-28.415519],[-69.425476,-28.451782],[-69.375944,-28.448474],[-69.331091,-28.428665],[-69.316041,-28.411712],[-69.202393,-28.596375],[-69.21658,-28.60647],[-69.209798,-28.681602],[-69.161971,-28.761135],[-68.908202,-28.861013],[-68.921408,-28.866308],[-68.933424,-28.907651],[-68.961304,-28.941528],[-68.932948,-28.984983],[-68.932472,-29.017939],[-68.914031,-29.028765],[-68.908508,-29.044922],[-68.907964,-29.072785],[-68.919028,-29.072904],[-68.925215,-29.089441],[-68.911652,-29.128227],[-68.933781,-29.149166],[-68.934998,-29.166382],[-68.958527,-29.164157],[-68.969592,-29.146311],[-69.001239,-29.186642],[-68.97911,-29.230544],[-68.992197,-29.253148],[-68.989103,-29.273969],[-68.957457,-29.285866],[-68.957576,-29.317156],[-68.973399,-29.315371],[-68.984939,-29.325246],[-68.974589,-29.36415],[-69.00219,-29.399723],[-68.996718,-29.41519],[-68.979229,-29.423637],[-68.975184,-29.456473],[-68.987438,-29.478007],[-69.000049,-29.466705],[-69.033718,-29.532973],[-69.031934,-29.584607],[-69.014088,-29.639097],[-68.957457,-29.657538],[-68.938302,-29.651589],[-68.935565,-29.619823],[-68.907845,-29.619823],[-68.883396,-29.591924],[-68.887262,-29.621727],[-68.863111,-29.635052],[-68.794226,-29.623511],[-68.758534,-29.632791],[-68.735096,-29.625415],[-68.68251,-29.646533],[-68.668649,-29.63987],[-68.620644,-29.645819],[-68.520203,-29.637512],[-68.441284,-29.650513],[-68.258484,-29.746887],[-68.26777,-29.758605],[-68.25385,-29.780734],[-68.199003,-29.781091],[-68.185202,-29.802982],[-68.18437,-29.848133],[-68.163668,-29.864134],[-68.15879,-29.885431],[-68.105193,-29.884241],[-68.053023,-29.901254],[-68.013405,-29.944322],[-67.990087,-29.988104],[-67.930541,-30.030221],[-67.898299,-30.0743],[-67.87736,-30.075133],[-67.857015,-30.100474],[-67.835838,-30.105888],[-67.686348,-30.214867],[-67.67344,-30.23652],[-67.590873,-30.298148],[-67.578618,-30.402963],[-67.494802,-30.536332],[-67.446261,-30.577973],[-67.410093,-30.627466],[-67.282792,-30.69528],[-67.128841,-30.895631],[-67.085297,-30.914191],[-67.112423,-31.010559],[-67.092197,-31.060765],[-67.125747,-31.160703],[-67.075303,-31.227447],[-67.109091,-31.382825],[-66.958531,-31.632669],[-66.87519,-31.632669],[-66.802429,-31.811829],[-66.73504,-31.87466],[-66.661788,-31.920536],[-66.604538,-31.923379],[-66.604753,-31.934123],[-66.56655,-31.950446],[-66.349781,-31.99769],[-66.338098,-31.943724],[-66.299634,-31.931065],[-66.228334,-31.941297],[-66.160234,-31.963533],[-66.16115,-31.938501],[-66.144339,-31.936978],[-66.079499,-31.971349],[-66.069243,-31.936467],[-65.979026,-31.889163],[-65.894031,-31.910483],[-65.77008,-31.888637],[-65.771984,-31.044523],[-65.520804,-30.484529],[-65.422985,-30.119602]]]},"properties":{"fid":10,"OBJECTID":436,"Entidad":0,"Objeto":"Provincia","FNA":"Provincia de La Rioja","GNA":"Provincia","NAM":"La Rioja","SAG":"IGN","FDC":"Geografía","IN1":"46","SHAPE_STAr":8.52921551759,"SHAPE_STLe":16.4261323025,"argentina_population_2022":384607}},
{"type":"Feature","geometry":{"type":"Polygon","coordinates":[[[-66.099757,-26.220486],[-66.170847,-26.133762],[-66.205349,-26.132573],[-66.230571,-26.149229],[-66.246871,-26.181471],[-66.292958,-26.229306],[-66.301955,-26.2707],[-66.330747,-26.301277],[-66.339893,-26.339415],[-66.359657,-26.356956],[-66.382024,-26.416799],[-66.461022,-26.364094],[-66.508189,-26.364837],[-66.539877,-26.353162],[-66.559466,-26.288575],[-66.50768,-26.273034],[-66.530556,-26.272871],[-66.568237,-26.249835],[-66.572413,-26.183286],[-66.584189,-26.15983],[-66.620466,-26.143917],[-66.634937,-26.118495],[-66.661155,-26.106175],[-66.654288,-26.094395],[-66.660868,-26.076655],[-66.702319,-26.082142],[-66.759677,-26.049095],[-66.778813,-26.048136],[-66.781068,-26.032929],[-66.843463,-25.97734],[-66.853177,-25.913557],[-66.839257,-25.880661],[-66.847566,-25.796268],[-66.856185,-25.774136],[-66.873566,-25.766185],[-66.85048,-25.721144],[-66.801734,-25.698806],[-66.648577,-25.712032],[-66.633055,-25.662064],[-66.606458,-25.62867],[-66.563902,-25.621762],[-66.572765,-25.586724],[-66.534562,-25.536509],[-66.54281,-25.522389],[-66.532103,-25.500617],[-66.53525,-25.462264],[-66.518548,-25.44033],[-66.537099,-25.372483],[-66.587068,-25.37284],[-66.599798,-25.362251],[-66.580406,-25.318826],[-66.558191,-25.300654],[-66.879266,-25.241731],[-67.864601,-25.2384],[-68.507172,-25.168313],[-68.505222,-25.222549],[-68.511344,-25.233699],[-68.535056,-25.237015],[-68.548503,-25.26219],[-68.529207,-25.290467],[-68.545633,-25.298792],[-68.545936,-25.312215],[-68.518155,-25.341654],[-68.52778,-25.352708],[-68.523866,-25.378917],[-68.541536,-25.382541],[-68.571615,-25.417751],[-68.589884,-25.414427],[-68.589169,-25.448806],[-68.569973,-25.481683],[-68.572552,-25.494449],[-68.561637,-25.505568],[-68.538523,-25.50912],[-68.548027,-25.525772],[-68.537058,-25.543759],[-68.543041,-25.548957],[-68.514832,-25.574059],[-68.540751,-25.596147],[-68.544744,-25.633758],[-68.525328,-25.644086],[-68.511353,-25.672155],[-68.499091,-25.673447],[-68.477339,-25.70164],[-68.381433,-26.177834],[-68.558355,-26.287369],[-68.588092,-26.492428],[-68.362249,-26.802818],[-68.262427,-26.918846],[-68.289418,-26.924106],[-68.293784,-26.959177],[-68.318758,-26.981644],[-68.294783,-27.03904],[-68.34664,-27.033451],[-68.403793,-27.068118],[-68.428828,-27.064326],[-68.450823,-27.095489],[-68.475814,-27.084015],[-68.483904,-27.058254],[-68.472736,-27.110839],[-68.481623,-27.128583],[-68.494339,-27.136665],[-68.516018,-27.130981],[-68.540154,-27.109873],[-68.557024,-27.115124],[-68.554226,-27.135643],[-68.574962,-27.177552],[-68.600318,-27.159194],[-68.615504,-27.171755],[-68.631347,-27.163305],[-68.670533,-27.099018],[-68.683494,-27.107955],[-68.693115,-27.099173],[-68.73752,-27.102345],[-68.751089,-27.112349],[-68.778133,-27.098995],[-68.799631,-27.125193],[-68.806777,-27.152665],[-68.824804,-27.147469],[-68.842878,-27.160109],[-68.857675,-27.190672],[-68.852474,-27.214692],[-68.855973,-27.231761],[-68.86883,-27.238103],[-68.868061,-27.261734],[-68.808436,-27.300833],[-68.82872,-27.29828],[-68.848342,-27.315396],[-68.869854,-27.317947],[-68.892769,-27.357755],[-68.896684,-27.384693],[-68.886962,-27.398698],[-68.930337,-27.409519],[-68.934504,-27.444769],[-68.959991,-27.429746],[-68.980318,-27.431906],[-68.988104,-27.453069],[-68.948587,-27.488193],[-68.942515,-27.525931],[-68.987628,-27.523794],[-68.972486,-27.542858],[-68.975282,-27.560656],[-68.999811,-27.58284],[-69.038833,-27.595103],[-69.053299,-27.620191],[-69.059048,-27.664307],[-69.042166,-27.678554],[-69.043178,-27.697484],[-69.089257,-27.721672],[-69.082321,-27.727728],[-69.095264,-27.79479],[-68.799011,-27.755676],[-68.723829,-27.789656],[-68.72954,-27.805837],[-68.715977,-27.815235],[-68.665176,-27.809882],[-68.624249,-27.791679],[-68.582335,-27.819761],[-68.56318,-27.770387],[-68.561752,-27.735409],[-68.543396,-27.709778],[-68.533912,-27.729699],[-68.539147,-27.785378],[-68.51452,-27.838559],[-68.458313,-27.85199],[-68.440281,-27.873656],[-68.456699,-28.015591],[-68.440002,-28.025391],[-68.396618,-28.004169],[-68.351685,-28.017212],[-68.335815,-28.037598],[-68.312012,-28.024475],[-68.286194,-28.026489],[-68.29541,-28.068604],[-68.274706,-28.09506],[-68.246153,-28.071147],[-68.234136,-28.08233],[-68.183097,-28.086018],[-68.164418,-28.110765],[-68.141218,-28.101842],[-68.107311,-28.173463],[-68.0715,-28.162518],[-68.053773,-28.139794],[-68.024625,-28.139318],[-68.022364,-28.124684],[-67.950505,-28.10898],[-67.914932,-28.114096],[-67.926472,-28.14836],[-67.921915,-28.16633],[-67.930243,-28.172219],[-67.913623,-28.1831],[-67.9121,-28.208506],[-67.898953,-28.212134],[-67.905199,-28.233073],[-67.894194,-28.259129],[-67.871826,-28.271301],[-67.872303,-28.284589],[-67.84137,-28.313261],[-67.851543,-28.371201],[-67.844821,-28.375187],[-67.815553,-28.37602],[-67.802764,-28.347882],[-67.756364,-28.353653],[-67.761242,-28.329918],[-67.691464,-28.311834],[-67.375305,-28.384526],[-67.155443,-28.384407],[-67.07466,-28.270193],[-67.057052,-28.273286],[-67.016245,-28.254251],[-66.99019,-28.263293],[-66.57081,-28.288634],[-66.515011,-28.466261],[-66.532203,-28.531458],[-66.496273,-28.531339],[-66.496217,-28.622294],[-66.395996,-28.677002],[-66.373335,-28.718339],[-66.352455,-28.721849],[-66.388611,-28.801025],[-66.411377,-28.814209],[-66.396301,-28.866028],[-66.328186,-28.875977],[-66.313551,-28.886508],[-66.099519,-28.944091],[-65.814665,-29.180932],[-65.814427,-29.269805],[-65.748159,-29.269686],[-65.717258,-29.328612],[-65.719459,-29.409989],[-65.422985,-30.119602],[-65.15827,-30.047267],[-64.937932,-29.847511],[-64.964052,-29.596091],[-64.824628,-29.574305],[-64.825937,-29.473654],[-64.785969,-29.405497],[-64.838072,-29.342545],[-64.842294,-29.312748],[-64.824747,-29.273779],[-64.780965,-29.267592],[-64.837596,-29.228569],[-64.85449,-29.197398],[-64.859844,-29.035],[-64.906601,-28.932445],[-64.901719,-28.91434],[-64.911954,-28.886641],[-64.901128,-28.841312],[-64.938604,-28.805739],[-64.977271,-28.789202],[-65.016627,-28.737805],[-65.127177,-28.716152],[-65.136522,-28.64688],[-65.173463,-28.63296],[-65.17257,-28.61797],[-65.183457,-28.624394],[-65.188186,-28.618416],[-65.184617,-28.60057],[-65.125563,-28.611528],[-65.096898,-28.471008],[-65.111948,-28.185711],[-65.170798,-27.946465],[-65.370378,-27.84597],[-65.507311,-27.929077],[-65.527893,-27.972443],[-65.540683,-27.973276],[-65.562336,-28.008206],[-65.576553,-28.013679],[-65.61226,-27.991133],[-65.617487,-27.971688],[-65.666266,-27.973235],[-65.674713,-27.928501],[-65.698865,-27.889597],[-65.703914,-27.808094],[-65.719804,-27.816072],[-65.721351,-27.797512],[-65.753235,-27.76997],[-65.799278,-27.787221],[-65.794638,-27.806613],[-65.820693,-27.820355],[-65.814983,-27.826898],[-65.832314,-27.851193],[-65.828843,-27.814168],[-65.865487,-27.689008],[-65.875421,-27.672471],[-65.915396,-27.66914],[-65.954672,-27.57643],[-65.95027,-27.561796],[-65.965855,-27.543594],[-65.97573,-27.493506],[-65.967997,-27.429379],[-65.974421,-27.414865],[-65.964784,-27.384527],[-65.971974,-27.332926],[-66.027507,-27.298751],[-66.14082,-27.261054],[-66.110309,-27.215794],[-66.077912,-27.209193],[-66.082416,-27.198336],[-66.06947,-27.188576],[-66.054737,-27.144149],[-66.01991,-27.113515],[-65.989707,-27.104844],[-65.964306,-27.033103],[-65.917123,-27.014876],[-65.913799,-26.982644],[-65.891195,-26.975149],[-65.874895,-26.932913],[-65.85779,-26.929196],[-65.857644,-26.901267],[-65.900475,-26.86379],[-65.874419,-26.818223],[-65.881452,-26.806165],[-65.865853,-26.7955],[-65.853861,-26.759659],[-65.830161,-26.744222],[-66.04219,-26.600372],[-66.17124,-26.631212],[-66.167481,-26.601332],[-66.176118,-26.577793],[-66.164934,-26.53651],[-66.172549,-26.510574],[-66.164458,-26.502603],[-66.177664,-26.47167],[-66.154844,-26.443666],[-66.155773,-26.397311],[-66.126506,-26.389102],[-66.11913,-26.376967],[-66.121152,-26.276078],[-66.098138,-26.251576],[-66.099757,-26.220486]]]},"properties":{"fid":11,"OBJECTID":437,"Entidad":0,"Objeto":"Provincia","FNA":"Provincia de Catamarca","GNA":"Provincia","NAM":"Catamarca","SAG":"IGN","FDC":"Geografía","IN1":"10","SHAPE_STAr":9.25694486638,"SHAPE_STLe":21.7060822144,"argentina_population_2022":429556}},
{"type":"Feature","geometry":{"type":"Polygon","coordinates":[[[-64.495323,-26.219366],[-64.510919,-26.214469],[-64.518572,-26.224082],[-64.541574,-26.219418],[-64.564152,-26.226925],[-64.579581,-26.218181],[-64.599298,-26.230688],[-64.607982,-26.225852],[-64.614302,-26.233338],[-64.62205,-26.224519],[-64.667792,-26.242718],[-64.712279,-26.23556],[-64.732152,-26.241556],[-64.759069,-26.223986],[-64.790412,-26.223718],[-64.81593,-26.231342],[-64.822772,-26.242688],[-64.845319,-26.238596],[-64.873443,-26.274922],[-64.951182,-26.306848],[-64.96093,-26.303977],[-64.972518,-26.274381],[-65.039509,-26.290334],[-65.032244,-26.272182],[-65.046347,-26.264554],[-65.040725,-26.229933],[-65.225354,-26.190507],[-65.222694,-26.184429],[-65.275768,-26.171381],[-65.293828,-26.126837],[-65.297906,-26.081736],[-65.315417,-26.082564],[-65.326428,-26.068252],[-65.361083,-26.058288],[-65.424556,-26.109015],[-65.458465,-26.103077],[-65.465396,-26.091277],[-65.52161,-26.09534],[-65.548146,-26.087535],[-65.613633,-26.123473],[-65.629966,-26.123358],[-65.64006,-26.111039],[-65.688515,-26.117262],[-65.699949,-26.156351],[-65.692058,-26.164697],[-65.695193,-26.185867],[-65.711897,-26.208357],[-65.702825,-26.24164],[-65.722753,-26.2798],[-65.707277,-26.295911],[-65.72303,-26.312712],[-65.711451,-26.328698],[-65.717759,-26.352467],[-66.040109,-26.250901],[-66.099757,-26.220486],[-66.098138,-26.251576],[-66.121152,-26.276078],[-66.11913,-26.376967],[-66.126506,-26.389102],[-66.155773,-26.397311],[-66.154844,-26.443666],[-66.177664,-26.47167],[-66.164458,-26.502603],[-66.172549,-26.510574],[-66.164934,-26.53651],[-66.176118,-26.577793],[-66.167481,-26.601332],[-66.17124,-26.631212],[-66.04219,-26.600372],[-65.830161,-26.744222],[-65.853861,-26.759659],[-65.865853,-26.7955],[-65.881452,-26.806165],[-65.874419,-26.818223],[-65.900475,-26.86379],[-65.857644,-26.901267],[-65.85779,-26.929196],[-65.874895,-26.932913],[-65.891195,-26.975149],[-65.913799,-26.982644],[-65.917123,-27.014876],[-65.964306,-27.033103],[-65.989707,-27.104844],[-66.01991,-27.113515],[-66.054737,-27.144149],[-66.06947,-27.188576],[-66.082416,-27.198336],[-66.077912,-27.209193],[-66.110309,-27.215794],[-66.14082,-27.261054],[-66.027507,-27.298751],[-65.971974,-27.332926],[-65.964784,-27.384527],[-65.974421,-27.414865],[-65.967997,-27.429379],[-65.97573,-27.493506],[-65.965855,-27.543594],[-65.95027,-27.561796],[-65.954672,-27.57643],[-65.915396,-27.66914],[-65.875421,-27.672471],[-65.865487,-27.689008],[-65.828843,-27.814168],[-65.832314,-27.851193],[-65.814983,-27.826898],[-65.820693,-27.820355],[-65.794638,-27.806613],[-65.799278,-27.787221],[-65.753235,-27.76997],[-65.721351,-27.797512],[-65.719804,-27.816072],[-65.703914,-27.808094],[-65.698865,-27.889597],[-65.674713,-27.928501],[-65.666266,-27.973235],[-65.617487,-27.971688],[-65.61226,-27.991133],[-65.576553,-28.013679],[-65.562336,-28.008206],[-65.540683,-27.973276],[-65.527893,-27.972443],[-65.507311,-27.929077],[-65.370378,-27.84597],[-65.170798,-27.946465],[-65.17823,-27.916016],[-65.169482,-27.917429],[-65.159074,-27.877204],[-65.10714,-27.893158],[-65.038968,-27.879238],[-65.016482,-27.791139],[-65.028142,-27.752711],[-64.986025,-27.741646],[-65.027115,-27.587145],[-65.01095,-27.561759],[-64.991676,-27.571277],[-64.966216,-27.551289],[-64.96812,-27.505366],[-65.008868,-27.483713],[-64.974286,-27.350621],[-64.937524,-27.357879],[-64.934367,-27.344429],[-64.854064,-27.317309],[-64.811187,-27.148667],[-64.798457,-27.150571],[-64.766976,-27.014285],[-64.753651,-27.016664],[-64.750271,-27.003031],[-64.742586,-27.00441],[-64.707201,-26.81951],[-64.67757,-26.824509],[-64.672617,-26.794008],[-64.617889,-26.802693],[-64.587518,-26.658117],[-64.498764,-26.673465],[-64.508897,-26.549001],[-64.521389,-26.543823],[-64.517339,-26.486464],[-64.534387,-26.410614],[-64.521371,-26.353032],[-64.481988,-26.306838],[-64.502279,-26.239006],[-64.495323,-26.219366]]]},"properties":{"fid":12,"OBJECTID":438,"Entidad":0,"Objeto":"Provincia","FNA":"Provincia de Tucumán","GNA":"Provincia","NAM":"Tucumán","SAG":"IGN","FDC":"Geografía","IN1":"90","SHAPE_STAr":2.05338789856,"SHAPE_STLe":8.40337286742,"argentina_population_2022":1694656}},
{"type":"Feature","geometry":{"type":"Polygon","coordinates":[[[-65.186567,-22.08535],[-65.473295,-22.088594],[-65.483812,-22.095767],[-65.574645,-22.076204],[-65.589006,-22.098582],[-65.606742,-22.094499],[-65.675303,-22.111603],[-65.715391,-22.097352],[-65.748264,-22.109145],[-65.804844,-22.07525],[-65.924778,-21.93355],[-66.048167,-21.919017],[-66.043278,-21.871939],[-66.076306,-21.834975],[-66.220983,-21.780857],[-66.241101,-21.788893],[-66.235933,-21.852321],[-66.250857,-21.901528],[-66.260305,-21.906141],[-66.260834,-21.936224],[-66.274639,-21.94442],[-66.272005,-21.966862],[-66.283807,-21.986466],[-66.27764,-22.023699],[-66.292392,-22.034607],[-66.291859,-22.051701],[-66.283579,-22.050425],[-66.293086,-22.062147],[-66.284247,-22.068355],[-66.288604,-22.086955],[-66.307707,-22.094636],[-66.31738,-22.08478],[-66.325536,-22.088322],[-66.331637,-22.118264],[-66.34794,-22.119897],[-66.347753,-22.128027],[-66.623167,-22.197381],[-66.63825,-22.225486],[-66.68625,-22.209539],[-66.739278,-22.238458],[-66.761583,-22.345908],[-66.784306,-22.401769],[-66.782472,-22.438075],[-66.928556,-22.492228],[-66.972944,-22.540658],[-67.02725,-22.540883],[-67.014083,-22.654814],[-67.12775,-22.722114],[-67.1805,-22.814128],[-66.990503,-23.000006],[-67.213047,-23.694917],[-66.992836,-23.889907],[-66.941121,-23.984036],[-66.915152,-23.970241],[-66.880641,-23.974391],[-66.87991,-23.993851],[-66.837372,-24.070739],[-66.797372,-24.09637],[-66.745738,-24.089232],[-66.726464,-24.122306],[-66.678637,-24.142056],[-66.646276,-24.172513],[-66.590835,-24.18798],[-66.558712,-24.187266],[-66.543626,-24.207638],[-66.503486,-24.197806],[-66.483355,-24.212998],[-66.469006,-24.198449],[-66.478762,-24.183459],[-66.445664,-24.164725],[-66.422488,-24.163947],[-66.414255,-24.128676],[-66.381775,-24.127784],[-66.362287,-24.087357],[-66.370497,-24.080071],[-66.370175,-24.050094],[-66.350545,-24.023682],[-66.353341,-23.998639],[-66.339449,-23.984347],[-66.362882,-23.983465],[-66.368141,-23.971905],[-66.353293,-23.890337],[-66.38005,-23.839036],[-66.372019,-23.821904],[-66.353303,-23.825257],[-66.376856,-23.750218],[-66.367576,-23.733086],[-66.36758,-23.694625],[-66.357407,-23.673805],[-66.338134,-23.668986],[-66.330341,-23.656613],[-66.335495,-23.628513],[-66.317492,-23.607537],[-66.311127,-23.561375],[-66.283644,-23.5747],[-66.264906,-23.566253],[-66.239616,-23.492459],[-66.219331,-23.485261],[-66.182925,-23.438445],[-66.184289,-23.414608],[-66.163745,-23.415436],[-66.112573,-23.434424],[-66.089235,-23.459261],[-66.011199,-23.508777],[-65.987219,-23.509654],[-66.008118,-23.804767],[-66.021926,-23.861713],[-66.01096,-23.898399],[-66.016548,-23.918078],[-65.999172,-23.936467],[-65.992573,-23.979955],[-65.94201,-23.967463],[-65.947545,-24.007161],[-65.86737,-24.00333],[-65.804518,-24.033019],[-65.786631,-24.055384],[-65.746268,-24.062439],[-65.751728,-24.07381],[-65.733349,-24.084008],[-65.720861,-24.109339],[-65.73077,-24.144211],[-65.715429,-24.166942],[-65.725017,-24.186],[-65.670838,-24.252933],[-65.682687,-24.307724],[-65.655908,-24.355101],[-65.656331,-24.37742],[-65.621362,-24.381766],[-65.600152,-24.41704],[-65.571266,-24.422249],[-65.54042,-24.451516],[-65.520418,-24.446322],[-65.506331,-24.455422],[-65.499733,-24.43432],[-65.464285,-24.430577],[-65.434663,-24.462178],[-65.425286,-24.450446],[-65.358843,-24.461322],[-65.353539,-24.490916],[-65.317312,-24.502338],[-65.286795,-24.490678],[-65.229272,-24.486217],[-65.227649,-24.46756],[-65.194119,-24.45986],[-65.10516,-24.523038],[-65.079672,-24.562185],[-64.99675,-24.57622],[-64.927407,-24.599773],[-64.896941,-24.591986],[-64.883711,-24.57188],[-64.893467,-24.560887],[-64.879408,-24.526942],[-64.885479,-24.520845],[-64.877125,-24.500371],[-64.861905,-24.494023],[-64.856224,-24.470333],[-64.841976,-24.467359],[-64.770601,-24.504198],[-64.755402,-24.523286],[-64.725826,-24.529901],[-64.704459,-24.563427],[-64.680515,-24.576191],[-64.674172,-24.603871],[-64.647548,-24.613357],[-64.593864,-24.583431],[-64.560132,-24.577229],[-64.535756,-24.507619],[-64.5,-24.506369],[-64.481876,-24.465124],[-64.45537,-24.463038],[-64.436295,-24.442659],[-64.421652,-24.402206],[-64.31834,-24.42716],[-64.297794,-24.405248],[-64.288777,-24.407116],[-64.251978,-24.364174],[-64.252395,-24.344425],[-64.223127,-24.329375],[-64.216662,-24.308618],[-64.19263,-24.285775],[-64.161841,-24.221061],[-64.17504,-24.214928],[-64.15077,-24.136406],[-64.161001,-24.070614],[-64.157057,-23.518042],[-64.357051,-23.517923],[-64.397078,-23.573415],[-64.388433,-23.580332],[-64.396761,-23.612133],[-64.444975,-23.640092],[-64.448365,-23.627421],[-64.466127,-23.621264],[-64.457473,-23.611443],[-64.47896,-23.608513],[-64.495621,-23.567256],[-64.534832,-23.538396],[-64.532561,-23.521357],[-64.543901,-23.524],[-64.567996,-23.507155],[-64.586051,-23.512182],[-64.614621,-23.492323],[-64.657688,-23.483167],[-64.682533,-23.452433],[-64.738427,-23.467616],[-64.739431,-23.478941],[-64.761153,-23.47566],[-64.787476,-23.496161],[-64.840874,-23.484401],[-64.845038,-23.49725],[-64.864224,-23.484963],[-64.873355,-23.478743],[-64.868444,-23.447421],[-64.89487,-23.440442],[-64.906665,-23.423791],[-64.910534,-23.400815],[-64.89242,-23.359446],[-64.904669,-23.354265],[-64.899678,-23.335414],[-64.910177,-23.310812],[-64.92835,-23.30103],[-64.947278,-23.269148],[-64.964637,-23.286112],[-65.010115,-23.285114],[-65.018884,-23.262649],[-65.035909,-23.252437],[-65.038648,-23.226904],[-65.071975,-23.220318],[-65.071736,-23.20191],[-65.04502,-23.155738],[-65.071695,-23.137652],[-65.06221,-23.11878],[-65.06683,-23.047261],[-65.133765,-23.001884],[-65.188911,-22.998151],[-65.187484,-22.971799],[-65.201701,-22.969241],[-65.199024,-22.958057],[-65.218238,-22.95895],[-65.251689,-22.927957],[-65.249231,-22.890481],[-65.252562,-22.874955],[-65.262793,-22.874003],[-65.274232,-22.790107],[-65.301993,-22.765022],[-65.29741,-22.740361],[-65.306061,-22.7304],[-65.271662,-22.64823],[-65.350694,-22.602262],[-65.347124,-22.520101],[-65.305689,-22.466615],[-65.262733,-22.338258],[-65.226613,-22.320151],[-65.240295,-22.279248],[-65.22048,-22.169585],[-65.213788,-22.150007],[-65.194059,-22.144733],[-65.186567,-22.08535]]]},"properties":{"fid":13,"OBJECTID":439,"Entidad":0,"Objeto":"Provincia","FNA":"Provincia de Jujuy","GNA":"Provincia","NAM":"Jujuy","SAG":"IGN","FDC":"Geografía","IN1":"38","SHAPE_STAr":4.70083616412,"SHAPE_STLe":13.8947547895,"argentina_population_2022":797955}},
{"type":"Feature","geometry":{"type":"Polygon","coordinates":[[[-58.377351,-26.872232],[-58.388695,-26.86922],[-58.379712,-26.856431],[-58.396606,-26.860476],[-58.400651,-26.831208],[-58.406838,-26.845723],[-58.414214,-26.84263],[-58.409218,-26.834302],[-58.424208,-26.834777],[-58.427777,-26.824784],[-58.446337,-26.831922],[-58.445147,-26.818359],[-58.477746,-26.824546],[-58.467514,-26.800275],[-58.485598,-26.805986],[-58.487264,-26.784333],[-58.497496,-26.78933],[-58.507251,-26.773149],[-58.499637,-26.76149],[-58.515817,-26.766249],[-58.52129,-26.756969],[-58.532949,-26.757921],[-58.53426,-26.738223],[-58.545387,-26.751587],[-58.557971,-26.729032],[-58.5665,-26.731271],[-58.572181,-26.687517],[-58.611001,-26.681494],[-58.628151,-26.662333],[-58.653181,-26.659418],[-58.680392,-26.642676],[-58.689424,-26.594151],[-58.701012,-26.589938],[-58.720128,-26.602053],[-58.744377,-26.602646],[-58.772284,-26.536917],[-58.795034,-26.536524],[-58.792258,-26.519425],[-58.845614,-26.519216],[-58.865752,-26.475083],[-58.909809,-26.462557],[-58.914855,-26.445142],[-58.941972,-26.430659],[-58.95556,-26.399876],[-58.985715,-26.379999],[-59.002731,-26.374149],[-59.024081,-26.38122],[-59.042898,-26.365348],[-59.068475,-26.374233],[-59.091395,-26.350143],[-59.101853,-26.351519],[-59.098074,-26.343241],[-59.128614,-26.344165],[-59.115635,-26.32558],[-59.132418,-26.331172],[-59.153872,-26.31686],[-59.137196,-26.307641],[-59.14612,-26.299977],[-59.181965,-26.304718],[-59.192587,-26.329734],[-59.20368,-26.32682],[-59.22957,-26.343062],[-59.257538,-26.341353],[-59.256366,-26.351639],[-59.277657,-26.34977],[-59.297553,-26.335796],[-59.311118,-26.339427],[-59.312988,-26.31895],[-59.333466,-26.335711],[-59.343859,-26.327791],[-59.357506,-26.33797],[-59.385973,-26.304543],[-59.403288,-26.299484],[-59.38395,-26.295112],[-59.384643,-26.280539],[-59.396067,-26.273781],[-59.381307,-26.261717],[-59.397935,-26.258624],[-59.39455,-26.247645],[-59.415862,-26.222161],[-59.410298,-26.207102],[-59.428885,-26.198811],[-59.418742,-26.196174],[-59.420658,-26.1783],[-59.408793,-26.179131],[-59.438301,-26.149132],[-59.455128,-26.147808],[-59.456182,-26.160198],[-59.464973,-26.150592],[-59.475771,-26.161734],[-59.489342,-26.155426],[-59.494502,-26.162589],[-59.495422,-26.15388],[-59.509175,-26.159182],[-59.519479,-26.142919],[-59.532137,-26.150627],[-59.535484,-26.141322],[-59.547334,-26.142567],[-59.547319,-26.150857],[-59.567182,-26.148906],[-59.585988,-26.143588],[-59.576702,-26.139148],[-59.584773,-26.121826],[-59.597208,-26.130961],[-59.605861,-26.114629],[-59.608874,-26.123712],[-59.619978,-26.117211],[-59.645249,-26.121485],[-59.626247,-26.13434],[-59.660456,-26.143402],[-59.649268,-26.119455],[-59.678304,-26.115002],[-59.674269,-26.096118],[-59.68251,-26.089486],[-59.663611,-26.06246],[-59.663985,-26.053848],[-59.67003,-26.06158],[-59.678641,-26.054133],[-59.668721,-26.046618],[-59.678368,-26.037991],[-59.668182,-26.024916],[-59.685435,-26.009403],[-59.669865,-26.011443],[-59.671168,-26.003304],[-59.702284,-26.000465],[-59.707787,-26.009779],[-59.708057,-25.996323],[-59.725094,-25.999758],[-59.72787,-25.97015],[-59.740805,-25.975545],[-59.751428,-25.963237],[-59.743572,-25.949521],[-59.75452,-25.955628],[-59.747612,-25.943318],[-59.757927,-25.937981],[-59.753458,-25.920721],[-59.768644,-25.925682],[-59.764571,-25.916001],[-59.788284,-25.909712],[-59.78118,-25.896681],[-59.789218,-25.903023],[-59.804347,-25.898267],[-59.801847,-25.892058],[-59.826803,-25.889937],[-59.81572,-25.884432],[-59.827161,-25.869637],[-59.836128,-25.875978],[-59.843676,-25.856047],[-59.871339,-25.845802],[-59.859207,-25.838028],[-59.86957,-25.835411],[-59.877213,-25.84509],[-59.876698,-25.801151],[-59.903972,-25.798777],[-59.907742,-25.784573],[-59.925542,-25.79079],[-59.93333,-25.782914],[-59.919021,-25.777534],[-59.930613,-25.766015],[-59.94395,-25.776469],[-59.946332,-25.763573],[-59.967627,-25.771941],[-59.965011,-25.750666],[-59.976199,-25.759521],[-59.986127,-25.748548],[-59.980887,-25.738388],[-59.994729,-25.734805],[-59.980492,-25.721907],[-60.012668,-25.73554],[-60.018865,-25.713683],[-60.033758,-25.717505],[-60.020836,-25.702698],[-60.027558,-25.693979],[-60.044826,-25.695886],[-60.040207,-25.683828],[-60.094492,-25.671382],[-60.137162,-25.650687],[-60.138338,-25.642449],[-60.172871,-25.653878],[-60.189202,-25.648123],[-60.181537,-25.634283],[-60.199002,-25.600709],[-60.219943,-25.599774],[-60.213583,-25.578469],[-60.239893,-25.557716],[-60.222966,-25.525672],[-60.22669,-25.50271],[-60.238442,-25.499973],[-60.228262,-25.480144],[-60.244035,-25.469171],[-60.254702,-25.474643],[-60.261093,-25.460754],[-60.281264,-25.466704],[-60.282628,-25.433155],[-60.33591,-25.39292],[-60.322529,-25.37602],[-60.314943,-25.392872],[-60.30764,-25.391665],[-60.319128,-25.3641],[-60.334477,-25.379052],[-60.34509,-25.377349],[-60.341396,-25.361469],[-60.355471,-25.360058],[-60.348444,-25.338566],[-60.38398,-25.323857],[-60.396838,-25.331266],[-60.407379,-25.308466],[-60.413531,-25.321366],[-60.419524,-25.317948],[-60.448694,-25.258955],[-60.487142,-25.235325],[-60.483489,-25.221987],[-60.498987,-25.215836],[-60.529648,-25.171784],[-60.546948,-25.16706],[-60.551134,-25.193437],[-60.61174,-25.160361],[-60.624759,-25.166394],[-60.609403,-25.174199],[-60.622059,-25.177511],[-60.641244,-25.163902],[-60.663184,-25.162526],[-60.652488,-25.152658],[-60.670845,-25.147805],[-60.657942,-25.110997],[-60.721447,-25.12521],[-60.724708,-25.115308],[-60.738175,-25.114535],[-60.739909,-25.091346],[-60.752031,-25.100603],[-60.765735,-25.090262],[-60.754452,-25.067629],[-60.807142,-25.064966],[-60.812444,-25.073535],[-60.834663,-25.043795],[-60.826726,-25.03333],[-60.874237,-25.034956],[-60.87498,-25.019712],[-60.896628,-25.020625],[-60.91218,-25.007089],[-60.931955,-25.013126],[-60.925102,-25.003774],[-60.941579,-24.99127],[-60.920854,-24.980485],[-60.942738,-24.980642],[-60.939005,-24.960153],[-60.948277,-24.957207],[-60.953522,-24.972647],[-60.963973,-24.948386],[-60.998017,-24.933967],[-60.994186,-24.916385],[-61.022219,-24.920786],[-61.017154,-24.909818],[-61.03043,-24.902615],[-61.028839,-24.888667],[-61.046382,-24.899118],[-61.047089,-24.89016],[-61.075102,-24.872696],[-61.073786,-24.856411],[-61.093293,-24.848475],[-61.100718,-24.824842],[-61.107417,-24.834841],[-61.142973,-24.808989],[-61.148081,-24.792625],[-61.137669,-24.785318],[-61.152658,-24.786988],[-61.160359,-24.770859],[-61.147845,-24.755203],[-61.156076,-24.740214],[-61.17385,-24.733571],[-61.157397,-24.709721],[-61.183641,-24.721078],[-61.208074,-24.698026],[-61.201567,-24.655791],[-61.232046,-24.639676],[-61.245767,-24.64956],[-61.26225,-24.619971],[-61.274128,-24.638878],[-61.294448,-24.62571],[-61.34184,-24.639461],[-61.364186,-24.61951],[-61.375481,-24.641579],[-61.382725,-24.612757],[-61.427508,-24.618067],[-61.446617,-24.604974],[-61.461057,-24.610885],[-61.523956,-24.539262],[-61.524996,-24.513182],[-61.562259,-24.502647],[-61.554937,-24.485193],[-61.576341,-24.495163],[-61.593109,-24.484109],[-61.584484,-24.439994],[-61.606367,-24.450352],[-61.610007,-24.423685],[-61.628361,-24.422088],[-61.647061,-24.433833],[-61.697573,-24.413407],[-61.712528,-24.379856],[-61.71101,-24.370117],[-61.692479,-24.367661],[-61.732496,-24.358459],[-61.726308,-24.342168],[-61.714857,-24.34051],[-61.719882,-24.336048],[-61.743701,-24.339357],[-61.77172,-24.311896],[-61.785336,-24.316695],[-61.793897,-24.334303],[-61.813474,-24.31361],[-61.848008,-24.321982],[-61.843646,-24.305456],[-61.879321,-24.307321],[-61.886819,-24.273768],[-61.908516,-24.306762],[-61.920264,-24.283899],[-61.904008,-24.27777],[-61.907838,-24.259432],[-61.933911,-24.273009],[-61.964848,-24.231002],[-61.984652,-24.227095],[-61.985263,-24.246842],[-62.007612,-24.232952],[-62.042076,-24.23724],[-62.056889,-24.212394],[-62.087582,-24.232044],[-62.076428,-24.201301],[-62.137609,-24.217386],[-62.138322,-24.187495],[-62.1627,-24.197128],[-62.182249,-24.19365],[-62.16557,-24.173472],[-62.224207,-24.142179],[-62.315341,-24.118623],[-62.311533,-24.101253],[-62.321527,-24.087452],[-62.33385,-24.086661],[-62.341873,-24.107935],[-62.341733,-24.392471],[-63.422474,-25.649034],[-61.711134,-25.654669],[-61.711195,-26.823406],[-61.711256,-27.999421],[-60.216737,-27.999433],[-58.883922,-27.999444],[-58.893694,-28.035274],[-58.880822,-28.066825],[-58.859734,-28.050318],[-58.857739,-28.011612],[-58.832058,-27.973829],[-58.844894,-27.885572],[-58.809708,-27.783407],[-58.818775,-27.681178],[-58.835497,-27.646641],[-58.882746,-27.608523],[-58.871019,-27.571271],[-58.881402,-27.497892],[-58.80864,-27.42372],[-58.781012,-27.381778],[-58.74556,-27.382238],[-58.668787,-27.359092],[-58.616488,-27.318632],[-58.618785,-27.305312],[-58.593156,-27.258078],[-58.592479,-27.229028],[-58.66163,-27.186578],[-58.652207,-27.130556],[-58.62571,-27.113881],[-58.554897,-27.108913],[-58.559637,-27.037586],[-58.527143,-27.037472],[-58.511267,-27.062256],[-58.498589,-27.045067],[-58.519433,-27.001951],[-58.469807,-27.000066],[-58.487795,-26.94925],[-58.484137,-26.935354],[-58.384889,-26.892191],[-58.377351,-26.872232]]]},"properties":{"fid":14,"OBJECTID":440,"Entidad":0,"Objeto":"Provincia","FNA":"Provincia del Chaco","GNA":"Provincia","NAM":"Chaco","SAG":"IGN","FDC":"Geografía","IN1":"22","SHAPE_STAr":9.02488881377,"SHAPE_STLe":19.2394191953,"argentina_population_2022":1142963}},
{"type":"Feature","geometry":{"type":"Polygon","coordinates":[[[-58.377351,-26.872232],[-58.370213,-26.864266],[-58.325272,-26.869674],[-58.317895,-26.852734],[-58.334863,-26.809557],[-58.307052,-26.808358],[-58.283981,-26.795395],[-58.293347,-26.757761],[-58.264736,-26.762672],[-58.248004,-26.75462],[-58.260224,-26.645089],[-58.245662,-26.642291],[-58.21511,-26.654911],[-58.191296,-26.646345],[-58.210199,-26.622132],[-58.194094,-26.597804],[-58.199805,-26.560513],[-58.224932,-26.536072],[-58.207457,-26.498438],[-58.233603,-26.473542],[-58.228623,-26.464621],[-58.1809,-26.457397],[-58.218498,-26.417829],[-58.221727,-26.399495],[-58.210453,-26.378972],[-58.159666,-26.348817],[-58.154357,-26.313901],[-58.167164,-26.291627],[-58.163825,-26.264373],[-58.109536,-26.240949],[-58.104227,-26.229894],[-58.107456,-26.21769],[-58.159009,-26.181187],[-58.11966,-26.186495],[-58.118638,-26.154354],[-58.090928,-26.11628],[-58.015404,-26.101668],[-57.946413,-26.066019],[-57.919515,-26.032325],[-57.854756,-26.008455],[-57.854014,-25.987439],[-57.895302,-25.960713],[-57.878969,-25.932274],[-57.836767,-25.915599],[-57.839223,-25.902235],[-57.863037,-25.882201],[-57.858469,-25.858001],[-57.816266,-25.847413],[-57.796564,-25.824855],[-57.826545,-25.754442],[-57.773565,-25.757607],[-57.727122,-25.715039],[-57.732023,-25.707795],[-57.758416,-25.709956],[-57.76665,-25.700131],[-57.742785,-25.651878],[-57.719926,-25.646339],[-57.678067,-25.661072],[-57.670586,-25.651764],[-57.674983,-25.596998],[-57.659336,-25.595685],[-57.637349,-25.614245],[-57.616848,-25.616072],[-57.60457,-25.568787],[-57.580414,-25.569416],[-57.572647,-25.556052],[-57.579709,-25.512534],[-57.560602,-25.452714],[-57.596518,-25.401064],[-57.642351,-25.383355],[-57.685723,-25.329382],[-57.70285,-25.322201],[-57.697865,-25.308817],[-57.707228,-25.300063],[-57.694446,-25.285967],[-57.705096,-25.291734],[-57.711835,-25.273051],[-57.722428,-25.277534],[-57.718212,-25.265598],[-57.730109,-25.257499],[-57.722685,-25.253054],[-57.7291,-25.246477],[-57.741026,-25.253254],[-57.735677,-25.234637],[-57.748298,-25.235208],[-57.744205,-25.228346],[-57.759062,-25.220274],[-57.748621,-25.20674],[-57.758815,-25.1866],[-57.753504,-25.176473],[-57.768438,-25.172914],[-57.78023,-25.152507],[-57.791756,-25.155448],[-57.807232,-25.142304],[-57.812972,-25.147834],[-57.826354,-25.130645],[-57.837014,-25.131425],[-57.861132,-25.08159],[-57.884013,-25.075584],[-57.895881,-25.083598],[-57.906218,-25.073386],[-57.931031,-25.078097],[-57.941768,-25.071682],[-57.952604,-25.080591],[-57.95643,-25.072881],[-57.971278,-25.07725],[-57.975375,-25.086273],[-57.990709,-25.08179],[-58.005742,-25.035062],[-58.068674,-25.045712],[-58.090575,-25.00875],[-58.113154,-25.019626],[-58.13716,-25.011677],[-58.137545,-24.988791],[-58.153107,-24.98191],[-58.14978,-24.975214],[-58.193467,-24.968033],[-58.202,-24.949663],[-58.224438,-24.942025],[-58.224653,-24.927106],[-58.255365,-24.931865],[-58.333677,-25.000018],[-58.348316,-24.971731],[-58.391374,-24.953019],[-58.40834,-24.923057],[-58.428627,-24.923438],[-58.430017,-24.893304],[-58.473704,-24.860906],[-58.49746,-24.857955],[-58.510899,-24.843507],[-58.526185,-24.850817],[-58.550475,-24.827726],[-58.573584,-24.821026],[-58.611027,-24.831115],[-58.648661,-24.824528],[-58.673502,-24.831515],[-58.68875,-24.810176],[-58.708566,-24.810518],[-58.726992,-24.774331],[-58.743439,-24.78088],[-58.807361,-24.772409],[-58.846194,-24.737459],[-58.865249,-24.728703],[-58.878802,-24.733005],[-58.903377,-24.704756],[-58.972971,-24.662056],[-59.023883,-24.660099],[-59.07983,-24.621284],[-59.127806,-24.617952],[-59.185538,-24.563641],[-59.241276,-24.546063],[-59.257605,-24.519681],[-59.293446,-24.515487],[-59.319941,-24.492002],[-59.350488,-24.483049],[-59.374104,-24.421867],[-59.421276,-24.408879],[-59.425597,-24.395858],[-59.456599,-24.373513],[-59.475908,-24.331139],[-60.039006,-24.011656],[-60.072861,-24.011231],[-60.091201,-24.02474],[-60.103231,-24.019992],[-60.119792,-24.032553],[-60.177525,-24.044022],[-60.295069,-24.041431],[-60.3355,-24.0216],[-60.374233,-24.023722],[-60.389508,-23.994954],[-60.477794,-23.950936],[-60.509661,-23.970865],[-60.552306,-23.966497],[-60.561385,-23.954852],[-60.589928,-23.958839],[-60.580016,-23.952996],[-60.592763,-23.943038],[-60.594928,-23.921],[-60.587355,-23.917024],[-60.603487,-23.916702],[-60.600511,-23.910085],[-60.612822,-23.903819],[-60.647826,-23.908586],[-60.684177,-23.894834],[-60.694212,-23.902591],[-60.71407,-23.881972],[-60.733037,-23.884356],[-60.742974,-23.87272],[-60.847339,-23.871548],[-60.857758,-23.849203],[-60.866525,-23.853624],[-60.932336,-23.800714],[-60.944379,-23.801803],[-60.938447,-23.807894],[-60.953835,-23.809978],[-60.958946,-23.820574],[-60.964946,-23.808633],[-60.986809,-23.812867],[-61.020403,-23.772625],[-61.015144,-23.758246],[-61.039989,-23.743022],[-61.058545,-23.705482],[-61.065574,-23.707311],[-61.086722,-23.679858],[-61.081145,-23.670904],[-61.095178,-23.666661],[-61.090499,-23.639054],[-61.101149,-23.626982],[-61.089515,-23.613861],[-61.121191,-23.596071],[-61.12189,-23.584904],[-61.131921,-23.598014],[-61.130166,-23.578505],[-61.146599,-23.580215],[-61.155164,-23.57293],[-61.145557,-23.570427],[-61.16495,-23.566675],[-61.176573,-23.547538],[-61.195368,-23.549969],[-61.189738,-23.540672],[-61.215117,-23.551752],[-61.246901,-23.540801],[-61.263155,-23.516334],[-61.27761,-23.516992],[-61.273786,-23.506186],[-61.283915,-23.500419],[-61.2921,-23.509286],[-61.280861,-23.48867],[-61.292669,-23.495426],[-61.317858,-23.470052],[-61.34657,-23.463936],[-61.35207,-23.449954],[-61.37642,-23.457566],[-61.384664,-23.447246],[-61.384661,-23.459012],[-61.401099,-23.445177],[-61.419646,-23.447202],[-61.44949,-23.419048],[-61.494122,-23.424436],[-61.522207,-23.377273],[-61.514961,-23.352151],[-61.566557,-23.339381],[-61.572954,-23.30403],[-61.589121,-23.305117],[-61.606846,-23.283814],[-61.635153,-23.282847],[-61.636656,-23.27543],[-61.670797,-23.284517],[-61.663075,-23.27665],[-61.681408,-23.273693],[-61.709026,-23.243303],[-61.734897,-23.235754],[-61.734665,-23.199464],[-61.754424,-23.171093],[-61.775126,-23.162077],[-61.793434,-23.165227],[-61.792001,-23.154902],[-61.806596,-23.15699],[-61.818255,-23.127097],[-61.830736,-23.125681],[-61.860562,-23.085719],[-61.87265,-23.093127],[-61.877729,-23.082437],[-61.88816,-23.08721],[-61.89183,-23.069633],[-61.896858,-23.075634],[-61.934727,-23.067687],[-61.940064,-23.046541],[-61.955336,-23.048513],[-61.951611,-23.033761],[-61.982782,-23.022899],[-61.989467,-23.002924],[-61.99712,-23.010175],[-61.992498,-22.992033],[-62.005953,-22.988472],[-61.994624,-22.977529],[-61.996766,-22.966075],[-62.010376,-22.975686],[-61.995946,-22.951532],[-61.999597,-22.929577],[-62.024822,-22.927711],[-62.021641,-22.908297],[-62.040548,-22.869415],[-62.072169,-22.846668],[-62.095241,-22.806137],[-62.108199,-22.819527],[-62.11557,-22.794912],[-62.139626,-22.78072],[-62.134594,-22.771471],[-62.14729,-22.764803],[-62.138557,-22.76162],[-62.162529,-22.753006],[-62.16109,-22.732503],[-62.185913,-22.704261],[-62.195032,-22.715073],[-62.200949,-22.706957],[-62.199705,-22.694174],[-62.177224,-22.693607],[-62.186291,-22.678685],[-62.20102,-22.683658],[-62.203597,-22.661867],[-62.192514,-22.653336],[-62.188956,-22.622548],[-62.207746,-22.645718],[-62.22574,-22.622642],[-62.241978,-22.628741],[-62.235794,-22.615725],[-62.25145,-22.612495],[-62.25358,-22.600472],[-62.263792,-22.603584],[-62.233228,-22.569863],[-62.234095,-22.54433],[-62.254896,-22.531622],[-62.250431,-22.516989],[-62.280918,-22.51143],[-62.286543,-22.523138],[-62.290197,-22.474609],[-62.309024,-22.486728],[-62.327324,-22.484307],[-62.3423,-22.46084],[-62.341873,-24.107935],[-62.33385,-24.086661],[-62.321527,-24.087452],[-62.311533,-24.101253],[-62.315341,-24.118623],[-62.224207,-24.142179],[-62.16557,-24.173472],[-62.182249,-24.19365],[-62.1627,-24.197128],[-62.138322,-24.187495],[-62.137609,-24.217386],[-62.076428,-24.201301],[-62.087582,-24.232044],[-62.056889,-24.212394],[-62.042076,-24.23724],[-62.007612,-24.232952],[-61.985263,-24.246842],[-61.984652,-24.227095],[-61.964848,-24.231002],[-61.933911,-24.273009],[-61.907838,-24.259432],[-61.904008,-24.27777],[-61.920264,-24.283899],[-61.908516,-24.306762],[-61.886819,-24.273768],[-61.879321,-24.307321],[-61.843646,-24.305456],[-61.848008,-24.321982],[-61.813474,-24.31361],[-61.793897,-24.334303],[-61.785336,-24.316695],[-61.77172,-24.311896],[-61.743701,-24.339357],[-61.719882,-24.336048],[-61.714857,-24.34051],[-61.726308,-24.342168],[-61.732496,-24.358459],[-61.692479,-24.367661],[-61.71101,-24.370117],[-61.712528,-24.379856],[-61.697573,-24.413407],[-61.647061,-24.433833],[-61.628361,-24.422088],[-61.610007,-24.423685],[-61.606367,-24.450352],[-61.584484,-24.439994],[-61.593109,-24.484109],[-61.576341,-24.495163],[-61.554937,-24.485193],[-61.562259,-24.502647],[-61.524996,-24.513182],[-61.523956,-24.539262],[-61.461057,-24.610885],[-61.446617,-24.604974],[-61.427508,-24.618067],[-61.382725,-24.612757],[-61.375481,-24.641579],[-61.364186,-24.61951],[-61.34184,-24.639461],[-61.294448,-24.62571],[-61.274128,-24.638878],[-61.26225,-24.619971],[-61.245767,-24.64956],[-61.232046,-24.639676],[-61.201567,-24.655791],[-61.208074,-24.698026],[-61.183641,-24.721078],[-61.157397,-24.709721],[-61.17385,-24.733571],[-61.156076,-24.740214],[-61.147845,-24.755203],[-61.160359,-24.770859],[-61.152658,-24.786988],[-61.137669,-24.785318],[-61.148081,-24.792625],[-61.142973,-24.808989],[-61.107417,-24.834841],[-61.100718,-24.824842],[-61.093293,-24.848475],[-61.073786,-24.856411],[-61.075102,-24.872696],[-61.047089,-24.89016],[-61.046382,-24.899118],[-61.028839,-24.888667],[-61.03043,-24.902615],[-61.017154,-24.909818],[-61.022219,-24.920786],[-60.994186,-24.916385],[-60.998017,-24.933967],[-60.963973,-24.948386],[-60.953522,-24.972647],[-60.948277,-24.957207],[-60.939005,-24.960153],[-60.942738,-24.980642],[-60.920854,-24.980485],[-60.941579,-24.99127],[-60.925102,-25.003774],[-60.931955,-25.013126],[-60.91218,-25.007089],[-60.896628,-25.020625],[-60.87498,-25.019712],[-60.874237,-25.034956],[-60.826726,-25.03333],[-60.834663,-25.043795],[-60.812444,-25.073535],[-60.807142,-25.064966],[-60.754452,-25.067629],[-60.765735,-25.090262],[-60.752031,-25.100603],[-60.739909,-25.091346],[-60.738175,-25.114535],[-60.724708,-25.115308],[-60.721447,-25.12521],[-60.657942,-25.110997],[-60.670845,-25.147805],[-60.652488,-25.152658],[-60.663184,-25.162526],[-60.641244,-25.163902],[-60.622059,-25.177511],[-60.609403,-25.174199],[-60.624759,-25.166394],[-60.61174,-25.160361],[-60.551134,-25.193437],[-60.546948,-25.16706],[-60.529648,-25.171784],[-60.498987,-25.215836],[-60.483489,-25.221987],[-60.487142,-25.235325],[-60.448694,-25.258955],[-60.419524,-25.317948],[-60.413531,-25.321366],[-60.407379,-25.308466],[-60.396838,-25.331266],[-60.38398,-25.323857],[-60.348444,-25.338566],[-60.355471,-25.360058],[-60.341396,-25.361469],[-60.34509,-25.377349],[-60.334477,-25.379052],[-60.319128,-25.3641],[-60.30764,-25.391665],[-60.314943,-25.392872],[-60.322529,-25.37602],[-60.33591,-25.39292],[-60.282628,-25.433155],[-60.281264,-25.466704],[-60.261093,-25.460754],[-60.254702,-25.474643],[-60.244035,-25.469171],[-60.228262,-25.480144],[-60.238442,-25.499973],[-60.22669,-25.50271],[-60.222966,-25.525672],[-60.239893,-25.557716],[-60.213583,-25.578469],[-60.219943,-25.599774],[-60.199002,-25.600709],[-60.181537,-25.634283],[-60.189202,-25.648123],[-60.172871,-25.653878],[-60.138338,-25.642449],[-60.137162,-25.650687],[-60.094492,-25.671382],[-60.040207,-25.683828],[-60.044826,-25.695886],[-60.027558,-25.693979],[-60.020836,-25.702698],[-60.033758,-25.717505],[-60.018865,-25.713683],[-60.012668,-25.73554],[-59.980492,-25.721907],[-59.994729,-25.734805],[-59.980887,-25.738388],[-59.986127,-25.748548],[-59.976199,-25.759521],[-59.965011,-25.750666],[-59.967627,-25.771941],[-59.946332,-25.763573],[-59.94395,-25.776469],[-59.930613,-25.766015],[-59.919021,-25.777534],[-59.93333,-25.782914],[-59.925542,-25.79079],[-59.907742,-25.784573],[-59.903972,-25.798777],[-59.876698,-25.801151],[-59.877213,-25.84509],[-59.86957,-25.835411],[-59.859207,-25.838028],[-59.871339,-25.845802],[-59.843676,-25.856047],[-59.836128,-25.875978],[-59.827161,-25.869637],[-59.81572,-25.884432],[-59.826803,-25.889937],[-59.801847,-25.892058],[-59.804347,-25.898267],[-59.789218,-25.903023],[-59.78118,-25.896681],[-59.788284,-25.909712],[-59.764571,-25.916001],[-59.768644,-25.925682],[-59.753458,-25.920721],[-59.757927,-25.937981],[-59.747612,-25.943318],[-59.75452,-25.955628],[-59.743572,-25.949521],[-59.751428,-25.963237],[-59.740805,-25.975545],[-59.72787,-25.97015],[-59.725094,-25.999758],[-59.708057,-25.996323],[-59.707787,-26.009779],[-59.702284,-26.000465],[-59.671168,-26.003304],[-59.669865,-26.011443],[-59.685435,-26.009403],[-59.668182,-26.024916],[-59.678368,-26.037991],[-59.668721,-26.046618],[-59.678641,-26.054133],[-59.67003,-26.06158],[-59.663985,-26.053848],[-59.663611,-26.06246],[-59.68251,-26.089486],[-59.674269,-26.096118],[-59.678304,-26.115002],[-59.649268,-26.119455],[-59.660456,-26.143402],[-59.626247,-26.13434],[-59.645249,-26.121485],[-59.619978,-26.117211],[-59.608874,-26.123712],[-59.605861,-26.114629],[-59.597208,-26.130961],[-59.584773,-26.121826],[-59.576702,-26.139148],[-59.585988,-26.143588],[-59.567182,-26.148906],[-59.547319,-26.150857],[-59.547334,-26.142567],[-59.535484,-26.141322],[-59.532137,-26.150627],[-59.519479,-26.142919],[-59.509175,-26.159182],[-59.495422,-26.15388],[-59.494502,-26.162589],[-59.489342,-26.155426],[-59.475771,-26.161734],[-59.464973,-26.150592],[-59.456182,-26.160198],[-59.455128,-26.147808],[-59.438301,-26.149132],[-59.408793,-26.179131],[-59.420658,-26.1783],[-59.418742,-26.196174],[-59.428885,-26.198811],[-59.410298,-26.207102],[-59.415862,-26.222161],[-59.39455,-26.247645],[-59.397935,-26.258624],[-59.381307,-26.261717],[-59.396067,-26.273781],[-59.384643,-26.280539],[-59.38395,-26.295112],[-59.403288,-26.299484],[-59.385973,-26.304543],[-59.357506,-26.33797],[-59.343859,-26.327791],[-59.333466,-26.335711],[-59.312988,-26.31895],[-59.311118,-26.339427],[-59.297553,-26.335796],[-59.277657,-26.34977],[-59.256366,-26.351639],[-59.257538,-26.341353],[-59.22957,-26.343062],[-59.20368,-26.32682],[-59.192587,-26.329734],[-59.181965,-26.304718],[-59.14612,-26.299977],[-59.137196,-26.307641],[-59.153872,-26.31686],[-59.132418,-26.331172],[-59.115635,-26.32558],[-59.128614,-26.344165],[-59.098074,-26.343241],[-59.101853,-26.351519],[-59.091395,-26.350143],[-59.068475,-26.374233],[-59.042898,-26.365348],[-59.024081,-26.38122],[-59.002731,-26.374149],[-58.985715,-26.379999],[-58.95556,-26.399876],[-58.941972,-26.430659],[-58.914855,-26.445142],[-58.909809,-26.462557],[-58.865752,-26.475083],[-58.845614,-26.519216],[-58.792258,-26.519425],[-58.795034,-26.536524],[-58.772284,-26.536917],[-58.744377,-26.602646],[-58.720128,-26.602053],[-58.701012,-26.589938],[-58.689424,-26.594151],[-58.680392,-26.642676],[-58.653181,-26.659418],[-58.628151,-26.662333],[-58.611001,-26.681494],[-58.572181,-26.687517],[-58.5665,-26.731271],[-58.557971,-26.729032],[-58.545387,-26.751587],[-58.53426,-26.738223],[-58.532949,-26.757921],[-58.52129,-26.756969],[-58.515817,-26.766249],[-58.499637,-26.76149],[-58.507251,-26.773149],[-58.497496,-26.78933],[-58.487264,-26.784333],[-58.485598,-26.805986],[-58.467514,-26.800275],[-58.477746,-26.824546],[-58.445147,-26.818359],[-58.446337,-26.831922],[-58.427777,-26.824784],[-58.424208,-26.834777],[-58.409218,-26.834302],[-58.414214,-26.84263],[-58.406838,-26.845723],[-58.400651,-26.831208],[-58.396606,-26.860476],[-58.379712,-26.856431],[-58.388695,-26.86922],[-58.377351,-26.872232]]]},"properties":{"fid":15,"OBJECTID":441,"Entidad":0,"Objeto":"Provincia","FNA":"Provincia de Formosa","GNA":"Provincia","NAM":"Formosa","SAG":"IGN","FDC":"Geografía","IN1":"34","SHAPE_STAr":6.74572052174,"SHAPE_STLe":21.8497108589,"argentina_population_2022":606041}},
{"type":"Feature","geometry":{"type":"Polygon","coordinates":[[[-61.711256,-27.999421],[-61.711195,-26.823406],[-61.711134,-25.654669],[-63.422474,-25.649034],[-63.476056,-25.709763],[-63.567309,-25.709465],[-63.660465,-25.685373],[-63.874259,-25.684481],[-64.007747,-25.673357],[-64.025415,-25.753485],[-64.196438,-25.727728],[-64.197509,-25.709287],[-64.26806,-25.700007],[-64.40363,-26.031168],[-64.396491,-26.045921],[-64.412196,-26.113498],[-64.425521,-26.115877],[-64.495323,-26.219366],[-64.502279,-26.239006],[-64.481988,-26.306838],[-64.521371,-26.353032],[-64.534387,-26.410614],[-64.517339,-26.486464],[-64.521389,-26.543823],[-64.508897,-26.549001],[-64.498764,-26.673465],[-64.587518,-26.658117],[-64.617889,-26.802693],[-64.672617,-26.794008],[-64.67757,-26.824509],[-64.707201,-26.81951],[-64.742586,-27.00441],[-64.750271,-27.003031],[-64.753651,-27.016664],[-64.766976,-27.014285],[-64.798457,-27.150571],[-64.811187,-27.148667],[-64.854064,-27.317309],[-64.934367,-27.344429],[-64.937524,-27.357879],[-64.974286,-27.350621],[-65.008868,-27.483713],[-64.96812,-27.505366],[-64.966216,-27.551289],[-64.991676,-27.571277],[-65.01095,-27.561759],[-65.027115,-27.587145],[-64.986025,-27.741646],[-65.028142,-27.752711],[-65.016482,-27.791139],[-65.038968,-27.879238],[-65.10714,-27.893158],[-65.159074,-27.877204],[-65.169482,-27.917429],[-65.17823,-27.916016],[-65.170798,-27.946465],[-65.111948,-28.185711],[-65.096898,-28.471008],[-65.125563,-28.611528],[-65.184617,-28.60057],[-65.188186,-28.618416],[-65.183457,-28.624394],[-65.17257,-28.61797],[-65.173463,-28.63296],[-65.136522,-28.64688],[-65.127177,-28.716152],[-65.016627,-28.737805],[-64.977271,-28.789202],[-64.938604,-28.805739],[-64.901128,-28.841312],[-64.911954,-28.886641],[-64.901719,-28.91434],[-64.906601,-28.932445],[-64.859844,-29.035],[-64.85449,-29.197398],[-64.837596,-29.228569],[-64.780965,-29.267592],[-64.824747,-29.273779],[-64.842294,-29.312748],[-64.838072,-29.342545],[-64.785969,-29.405497],[-64.825937,-29.473654],[-64.824628,-29.574305],[-64.342311,-29.500423],[-63.977046,-29.555414],[-63.958635,-29.6213],[-63.869589,-29.623895],[-63.841749,-29.581779],[-63.811649,-29.579161],[-63.784047,-29.584039],[-63.784982,-29.598932],[-63.816391,-29.614696],[-63.763711,-29.617063],[-63.723673,-29.659162],[-63.6737,-29.664822],[-63.625389,-29.655288],[-63.568468,-29.663989],[-63.530083,-29.657124],[-63.465199,-29.664822],[-63.480666,-29.725736],[-63.459251,-29.725736],[-63.459013,-29.757145],[-62.80701,-29.815858],[-62.805715,-29.834132],[-62.829266,-29.842397],[-62.838676,-29.865761],[-62.825337,-29.875956],[-62.820308,-29.903973],[-62.800529,-29.908045],[-62.785844,-29.942748],[-62.791336,-29.960589],[-62.753622,-29.966419],[-62.723878,-29.990808],[-62.662369,-29.999255],[-62.654993,-30.007345],[-62.674742,-30.035185],[-62.65544,-30.055292],[-62.556483,-30.062787],[-62.567665,-30.123067],[-62.596801,-30.165742],[-62.593618,-30.259583],[-62.534531,-30.31202],[-62.520077,-30.341898],[-62.173794,-30.345314],[-62.130603,-30.479928],[-61.920682,-29.238212],[-61.711256,-27.999421]]]},"properties":{"fid":16,"OBJECTID":442,"Entidad":0,"Objeto":"Provincia","FNA":"Provincia de Santiago del Estero","GNA":"Provincia","NAM":"Santiago del Estero","SAG":"IGN","FDC":"Geografía","IN1":"86","SHAPE_STAr":12.5402243248,"SHAPE_STLe":16.3530914888,"argentina_population_2022":1054028}},
{"type":"Feature","geometry":{"type":"MultiPolygon","coordinates":[[[[-68.569964,-52.707366],[-68.606232,-52.658268],[-68.60701,-53.762592],[-68.60889,-54.435411],[-68.595132,-54.799623],[-68.609416,-54.893957],[-68.563677,-54.891322],[-68.561393,-54.883042],[-68.501002,-54.866909],[-68.555642,-54.862807],[-68.577132,-54.854425],[-68.569827,-54.843908],[-68.567725,-54.851172],[-68.523131,-54.8582],[-68.481776,-54.846684],[-68.444337,-54.858385],[-68.388088,-54.851778],[-68.330267,-54.829791],[-68.312921,-54.833361],[-68.324771,-54.841356],[-68.310351,-54.848922],[-68.260597,-54.840713],[-68.304641,-54.832076],[-68.298787,-54.8158],[-68.315277,-54.811517],[-68.263595,-54.79517],[-68.201277,-54.816514],[-68.058295,-54.837358],[-68.033311,-54.850207],[-67.825827,-54.859737],[-67.703463,-54.88603],[-67.605465,-54.881357],[-67.50576,-54.853494],[-67.494885,-54.866923],[-67.506306,-54.874632],[-67.45052,-54.865638],[-67.440859,-54.881185],[-67.416417,-54.881128],[-67.409507,-54.889409],[-67.341436,-54.882727],[-67.364964,-54.874104],[-67.343606,-54.875932],[-67.352686,-54.866109],[-67.30266,-54.887353],[-67.287184,-54.878387],[-67.295179,-54.872048],[-67.278447,-54.869992],[-67.272017,-54.880131],[-67.289744,-54.87567],[-67.276002,-54.887745],[-67.282189,-54.879358],[-67.22419,-54.892028],[-67.153876,-54.892921],[-66.934024,-54.941781],[-66.875432,-54.941267],[-66.764473,-54.96074],[-66.718673,-55.005341],[-66.648831,-55.028184],[-66.521587,-55.056747],[-66.46862,-55.049799],[-66.454106,-55.057698],[-66.372157,-55.039567],[-66.35907,-55.028621],[-66.370824,-55.010728],[-66.334086,-54.996499],[-66.272933,-54.990788],[-66.194697,-54.997784],[-66.169284,-54.989218],[-66.107656,-54.994928],[-65.987731,-54.964899],[-65.971361,-54.968373],[-65.958131,-54.94101],[-65.995752,-54.918419],[-65.982389,-54.9026],[-65.911976,-54.912251],[-65.868803,-54.900145],[-65.824545,-54.915564],[-65.777432,-54.901458],[-65.766068,-54.913051],[-65.739113,-54.909853],[-65.711816,-54.934295],[-65.719012,-54.971357],[-65.67344,-54.972775],[-65.640366,-54.963495],[-65.636844,-54.970015],[-65.603627,-54.943841],[-65.564556,-54.936417],[-65.557846,-54.948505],[-65.541999,-54.936655],[-65.511018,-54.934942],[-65.494172,-54.925662],[-65.499406,-54.901772],[-65.471995,-54.888971],[-65.427651,-54.894187],[-65.414288,-54.939587],[-65.382137,-54.941071],[-65.343761,-54.928165],[-65.308983,-54.902981],[-65.313266,-54.873114],[-65.27923,-54.862092],[-65.264668,-54.840906],[-65.222923,-54.818348],[-65.265068,-54.798704],[-65.203839,-54.780106],[-65.212929,-54.774109],[-65.197748,-54.762783],[-65.218267,-54.745651],[-65.191998,-54.720524],[-65.193473,-54.695254],[-65.116759,-54.655993],[-65.234352,-54.641383],[-65.239016,-54.658896],[-65.25453,-54.663322],[-65.261478,-54.652947],[-65.233972,-54.636719],[-65.245441,-54.630533],[-65.234876,-54.618826],[-65.369137,-54.643344],[-65.401878,-54.640346],[-65.420771,-54.645057],[-65.428528,-54.663188],[-65.44823,-54.655241],[-65.430812,-54.642154],[-65.477688,-54.656193],[-65.511191,-54.65586],[-65.5199,-54.67756],[-65.551166,-54.647341],[-65.684178,-54.663426],[-65.754812,-54.649478],[-65.802782,-54.651905],[-65.864219,-54.637914],[-65.916901,-54.612406],[-66.151206,-54.557619],[-66.305574,-54.508186],[-66.364406,-54.501047],[-66.384036,-54.487008],[-66.464998,-54.47873],[-66.552221,-54.42053],[-66.544131,-54.402398],[-66.66101,-54.343435],[-66.684329,-54.306078],[-66.691324,-54.311598],[-66.700271,-54.302746],[-66.690944,-54.282902],[-66.733917,-54.276477],[-66.733964,-54.260344],[-66.899956,-54.217514],[-66.954683,-54.181917],[-67.081296,-54.13198],[-67.164387,-54.119797],[-67.158819,-54.111612],[-67.251047,-54.08106],[-67.329712,-54.04137],[-67.345035,-54.024571],[-67.334566,-54.016862],[-67.436835,-53.984358],[-67.48728,-53.94386],[-67.535202,-53.927108],[-67.579841,-53.868859],[-67.573511,-53.850775],[-67.543007,-53.848206],[-67.545672,-53.840449],[-67.596557,-53.827139],[-67.674318,-53.785254],[-67.681441,-53.806221],[-67.727218,-53.809757],[-67.778435,-53.833789],[-67.736295,-53.805329],[-67.681737,-53.797174],[-67.726137,-53.754072],[-67.911326,-53.652671],[-67.990163,-53.584512],[-68.044176,-53.508036],[-68.082914,-53.389682],[-68.137071,-53.331338],[-68.206598,-53.306686],[-68.307868,-53.321249],[-68.387057,-53.311969],[-68.463749,-53.293685],[-68.548444,-53.247521],[-68.556058,-53.195649],[-68.538152,-53.144407],[-68.493891,-53.116046],[-68.501315,-53.105267],[-68.46598,-53.099271],[-68.463338,-53.08942],[-68.446135,-53.091847],[-68.447777,-53.079926],[-68.416511,-53.063865],[-68.418866,-53.051444],[-68.390955,-53.05073],[-68.390313,-53.037167],[-68.359546,-53.017893],[-68.285378,-53.008471],[-68.266747,-53.016109],[-68.268675,-53.042521],[-68.211211,-53.126302],[-68.21378,-53.153285],[-68.201502,-53.141958],[-68.287671,-52.951427],[-68.569964,-52.707366]]],[[[-58.966142,-51.23465],[-58.947476,-51.25613],[-58.959443,-51.266994],[-58.861257,-51.353184],[-58.866785,-51.371701],[-58.880258,-51.383797],[-59.005388,-51.385296],[-58.999505,-51.409172],[-59.019765,-51.419156],[-58.969175,-51.424121],[-58.958753,-51.447228],[-58.984338,-51.441948],[-58.980077,-51.426835],[-59.051553,-51.433789],[-59.100203,-51.411137],[-59.114019,-51.436272],[-59.139978,-51.444131],[-59.144037,-51.462113],[-59.114866,-51.479092],[-59.09316,-51.468514],[-59.001188,-51.504765],[-58.95276,-51.507851],[-58.949033,-51.516148],[-58.924234,-51.519955],[-58.920053,-51.527764],[-58.918313,-51.52081],[-58.899401,-51.521592],[-58.879587,-51.530354],[-58.855302,-51.521439],[-58.855192,-51.509652],[-58.830827,-51.519452],[-58.852264,-51.511098],[-58.846414,-51.522244],[-58.878023,-51.531853],[-58.916578,-51.5243],[-58.934305,-51.545277],[-58.942171,-51.542469],[-58.925577,-51.521771],[-58.950296,-51.521237],[-58.980554,-51.506157],[-58.994421,-51.512314],[-59.045557,-51.504639],[-59.065307,-51.519688],[-59.026842,-51.560986],[-59.045684,-51.560261],[-59.036905,-51.572308],[-59.04967,-51.575371],[-59.029195,-51.577392],[-59.036329,-51.591146],[-59.014484,-51.602252],[-59.044479,-51.603665],[-59.059366,-51.579951],[-59.07834,-51.587315],[-59.065587,-51.572476],[-59.079948,-51.568173],[-59.087572,-51.528061],[-59.12837,-51.496551],[-59.113261,-51.528674],[-59.158494,-51.576928],[-59.178796,-51.584336],[-59.108289,-51.612236],[-59.076616,-51.643044],[-59.041124,-51.641044],[-59.041265,-51.648537],[-58.976711,-51.670985],[-59.048318,-51.653794],[-58.998197,-51.677487],[-58.99616,-51.686364],[-59.024995,-51.672448],[-59.00649,-51.681594],[-59.002921,-51.693907],[-59.016662,-51.678143],[-59.034032,-51.677192],[-59.019518,-51.690338],[-59.041116,-51.700039],[-59.024835,-51.719906],[-59.025169,-51.711753],[-59.008661,-51.711232],[-59.006757,-51.74754],[-58.995092,-51.748059],[-59.003362,-51.759613],[-58.987009,-51.767846],[-59.001687,-51.763313],[-59.003816,-51.772488],[-58.989637,-51.78339],[-58.983057,-51.774796],[-58.978631,-51.784672],[-58.964082,-51.770722],[-58.949174,-51.77415],[-58.975507,-51.788262],[-58.984895,-51.785016],[-58.980958,-51.794594],[-59.000265,-51.814751],[-59.013879,-51.814694],[-59.009794,-51.823826],[-59.028882,-51.816273],[-59.028597,-51.831585],[-59.04894,-51.82742],[-59.041884,-51.813147],[-59.062757,-51.813065],[-59.030904,-51.812481],[-59.043729,-51.785778],[-59.071744,-51.783619],[-59.024633,-51.775208],[-59.029226,-51.755703],[-59.052591,-51.753144],[-59.034997,-51.74527],[-59.061002,-51.745919],[-59.040685,-51.742073],[-59.058935,-51.723782],[-59.04387,-51.711487],[-59.05597,-51.690471],[-59.085786,-51.690993],[-59.104211,-51.705265],[-59.125642,-51.696941],[-59.153243,-51.704972],[-59.18099,-51.734177],[-59.197799,-51.722104],[-59.22459,-51.765073],[-59.210588,-51.720914],[-59.230992,-51.72139],[-59.24933,-51.736321],[-59.251872,-51.751609],[-59.238748,-51.751629],[-59.248444,-51.766323],[-59.261353,-51.766822],[-59.254,-51.757828],[-59.269285,-51.743315],[-59.284333,-51.758856],[-59.306069,-51.760605],[-59.302251,-51.780781],[-59.291013,-51.776417],[-59.272358,-51.798148],[-59.291673,-51.796231],[-59.300436,-51.807755],[-59.301268,-51.802253],[-59.288885,-51.792576],[-59.301065,-51.789235],[-59.32423,-51.810581],[-59.336206,-51.786],[-59.351835,-51.787461],[-59.361448,-51.777634],[-59.349885,-51.790116],[-59.354509,-51.827356],[-59.366392,-51.822822],[-59.376935,-51.83265],[-59.37927,-51.85815],[-59.398718,-51.843755],[-59.392997,-51.833067],[-59.414914,-51.839987],[-59.410409,-51.812409],[-59.456126,-51.847145],[-59.446958,-51.823178],[-59.497972,-51.835549],[-59.495401,-51.848603],[-59.515169,-51.857319],[-59.48715,-51.861069],[-59.489542,-51.869095],[-59.458862,-51.865526],[-59.486881,-51.884502],[-59.44481,-51.889172],[-59.47879,-51.898422],[-59.500325,-51.893961],[-59.519971,-51.87117],[-59.537797,-51.881882],[-59.512918,-51.912476],[-59.474567,-51.916149],[-59.474683,-51.930066],[-59.503862,-51.923485],[-59.495786,-51.936203],[-59.515966,-51.938485],[-59.528799,-51.923024],[-59.53607,-51.931894],[-59.575033,-51.922376],[-59.570752,-51.913377],[-59.591901,-51.904076],[-59.609186,-51.916501],[-59.614717,-51.950631],[-59.585897,-51.951142],[-59.576974,-51.960125],[-59.560205,-51.95184],[-59.553583,-51.963623],[-59.526365,-51.966019],[-59.59621,-51.985194],[-59.609371,-51.968089],[-59.64715,-51.962124],[-59.632089,-51.97242],[-59.620401,-51.96856],[-59.623136,-51.979596],[-59.607122,-51.978974],[-59.58827,-51.999909],[-59.545637,-52.005153],[-59.574488,-52.009674],[-59.608186,-51.997624],[-59.653936,-52.005822],[-59.645479,-52.018162],[-59.595317,-52.024441],[-59.592869,-52.034064],[-59.62005,-52.034085],[-59.613748,-52.048596],[-59.597246,-52.055798],[-59.574309,-52.051493],[-59.570367,-52.06637],[-59.5543,-52.066876],[-59.603956,-52.093007],[-59.616188,-52.09123],[-59.614732,-52.079098],[-59.641149,-52.084275],[-59.607389,-52.122048],[-59.622903,-52.119214],[-59.637149,-52.129006],[-59.640081,-52.111046],[-59.661966,-52.127118],[-59.67928,-52.124451],[-59.667852,-52.10018],[-59.683794,-52.109143],[-59.695089,-52.09617],[-59.731554,-52.097122],[-59.727586,-52.105862],[-59.707056,-52.107563],[-59.73512,-52.126908],[-59.678453,-52.145565],[-59.684568,-52.154015],[-59.66215,-52.169761],[-59.6443,-52.159844],[-59.623422,-52.174012],[-59.645692,-52.181424],[-59.613775,-52.188378],[-59.630659,-52.209744],[-59.584657,-52.213616],[-59.552297,-52.204991],[-59.594411,-52.244179],[-59.583726,-52.259575],[-59.562509,-52.251477],[-59.546541,-52.25985],[-59.508584,-52.242832],[-59.514783,-52.254939],[-59.493288,-52.25697],[-59.492776,-52.264264],[-59.510541,-52.273046],[-59.478322,-52.275395],[-59.497709,-52.31189],[-59.414861,-52.310284],[-59.407022,-52.32589],[-59.425909,-52.33115],[-59.373517,-52.334092],[-59.37018,-52.342835],[-59.391787,-52.345962],[-59.367177,-52.348481],[-59.364078,-52.359372],[-59.32389,-52.346905],[-59.308181,-52.350663],[-59.296585,-52.332711],[-59.316602,-52.327496],[-59.335092,-52.346138],[-59.335405,-52.334488],[-59.383146,-52.319104],[-59.37475,-52.292653],[-59.351255,-52.29506],[-59.336024,-52.283515],[-59.348028,-52.267876],[-59.397037,-52.287961],[-59.414665,-52.283991],[-59.341811,-52.253719],[-59.343559,-52.238394],[-59.36654,-52.238846],[-59.387817,-52.226378],[-59.329579,-52.21222],[-59.363606,-52.21454],[-59.377908,-52.205113],[-59.435644,-52.24357],[-59.416999,-52.220798],[-59.429567,-52.221505],[-59.400309,-52.203714],[-59.461461,-52.224474],[-59.422739,-52.194146],[-59.436605,-52.188775],[-59.464323,-52.196118],[-59.420778,-52.180874],[-59.405755,-52.187199],[-59.398405,-52.178194],[-59.453306,-52.160817],[-59.486871,-52.165795],[-59.435606,-52.152204],[-59.45343,-52.12546],[-59.415149,-52.140934],[-59.414312,-52.161546],[-59.386518,-52.158776],[-59.40872,-52.116433],[-59.394773,-52.137707],[-59.370763,-52.144789],[-59.367906,-52.113457],[-59.349309,-52.161198],[-59.290987,-52.141121],[-59.29807,-52.16042],[-59.324659,-52.169873],[-59.317605,-52.184449],[-59.296625,-52.162709],[-59.283204,-52.17142],[-59.266552,-52.164388],[-59.264323,-52.176528],[-59.248826,-52.172619],[-59.246151,-52.188357],[-59.259445,-52.191281],[-59.235509,-52.21072],[-59.241182,-52.219002],[-59.229999,-52.214897],[-59.215068,-52.22382],[-59.201017,-52.203251],[-59.171754,-52.215168],[-59.160238,-52.209441],[-59.150466,-52.224653],[-59.127397,-52.222153],[-59.104958,-52.241963],[-59.090534,-52.231722],[-59.063518,-52.232853],[-59.068553,-52.243867],[-59.023997,-52.262367],[-59.011365,-52.255612],[-59.054276,-52.242499],[-59.026494,-52.231146],[-59.050588,-52.235479],[-59.053324,-52.218169],[-59.023105,-52.204546],[-59.071348,-52.198033],[-59.092704,-52.2146],[-59.088956,-52.196992],[-59.102821,-52.197168],[-59.087053,-52.180871],[-59.059173,-52.181286],[-59.072598,-52.168676],[-59.038858,-52.166165],[-59.045881,-52.157978],[-59.025544,-52.155519],[-59.023367,-52.144354],[-59.074228,-52.137097],[-59.082635,-52.150937],[-59.116544,-52.163968],[-59.101651,-52.147626],[-59.110693,-52.135491],[-59.157866,-52.16214],[-59.143514,-52.143667],[-59.171667,-52.153812],[-59.16205,-52.142769],[-59.179506,-52.14457],[-59.138771,-52.140086],[-59.11408,-52.117447],[-59.104982,-52.126389],[-59.073591,-52.117684],[-59.067982,-52.102951],[-59.09832,-52.09962],[-59.115274,-52.109316],[-59.114917,-52.099263],[-59.134698,-52.094002],[-59.147478,-52.106705],[-59.156702,-52.095185],[-59.177794,-52.102713],[-59.177145,-52.09182],[-59.142756,-52.094207],[-59.138837,-52.085499],[-59.098961,-52.080156],[-59.13802,-52.054589],[-59.142913,-52.06351],[-59.14943,-52.057753],[-59.1321,-52.038732],[-59.145233,-52.036681],[-59.165381,-52.059035],[-59.210824,-52.080182],[-59.190687,-52.065518],[-59.198771,-52.052624],[-59.23589,-52.053754],[-59.190681,-52.044177],[-59.186406,-52.027606],[-59.265756,-52.006813],[-59.294589,-52.029282],[-59.291326,-52.011475],[-59.269758,-51.997578],[-59.248674,-51.997183],[-59.238924,-52.010983],[-59.168226,-52.012082],[-59.157557,-51.999054],[-59.189501,-51.97175],[-59.15601,-51.996109],[-59.134595,-51.982517],[-59.139769,-51.994394],[-59.11782,-51.997924],[-59.120943,-52.005436],[-59.110429,-52.001767],[-59.117479,-52.016407],[-59.100796,-52.030435],[-59.072175,-52.015999],[-59.058996,-52.043057],[-59.01555,-52.020302],[-59.018175,-52.043911],[-58.984857,-52.045128],[-59.004632,-52.04604],[-58.988679,-52.097529],[-58.95284,-52.060509],[-58.928209,-52.117356],[-58.887025,-52.074639],[-58.85975,-52.084561],[-58.872831,-52.074292],[-58.868253,-52.056805],[-58.897233,-52.033696],[-58.85729,-52.053326],[-58.814722,-52.05658],[-58.82258,-52.023941],[-58.780366,-52.047539],[-58.766153,-52.041069],[-58.772859,-52.048249],[-58.735921,-52.050747],[-58.739151,-52.078659],[-58.721555,-52.063599],[-58.704973,-52.069161],[-58.701188,-52.087425],[-58.67424,-52.096289],[-58.694023,-52.123248],[-58.66847,-52.122582],[-58.659631,-52.141475],[-58.654611,-52.115815],[-58.637285,-52.114033],[-58.652141,-52.105969],[-58.645502,-52.090725],[-58.663465,-52.054261],[-58.635862,-52.051148],[-58.645975,-52.036076],[-58.665306,-52.030961],[-58.672431,-52.041026],[-58.688013,-52.023755],[-58.64565,-52.027222],[-58.626459,-52.016972],[-58.614953,-52.022706],[-58.58606,-52.015028],[-58.586469,-52.007714],[-58.631525,-52.006001],[-58.629966,-51.995341],[-58.603883,-51.991105],[-58.622476,-51.989536],[-58.606797,-51.983237],[-58.614004,-51.975541],[-58.627603,-51.98193],[-58.624379,-51.966277],[-58.655435,-51.975228],[-58.652818,-51.962311],[-58.677441,-51.960447],[-58.693841,-51.973523],[-58.699338,-51.952584],[-58.725812,-51.951771],[-58.725698,-51.966927],[-58.732542,-51.952328],[-58.760828,-51.961796],[-58.752737,-51.972607],[-58.765897,-51.993119],[-58.763616,-51.97033],[-58.781324,-51.962178],[-58.76832,-51.963784],[-58.769105,-51.956162],[-58.795434,-51.952927],[-58.805099,-51.967229],[-58.805029,-51.952799],[-58.816553,-51.953064],[-58.804773,-51.947922],[-58.833761,-51.9347],[-58.851358,-51.939328],[-58.846593,-51.931466],[-58.895692,-51.92709],[-58.897569,-51.917607],[-58.882557,-51.908416],[-58.887796,-51.918641],[-58.83233,-51.920102],[-58.791677,-51.947148],[-58.78766,-51.936299],[-58.760278,-51.936814],[-58.892835,-51.902108],[-58.910638,-51.881726],[-58.954536,-51.875044],[-58.976831,-51.856427],[-58.989461,-51.873505],[-58.991506,-51.857411],[-59.013249,-51.873735],[-59.006567,-51.859955],[-59.023576,-51.852875],[-59.042024,-51.862179],[-59.092813,-51.858471],[-59.115625,-51.876503],[-59.092824,-51.854565],[-59.099561,-51.840676],[-59.082738,-51.844239],[-59.086366,-51.857586],[-59.048479,-51.859978],[-59.021467,-51.849141],[-58.97879,-51.85439],[-58.967538,-51.838585],[-58.984357,-51.838734],[-58.964414,-51.830197],[-58.973894,-51.815968],[-58.961698,-51.814854],[-58.966634,-51.802178],[-58.948968,-51.797955],[-58.950178,-51.787262],[-58.937936,-51.820115],[-58.922094,-51.814385],[-58.93712,-51.821606],[-58.932619,-51.841301],[-58.861677,-51.863965],[-58.856569,-51.852738],[-58.888216,-51.846337],[-58.87713,-51.847279],[-58.880849,-51.840821],[-58.872659,-51.839741],[-58.882501,-51.835961],[-58.870866,-51.839253],[-58.877042,-51.841092],[-58.868871,-51.844387],[-58.84937,-51.848267],[-58.86033,-51.847352],[-58.838319,-51.856739],[-58.814256,-51.856831],[-58.857465,-51.857243],[-58.837438,-51.870766],[-58.80578,-51.875821],[-58.810201,-51.868756],[-58.794996,-51.880818],[-58.810388,-51.877533],[-58.808465,-51.884106],[-58.764116,-51.898884],[-58.748987,-51.896157],[-58.756856,-51.886845],[-58.736101,-51.888726],[-58.743841,-51.881649],[-58.691411,-51.893696],[-58.691076,-51.881112],[-58.718992,-51.872456],[-58.69441,-51.876061],[-58.685544,-51.887967],[-58.668706,-51.891133],[-58.629892,-51.883191],[-58.639764,-51.892861],[-58.68437,-51.891167],[-58.678071,-51.904084],[-58.640016,-51.894154],[-58.639911,-51.905263],[-58.6256,-51.894795],[-58.557701,-51.906334],[-58.567621,-51.900914],[-58.558199,-51.89665],[-58.593553,-51.887104],[-58.517553,-51.895207],[-58.510469,-51.886347],[-58.532347,-51.884155],[-58.540569,-51.879803],[-58.542651,-51.867549],[-58.561483,-51.864357],[-58.553037,-51.859806],[-58.563055,-51.855354],[-58.551396,-51.84887],[-58.565494,-51.846669],[-58.579626,-51.831063],[-58.593839,-51.830605],[-58.583707,-51.828206],[-58.56458,-51.829812],[-58.563722,-51.846837],[-58.548826,-51.848057],[-58.558633,-51.856915],[-58.549352,-51.859044],[-58.544115,-51.865109],[-58.536428,-51.860596],[-58.516595,-51.860848],[-58.541643,-51.864716],[-58.537553,-51.879567],[-58.507165,-51.885373],[-58.503656,-51.895047],[-58.461858,-51.890877],[-58.486085,-51.896582],[-58.460973,-51.904185],[-58.392091,-51.900564],[-58.346464,-51.881945],[-58.306846,-51.882896],[-58.314937,-51.867132],[-58.2784,-51.863993],[-58.297796,-51.859528],[-58.270964,-51.857564],[-58.274307,-51.849703],[-58.263362,-51.854997],[-58.244207,-51.843754],[-58.225171,-51.845479],[-58.225826,-51.856663],[-58.256969,-51.86752],[-58.2479,-51.873885],[-58.216579,-51.862791],[-58.214329,-51.845828],[-58.234927,-51.839055],[-58.235902,-51.828499],[-58.189935,-51.826718],[-58.164396,-51.816092],[-58.281418,-51.806803],[-58.296537,-51.825459],[-58.287694,-51.828808],[-58.320901,-51.833626],[-58.320977,-51.843566],[-58.337556,-51.843544],[-58.32181,-51.841187],[-58.339061,-51.826255],[-58.372934,-51.833062],[-58.354761,-51.826294],[-58.387559,-51.824452],[-58.324151,-51.82288],[-58.333917,-51.811501],[-58.297975,-51.821763],[-58.286356,-51.800438],[-58.257802,-51.804602],[-58.260836,-51.79794],[-58.229475,-51.796521],[-58.239622,-51.789826],[-58.12021,-51.799025],[-58.135664,-51.791286],[-58.109133,-51.788431],[-58.170824,-51.779803],[-58.232954,-51.784016],[-58.201112,-51.777536],[-58.241443,-51.765877],[-58.235906,-51.758198],[-58.289152,-51.748685],[-58.305986,-51.753956],[-58.29833,-51.747395],[-58.266069,-51.748532],[-58.193175,-51.766195],[-58.189342,-51.75544],[-58.164162,-51.757318],[-58.184353,-51.742632],[-58.174333,-51.747743],[-58.153306,-51.739743],[-58.165331,-51.752045],[-58.158117,-51.765061],[-58.064966,-51.771691],[-58.092752,-51.762532],[-58.083435,-51.759699],[-58.091525,-51.757201],[-58.065175,-51.759699],[-58.046616,-51.750479],[-58.086778,-51.7419],[-58.067251,-51.735875],[-58.044177,-51.737333],[-58.051374,-51.745958],[-58.043582,-51.750182],[-58.051372,-51.755594],[-58.036158,-51.758067],[-57.920861,-51.742627],[-57.881922,-51.746658],[-57.857824,-51.738514],[-58.012254,-51.734772],[-57.894346,-51.723969],[-57.91609,-51.717514],[-57.869035,-51.729931],[-57.850801,-51.717587],[-57.813012,-51.717642],[-57.806478,-51.704758],[-57.776575,-51.699971],[-57.771787,-51.692212],[-57.718088,-51.683274],[-57.766225,-51.681878],[-57.784448,-51.673005],[-57.799634,-51.680363],[-57.82195,-51.676621],[-57.826688,-51.683934],[-57.800758,-51.685698],[-57.808055,-51.693013],[-57.784658,-51.699051],[-57.920976,-51.687104],[-57.831301,-51.682043],[-57.908102,-51.672902],[-57.89652,-51.669011],[-57.920722,-51.665635],[-57.929727,-51.650631],[-57.977128,-51.653061],[-57.927007,-51.648832],[-57.890295,-51.670319],[-57.874097,-51.67104],[-57.86746,-51.660404],[-57.87219,-51.670947],[-57.858877,-51.675343],[-57.806926,-51.659433],[-57.812922,-51.649039],[-57.787865,-51.660873],[-57.761098,-51.642357],[-57.72496,-51.644482],[-57.742887,-51.633801],[-57.754957,-51.638016],[-57.784425,-51.616635],[-57.888281,-51.599779],[-57.977392,-51.586949],[-58.0044,-51.594727],[-58.059462,-51.592023],[-58.069277,-51.570072],[-58.089443,-51.565849],[-58.108623,-51.572345],[-58.073798,-51.578579],[-58.100091,-51.57733],[-58.106498,-51.58471],[-58.101995,-51.57733],[-58.149534,-51.56709],[-58.106703,-51.564218],[-58.164931,-51.547527],[-58.120257,-51.536819],[-58.124301,-51.526549],[-58.117737,-51.536732],[-58.09557,-51.532299],[-58.114546,-51.511002],[-58.084744,-51.525874],[-58.018091,-51.535213],[-58.042668,-51.526447],[-58.053344,-51.502507],[-58.078073,-51.495892],[-58.063108,-51.493683],[-58.035216,-51.508712],[-57.993253,-51.507136],[-57.986948,-51.526974],[-57.954908,-51.540364],[-57.76637,-51.540898],[-57.766172,-51.526391],[-57.812101,-51.518929],[-57.810426,-51.510102],[-57.874975,-51.509209],[-57.897684,-51.498204],[-57.866211,-51.496178],[-57.843809,-51.474774],[-57.839312,-51.486684],[-57.860506,-51.493784],[-57.847169,-51.501862],[-57.792149,-51.507542],[-57.783586,-51.518334],[-57.769994,-51.509633],[-57.74193,-51.512661],[-57.837812,-51.474099],[-57.84168,-51.44878],[-57.870946,-51.432488],[-57.853189,-51.414383],[-57.943768,-51.362447],[-58.003923,-51.377102],[-58.014735,-51.401768],[-58.02467,-51.391179],[-58.014273,-51.382385],[-58.034337,-51.372437],[-58.053399,-51.377602],[-58.05541,-51.369576],[-58.097005,-51.38297],[-58.156583,-51.377644],[-58.175669,-51.387956],[-58.233396,-51.382515],[-58.282686,-51.390976],[-58.291429,-51.430233],[-58.338705,-51.465699],[-58.328958,-51.475724],[-58.341913,-51.470293],[-58.386583,-51.484505],[-58.351627,-51.486708],[-58.377149,-51.500603],[-58.37848,-51.512692],[-58.352979,-51.518341],[-58.337204,-51.509932],[-58.333086,-51.520379],[-58.31683,-51.513917],[-58.3229,-51.500523],[-58.303113,-51.499672],[-58.296339,-51.487263],[-58.283764,-51.50243],[-58.29791,-51.530632],[-58.267095,-51.518765],[-58.270555,-51.53439],[-58.201278,-51.524208],[-58.216955,-51.542035],[-58.262954,-51.553664],[-58.220273,-51.563427],[-58.241607,-51.574158],[-58.178899,-51.5817],[-58.211578,-51.586756],[-58.146661,-51.611817],[-58.170152,-51.603383],[-58.1951,-51.607464],[-58.252183,-51.584366],[-58.246572,-51.593968],[-58.260528,-51.60067],[-58.24006,-51.607695],[-58.241636,-51.617745],[-58.20462,-51.62237],[-58.228548,-51.62711],[-58.204388,-51.630349],[-58.217271,-51.632649],[-58.211709,-51.641667],[-58.172834,-51.643515],[-58.202181,-51.644765],[-58.226579,-51.637669],[-58.19908,-51.658291],[-58.212558,-51.649268],[-58.218497,-51.660175],[-58.24793,-51.620934],[-58.256816,-51.65218],[-58.240869,-51.654032],[-58.279544,-51.66166],[-58.256315,-51.6455],[-58.256187,-51.621799],[-58.282068,-51.623272],[-58.252222,-51.614438],[-58.282856,-51.5977],[-58.309011,-51.614889],[-58.285181,-51.593888],[-58.29207,-51.588608],[-58.264051,-51.594601],[-58.283975,-51.572773],[-58.264712,-51.572963],[-58.282804,-51.560822],[-58.275635,-51.555884],[-58.292553,-51.548173],[-58.308702,-51.55682],[-58.309556,-51.543702],[-58.326684,-51.537718],[-58.327222,-51.55196],[-58.345573,-51.554495],[-58.328233,-51.56736],[-58.3537,-51.571293],[-58.359498,-51.559102],[-58.385873,-51.564885],[-58.36852,-51.551442],[-58.392934,-51.549481],[-58.377484,-51.530188],[-58.388906,-51.537842],[-58.405138,-51.528157],[-58.417505,-51.563122],[-58.444341,-51.547356],[-58.462728,-51.547711],[-58.430517,-51.545037],[-58.422006,-51.534607],[-58.433817,-51.523688],[-58.40978,-51.49054],[-58.437845,-51.501282],[-58.423337,-51.492218],[-58.436407,-51.472973],[-58.424741,-51.468899],[-58.442834,-51.468682],[-58.473165,-51.491147],[-58.466974,-51.477642],[-58.491914,-51.468461],[-58.510602,-51.492127],[-58.52065,-51.485672],[-58.526418,-51.49495],[-58.51164,-51.500675],[-58.529836,-51.511956],[-58.526639,-51.499752],[-58.542604,-51.490193],[-58.514486,-51.478421],[-58.559949,-51.475628],[-58.52329,-51.471203],[-58.524595,-51.45797],[-58.543729,-51.457238],[-58.52017,-51.45517],[-58.516582,-51.460877],[-58.504205,-51.453782],[-58.516008,-51.446476],[-58.50815,-51.436459],[-58.541791,-51.444649],[-58.517629,-51.42878],[-58.558514,-51.439946],[-58.558855,-51.450802],[-58.582096,-51.448874],[-58.59617,-51.464619],[-58.633577,-51.470051],[-58.592802,-51.458123],[-58.583421,-51.445912],[-58.566289,-51.447884],[-58.560335,-51.438172],[-58.542692,-51.430626],[-58.522909,-51.42907],[-58.528146,-51.423649],[-58.598976,-51.439486],[-58.537733,-51.421086],[-58.551008,-51.419194],[-58.530614,-51.412014],[-58.557943,-51.404152],[-58.527475,-51.404923],[-58.503313,-51.381196],[-58.489545,-51.385628],[-58.520622,-51.406661],[-58.519395,-51.419793],[-58.50604,-51.424248],[-58.49485,-51.397742],[-58.483908,-51.398322],[-58.45704,-51.45504],[-58.395078,-51.441475],[-58.378778,-51.446087],[-58.3701,-51.433522],[-58.365333,-51.465293],[-58.35095,-51.462174],[-58.331064,-51.438614],[-58.353178,-51.441349],[-58.358743,-51.432843],[-58.325941,-51.436238],[-58.315088,-51.416668],[-58.340833,-51.390473],[-58.376651,-51.394689],[-58.35143,-51.38382],[-58.335351,-51.387913],[-58.331388,-51.379212],[-58.349157,-51.365239],[-58.342982,-51.354506],[-58.354726,-51.35886],[-58.38569,-51.344265],[-58.378313,-51.332051],[-58.394526,-51.33197],[-58.41213,-51.315747],[-58.458211,-51.316426],[-58.465906,-51.298142],[-58.481477,-51.308138],[-58.513349,-51.309544],[-58.531717,-51.295051],[-58.555529,-51.304798],[-58.583768,-51.299286],[-58.582596,-51.310377],[-58.606206,-51.322008],[-58.636583,-51.314431],[-58.617647,-51.350464],[-58.585011,-51.342274],[-58.586488,-51.325921],[-58.568819,-51.323521],[-58.581956,-51.339802],[-58.562479,-51.364083],[-58.580045,-51.347546],[-58.592309,-51.349953],[-58.592435,-51.363644],[-58.596087,-51.348603],[-58.618997,-51.35825],[-58.640092,-51.341279],[-58.629213,-51.34079],[-58.63956,-51.323869],[-58.670218,-51.335834],[-58.738634,-51.314984],[-58.720426,-51.341441],[-58.737474,-51.350151],[-58.726461,-51.340813],[-58.745824,-51.317452],[-58.905301,-51.276172],[-58.966142,-51.23465]]],[[[-59.389258,-51.33683],[-59.417334,-51.34214],[-59.397742,-51.367531],[-59.452979,-51.355018],[-59.435706,-51.388405],[-59.476172,-51.403602],[-59.436377,-51.406471],[-59.396521,-51.421669],[-59.385779,-51.43882],[-59.439429,-51.447059],[-59.46604,-51.463905],[-59.542273,-51.445289],[-59.520423,-51.480812],[-59.546241,-51.463539],[-59.58927,-51.457924],[-59.601477,-51.442543],[-59.541846,-51.439247],[-59.483863,-51.415382],[-59.491004,-51.395363],[-59.519934,-51.39933],[-59.574073,-51.434608],[-59.619422,-51.435646],[-59.627295,-51.468849],[-59.634375,-51.43705],[-59.732825,-51.460792],[-59.760291,-51.456947],[-59.756995,-51.449806],[-59.769324,-51.458717],[-59.816504,-51.455421],[-59.814551,-51.443458],[-59.842505,-51.443764],[-59.805091,-51.439674],[-59.829627,-51.434303],[-59.773413,-51.434547],[-59.730078,-51.421547],[-59.759864,-51.415382],[-59.757788,-51.405372],[-59.771338,-51.420753],[-59.817298,-51.410744],[-59.875586,-51.413856],[-59.819922,-51.395241],[-59.890662,-51.410744],[-59.896277,-51.423866],[-59.902442,-51.418434],[-59.888892,-51.407448],[-59.907264,-51.409523],[-59.908484,-51.402382],[-59.887671,-51.404518],[-59.898597,-51.395119],[-59.860327,-51.390724],[-59.886573,-51.382179],[-59.918171,-51.385046],[-59.902991,-51.390541],[-59.915076,-51.396339],[-59.935889,-51.390053],[-59.936621,-51.398659],[-59.959754,-51.39579],[-59.963599,-51.411964],[-59.975257,-51.406044],[-59.980078,-51.419777],[-60.002539,-51.421119],[-60.019934,-51.403053],[-59.983252,-51.388527],[-60.009986,-51.380836],[-60.05094,-51.388222],[-60.03617,-51.395119],[-60.031653,-51.41703],[-60.081397,-51.408363],[-60.068091,-51.421425],[-60.099646,-51.437843],[-60.092078,-51.450477],[-60.009436,-51.455543],[-59.982947,-51.474586],[-60.044654,-51.480079],[-60.052466,-51.493019],[-60.081092,-51.483925],[-60.10813,-51.504494],[-60.112403,-51.496864],[-60.132117,-51.494362],[-60.122229,-51.497535],[-60.130042,-51.506447],[-60.169715,-51.498634],[-60.17118,-51.488991],[-60.150916,-51.484474],[-60.166419,-51.483253],[-60.202063,-51.49778],[-60.245093,-51.494056],[-60.358496,-51.454445],[-60.4047,-51.420448],[-60.444861,-51.40348],[-60.453406,-51.411659],[-60.450537,-51.402199],[-60.487525,-51.387123],[-60.512732,-51.379066],[-60.515662,-51.38578],[-60.538916,-51.369728],[-60.570777,-51.372597],[-60.565528,-51.365639],[-60.615577,-51.34684],[-60.664405,-51.340004],[-60.610389,-51.359474],[-60.664527,-51.360695],[-60.644507,-51.378883],[-60.63053,-51.376564],[-60.62876,-51.403602],[-60.650672,-51.414039],[-60.613807,-51.421669],[-60.600135,-51.439369],[-60.521827,-51.451027],[-60.454383,-51.437477],[-60.446387,-51.454017],[-60.421729,-51.455177],[-60.401038,-51.481605],[-60.383033,-51.485756],[-60.385945,-51.505014],[-60.482215,-51.490089],[-60.508094,-51.499977],[-60.511817,-51.526588],[-60.495642,-51.539223],[-60.484107,-51.543068],[-60.489417,-51.532631],[-60.475623,-51.531959],[-60.431617,-51.541542],[-60.405677,-51.562355],[-60.391028,-51.544838],[-60.397864,-51.566932],[-60.332862,-51.58036],[-60.302527,-51.56089],[-60.306556,-51.552528],[-60.347571,-51.544655],[-60.321997,-51.536598],[-60.291246,-51.555532],[-60.313391,-51.576942],[-60.265113,-51.568397],[-60.307471,-51.579384],[-60.30503,-51.597755],[-60.220679,-51.614479],[-60.25553,-51.627479],[-60.220862,-51.631508],[-60.18278,-51.665953],[-60.134558,-51.683327],[-60.110999,-51.67057],[-60.099423,-51.67111],[-60.09458,-51.676857],[-60.09043,-51.677284],[-60.086707,-51.6641],[-60.084143,-51.669472],[-60.089759,-51.677711],[-60.09458,-51.679359],[-60.094275,-51.681373],[-60.074927,-51.694862],[-60.095679,-51.691017],[-60.094031,-51.698097],[-60.071143,-51.699867],[-60.07096,-51.687965],[-60.024756,-51.699074],[-60.043677,-51.705116],[-60.093848,-51.699928],[-60.086036,-51.713478],[-59.973792,-51.742286],[-60.086463,-51.722267],[-60.100623,-51.706215],[-60.17063,-51.691688],[-60.233435,-51.656288],[-60.282141,-51.680031],[-60.368384,-51.671669],[-60.437598,-51.696754],[-60.47959,-51.707313],[-60.518409,-51.705116],[-60.520972,-51.712257],[-60.616553,-51.676613],[-60.610816,-51.696083],[-60.617957,-51.681556],[-60.652965,-51.668334],[-60.663117,-51.68498],[-60.640174,-51.728248],[-60.590918,-51.774879],[-60.561011,-51.771766],[-60.569678,-51.799598],[-60.538916,-51.806984],[-60.524695,-51.793678],[-60.555823,-51.793556],[-60.535926,-51.785194],[-60.549781,-51.778602],[-60.521399,-51.760353],[-60.499854,-51.769813],[-60.480262,-51.759559],[-60.484107,-51.771889],[-60.458594,-51.77433],[-60.419776,-51.760475],[-60.409888,-51.745033],[-60.358619,-51.755958],[-60.374854,-51.743629],[-60.37168,-51.730873],[-60.387976,-51.731544],[-60.382361,-51.717323],[-60.360999,-51.710182],[-60.342994,-51.7183],[-60.31803,-51.696632],[-60.311499,-51.713478],[-60.28855,-51.720436],[-60.247718,-51.695656],[-60.195349,-51.699867],[-60.180945,-51.708656],[-60.182837,-51.752113],[-60.213965,-51.792213],[-60.23014,-51.772438],[-60.258826,-51.787758],[-60.269629,-51.778358],[-60.25553,-51.765297],[-60.280738,-51.771889],[-60.272376,-51.765602],[-60.283484,-51.759681],[-60.266089,-51.749428],[-60.3245,-51.761207],[-60.329688,-51.779701],[-60.321509,-51.767921],[-60.319129,-51.779152],[-60.294226,-51.778602],[-60.328345,-51.80381],[-60.297644,-51.813576],[-60.292029,-51.829628],[-60.304175,-51.840065],[-60.307349,-51.828529],[-60.33396,-51.819313],[-60.326941,-51.832741],[-60.343177,-51.853859],[-60.327369,-51.864174],[-60.342994,-51.859779],[-60.338599,-51.868812],[-60.364295,-51.87693],[-60.351661,-51.861183],[-60.383582,-51.85569],[-60.382239,-51.84568],[-60.41886,-51.868995],[-60.397559,-51.845131],[-60.40885,-51.841285],[-60.380042,-51.838112],[-60.373586,-51.816464],[-60.356726,-51.814918],[-60.372046,-51.796974],[-60.390052,-51.8115],[-60.400061,-51.799843],[-60.418433,-51.818214],[-60.405432,-51.794533],[-60.39524,-51.787819],[-60.384681,-51.795997],[-60.373023,-51.786842],[-60.372657,-51.770912],[-60.386512,-51.777626],[-60.372779,-51.765419],[-60.396765,-51.768287],[-60.4047,-51.7808],[-60.405677,-51.771461],[-60.419532,-51.792213],[-60.437232,-51.79026],[-60.414893,-51.769996],[-60.449134,-51.778297],[-60.477393,-51.818214],[-60.445472,-51.851539],[-60.477183,-51.872028],[-60.449683,-51.875953],[-60.497107,-51.90818],[-60.499488,-51.93174],[-60.547034,-51.941749],[-60.629187,-51.917946],[-60.645057,-51.924782],[-60.624793,-51.936256],[-60.562537,-51.937965],[-60.543189,-51.953834],[-60.524939,-51.947365],[-60.500403,-51.953163],[-60.491065,-51.941627],[-60.469825,-51.946144],[-60.421057,-51.923378],[-60.397315,-51.925575],[-60.433081,-51.962623],[-60.570472,-51.984169],[-60.51908,-52.003639],[-60.525794,-52.0084],[-60.503455,-52.023109],[-60.534034,-52.007301],[-60.545386,-52.026954],[-60.549659,-52.00785],[-60.536597,-52.00254],[-60.572119,-51.989357],[-60.581153,-52.00608],[-60.555396,-52.026222],[-60.585425,-52.009498],[-60.592444,-52.024879],[-60.608191,-52.026527],[-60.595008,-52.008278],[-60.608069,-52.004432],[-60.5875,-52.005287],[-60.577369,-51.986915],[-60.586402,-51.981544],[-60.616248,-51.979103],[-60.617224,-51.98484],[-60.628211,-51.98069],[-60.634131,-51.999367],[-60.639563,-51.992775],[-60.633948,-51.991798],[-60.630103,-51.979347],[-60.623938,-51.978493],[-60.649207,-51.968544],[-60.673194,-51.975502],[-60.669348,-52.004555],[-60.653723,-52.008583],[-60.670325,-52.017067],[-60.653296,-52.022499],[-60.676734,-52.03257],[-60.639075,-52.037758],[-60.686194,-52.040504],[-60.683448,-52.046974],[-60.689795,-52.039406],[-60.67472,-52.036415],[-60.696753,-52.02018],[-60.681311,-52.013649],[-60.690345,-51.969887],[-60.702369,-51.974647],[-60.691809,-52.004127],[-60.721839,-52.012367],[-60.712256,-52.005104],[-60.732154,-52.002113],[-60.711036,-51.998024],[-60.707618,-51.98539],[-60.727759,-51.985267],[-60.704016,-51.963966],[-60.731299,-51.962623],[-60.753272,-51.977577],[-60.74491,-51.961769],[-60.775061,-51.96714],[-60.778052,-51.957374],[-60.845008,-51.953712],[-60.854163,-51.969215],[-60.827979,-51.975624],[-60.838538,-51.98484],[-60.820472,-51.987709],[-60.820838,-52.001991],[-60.791114,-51.989357],[-60.793555,-51.999244],[-60.746375,-52.001991],[-60.750647,-52.02256],[-60.800818,-52.025856],[-60.810135,-52.036202],[-60.859656,-52.04203],[-60.875952,-52.028847],[-60.896277,-52.028419],[-60.87052,-52.0709],[-60.812049,-52.060768],[-60.856543,-52.085182],[-60.876685,-52.073402],[-60.920142,-52.08329],[-60.8823,-52.07328],[-60.892432,-52.064796],[-60.917517,-52.067787],[-60.893286,-52.058754],[-60.896704,-52.037086],[-60.979529,-52.048866],[-60.978553,-52.041725],[-61.004493,-52.039955],[-61.00376,-52.019081],[-61.024085,-52.007606],[-61.067786,-52.007301],[-61.078101,-52.016762],[-61.042151,-52.014992],[-61.048194,-52.072181],[-61.029273,-52.070106],[-61.019812,-52.080543],[-61.011878,-52.073524],[-61.02323,-52.042824],[-60.995948,-52.060219],[-60.996802,-52.074257],[-60.973609,-52.078041],[-60.978431,-52.087684],[-60.946997,-52.090248],[-60.93302,-52.116493],[-60.90232,-52.113746],[-60.858863,-52.124306],[-60.859412,-52.146095],[-60.817847,-52.151405],[-60.81156,-52.162697],[-60.825415,-52.172523],[-60.794837,-52.189979],[-60.741187,-52.181312],[-60.720496,-52.186806],[-60.731055,-52.181618],[-60.719519,-52.176246],[-60.732581,-52.180336],[-60.739844,-52.168983],[-60.770789,-52.167213],[-60.796175,-52.140037],[-60.84458,-52.12754],[-60.850074,-52.107033],[-60.814673,-52.097938],[-60.811011,-52.112343],[-60.764258,-52.110267],[-60.764258,-52.119911],[-60.743384,-52.124244],[-60.716101,-52.102882],[-60.711463,-52.118629],[-60.666175,-52.137733],[-60.715308,-52.129494],[-60.746914,-52.144105],[-60.717505,-52.160438],[-60.701575,-52.141701],[-60.704444,-52.1735],[-60.661414,-52.154335],[-60.696936,-52.179237],[-60.672095,-52.192421],[-60.629309,-52.175392],[-60.665076,-52.19297],[-60.631263,-52.204933],[-60.642066,-52.207802],[-60.631934,-52.214638],[-60.673194,-52.199806],[-60.696387,-52.213112],[-60.66648,-52.222755],[-60.681433,-52.235451],[-60.652747,-52.259071],[-60.618506,-52.259437],[-60.622473,-52.232338],[-60.604651,-52.251137],[-60.595008,-52.234901],[-60.571448,-52.235756],[-60.504248,-52.203834],[-60.505469,-52.195411],[-60.543738,-52.194191],[-60.551001,-52.184181],[-60.522193,-52.1912],[-60.505774,-52.187904],[-60.512793,-52.179115],[-60.490027,-52.180641],[-60.519324,-52.159218],[-60.535132,-52.167213],[-60.538916,-52.157875],[-60.524146,-52.155128],[-60.544715,-52.136513],[-60.576514,-52.164467],[-60.557715,-52.137977],[-60.586768,-52.134254],[-60.585974,-52.126076],[-60.543372,-52.112465],[-60.543494,-52.130836],[-60.52909,-52.131935],[-60.508399,-52.158119],[-60.485999,-52.165993],[-60.489478,-52.156532],[-60.473304,-52.149635],[-60.479041,-52.169655],[-60.466285,-52.178566],[-60.443213,-52.169655],[-60.465186,-52.159767],[-60.416358,-52.144325],[-60.407325,-52.172157],[-60.368262,-52.176246],[-60.404578,-52.124855],[-60.500708,-52.110695],[-60.458289,-52.10276],[-60.45066,-52.114296],[-60.408667,-52.120033],[-60.388098,-52.135658],[-60.38114,-52.111793],[-60.407569,-52.091102],[-60.381018,-52.103126],[-60.327918,-52.101356],[-60.347388,-52.114113],[-60.377539,-52.108253],[-60.380713,-52.153785],[-60.353553,-52.161049],[-60.266394,-52.089332],[-60.256507,-52.028602],[-60.242347,-52.018593],[-60.258033,-52.023903],[-60.269629,-52.078895],[-60.277625,-52.082741],[-60.279822,-52.074379],[-60.282508,-52.082008],[-60.281836,-52.020485],[-60.295142,-52.026405],[-60.292151,-52.016884],[-60.311438,-52.008278],[-60.297095,-52.01017],[-60.327796,-51.999367],[-60.335303,-51.993446],[-60.357398,-52.00663],[-60.342627,-51.994423],[-60.335608,-51.992103],[-60.330909,-51.994118],[-60.328345,-51.96891],[-60.340552,-51.964821],[-60.336158,-51.959999],[-60.359717,-51.957924],[-60.369361,-51.932289],[-60.330664,-51.939064],[-60.328345,-51.959999],[-60.323951,-51.939064],[-60.309119,-51.932838],[-60.309546,-51.949867],[-60.331214,-51.962318],[-60.326575,-51.96714],[-60.32804,-51.99308],[-60.294165,-52.00608],[-60.290076,-52.01432],[-60.274573,-52.001686],[-60.284461,-51.993446],[-60.266761,-51.998024],[-60.209632,-51.967811],[-60.24198,-51.992897],[-60.207007,-51.979225],[-60.220862,-51.994301],[-60.171485,-51.968117],[-60.239051,-52.016762],[-60.162452,-52.003761],[-60.100074,-52.008278],[-60.087867,-51.970863],[-60.101966,-51.961769],[-60.087561,-51.964393],[-60.0792,-51.935341],[-60.067237,-51.949989],[-60.051673,-51.943153],[-60.075476,-51.961647],[-60.037268,-51.969459],[-60.017493,-51.959633],[-59.997351,-51.969581],[-60.017798,-51.967445],[-59.996802,-51.982338],[-60.017798,-51.998817],[-60.004309,-52.005836],[-59.952674,-51.990455],[-59.919471,-51.966591],[-59.900794,-51.970436],[-59.900977,-51.978798],[-59.859534,-51.964088],[-59.834449,-51.897072],[-59.783973,-51.861732],[-59.749182,-51.810707],[-59.773963,-51.820045],[-59.753028,-51.805641],[-59.725013,-51.806984],[-59.726661,-51.814247],[-59.628638,-51.754066],[-59.619178,-51.743751],[-59.629615,-51.74955],[-59.640296,-51.738014],[-59.664283,-51.743629],[-59.636451,-51.731605],[-59.632911,-51.741432],[-59.607398,-51.730873],[-59.543738,-51.646278],[-59.602698,-51.686317],[-59.589026,-51.66111],[-59.5026,-51.602028],[-59.538428,-51.647804],[-59.43888,-51.584999],[-59.480933,-51.632301],[-59.440955,-51.634254],[-59.390845,-51.606788],[-59.385779,-51.579628],[-59.338355,-51.528358],[-59.346167,-51.520546],[-59.395789,-51.55674],[-59.368079,-51.527138],[-59.393103,-51.536476],[-59.363868,-51.52372],[-59.358496,-51.507789],[-59.381568,-51.502723],[-59.48014,-51.526039],[-59.377417,-51.498634],[-59.353858,-51.507545],[-59.366187,-51.486549],[-59.351111,-51.49601],[-59.331214,-51.492592],[-59.34397,-51.518654],[-59.33451,-51.524147],[-59.286658,-51.483497],[-59.201819,-51.43827],[-59.291907,-51.463783],[-59.271582,-51.457741],[-59.291724,-51.451881],[-59.266272,-51.445839],[-59.292029,-51.431129],[-59.244727,-51.422645],[-59.194129,-51.400062],[-59.224829,-51.401649],[-59.239661,-51.390419],[-59.306311,-51.378212],[-59.370887,-51.353554],[-59.389258,-51.33683]]],[[[-37.71608,-53.992318],[-37.733569,-53.981182],[-37.728286,-54.008451],[-37.764978,-54.003954],[-37.784108,-54.016517],[-37.828232,-54.021538],[-37.877391,-54.00117],[-37.953201,-54.006595],[-37.969143,-54.024679],[-38.008737,-54.009307],[-38.021158,-54.018682],[-37.997792,-54.032816],[-38.02211,-54.061798],[-38.047665,-54.068128],[-38.004264,-54.061608],[-38.012783,-54.072506],[-37.995746,-54.072125],[-37.975711,-54.06118],[-37.982183,-54.050615],[-37.951678,-54.040145],[-37.946967,-54.049901],[-37.929263,-54.047141],[-37.884768,-54.062655],[-37.82195,-54.035577],[-37.807245,-54.040954],[-37.82195,-54.053565],[-37.805056,-54.053089],[-37.804532,-54.061037],[-37.791017,-54.047807],[-37.747806,-54.057563],[-37.731911,-54.045856],[-37.708878,-54.047569],[-37.699693,-54.035053],[-37.669093,-54.033863],[-37.661098,-54.052852],[-37.613223,-54.04419],[-37.607608,-54.055802],[-37.651818,-54.066605],[-37.64606,-54.078121],[-37.701835,-54.084927],[-37.733243,-54.109959],[-37.685369,-54.113623],[-37.673709,-54.10382],[-37.638017,-54.11743],[-37.732101,-54.138131],[-37.72877,-54.150267],[-37.671425,-54.157786],[-37.693935,-54.177726],[-37.633354,-54.178963],[-37.621694,-54.184007],[-37.629547,-54.191336],[-37.610796,-54.179344],[-37.543315,-54.17054],[-37.546265,-54.153217],[-37.581339,-54.152123],[-37.560257,-54.148458],[-37.560875,-54.135466],[-37.511002,-54.141986],[-37.480259,-54.126853],[-37.477356,-54.137893],[-37.4074,-54.152503],[-37.29014,-54.144556],[-37.231415,-54.149315],[-37.225133,-54.166685],[-37.289522,-54.165257],[-37.292567,-54.174537],[-37.314696,-54.170207],[-37.415823,-54.186958],[-37.391743,-54.211942],[-37.376943,-54.208326],[-37.327403,-54.230407],[-37.306273,-54.230312],[-37.334398,-54.243589],[-37.418131,-54.251227],[-37.408852,-54.269882],[-37.420844,-54.276592],[-37.405044,-54.27526],[-37.406948,-54.257223],[-37.401856,-54.271167],[-37.384627,-54.265799],[-37.387865,-54.25532],[-37.374682,-54.271167],[-37.349413,-54.26874],[-37.363499,-54.283398],[-37.334184,-54.270596],[-37.303441,-54.274784],[-37.271271,-54.253511],[-37.257565,-54.25513],[-37.253949,-54.239758],[-37.247048,-54.245469],[-37.220938,-54.238975],[-37.227251,-54.254558],[-37.212165,-54.247991],[-37.204075,-54.266646],[-37.172523,-54.273642],[-37.151822,-54.263791],[-37.13174,-54.283302],[-37.105756,-54.279257],[-37.105565,-54.288728],[-37.086577,-54.281066],[-37.081485,-54.309238],[-37.109277,-54.324705],[-37.094668,-54.328179],[-37.092859,-54.321326],[-37.08929,-54.32875],[-37.085816,-54.317852],[-37.06264,-54.328845],[-37.06659,-54.337935],[-37.057167,-54.325228],[-37.046602,-54.347357],[-37.018763,-54.34217],[-37.030422,-54.353877],[-37.01348,-54.360159],[-36.948759,-54.359588],[-36.916113,-54.334937],[-36.915351,-54.342741],[-36.853581,-54.354924],[-36.903182,-54.372751],[-36.88477,-54.372868],[-36.894906,-54.390714],[-36.852144,-54.389155],[-36.846756,-54.382031],[-36.839977,-54.408163],[-36.805904,-54.408196],[-36.801529,-54.400363],[-36.783518,-54.413941],[-36.804745,-54.426983],[-36.793832,-54.430831],[-36.813712,-54.438593],[-36.803016,-54.448906],[-36.817508,-54.44906],[-36.817946,-54.458414],[-36.740134,-54.466379],[-36.738338,-54.47882],[-36.682948,-54.491493],[-36.654368,-54.482973],[-36.644644,-54.491618],[-36.661748,-54.493366],[-36.662327,-54.508049],[-36.64139,-54.517952],[-36.624587,-54.513201],[-36.615029,-54.520456],[-36.58072,-54.502668],[-36.55652,-54.508703],[-36.528106,-54.500264],[-36.499879,-54.507995],[-36.519005,-54.520311],[-36.464594,-54.531848],[-36.499469,-54.568924],[-36.423531,-54.588875],[-36.414611,-54.617283],[-36.35503,-54.654834],[-36.368096,-54.667966],[-36.30706,-54.706231],[-36.321971,-54.706369],[-36.316182,-54.724524],[-36.327199,-54.725407],[-36.308013,-54.733056],[-36.312464,-54.747008],[-36.281708,-54.767363],[-36.256115,-54.769796],[-36.275638,-54.771429],[-36.265592,-54.796535],[-36.232665,-54.804222],[-36.231076,-54.812615],[-36.213544,-54.803525],[-36.209885,-54.824434],[-36.199275,-54.820053],[-36.201983,-54.827512],[-36.156644,-54.834445],[-36.14609,-54.844929],[-36.159867,-54.850355],[-36.128385,-54.847517],[-36.134001,-54.863262],[-36.105781,-54.856313],[-36.131752,-54.873835],[-36.118397,-54.887335],[-36.107916,-54.881849],[-36.10721,-54.900353],[-36.091139,-54.89678],[-36.098548,-54.890044],[-36.076744,-54.872801],[-36.070783,-54.886382],[-36.05197,-54.882417],[-36.042579,-54.854474],[-36.014364,-54.883663],[-36.008664,-54.861661],[-36.028734,-54.853568],[-36.004644,-54.858419],[-35.99985,-54.871886],[-35.990527,-54.859791],[-35.981877,-54.881802],[-35.96185,-54.867793],[-35.977918,-54.855853],[-35.93745,-54.857306],[-35.965703,-54.833651],[-35.997084,-54.832453],[-36.016566,-54.843633],[-36.048008,-54.834794],[-36.018159,-54.83869],[-35.995256,-54.825156],[-36.066639,-54.819545],[-36.077402,-54.811906],[-36.036184,-54.811533],[-36.090912,-54.786706],[-36.124806,-54.785368],[-36.108023,-54.777666],[-36.119428,-54.751614],[-36.105379,-54.770764],[-36.091176,-54.775795],[-36.07927,-54.768405],[-36.060399,-54.78565],[-35.984996,-54.803125],[-35.976574,-54.813812],[-35.939386,-54.809953],[-35.951474,-54.791801],[-35.931553,-54.80572],[-35.939695,-54.812913],[-35.914187,-54.815219],[-35.895514,-54.783727],[-35.887293,-54.803717],[-35.882405,-54.785455],[-35.875896,-54.795479],[-35.842384,-54.800539],[-35.81582,-54.794547],[-35.819599,-54.781605],[-35.794093,-54.777961],[-35.805471,-54.767607],[-35.793969,-54.769845],[-35.791754,-54.761192],[-35.834292,-54.764031],[-35.836855,-54.750149],[-35.856373,-54.754629],[-35.871813,-54.732101],[-35.918533,-54.73144],[-35.926599,-54.714842],[-35.971621,-54.704014],[-35.916166,-54.697499],[-35.925543,-54.649596],[-35.964443,-54.622735],[-35.950529,-54.627704],[-35.941091,-54.617726],[-35.928035,-54.62023],[-35.921959,-54.58745],[-35.902157,-54.593171],[-35.912101,-54.57484],[-35.888838,-54.557978],[-35.893637,-54.545274],[-35.908744,-54.543587],[-35.92281,-54.559299],[-35.982656,-54.577875],[-35.990203,-54.59731],[-35.995667,-54.576498],[-36.02319,-54.565231],[-36.091125,-54.575039],[-36.112412,-54.547376],[-36.079317,-54.536827],[-36.087147,-54.519949],[-36.039459,-54.520107],[-36.008805,-54.504741],[-36.036158,-54.500429],[-36.055995,-54.472585],[-36.105259,-54.460538],[-36.112743,-54.466941],[-36.147336,-54.462634],[-36.177014,-54.449617],[-36.186795,-54.434834],[-36.169587,-54.422914],[-36.187929,-54.41417],[-36.171589,-54.418494],[-36.165165,-54.411569],[-36.185688,-54.394482],[-36.15746,-54.37449],[-36.184235,-54.388419],[-36.206096,-54.380865],[-36.264174,-54.390995],[-36.256711,-54.3747],[-36.207776,-54.348944],[-36.245881,-54.351139],[-36.243163,-54.340192],[-36.267862,-54.339042],[-36.239538,-54.332666],[-36.240298,-54.32144],[-36.259813,-54.323333],[-36.250833,-54.287274],[-36.282636,-54.288735],[-36.298622,-54.300756],[-36.309378,-54.293292],[-36.285509,-54.281564],[-36.300955,-54.281562],[-36.294836,-54.269366],[-36.327984,-54.27291],[-36.329531,-54.262834],[-36.355389,-54.265108],[-36.400152,-54.244003],[-36.401228,-54.27682],[-36.356186,-54.31028],[-36.36241,-54.318602],[-36.330682,-54.349716],[-36.348034,-54.374258],[-36.392647,-54.364334],[-36.428948,-54.317556],[-36.444055,-54.314407],[-36.484863,-54.362422],[-36.521878,-54.355811],[-36.501204,-54.356285],[-36.494594,-54.311985],[-36.477656,-54.306205],[-36.507538,-54.283058],[-36.48489,-54.283651],[-36.468085,-54.264742],[-36.466073,-54.248739],[-36.488135,-54.238871],[-36.500558,-54.252667],[-36.509375,-54.238202],[-36.539545,-54.24263],[-36.604703,-54.271535],[-36.611917,-54.284013],[-36.630719,-54.282726],[-36.63146,-54.274751],[-36.67353,-54.300341],[-36.698276,-54.301591],[-36.651288,-54.271746],[-36.704673,-54.249843],[-36.69888,-54.233462],[-36.643666,-54.242783],[-36.618285,-54.233843],[-36.613841,-54.215976],[-36.584827,-54.210884],[-36.59377,-54.189718],[-36.544807,-54.199392],[-36.526212,-54.18652],[-36.489565,-54.199408],[-36.490449,-54.181817],[-36.526955,-54.184636],[-36.560989,-54.164348],[-36.638299,-54.176437],[-36.664568,-54.192877],[-36.704215,-54.187206],[-36.707102,-54.17468],[-36.653005,-54.16834],[-36.708957,-54.162027],[-36.706177,-54.153406],[-36.680573,-54.151228],[-36.688339,-54.137009],[-36.644322,-54.146298],[-36.645073,-54.13435],[-36.626549,-54.130441],[-36.642751,-54.120555],[-36.673413,-54.126621],[-36.667219,-54.113635],[-36.692755,-54.119704],[-36.729926,-54.105468],[-36.739451,-54.112987],[-36.769161,-54.10674],[-36.785626,-54.115902],[-36.78555,-54.150924],[-36.807049,-54.15412],[-36.825909,-54.131225],[-36.804552,-54.10914],[-36.809247,-54.095451],[-36.84459,-54.090802],[-36.856505,-54.079143],[-36.851817,-54.08599],[-36.872225,-54.092989],[-36.896082,-54.078322],[-36.941036,-54.085672],[-36.954635,-54.105357],[-36.997497,-54.116063],[-37.001931,-54.129226],[-37.016192,-54.125149],[-37.01319,-54.13501],[-37.049062,-54.136377],[-37.033345,-54.112036],[-36.973664,-54.086402],[-36.98736,-54.072079],[-36.969686,-54.06671],[-36.977158,-54.05878],[-36.986577,-54.065139],[-36.988572,-54.055653],[-37.008164,-54.068052],[-36.995886,-54.071649],[-37.004509,-54.080444],[-37.018843,-54.080558],[-37.023811,-54.068109],[-37.072181,-54.078616],[-37.120265,-54.113909],[-37.110214,-54.128871],[-37.140195,-54.125615],[-37.151845,-54.13401],[-37.164866,-54.126929],[-37.142365,-54.116079],[-37.151674,-54.084555],[-37.104503,-54.066852],[-37.160126,-54.066795],[-37.130316,-54.058572],[-37.145792,-54.053775],[-37.128146,-54.049606],[-37.134713,-54.04241],[-37.179999,-54.044809],[-37.189936,-54.069536],[-37.222372,-54.055793],[-37.251495,-54.095039],[-37.24527,-54.08339],[-37.269369,-54.055578],[-37.318767,-54.060775],[-37.357481,-54.049452],[-37.367346,-54.059562],[-37.418504,-54.067771],[-37.500358,-54.06206],[-37.439753,-54.041787],[-37.457742,-54.034078],[-37.436326,-54.023513],[-37.456242,-54.014875],[-37.383502,-54.006309],[-37.366156,-53.991818],[-37.418837,-53.985894],[-37.43447,-54.003026],[-37.457028,-53.995102],[-37.471804,-54.01202],[-37.509066,-54.024369],[-37.547471,-54.020443],[-37.550683,-54.027225],[-37.59694,-54.009736],[-37.625422,-54.014304],[-37.648836,-54.007095],[-37.686598,-54.015732],[-37.675605,-53.988106],[-37.71608,-53.992318]]],[[[-64.32744,-54.734478],[-64.340955,-54.725817],[-64.33848,-54.702879],[-64.349426,-54.740617],[-64.376314,-54.7528],[-64.357611,-54.785113],[-64.370413,-54.811383],[-64.366606,-54.784828],[-64.395397,-54.782496],[-64.3914,-54.749136],[-64.421524,-54.754894],[-64.403154,-54.764412],[-64.412434,-54.782734],[-64.432231,-54.761033],[-64.489909,-54.763746],[-64.54378,-54.725198],[-64.541496,-54.768552],[-64.521461,-54.773121],[-64.526743,-54.788302],[-64.51142,-54.798058],[-64.528552,-54.804482],[-64.556867,-54.795916],[-64.586504,-54.82081],[-64.639613,-54.797144],[-64.647893,-54.776814],[-64.656574,-54.783953],[-64.695406,-54.78281],[-64.674277,-54.799943],[-64.697348,-54.806053],[-64.708827,-54.789606],[-64.737837,-54.804511],[-64.724931,-54.81165],[-64.756568,-54.836491],[-64.738237,-54.844143],[-64.74863,-54.856479],[-64.675983,-54.843353],[-64.664383,-54.850551],[-64.683716,-54.858106],[-64.67634,-54.87155],[-64.643634,-54.888431],[-64.702907,-54.906753],[-64.704239,-54.915462],[-64.652795,-54.914939],[-64.620958,-54.902946],[-64.606147,-54.910849],[-64.573358,-54.897191],[-64.566267,-54.882771],[-64.539046,-54.888415],[-64.515608,-54.870212],[-64.526673,-54.867833],[-64.518225,-54.854627],[-64.466139,-54.823432],[-64.471469,-54.835187],[-64.445009,-54.839993],[-64.474943,-54.842563],[-64.501307,-54.862313],[-64.489172,-54.860457],[-64.481701,-54.875019],[-64.448626,-54.864644],[-64.448626,-54.8754],[-64.406224,-54.855222],[-64.394422,-54.827335],[-64.357103,-54.835116],[-64.324599,-54.824979],[-64.299091,-54.806443],[-64.304897,-54.787693],[-64.278247,-54.796426],[-64.270157,-54.790572],[-64.263647,-54.80454],[-64.233942,-54.782344],[-64.239134,-54.840355],[-64.223715,-54.841973],[-64.222573,-54.857868],[-64.200575,-54.828398],[-64.179635,-54.838928],[-64.172319,-54.823283],[-64.148167,-54.830064],[-64.120625,-54.81436],[-64.109858,-54.833276],[-64.100935,-54.816501],[-64.075237,-54.808054],[-64.071132,-54.794967],[-64.084576,-54.790803],[-64.061198,-54.779738],[-64.034488,-54.807995],[-64.022948,-54.7911],[-63.991361,-54.786698],[-63.954895,-54.76683],[-63.967506,-54.793658],[-63.94508,-54.795919],[-63.953408,-54.813348],[-63.882798,-54.779679],[-63.88601,-54.793242],[-63.845678,-54.789197],[-63.829022,-54.760584],[-63.80148,-54.751006],[-63.810284,-54.736849],[-63.795888,-54.727152],[-63.825928,-54.720609],[-63.855969,-54.74946],[-63.878753,-54.75523],[-63.888092,-54.751185],[-63.854839,-54.731733],[-63.878396,-54.730662],[-63.876314,-54.716802],[-63.939191,-54.725665],[-63.958048,-54.741251],[-63.989873,-54.735659],[-63.992372,-54.745177],[-64.007481,-54.742202],[-64.024257,-54.752494],[-64.042578,-54.778132],[-64.030324,-54.751363],[-64.049836,-54.742083],[-64.047278,-54.730365],[-64.072917,-54.728402],[-64.083208,-54.751839],[-64.10843,-54.764331],[-64.108846,-54.75642],[-64.126454,-54.75755],[-64.10611,-54.749698],[-64.109441,-54.737979],[-64.129131,-54.734588],[-64.125265,-54.728104],[-64.149504,-54.730338],[-64.164923,-54.740189],[-64.145411,-54.745091],[-64.138511,-54.770408],[-64.216319,-54.73386],[-64.24235,-54.745234],[-64.278661,-54.728958],[-64.32744,-54.734478]]],[[[-60.884416,-51.76507],[-60.900762,-51.762487],[-60.894325,-51.776263],[-60.909322,-51.771656],[-60.915687,-51.779389],[-60.89219,-51.810917],[-60.875474,-51.805444],[-60.90577,-51.830085],[-60.903306,-51.857231],[-60.918534,-51.831426],[-60.934655,-51.851104],[-60.947999,-51.840398],[-60.954232,-51.865537],[-60.967317,-51.860014],[-60.984334,-51.873224],[-60.989373,-51.864843],[-60.992059,-51.872162],[-61.013058,-51.870021],[-61.0522,-51.889235],[-61.029141,-51.872102],[-61.033343,-51.858004],[-60.962182,-51.827428],[-60.963262,-51.815607],[-60.942218,-51.820078],[-60.933652,-51.813059],[-60.951192,-51.79873],[-60.988737,-51.805444],[-60.975011,-51.795889],[-60.97757,-51.778497],[-61.038758,-51.784361],[-61.033471,-51.81526],[-61.05322,-51.811796],[-61.063562,-51.825406],[-61.038161,-51.845155],[-61.092904,-51.824121],[-61.117644,-51.836853],[-61.093774,-51.816759],[-61.101262,-51.809126],[-61.112588,-51.818888],[-61.142053,-51.819074],[-61.132443,-51.825903],[-61.151544,-51.838064],[-61.167001,-51.832258],[-61.160962,-51.852563],[-61.127446,-51.841306],[-61.136441,-51.852182],[-61.093484,-51.848249],[-61.100816,-51.859426],[-61.112706,-51.85246],[-61.134057,-51.859262],[-61.136666,-51.881071],[-61.118863,-51.881189],[-61.137444,-51.904166],[-61.117024,-51.910143],[-61.101045,-51.901029],[-61.110282,-51.923105],[-61.098836,-51.931398],[-61.079267,-51.91529],[-61.068904,-51.935066],[-61.038661,-51.925306],[-61.074134,-51.941974],[-61.04139,-51.95215],[-61.057721,-51.966447],[-61.032166,-51.965139],[-61.002082,-51.98925],[-60.975974,-51.98431],[-60.966979,-51.964567],[-60.898763,-51.952661],[-60.925851,-51.936876],[-60.890897,-51.937387],[-60.888234,-51.921243],[-60.870931,-51.917173],[-60.870534,-51.90101],[-60.910378,-51.910802],[-60.915574,-51.896158],[-60.871884,-51.890142],[-60.89819,-51.883643],[-60.881192,-51.876695],[-60.881863,-51.822034],[-60.856583,-51.788549],[-60.863344,-51.764937],[-60.884416,-51.76507]]],[[[-60.293762,-51.265442],[-60.325562,-51.262634],[-60.304687,-51.293579],[-60.283569,-51.304687],[-60.239441,-51.308289],[-60.202026,-51.342957],[-60.139099,-51.360352],[-60.164062,-51.364075],[-60.121643,-51.364746],[-60.130066,-51.388184],[-60.146484,-51.38092],[-60.137817,-51.391479],[-60.176208,-51.396851],[-60.186951,-51.389709],[-60.169006,-51.380005],[-60.232605,-51.338562],[-60.243164,-51.360779],[-60.284424,-51.369568],[-60.273987,-51.395996],[-60.315674,-51.389282],[-60.25769,-51.413696],[-60.200623,-51.396851],[-60.197754,-51.406311],[-60.170776,-51.398071],[-60.17572,-51.404236],[-60.109985,-51.403687],[-60.121094,-51.396179],[-60.098206,-51.384521],[-60.107666,-51.378906],[-60.080261,-51.382446],[-60.083008,-51.36377],[-60.044739,-51.337891],[-60.079041,-51.32843],[-60.062195,-51.313171],[-60.086304,-51.314148],[-60.09137,-51.303467],[-60.157593,-51.316467],[-60.230652,-51.307312],[-60.249207,-51.300598],[-60.265503,-51.27179],[-60.293762,-51.265442]]],[[[-59.762202,-51.248211],[-59.823642,-51.254018],[-59.837908,-51.264322],[-59.811555,-51.280339],[-59.769266,-51.283779],[-59.728334,-51.300624],[-59.721886,-51.29293],[-59.714711,-51.303241],[-59.680384,-51.294116],[-59.619516,-51.305056],[-59.586293,-51.343744],[-59.485594,-51.343304],[-59.461451,-51.351061],[-59.485372,-51.332544],[-59.472009,-51.319181],[-59.477835,-51.303315],[-59.459447,-51.327736],[-59.424416,-51.338085],[-59.491524,-51.275822],[-59.5178,-51.275005],[-59.517172,-51.28589],[-59.549437,-51.278039],[-59.53866,-51.286058],[-59.552929,-51.291028],[-59.546304,-51.302221],[-59.587732,-51.311369],[-59.600557,-51.305304],[-59.588279,-51.282576],[-59.595156,-51.29069],[-59.603355,-51.28486],[-59.588164,-51.270241],[-59.603427,-51.262854],[-59.696154,-51.272696],[-59.72576,-51.268394],[-59.726504,-51.257],[-59.743727,-51.264874],[-59.762202,-51.248211]]],[[[-58.422259,-51.988535],[-58.426167,-52.0062],[-58.484471,-51.989416],[-58.469797,-52.003052],[-58.490768,-51.996781],[-58.493474,-52.005842],[-58.522984,-52.008035],[-58.512305,-52.015983],[-58.533542,-52.010332],[-58.537647,-52.021753],[-58.553589,-52.022646],[-58.522359,-52.040373],[-58.513276,-52.05545],[-58.529272,-52.058887],[-58.481015,-52.070651],[-58.473066,-52.085168],[-58.446037,-52.075708],[-58.445538,-52.087148],[-58.467236,-52.092247],[-58.448558,-52.102062],[-58.413758,-52.097006],[-58.43327,-52.089154],[-58.425489,-52.06695],[-58.442237,-52.050111],[-58.423825,-52.026968],[-58.435319,-52.02384],[-58.446573,-52.041265],[-58.466481,-52.040033],[-58.471726,-52.027193],[-58.441635,-52.029784],[-58.460116,-52.018695],[-58.445264,-52.017589],[-58.455085,-52.008112],[-58.420594,-52.015565],[-58.420438,-52.024282],[-58.403787,-52.014436],[-58.414239,-52.000711],[-58.397237,-51.999403],[-58.422259,-51.988535]]],[[[-59.772973,-52.154062],[-59.782048,-52.140123],[-59.808237,-52.16859],[-59.791528,-52.170518],[-59.786227,-52.185306],[-59.761302,-52.17912],[-59.741631,-52.191347],[-59.739709,-52.222842],[-59.753986,-52.229088],[-59.73959,-52.244793],[-59.760648,-52.24979],[-59.762113,-52.266702],[-59.747106,-52.296053],[-59.730508,-52.261713],[-59.717576,-52.266664],[-59.683139,-52.245849],[-59.689458,-52.229066],[-59.670129,-52.222154],[-59.693785,-52.217726],[-59.684544,-52.188577],[-59.697427,-52.168283],[-59.768024,-52.173944],[-59.772973,-52.154062]]],[[[-59.957879,-51.285585],[-59.976501,-51.293707],[-59.990407,-51.286077],[-59.995881,-51.300175],[-60.044553,-51.305544],[-59.988726,-51.345182],[-59.930565,-51.356462],[-59.919824,-51.336614],[-59.936379,-51.335256],[-59.929881,-51.321983],[-59.948839,-51.315657],[-59.927722,-51.31649],[-59.917133,-51.326543],[-59.898728,-51.31265],[-59.923325,-51.315549],[-59.957879,-51.285585]]],[[[-61.231042,-51.796209],[-61.244392,-51.801721],[-61.238574,-51.814386],[-61.265778,-51.808508],[-61.261922,-51.830637],[-61.307012,-51.800348],[-61.297531,-51.830726],[-61.308888,-51.817987],[-61.344998,-51.824335],[-61.347457,-51.833379],[-61.240804,-51.878828],[-61.204644,-51.849847],[-61.223452,-51.846687],[-61.23994,-51.853483],[-61.236068,-51.862043],[-61.24574,-51.855188],[-61.264681,-51.861507],[-61.229306,-51.84202],[-61.255936,-51.838784],[-61.253537,-51.831754],[-61.239461,-51.821038],[-61.210919,-51.830012],[-61.195686,-51.822458],[-61.231042,-51.796209]]],[[[-59.687486,-52.307241],[-59.67899,-52.301744],[-59.74558,-52.317476],[-59.75114,-52.308725],[-59.764949,-52.317983],[-59.763648,-52.343781],[-59.783879,-52.339708],[-59.816244,-52.361313],[-59.786828,-52.363386],[-59.786719,-52.377303],[-59.76003,-52.383268],[-59.735616,-52.359575],[-59.753831,-52.348844],[-59.720765,-52.336179],[-59.716973,-52.315977],[-59.691174,-52.316068],[-59.687486,-52.307241]]],[[[-67.50563,-54.877449],[-67.540329,-54.879791],[-67.533104,-54.904114],[-67.490074,-54.917858],[-67.462067,-54.9016],[-67.414276,-54.912254],[-67.418945,-54.889778],[-67.436104,-54.892933],[-67.448814,-54.878696],[-67.471611,-54.884403],[-67.50563,-54.877449]]],[[[-58.828243,-52.158825],[-58.826178,-52.133079],[-58.861889,-52.178718],[-58.85658,-52.214196],[-58.874853,-52.211726],[-58.885018,-52.221891],[-58.914743,-52.213772],[-58.936635,-52.234913],[-58.949035,-52.224347],[-58.968976,-52.236428],[-58.990155,-52.222725],[-59.003823,-52.248253],[-58.987809,-52.240673],[-58.935786,-52.243192],[-58.835449,-52.210698],[-58.826255,-52.199163],[-58.850339,-52.170487],[-58.828243,-52.158825]]],[[[-61.254298,-51.682485],[-61.268718,-51.677262],[-61.264388,-51.691926],[-61.276553,-51.695287],[-61.312705,-51.699269],[-61.333091,-51.692086],[-61.309275,-51.722085],[-61.315669,-51.747571],[-61.293719,-51.764222],[-61.274897,-51.744016],[-61.304633,-51.739766],[-61.291957,-51.72717],[-61.300987,-51.722047],[-61.279418,-51.721353],[-61.292966,-51.706462],[-61.271033,-51.698174],[-61.239909,-51.717648],[-61.255322,-51.698314],[-61.212188,-51.703561],[-61.211818,-51.689855],[-61.22518,-51.696122],[-61.254298,-51.682485]]],[[[-59.739469,-51.318894],[-59.75174,-51.319919],[-59.751771,-51.333461],[-59.782678,-51.322],[-59.77185,-51.340547],[-59.750095,-51.348217],[-59.779897,-51.34361],[-59.7957,-51.34754],[-59.789237,-51.353297],[-59.831895,-51.359396],[-59.800392,-51.374082],[-59.795636,-51.362424],[-59.814839,-51.361055],[-59.782958,-51.3522],[-59.743963,-51.364072],[-59.776036,-51.365018],[-59.767625,-51.373399],[-59.746669,-51.370767],[-59.744748,-51.381881],[-59.736936,-51.361542],[-59.718209,-51.358484],[-59.660325,-51.37063],[-59.733521,-51.342546],[-59.733426,-51.327463],[-59.735288,-51.338819],[-59.745049,-51.336271],[-59.739469,-51.318894]]],[[[-60.588828,-51.252133],[-60.601844,-51.242496],[-60.605781,-51.270317],[-60.568677,-51.296897],[-60.534971,-51.29695],[-60.522267,-51.318564],[-60.509344,-51.306116],[-60.519484,-51.290419],[-60.588828,-51.252133]]],[[[-60.870381,-51.967916],[-60.882806,-51.963972],[-60.884992,-51.984563],[-60.904102,-51.979498],[-60.908802,-51.989908],[-60.922721,-51.985744],[-60.950635,-51.99679],[-60.926793,-51.994211],[-60.905637,-52.007742],[-60.852791,-52.013875],[-60.847467,-52.00361],[-60.871167,-52.00044],[-60.853955,-51.993001],[-60.870381,-51.967916]]],[[[-37.089913,-54.474112],[-37.118736,-54.474291],[-37.12326,-54.481906],[-37.115563,-54.491977],[-37.078531,-54.49956],[-37.098021,-54.514347],[-37.022815,-54.49918],[-37.089913,-54.474112]]],[[[-61.117103,-51.025286],[-61.132483,-51.027567],[-61.10833,-51.048841],[-61.137511,-51.062662],[-61.126509,-51.062059],[-61.126544,-51.071597],[-61.12041,-51.063808],[-61.047774,-51.082537],[-61.095729,-51.041731],[-61.091281,-51.034471],[-61.117103,-51.025286]]],[[[-59.556415,-51.785659],[-59.535382,-51.756548],[-59.578454,-51.782899],[-59.625325,-51.789419],[-59.624587,-51.809335],[-59.55933,-51.806063],[-59.556415,-51.785659]]],[[[-60.714519,-51.334784],[-60.731758,-51.326349],[-60.703273,-51.380723],[-60.663811,-51.351359],[-60.683544,-51.353982],[-60.682316,-51.342879],[-60.714519,-51.334784]]],[[[-59.691755,-51.936775],[-59.714719,-51.941244],[-59.708959,-51.963632],[-59.724168,-51.974794],[-59.698098,-51.980066],[-59.696698,-51.992143],[-59.665952,-51.973226],[-59.701094,-51.959856],[-59.680669,-51.945615],[-59.691755,-51.936775]]],[[[-59.656693,-52.352079],[-59.671346,-52.35285],[-59.683202,-52.363241],[-59.667649,-52.363626],[-59.692493,-52.375761],[-59.706655,-52.375704],[-59.697347,-52.367023],[-59.717595,-52.367784],[-59.720304,-52.379416],[-59.732239,-52.373305],[-59.742747,-52.385697],[-59.725919,-52.396193],[-59.69827,-52.396693],[-59.691914,-52.380136],[-59.648577,-52.370164],[-59.664396,-52.359771],[-59.656693,-52.352079]]],[[[-59.060997,-52.423654],[-59.104463,-52.422236],[-59.152289,-52.438626],[-59.123652,-52.449459],[-59.073304,-52.431314],[-59.037001,-52.432749],[-59.060997,-52.423654]]],[[[-59.712056,-51.390321],[-59.726819,-51.389371],[-59.722535,-51.399801],[-59.735391,-51.394666],[-59.740067,-51.406656],[-59.723233,-51.423681],[-59.683482,-51.406463],[-59.697064,-51.399187],[-59.687554,-51.390148],[-59.712056,-51.390321]]],[[[-61.219964,-51.025622],[-61.25351,-51.01277],[-61.230672,-51.036925],[-61.211635,-51.038114],[-61.184387,-51.057909],[-61.166625,-51.055424],[-61.219964,-51.025622]]],[[[-60.697469,-51.604581],[-60.683686,-51.676084],[-60.657048,-51.66007],[-60.697469,-51.604581]]],[[[-60.809458,-51.567444],[-60.818106,-51.575978],[-60.803213,-51.582936],[-60.731665,-51.587332],[-60.762421,-51.570908],[-60.809458,-51.567444]]],[[[-59.691168,-51.328296],[-59.715759,-51.33517],[-59.702648,-51.351413],[-59.663841,-51.357551],[-59.676891,-51.34955],[-59.655102,-51.344177],[-59.652416,-51.358215],[-59.638329,-51.356742],[-59.635678,-51.343936],[-59.649494,-51.337707],[-59.661839,-51.343132],[-59.675648,-51.335258],[-59.682054,-51.350549],[-59.701817,-51.347297],[-59.691168,-51.328296]]],[[[-59.728928,-52.091379],[-59.718156,-52.044405],[-59.74909,-52.079039],[-59.745488,-52.091348],[-59.728928,-52.091379]]],[[[-59.641648,-51.369005],[-59.672292,-51.374166],[-59.668351,-51.38471],[-59.594636,-51.379087],[-59.617471,-51.37718],[-59.590135,-51.371603],[-59.641648,-51.369005]]],[[[-58.395572,-51.904087],[-58.428725,-51.905499],[-58.398991,-51.907464],[-58.425794,-51.920094],[-58.444082,-51.920135],[-58.426652,-51.917636],[-58.439739,-51.910498],[-58.468293,-51.906453],[-58.472732,-51.91338],[-58.449732,-51.925595],[-58.401546,-51.922522],[-58.409945,-51.917023],[-58.39722,-51.914795],[-58.395572,-51.904087]]],[[[-59.601113,-51.405992],[-59.638299,-51.40909],[-59.642602,-51.420324],[-59.623448,-51.416616],[-59.592282,-51.426124],[-59.601113,-51.405992]]],[[[-61.169259,-51.87536],[-61.18924,-51.875002],[-61.215489,-51.911135],[-61.172475,-51.88767],[-61.169259,-51.87536]]],[[[-59.884055,-51.239093],[-59.901786,-51.239959],[-59.888632,-51.258063],[-59.840967,-51.263094],[-59.884055,-51.239093]]],[[[-60.500526,-51.825574],[-60.51062,-51.835121],[-60.491853,-51.858667],[-60.469983,-51.851518],[-60.469201,-51.836767],[-60.500526,-51.825574]]],[[[-35.770866,-54.803609],[-35.809887,-54.804252],[-35.803034,-54.825167],[-35.781882,-54.826401],[-35.770866,-54.803609]]],[[[-64.131474,-54.646674],[-64.162407,-54.650659],[-64.139684,-54.668803],[-64.109108,-54.651195],[-64.131474,-54.646674]]],[[[-60.843718,-51.194499],[-60.94094,-51.215047],[-60.886067,-51.210019],[-60.843718,-51.194499]]],[[[-60.900151,-51.089379],[-60.920781,-51.087575],[-60.863831,-51.124116],[-60.860909,-51.112988],[-60.900151,-51.089379]]],[[[-58.615677,-52.13161],[-58.624654,-52.112672],[-58.628452,-52.130905],[-58.609112,-52.140372],[-58.612172,-52.151521],[-58.596322,-52.142335],[-58.615677,-52.13161]]],[[[-60.395209,-51.143019],[-60.442866,-51.152193],[-60.394426,-51.154555],[-60.375094,-51.146773],[-60.395209,-51.143019]]],[[[-61.164681,-51.905634],[-61.165875,-51.891246],[-61.193094,-51.908449],[-61.159098,-51.908449],[-61.147504,-51.894765],[-61.164681,-51.905634]]],[[[-60.835724,-51.151696],[-60.856476,-51.151608],[-60.863347,-51.168095],[-60.894337,-51.171875],[-60.85492,-51.169411],[-60.828003,-51.159199],[-60.835724,-51.151696]]],[[[-58.486946,-51.972189],[-58.499096,-51.976119],[-58.471481,-51.984786],[-58.431255,-51.984736],[-58.486946,-51.972189]]],[[[-58.07015,-51.55146],[-58.095266,-51.553257],[-58.03964,-51.56377],[-58.07015,-51.55146]]],[[[-60.447141,-51.610708],[-60.461598,-51.607187],[-60.442027,-51.624468],[-60.418515,-51.628103],[-60.432805,-51.606485],[-60.447141,-51.610708]]],[[[-59.650659,-51.79366],[-59.621889,-51.76825],[-59.663587,-51.789632],[-59.664133,-51.799012],[-59.650659,-51.79366]]],[[[-59.590991,-51.862615],[-59.586774,-51.856723],[-59.608785,-51.859251],[-59.622922,-51.869775],[-59.607564,-51.878297],[-59.590991,-51.862615]]],[[[-61.185536,-51.848859],[-61.191108,-51.843909],[-61.206183,-51.866246],[-61.168496,-51.856355],[-61.185536,-51.848859]]],[[[-59.834996,-51.36614],[-59.86638,-51.36762],[-59.871053,-51.375494],[-59.834458,-51.379008],[-59.824124,-51.369878],[-59.834996,-51.36614]]],[[[-60.399719,-51.356628],[-60.412659,-51.357483],[-60.370544,-51.372559],[-60.399719,-51.356628]]],[[[-61.035668,-51.778881],[-61.075839,-51.786856],[-61.066804,-51.794844],[-61.035668,-51.778881]]],[[[-60.723083,-51.465149],[-60.727295,-51.471436],[-60.697693,-51.482971],[-60.692131,-51.475167],[-60.723083,-51.465149]]],[[[-60.428293,-52.210702],[-60.414588,-52.199993],[-60.461902,-52.210289],[-60.45229,-52.221929],[-60.428293,-52.210702]]],[[[-58.383975,-51.996803],[-58.371393,-52.007162],[-58.348717,-52.004145],[-58.354873,-51.995708],[-58.383975,-51.996803]]],[[[-60.487645,-51.54892],[-60.506852,-51.555576],[-60.491143,-51.569676],[-60.487645,-51.54892]]],[[[-58.708285,-52.128076],[-58.734694,-52.131078],[-58.716879,-52.139387],[-58.708285,-52.128076]]],[[[-67.468933,-54.869774],[-67.469582,-54.880302],[-67.447723,-54.878426],[-67.468933,-54.869774]]],[[[-59.557496,-52.261972],[-59.548344,-52.282449],[-59.529836,-52.273805],[-59.557496,-52.261972]]],[[[-58.192721,-51.803088],[-58.226066,-51.805239],[-58.173919,-51.80643],[-58.192721,-51.803088]]],[[[-59.182993,-52.906047],[-59.186181,-52.891257],[-59.191572,-52.919029],[-59.182993,-52.906047]]],[[[-60.885875,-51.556876],[-60.875026,-51.567767],[-60.855269,-51.563681],[-60.885875,-51.556876]]],[[[-61.147912,-51.784921],[-61.162866,-51.785692],[-61.162633,-51.794721],[-61.139027,-51.796854],[-61.147912,-51.784921]]],[[[-59.909848,-51.214759],[-59.917596,-51.208435],[-59.936581,-51.215412],[-59.899403,-51.224462],[-59.909848,-51.214759]]],[[[-64.260221,-54.673502],[-64.27169,-54.679261],[-64.26103,-54.688112],[-64.247467,-54.676072],[-64.260221,-54.673502]]],[[[-34.678257,-55.025094],[-34.6697,-55.017736],[-34.685387,-55.009968],[-34.696083,-55.01978],[-34.678257,-55.025094]]],[[[-58.987803,-52.13829],[-59.002853,-52.137457],[-59.01368,-52.150484],[-58.987803,-52.13829]]],[[[-60.338109,-51.638265],[-60.346784,-51.630499],[-60.361714,-51.637262],[-60.338109,-51.638265]]],[[[-59.676448,-52.020085],[-59.671134,-52.010918],[-59.685256,-52.02826],[-59.667579,-52.027718],[-59.666156,-52.018835],[-59.676448,-52.020085]]],[[[-58.452835,-51.952486],[-58.494446,-51.953467],[-58.470502,-51.962361],[-58.452835,-51.952486]]],[[[-60.15498,-51.413239],[-60.113785,-51.432072],[-60.105305,-51.427326],[-60.125026,-51.414176],[-60.15498,-51.413239]]],[[[-59.665814,-51.885683],[-59.686921,-51.89739],[-59.667668,-51.897855],[-59.665814,-51.885683]]],[[[-59.650954,-51.916747],[-59.658131,-51.92299],[-59.638951,-51.930437],[-59.650954,-51.916747]]],[[[-58.727419,-51.923093],[-58.734498,-51.931718],[-58.709156,-51.93618],[-58.720994,-51.93041],[-58.701364,-51.925234],[-58.727419,-51.923093]]],[[[-60.215526,-51.772631],[-60.223438,-51.75663],[-60.228197,-51.770014],[-60.214336,-51.779532],[-60.215526,-51.772631]]],[[[-60.989521,-52.019849],[-60.99648,-52.00468],[-61.004154,-52.017589],[-60.989521,-52.019849]]],[[[-58.068402,-51.786956],[-58.087309,-51.788132],[-58.061831,-51.794228],[-58.047232,-51.788601],[-58.068402,-51.786956]]],[[[-60.918943,-52.167897],[-60.923967,-52.161889],[-60.940027,-52.169106],[-60.909613,-52.170636],[-60.918943,-52.167897]]],[[[-59.655572,-51.98842],[-59.663728,-51.9983],[-59.64528,-51.994199],[-59.655572,-51.98842]]],[[[-59.643903,-51.389585],[-59.670361,-51.389276],[-59.673291,-51.406377],[-59.667646,-51.391607],[-59.643903,-51.389585]]],[[[-60.511834,-51.491744],[-60.523678,-51.488269],[-60.53137,-51.497819],[-60.511834,-51.491744]]],[[[-59.836846,-51.344869],[-59.855908,-51.349744],[-59.837118,-51.356383],[-59.836846,-51.344869]]],[[[-59.884161,-51.370879],[-59.89084,-51.365615],[-59.906503,-51.374023],[-59.884161,-51.370879]]],[[[-60.766541,-52.147228],[-60.770954,-52.134853],[-60.78058,-52.141751],[-60.766541,-52.147228]]],[[[-58.379207,-52.008885],[-58.376062,-52.018028],[-58.35126,-52.017973],[-58.379207,-52.008885]]],[[[-59.312833,-52.245546],[-59.310822,-52.236463],[-59.325768,-52.253194],[-59.312833,-52.245546]]],[[[-58.289687,-51.874791],[-58.306682,-51.873421],[-58.303932,-51.885573],[-58.280256,-51.874866],[-58.289687,-51.874791]]],[[[-60.834965,-51.566359],[-60.848526,-51.5763],[-60.831326,-51.575011],[-60.834965,-51.566359]]],[[[-60.959886,-52.019648],[-60.965417,-52.010843],[-60.975858,-52.022672],[-60.956548,-52.02263],[-60.950471,-52.016134],[-60.959886,-52.019648]]],[[[-60.734449,-51.124421],[-60.761556,-51.128395],[-60.745424,-51.132889],[-60.734449,-51.124421]]],[[[-59.648137,-51.412878],[-59.65997,-51.41319],[-59.656945,-51.422216],[-59.648137,-51.412878]]],[[[-61.115312,-51.799593],[-61.121087,-51.792807],[-61.125386,-51.809222],[-61.115312,-51.799593]]],[[[-60.461581,-51.32971],[-60.470938,-51.341925],[-60.455377,-51.33806],[-60.461581,-51.32971]]],[[[-58.275021,-51.867906],[-58.285466,-51.87138],[-58.25664,-51.873616],[-58.275021,-51.867906]]],[[[-61.083627,-51.774023],[-61.08466,-51.783929],[-61.073159,-51.779775],[-61.083627,-51.774023]]],[[[-58.891683,-52.445127],[-58.89367,-52.438821],[-58.912912,-52.448861],[-58.891683,-52.445127]]],[[[-68.245735,-54.869129],[-68.267044,-54.869659],[-68.23288,-54.870373],[-68.245735,-54.869129]]],[[[-59.211975,-51.584495],[-59.216527,-51.593324],[-59.202302,-51.585752],[-59.211975,-51.584495]]],[[[-58.663438,-51.941465],[-58.685468,-51.941552],[-58.650255,-51.945077],[-58.663438,-51.941465]]],[[[-59.672597,-51.428781],[-59.679597,-51.437727],[-59.663987,-51.434965],[-59.672597,-51.428781]]],[[[-59.725803,-51.307301],[-59.729072,-51.301695],[-59.733092,-51.314619],[-59.713599,-51.308431],[-59.725803,-51.307301]]],[[[-58.273554,-51.538929],[-58.2861,-51.540292],[-58.282796,-51.548979],[-58.273554,-51.538929]]],[[[-61.253494,-51.737566],[-61.265205,-51.738978],[-61.255615,-51.744063],[-61.253494,-51.737566]]],[[[-59.757882,-51.837923],[-59.750798,-51.829778],[-59.776524,-51.851991],[-59.757882,-51.837923]]],[[[-60.767101,-52.189887],[-60.776927,-52.19292],[-60.760754,-52.194372],[-60.767101,-52.189887]]],[[[-59.620294,-51.344473],[-59.625783,-51.337583],[-59.633508,-51.344793],[-59.620294,-51.344473]]],[[[-58.931761,-51.865886],[-58.944535,-51.860303],[-58.918843,-51.872053],[-58.931761,-51.865886]]],[[[-59.069032,-51.482866],[-59.092919,-51.488561],[-59.059171,-51.485361],[-59.069032,-51.482866]]]]},"properties":{"fid":17,"OBJECTID":443,"Entidad":0,"Objeto":"Provincia","FNA":"Provincia de Tierra del Fuego, Antártida e Islas del Atlántico Sur","GNA":"Provincia","NAM":"Tierra del Fuego","SAG":"IGN","FDC":"Geografía","IN1":"94","SHAPE_STAr":566.267611798,"SHAPE_STLe":749.983159084,"argentina_population_2022":190641}},
{"type":"Feature","geometry":{"type":"MultiPolygon","coordinates":[[[[-69.41581,-51.089577],[-69.440201,-51.09063],[-69.452866,-51.109722],[-69.435196,-51.11322],[-69.425636,-51.097897],[-69.408714,-51.094887],[-69.41581,-51.089577]]],[[[-67.690346,-49.29541],[-67.685982,-49.282604],[-67.706383,-49.294933],[-67.690346,-49.29541]]],[[[-67.691032,-49.269169],[-67.733643,-49.276875],[-67.704758,-49.284863],[-67.691032,-49.269169]]],[[[-65.990211,-47.761677],[-66.03894,-47.76757],[-66.05481,-47.786423],[-65.990211,-47.761677]]],[[[-67.59568,-45.999795],[-68.608083,-45.999785],[-69.620624,-45.999775],[-70.633165,-45.999764],[-71.644578,-45.999753],[-71.675214,-46.048231],[-71.70961,-46.071012],[-71.714897,-46.090206],[-71.747376,-46.091991],[-71.784996,-46.122019],[-71.824757,-46.110574],[-71.914654,-46.139919],[-71.898278,-46.162219],[-71.865071,-46.156851],[-71.874704,-46.161332],[-71.859368,-46.194703],[-71.835175,-46.192029],[-71.82194,-46.202694],[-71.796985,-46.190159],[-71.777569,-46.198792],[-71.726883,-46.2719],[-71.728326,-46.308466],[-71.756522,-46.345629],[-71.669291,-46.527842],[-71.666962,-46.598649],[-71.644482,-46.659431],[-71.646156,-46.687177],[-71.685779,-46.697327],[-71.786172,-46.775424],[-71.816636,-46.782449],[-71.832889,-46.797755],[-71.914092,-46.798996],[-71.955377,-46.814422],[-71.932499,-46.840245],[-71.931339,-46.868158],[-71.971055,-46.905225],[-71.951737,-46.957366],[-71.957995,-46.974243],[-71.929856,-46.977744],[-71.918273,-46.985364],[-71.932566,-46.994376],[-71.897529,-46.996048],[-71.880042,-47.010105],[-71.903992,-47.050954],[-71.954054,-47.076058],[-71.949748,-47.086756],[-71.880296,-47.107491],[-71.859969,-47.131882],[-71.850481,-47.164187],[-71.888861,-47.17963],[-71.879948,-47.205471],[-71.894696,-47.210978],[-71.864745,-47.230568],[-72.018611,-47.198419],[-72.000909,-47.217569],[-72.016637,-47.247275],[-71.996445,-47.294954],[-72.03637,-47.319215],[-72.047705,-47.339997],[-72.128979,-47.328538],[-72.161339,-47.394485],[-72.197353,-47.417042],[-72.224227,-47.403141],[-72.244481,-47.406091],[-72.291618,-47.435021],[-72.293431,-47.446242],[-72.341342,-47.456186],[-72.326753,-47.481956],[-72.307803,-47.480133],[-72.29114,-47.511889],[-72.327032,-47.571365],[-72.309095,-47.590839],[-72.353424,-47.636192],[-72.379656,-47.635796],[-72.398159,-47.658448],[-72.420812,-47.661628],[-72.409704,-47.678189],[-72.417428,-47.694322],[-72.450507,-47.705284],[-72.435526,-47.733514],[-72.442722,-47.746104],[-72.466064,-47.737892],[-72.473214,-47.75851],[-72.484422,-47.759081],[-72.523338,-47.740444],[-72.49593,-47.797108],[-72.468162,-47.812749],[-72.476876,-47.870926],[-72.497969,-47.875138],[-72.527417,-47.937784],[-72.497806,-47.96116],[-72.459495,-47.956491],[-72.425973,-47.966986],[-72.418776,-48.00272],[-72.443792,-48.064348],[-72.416124,-48.078148],[-72.360306,-48.073599],[-72.355025,-48.101006],[-72.327164,-48.116018],[-72.299081,-48.158634],[-72.307107,-48.201212],[-72.325811,-48.215464],[-72.316699,-48.23401],[-72.226737,-48.321972],[-72.241071,-48.348317],[-72.277981,-48.362613],[-72.308971,-48.353552],[-72.322431,-48.358558],[-72.343555,-48.345335],[-72.38069,-48.350128],[-72.376974,-48.371536],[-72.34776,-48.390199],[-72.406407,-48.416075],[-72.408906,-48.432732],[-72.373506,-48.449823],[-72.393584,-48.482998],[-72.426044,-48.495572],[-72.441592,-48.514087],[-72.502421,-48.518548],[-72.535724,-48.482681],[-72.58575,-48.487316],[-72.535444,-48.665468],[-72.542626,-48.740393],[-72.532232,-48.797557],[-72.636937,-48.86725],[-72.691087,-48.867558],[-72.69435,-48.895388],[-72.748142,-48.910289],[-72.766321,-48.945734],[-72.794589,-48.968082],[-72.816061,-48.961134],[-72.850615,-48.966094],[-72.864869,-48.946629],[-72.919711,-48.935702],[-72.946437,-48.945601],[-72.958791,-48.980036],[-72.992865,-48.997225],[-72.981373,-49.029156],[-73.013842,-49.036191],[-73.004914,-49.063451],[-73.027034,-49.065754],[-73.044928,-49.080868],[-73.062155,-49.127525],[-73.082942,-49.134682],[-73.082409,-49.145932],[-73.110087,-49.151986],[-73.145431,-49.190152],[-73.133189,-49.267175],[-73.103553,-49.266979],[-73.089365,-49.253059],[-73.045593,-49.273682],[-73.143677,-49.270996],[-73.473083,-49.203308],[-73.496704,-49.268311],[-73.410583,-49.319397],[-73.429077,-49.343994],[-73.426208,-49.391907],[-73.460022,-49.400208],[-73.490417,-49.428711],[-73.473877,-49.441284],[-73.479614,-49.461304],[-73.463806,-49.482483],[-73.487793,-49.500488],[-73.539612,-49.49823],[-73.549683,-49.538086],[-73.536011,-49.564026],[-73.488281,-49.582703],[-73.463684,-49.618896],[-73.464111,-49.642395],[-73.504578,-49.662903],[-73.498596,-49.691711],[-73.509094,-49.7052],[-73.476379,-49.717896],[-73.438782,-49.757812],[-73.466187,-49.773682],[-73.445312,-49.793884],[-73.499695,-49.817993],[-73.490479,-49.8526],[-73.521912,-49.900513],[-73.552612,-49.923889],[-73.543884,-49.949402],[-73.505188,-49.966492],[-73.566589,-50.020386],[-73.533691,-50.042297],[-73.48291,-50.054077],[-73.489502,-50.081604],[-73.541504,-50.119019],[-73.520813,-50.153076],[-73.555176,-50.184387],[-73.549988,-50.22821],[-73.564575,-50.272705],[-73.538391,-50.289001],[-73.516785,-50.289001],[-73.480713,-50.325684],[-73.46991,-50.344482],[-73.486389,-50.38208],[-73.455383,-50.392578],[-73.437012,-50.424377],[-73.419312,-50.429626],[-73.422485,-50.442627],[-73.403687,-50.450806],[-73.407898,-50.467712],[-73.432617,-50.483093],[-73.364502,-50.487915],[-73.365601,-50.507507],[-73.386414,-50.516418],[-73.331909,-50.56842],[-73.299988,-50.57428],[-73.288696,-50.585999],[-73.267395,-50.628113],[-73.270813,-50.648804],[-73.238708,-50.665894],[-73.172729,-50.676697],[-73.185913,-50.700378],[-73.286011,-50.739502],[-73.255981,-50.750122],[-73.284912,-50.787903],[-73.267517,-50.823975],[-73.203491,-50.820984],[-73.096924,-50.773376],[-73.069702,-50.788879],[-73.041992,-50.761292],[-73.006287,-50.762024],[-72.980812,-50.744188],[-72.954699,-50.740959],[-72.952022,-50.718384],[-72.905465,-50.697195],[-72.891438,-50.670176],[-72.774118,-50.627453],[-72.740033,-50.626775],[-72.729745,-50.614952],[-72.698423,-50.645519],[-72.680929,-50.642453],[-72.655782,-50.663957],[-72.642331,-50.653756],[-72.623323,-50.657369],[-72.594695,-50.681659],[-72.574605,-50.679004],[-72.579656,-50.655596],[-72.548437,-50.620547],[-72.504869,-50.614527],[-72.490378,-50.600298],[-72.454688,-50.616597],[-72.416105,-50.619916],[-72.407789,-50.636406],[-72.359189,-50.616121],[-72.338046,-50.650462],[-72.286248,-50.659646],[-72.301119,-50.706774],[-72.337021,-50.719261],[-72.350327,-50.740219],[-72.345549,-50.759826],[-72.280339,-50.809945],[-72.261034,-50.8375],[-72.266961,-50.862901],[-72.248064,-50.875034],[-72.267237,-50.963651],[-72.265665,-51.035228],[-72.374169,-51.023208],[-72.376181,-51.079983],[-72.403206,-51.091975],[-72.40906,-51.10749],[-72.39575,-51.14542],[-72.360642,-51.168752],[-72.348758,-51.20361],[-72.322565,-51.21057],[-72.303602,-51.201739],[-72.259487,-51.254044],[-72.269179,-51.283252],[-72.306417,-51.292948],[-72.307802,-51.30747],[-72.360045,-51.319106],[-72.371705,-51.336262],[-72.3488,-51.349845],[-72.326076,-51.345681],[-72.308968,-51.366446],[-72.309938,-51.403147],[-72.338264,-51.424829],[-72.340871,-51.449594],[-72.324053,-51.474956],[-72.350909,-51.484536],[-72.344661,-51.520738],[-72.360446,-51.525898],[-72.405184,-51.513391],[-72.394008,-51.527442],[-72.426309,-51.546864],[-72.442519,-51.584489],[-72.388713,-51.595073],[-72.377037,-51.584445],[-72.327022,-51.587339],[-72.319146,-51.625464],[-72.283305,-51.638529],[-72.296823,-51.646188],[-72.287528,-51.669069],[-72.297112,-51.699403],[-72.231121,-51.702457],[-72.161435,-51.725389],[-72.179233,-51.738249],[-72.121749,-51.744029],[-72.112991,-51.767456],[-72.075863,-51.773163],[-72.078489,-51.782399],[-72.026168,-51.808432],[-71.951015,-51.871624],[-71.928838,-51.914549],[-72.032,-51.958653],[-72.009768,-51.977529],[-71.964474,-51.972827],[-71.953531,-51.988247],[-71.9215,-51.999984],[-69.9955,-52.000717],[-69.485964,-52.151439],[-69.190011,-52.150102],[-68.986878,-52.203581],[-68.837997,-52.277736],[-68.709733,-52.285514],[-68.586025,-52.3067],[-68.573481,-52.325178],[-68.418628,-52.332478],[-68.418433,-52.386414],[-68.432596,-52.39769],[-68.354731,-52.336388],[-68.35253,-52.322552],[-68.70845,-51.981247],[-68.961329,-51.62389],[-69.014099,-51.606384],[-69.11731,-51.65509],[-69.124084,-51.641785],[-69.103394,-51.634277],[-69.116821,-51.629883],[-69.143494,-51.632324],[-69.335205,-51.58551],[-69.454224,-51.606812],[-69.500183,-51.60199],[-69.528503,-51.616211],[-69.617798,-51.626892],[-69.494812,-51.585083],[-69.344116,-51.551575],[-69.289185,-51.558777],[-69.241577,-51.578979],[-69.134705,-51.60321],[-69.101807,-51.596313],[-69.037292,-51.56073],[-69.001282,-51.559875],[-68.979271,-51.582429],[-68.958534,-51.571995],[-68.946375,-51.554304],[-68.952907,-51.528011],[-68.997735,-51.447196],[-69.10858,-51.166986],[-69.166128,-50.980888],[-69.205505,-50.975281],[-69.207886,-50.984802],[-69.297607,-51.022217],[-69.434326,-51.113708],[-69.464905,-51.11261],[-69.441284,-51.089783],[-69.396118,-51.079712],[-69.372498,-51.048096],[-69.382385,-51.036804],[-69.321228,-50.988403],[-69.240112,-50.957825],[-69.225206,-50.974892],[-69.214013,-50.944725],[-69.164978,-50.909302],[-69.145813,-50.905029],[-69.171387,-50.921692],[-69.132019,-50.899586],[-69.141028,-50.727244],[-69.07931,-50.565332],[-68.970992,-50.419866],[-68.906604,-50.363458],[-68.879306,-50.360845],[-68.880006,-50.335618],[-68.773259,-50.288148],[-68.737333,-50.289552],[-68.633922,-50.248816],[-68.407207,-50.186236],[-68.354906,-50.151305],[-68.360779,-50.135376],[-68.39679,-50.131409],[-68.411499,-50.115479],[-68.451721,-50.110718],[-68.490295,-50.088013],[-68.513123,-50.053101],[-68.509277,-50.019775],[-68.580688,-49.964417],[-68.672913,-49.993286],[-68.85907,-49.969177],[-68.889526,-49.973999],[-68.90448,-49.994995],[-68.9328,-50],[-68.908813,-49.989807],[-68.896118,-49.971497],[-68.874512,-49.96582],[-68.659119,-49.964905],[-68.604492,-49.939087],[-68.571411,-49.936829],[-68.63739,-49.777588],[-68.558289,-49.872192],[-68.531921,-49.933594],[-68.510681,-49.937927],[-68.47699,-49.967407],[-68.416382,-50.059021],[-68.369385,-50.08728],[-68.34358,-50.120801],[-68.238094,-50.120256],[-68.147222,-50.105422],[-68.039504,-50.068174],[-67.904803,-49.997947],[-67.836403,-49.944609],[-67.732251,-49.782696],[-67.715448,-49.699434],[-67.720487,-49.63596],[-67.687579,-49.481928],[-67.666578,-49.404776],[-67.603603,-49.295673],[-67.612755,-49.250273],[-67.668091,-49.255188],[-67.672729,-49.298523],[-67.699097,-49.308899],[-67.685425,-49.353577],[-67.713806,-49.385925],[-67.763123,-49.387695],[-67.818604,-49.405518],[-67.837524,-49.38678],[-67.819214,-49.384216],[-67.819397,-49.376587],[-67.772095,-49.380676],[-67.794983,-49.36322],[-67.797607,-49.328003],[-67.782898,-49.330505],[-67.781921,-49.320374],[-67.760803,-49.313904],[-67.715698,-49.31781],[-67.742187,-49.276489],[-67.688904,-49.26178],[-67.667603,-49.245911],[-67.674805,-49.220581],[-67.664612,-49.203491],[-67.613892,-49.185181],[-67.613726,-49.160892],[-67.632905,-49.156276],[-67.635617,-49.13824],[-67.599069,-49.103547],[-67.551289,-49.014365],[-67.489423,-48.959685],[-67.41309,-48.912715],[-67.333711,-48.874976],[-67.247051,-48.853942],[-67.219925,-48.838],[-67.192895,-48.813206],[-67.18628,-48.772707],[-67.151587,-48.748389],[-67.129696,-48.685143],[-66.990583,-48.613442],[-66.875262,-48.593383],[-66.873268,-48.57419],[-66.838847,-48.54468],[-66.831052,-48.523036],[-66.771636,-48.498364],[-66.753191,-48.473166],[-66.683106,-48.452721],[-66.647614,-48.432177],[-66.494353,-48.417472],[-66.467084,-48.40014],[-66.474808,-48.366147],[-66.448039,-48.352313],[-66.394387,-48.349615],[-66.358424,-48.361778],[-66.341947,-48.356312],[-66.344959,-48.369947],[-66.33388,-48.354685],[-66.360179,-48.314717],[-66.337558,-48.277163],[-66.262648,-48.237945],[-66.228255,-48.201297],[-66.159926,-48.190461],[-66.164295,-48.172672],[-66.144622,-48.164577],[-66.138511,-48.139236],[-66.123806,-48.139564],[-66.117981,-48.122003],[-66.077407,-48.109654],[-66.061788,-48.119862],[-66.044741,-48.1049],[-65.991646,-48.109254],[-65.975528,-48.099989],[-65.952799,-48.10293],[-65.940906,-48.12473],[-65.940121,-48.112509],[-65.924859,-48.11615],[-65.908098,-48.105614],[-65.917621,-48.096748],[-65.896434,-48.10303],[-65.904372,-48.080372],[-65.940264,-48.075047],[-65.967889,-48.049749],[-65.980367,-48.050743],[-65.940868,-48.030851],[-65.95324,-48.014456],[-65.931868,-48.017212],[-65.942932,-48.003934],[-65.924116,-47.990243],[-65.951399,-47.977137],[-65.941219,-47.95428],[-65.897061,-47.931565],[-65.872548,-47.936291],[-65.867737,-47.948698],[-65.86007,-47.937733],[-65.838826,-47.942173],[-65.840097,-47.963731],[-65.804291,-47.960847],[-65.798323,-47.951624],[-65.765087,-47.95014],[-65.786002,-47.945328],[-65.790628,-47.93168],[-65.761461,-47.916218],[-65.768416,-47.907297],[-65.820983,-47.904571],[-65.84454,-47.893492],[-65.875735,-47.809644],[-65.865041,-47.801078],[-65.87909,-47.799222],[-65.880018,-47.774238],[-65.898263,-47.767085],[-65.88086,-47.762688],[-65.978088,-47.762695],[-66.088196,-47.812988],[-66.190186,-47.829529],[-66.281982,-47.871399],[-66.195007,-47.820007],[-66.105286,-47.799011],[-66.034424,-47.74408],[-66.002319,-47.743713],[-66.00531,-47.730774],[-66.001404,-47.7453],[-65.958008,-47.744507],[-65.899597,-47.758728],[-65.838642,-47.746816],[-65.844895,-47.734623],[-65.739803,-47.510235],[-65.717846,-47.332161],[-65.757721,-47.222059],[-65.735735,-47.201786],[-65.841625,-47.139382],[-65.846679,-47.109129],[-65.864754,-47.106331],[-65.867381,-47.092097],[-65.903015,-47.095467],[-65.934895,-47.083974],[-65.940692,-47.072181],[-66.040081,-47.071376],[-66.102185,-47.085332],[-66.197696,-47.087402],[-66.355212,-47.068181],[-66.497776,-47.038277],[-66.558838,-47.048799],[-66.598427,-47.036978],[-66.630507,-47.045786],[-66.65916,-47.030153],[-66.7101,-47.033094],[-66.791934,-46.999144],[-66.85658,-46.946848],[-66.858864,-46.932786],[-66.877481,-46.931572],[-66.89941,-46.912013],[-66.95092,-46.846982],[-66.973549,-46.849067],[-66.984942,-46.828808],[-67.027472,-46.81486],[-67.075614,-46.774028],[-67.081767,-46.750243],[-67.09977,-46.748587],[-67.095544,-46.735024],[-67.125154,-46.723217],[-67.121628,-46.707441],[-67.148805,-46.702242],[-67.156271,-46.687865],[-67.190846,-46.686825],[-67.200631,-46.673619],[-67.230524,-46.674006],[-67.254463,-46.646231],[-67.355322,-46.61884],[-67.440279,-46.548541],[-67.567368,-46.349066],[-67.613668,-46.23144],[-67.627245,-46.083633],[-67.614938,-46.065744],[-67.62402,-46.048741],[-67.602931,-46.043325],[-67.585965,-46.022277],[-67.59568,-45.999795]]]]},"properties":{"fid":18,"OBJECTID":444,"Entidad":0,"Objeto":"Provincia","FNA":"Provincia de Santa Cruz","GNA":"Provincia","NAM":"Santa Cruz","SAG":"IGN","FDC":"Geografía","IN1":"78","SHAPE_STAr":29.9438758689,"SHAPE_STLe":40.8355525833,"argentina_population_2022":337226}},
{"type":"Feature","geometry":{"type":"MultiPolygon","coordinates":[[[[-66.404495,-45.185596],[-66.408218,-45.193752],[-66.393478,-45.191463],[-66.404495,-45.185596]]],[[[-65.950836,-45.108772],[-65.962723,-45.102592],[-65.946815,-45.119312],[-65.950836,-45.108772]]],[[[-65.992973,-45.09108],[-66.010681,-45.079376],[-66.019753,-45.086407],[-66.007835,-45.104248],[-65.964348,-45.10923],[-65.992973,-45.09108]]],[[[-65.710403,-45.052826],[-65.723007,-45.053902],[-65.705475,-45.057518],[-65.710403,-45.052826]]],[[[-65.597588,-45.04343],[-65.623581,-45.045326],[-65.616631,-45.060024],[-65.588242,-45.053734],[-65.585091,-45.046371],[-65.597588,-45.04343]]],[[[-65.069275,-42.000305],[-66.876882,-42.000201],[-68.38924,-42.000114],[-70.208978,-42.000009],[-71.773758,-41.999838],[-71.754161,-42.024853],[-71.757235,-42.037081],[-71.727653,-42.046642],[-71.741711,-42.082653],[-71.726088,-42.109669],[-71.747508,-42.130456],[-71.77725,-42.130226],[-71.781727,-42.14808],[-71.803461,-42.145572],[-71.834753,-42.162569],[-71.845919,-42.154055],[-71.874458,-42.154702],[-71.892852,-42.180738],[-71.925293,-42.190529],[-71.954592,-42.164385],[-71.957551,-42.141254],[-72.006857,-42.140083],[-72.052953,-42.1139],[-72.079087,-42.129525],[-72.066513,-42.14674],[-72.114984,-42.146133],[-72.122896,-42.155014],[-72.171532,-42.139365],[-72.188262,-42.160969],[-72.184136,-42.177373],[-72.156808,-42.193731],[-72.166319,-42.213832],[-72.153601,-42.243416],[-72.168104,-42.25987],[-72.120838,-42.323994],[-72.138337,-42.327025],[-72.131864,-42.384323],[-72.112715,-42.398301],[-72.089171,-42.396026],[-72.077222,-42.382472],[-72.028486,-42.407523],[-72.048134,-42.452362],[-72.034149,-42.456592],[-72.012605,-42.494855],[-72.053745,-42.545468],[-72.051352,-42.565117],[-72.06448,-42.572645],[-72.075174,-42.566316],[-72.103523,-42.600295],[-72.118513,-42.60296],[-72.117613,-42.629209],[-72.096027,-42.642035],[-72.135897,-42.680135],[-72.172241,-42.671641],[-72.178704,-42.689196],[-72.173241,-42.701622],[-72.138213,-42.711159],[-72.128425,-42.731051],[-72.147157,-42.741563],[-72.13133,-42.777127],[-72.142703,-42.795278],[-72.165019,-42.798314],[-72.147876,-42.850019],[-72.134151,-42.852718],[-72.134884,-42.867475],[-72.118294,-42.881699],[-72.142547,-42.899865],[-72.11413,-42.922607],[-72.116192,-42.936321],[-72.090675,-42.951999],[-72.073203,-42.94961],[-72.057171,-42.982943],[-72.038151,-42.992563],[-72.036165,-43.01339],[-72.00262,-43.037408],[-71.983299,-43.035076],[-71.977869,-43.045703],[-71.958399,-43.040304],[-71.93631,-43.052771],[-71.943302,-43.09242],[-71.932902,-43.10213],[-71.89268,-43.107022],[-71.886373,-43.127026],[-71.852986,-43.127112],[-71.857337,-43.142577],[-71.823113,-43.151011],[-71.815079,-43.145681],[-71.783711,-43.168781],[-71.760532,-43.164622],[-71.729205,-43.200251],[-71.757254,-43.228271],[-71.730799,-43.282239],[-71.734603,-43.314333],[-71.755211,-43.317642],[-71.76611,-43.301273],[-71.786404,-43.296968],[-71.840097,-43.335205],[-71.904389,-43.321886],[-71.893742,-43.380094],[-71.93321,-43.386559],[-71.914107,-43.416654],[-71.934232,-43.449101],[-71.925318,-43.458756],[-71.881382,-43.451297],[-71.848635,-43.482889],[-71.878491,-43.527526],[-71.87748,-43.551083],[-71.776522,-43.538692],[-71.757414,-43.58423],[-71.718214,-43.576348],[-71.707983,-43.584503],[-71.703464,-43.625249],[-71.626294,-43.623707],[-71.596836,-43.633748],[-71.581455,-43.65168],[-71.588292,-43.67545],[-71.611997,-43.676042],[-71.599781,-43.696969],[-71.630091,-43.698594],[-71.6319,-43.708088],[-71.660358,-43.702377],[-71.661096,-43.719223],[-71.696716,-43.726076],[-71.753419,-43.78818],[-71.762746,-43.840576],[-71.731964,-43.859703],[-71.708717,-43.855739],[-71.707376,-43.894495],[-71.6926,-43.903536],[-71.666426,-43.901228],[-71.648781,-43.945925],[-71.679563,-43.971139],[-71.737026,-44.072815],[-71.768539,-44.107224],[-71.847744,-44.111023],[-71.847334,-44.158214],[-71.799878,-44.191695],[-71.80064,-44.214585],[-71.78002,-44.217187],[-71.780601,-44.224119],[-71.807717,-44.228061],[-71.80636,-44.258114],[-71.829536,-44.265371],[-71.80312,-44.271689],[-71.808761,-44.288212],[-71.787188,-44.331318],[-71.839351,-44.352403],[-71.817508,-44.377483],[-71.820839,-44.392283],[-71.804325,-44.399136],[-71.815067,-44.416117],[-71.802993,-44.419647],[-71.73632,-44.399183],[-71.711693,-44.379224],[-71.69387,-44.382398],[-71.694497,-44.396435],[-71.669274,-44.408481],[-71.617235,-44.398494],[-71.551787,-44.408971],[-71.510498,-44.394002],[-71.488616,-44.399328],[-71.467161,-44.388722],[-71.44354,-44.396067],[-71.386197,-44.385275],[-71.352667,-44.4034],[-71.348885,-44.424795],[-71.335893,-44.41877],[-71.312189,-44.429556],[-71.241601,-44.417865],[-71.222731,-44.436246],[-71.17111,-44.439102],[-71.129689,-44.471803],[-71.163729,-44.501044],[-71.127718,-44.50804],[-71.091463,-44.532549],[-71.101901,-44.590688],[-71.176321,-44.599716],[-71.200847,-44.591636],[-71.19431,-44.601981],[-71.215863,-44.618204],[-71.213689,-44.632856],[-71.235489,-44.640919],[-71.217911,-44.673996],[-71.195842,-44.684896],[-71.214298,-44.714211],[-71.202272,-44.722839],[-71.205969,-44.750455],[-71.253726,-44.785245],[-71.250632,-44.799344],[-71.291816,-44.813948],[-71.328324,-44.808517],[-71.355983,-44.790956],[-71.394486,-44.790024],[-71.43416,-44.754634],[-71.452215,-44.754319],[-71.474207,-44.737073],[-71.531204,-44.743023],[-71.566881,-44.759307],[-71.581601,-44.752265],[-71.595382,-44.779364],[-71.666343,-44.787206],[-71.686985,-44.765018],[-71.735933,-44.768793],[-71.786484,-44.752264],[-71.824577,-44.774944],[-71.810711,-44.785134],[-71.815458,-44.793092],[-71.859802,-44.800476],[-71.914612,-44.776611],[-71.925008,-44.780017],[-71.927505,-44.804035],[-71.956787,-44.786011],[-72.005493,-44.784302],[-72.018156,-44.756661],[-72.032424,-44.765452],[-72.066935,-44.759604],[-72.07392,-44.781074],[-72.026983,-44.805825],[-72.065593,-44.849996],[-72.036354,-44.862331],[-72.065821,-44.875923],[-72.037153,-44.90282],[-71.979247,-44.903562],[-71.977362,-44.919438],[-71.947895,-44.92058],[-71.924976,-44.944208],[-71.888856,-44.952489],[-71.883526,-44.945969],[-71.879909,-44.959389],[-71.854443,-44.932311],[-71.817219,-44.91979],[-71.778153,-44.940256],[-71.753837,-44.926482],[-71.74211,-44.958352],[-71.711066,-44.955125],[-71.657288,-44.975586],[-71.60215,-44.970555],[-71.582895,-44.980915],[-71.559717,-44.977447],[-71.540955,-45.000203],[-71.557986,-45.03148],[-71.505425,-45.072212],[-71.526544,-45.103125],[-71.491449,-45.107812],[-71.479267,-45.134292],[-71.487486,-45.144117],[-71.475753,-45.139853],[-71.470074,-45.148766],[-71.418105,-45.157444],[-71.425178,-45.171744],[-71.378609,-45.207062],[-71.369996,-45.225598],[-71.332978,-45.241385],[-71.3504,-45.267868],[-71.320053,-45.29212],[-71.335909,-45.322034],[-71.385738,-45.350765],[-71.446272,-45.367659],[-71.438253,-45.395819],[-71.453248,-45.386114],[-71.529458,-45.392704],[-71.520557,-45.425352],[-71.533945,-45.432974],[-71.499899,-45.455527],[-71.508994,-45.458725],[-71.501931,-45.466653],[-71.475073,-45.474248],[-71.469805,-45.482043],[-71.482711,-45.483014],[-71.46892,-45.493636],[-71.559562,-45.523584],[-71.606299,-45.522152],[-71.623725,-45.511427],[-71.682135,-45.515076],[-71.682593,-45.527774],[-71.744314,-45.54215],[-71.76353,-45.56031],[-71.762945,-45.576643],[-71.726596,-45.577457],[-71.748154,-45.610279],[-71.779557,-45.62182],[-71.77198,-45.64102],[-71.778586,-45.658028],[-71.795526,-45.664931],[-71.773047,-45.681236],[-71.801054,-45.720894],[-71.771221,-45.743737],[-71.754833,-45.771309],[-71.76126,-45.787835],[-71.743271,-45.802588],[-71.76897,-45.844395],[-71.739726,-45.858124],[-71.71586,-45.854436],[-71.652519,-45.89039],[-71.612544,-45.963225],[-71.618112,-45.980048],[-71.632983,-45.976169],[-71.645309,-45.985069],[-71.644578,-45.999753],[-70.633165,-45.999764],[-69.620624,-45.999775],[-68.608083,-45.999785],[-67.59568,-45.999795],[-67.565186,-45.962593],[-67.531219,-45.958964],[-67.555668,-45.945133],[-67.552069,-45.925681],[-67.499096,-45.874761],[-67.456415,-45.861436],[-67.475777,-45.853762],[-67.454749,-45.819468],[-67.39788,-45.787524],[-67.368553,-45.787256],[-67.379112,-45.735651],[-67.34223,-45.723159],[-67.362027,-45.695754],[-67.359957,-45.650425],[-67.345068,-45.623017],[-67.221539,-45.527077],[-67.063995,-45.346155],[-66.964022,-45.272986],[-66.841313,-45.230013],[-66.705321,-45.224326],[-66.662014,-45.211418],[-66.571238,-45.211566],[-66.542893,-45.225099],[-66.518652,-45.222898],[-66.524987,-45.205558],[-66.514101,-45.196784],[-66.540483,-45.181288],[-66.536498,-45.175161],[-66.561274,-45.180098],[-66.57445,-45.168141],[-66.594467,-45.171621],[-66.599167,-45.161687],[-66.584384,-45.156987],[-66.601933,-45.14854],[-66.599702,-45.139409],[-66.567847,-45.143573],[-66.547384,-45.136673],[-66.540275,-45.152913],[-66.473174,-45.165881],[-66.465055,-45.14399],[-66.522608,-45.149522],[-66.533018,-45.142383],[-66.534594,-45.11728],[-66.517135,-45.096936],[-66.493638,-45.098542],[-66.465263,-45.076681],[-66.426596,-45.071089],[-66.398519,-45.053124],[-66.363273,-45.061601],[-66.374605,-45.051548],[-66.359198,-45.039739],[-66.328265,-45.043368],[-66.326064,-45.052023],[-66.293942,-45.045926],[-66.285543,-45.052639],[-66.295448,-45.058171],[-66.276234,-45.065339],[-66.290272,-45.057278],[-66.278809,-45.059402],[-66.283699,-45.04873],[-66.269458,-45.046803],[-66.246401,-45.020926],[-66.2257,-45.0281],[-66.230197,-45.007006],[-66.208925,-45.002759],[-66.194612,-44.982201],[-66.17309,-44.998155],[-66.162275,-44.983021],[-66.150747,-44.994122],[-66.147463,-44.986698],[-66.118945,-44.985234],[-66.085966,-44.996977],[-66.072546,-44.989767],[-66.060482,-45.00408],[-66.019686,-44.998869],[-65.958069,-45.043797],[-65.934441,-45.049437],[-65.913883,-45.032019],[-65.886864,-45.038836],[-65.891646,-45.007998],[-65.846532,-45.002074],[-65.823189,-45.016065],[-65.828722,-45.039122],[-65.802881,-45.031162],[-65.815623,-45.024667],[-65.809412,-45.015422],[-65.788473,-45.030125],[-65.775457,-45.019489],[-65.740455,-45.023962],[-65.736863,-45.04019],[-65.701361,-45.045092],[-65.68994,-45.06201],[-65.697816,-45.045925],[-65.681302,-45.028864],[-65.682159,-45.040214],[-65.653677,-45.039286],[-65.645586,-45.050922],[-65.636354,-45.03555],[-65.602256,-45.027151],[-65.625606,-45.009345],[-65.613578,-44.999875],[-65.58431,-45.006668],[-65.605785,-44.981862],[-65.59453,-44.957366],[-65.570902,-44.96078],[-65.551867,-44.950061],[-65.553215,-44.939299],[-65.536388,-44.937569],[-65.540386,-44.928087],[-65.519815,-44.92974],[-65.560861,-44.903578],[-65.574305,-44.910681],[-65.572889,-44.895607],[-65.604881,-44.908896],[-65.601919,-44.89964],[-65.621216,-44.885732],[-65.663086,-44.890936],[-65.689885,-44.873417],[-65.704668,-44.875261],[-65.728849,-44.848403],[-65.719242,-44.838588],[-65.7287,-44.811581],[-65.702615,-44.80132],[-65.692978,-44.725028],[-65.63837,-44.665869],[-65.595569,-44.642372],[-65.576147,-44.64832],[-65.520973,-44.609327],[-65.46339,-44.600225],[-65.470975,-44.584759],[-65.461635,-44.575776],[-65.426776,-44.569649],[-65.395978,-44.592836],[-65.376272,-44.575211],[-65.366338,-44.587347],[-65.358216,-44.573777],[-65.394481,-44.555343],[-65.388175,-44.542999],[-65.359414,-44.537378],[-65.377468,-44.524172],[-65.36789,-44.511501],[-65.3239,-44.508854],[-65.316286,-44.531191],[-65.30079,-44.510193],[-65.279285,-44.51742],[-65.290707,-44.503352],[-65.284282,-44.493804],[-65.320837,-44.49074],[-65.31114,-44.467362],[-65.334459,-44.456],[-65.30885,-44.442497],[-65.311705,-44.426911],[-65.283832,-44.430358],[-65.292313,-44.422004],[-65.277193,-44.420031],[-65.285323,-44.409898],[-65.26947,-44.406389],[-65.262034,-44.388334],[-65.236187,-44.386877],[-65.231518,-44.370935],[-65.216735,-44.366741],[-65.227413,-44.334112],[-65.24511,-44.338009],[-65.258822,-44.327301],[-65.253006,-44.308292],[-65.270779,-44.298807],[-65.270198,-44.271708],[-65.302574,-44.244532],[-65.311773,-44.204271],[-65.287693,-44.154759],[-65.220402,-44.13679],[-65.215948,-44.125768],[-65.233594,-44.116797],[-65.241125,-44.077822],[-65.209359,-44.041488],[-65.187944,-44.035456],[-65.224778,-44.045342],[-65.251582,-44.027639],[-65.246526,-44.008427],[-65.257305,-43.991831],[-65.231143,-43.9727],[-65.276829,-43.966632],[-65.299421,-43.933439],[-65.328576,-43.845666],[-65.311194,-43.795579],[-65.354619,-43.764467],[-65.332906,-43.6575],[-65.285644,-43.597597],[-65.194005,-43.539865],[-65.145196,-43.47333],[-65.052579,-43.402579],[-65.043486,-43.381516],[-65.055781,-43.351544],[-65.050293,-43.328276],[-64.97634,-43.254972],[-64.757608,-43.150603],[-64.458955,-43.064466],[-64.413091,-43.03389],[-64.330584,-43.002749],[-64.307681,-42.979162],[-64.330316,-42.935916],[-64.396822,-42.959591],[-64.493981,-42.948265],[-64.542784,-42.919973],[-64.629135,-42.919378],[-64.693237,-42.899843],[-64.702303,-42.88333],[-64.811592,-42.840214],[-64.877431,-42.834646],[-64.89097,-42.812683],[-64.91555,-42.811589],[-64.95336,-42.785391],[-64.967589,-42.793909],[-65.015345,-42.781703],[-65.03538,-42.761239],[-65.036071,-42.730562],[-64.995529,-42.69775],[-64.979796,-42.649137],[-64.92316,-42.616843],[-64.860784,-42.618924],[-64.833611,-42.610548],[-64.762393,-42.552489],[-64.684133,-42.512039],[-64.629167,-42.496334],[-64.564089,-42.491147],[-64.339896,-42.532835],[-64.310462,-42.555773],[-64.308963,-42.585945],[-64.28246,-42.573251],[-64.259564,-42.589673],[-64.273407,-42.617727],[-64.230036,-42.614253],[-64.213825,-42.621938],[-64.249406,-42.683045],[-64.245248,-42.712468],[-64.260038,-42.746995],[-64.239932,-42.785734],[-64.145191,-42.87379],[-64.106979,-42.878474],[-63.790482,-42.814073],[-63.732851,-42.812788],[-63.629964,-42.764628],[-63.639815,-42.699764],[-63.60517,-42.629284],[-63.582803,-42.607346],[-63.604123,-42.547193],[-63.608739,-42.418559],[-63.598555,-42.330234],[-63.759454,-42.076107],[-63.80157,-42.072157],[-63.876143,-42.08415],[-63.934963,-42.103281],[-63.94291,-42.113655],[-63.964801,-42.114607],[-63.987549,-42.13745],[-64.027334,-42.147634],[-64.039278,-42.163195],[-64.056601,-42.163433],[-64.075113,-42.178329],[-64.37875,-42.238345],[-64.312958,-42.252146],[-64.246898,-42.234181],[-64.229826,-42.245662],[-64.185003,-42.248458],[-64.134915,-42.239326],[-64.072304,-42.263453],[-64.044369,-42.31285],[-64.070162,-42.333076],[-64.045321,-42.341832],[-64.043036,-42.351302],[-64.056837,-42.382664],[-64.099096,-42.403888],[-64.120292,-42.428267],[-64.191419,-42.415833],[-64.215309,-42.422115],[-64.289353,-42.41509],[-64.301541,-42.403936],[-64.354793,-42.426303],[-64.475932,-42.438623],[-64.485569,-42.415459],[-64.498311,-42.4302],[-64.540285,-42.419278],[-64.556168,-42.431984],[-64.572872,-42.421348],[-64.610098,-42.426381],[-64.620096,-42.402986],[-64.570927,-42.34832],[-64.557381,-42.306135],[-64.464209,-42.239523],[-64.739996,-42.214097],[-64.880279,-42.180798],[-64.959986,-42.137633],[-65.013988,-42.093375],[-65.060566,-42.0317],[-65.069275,-42.000305]]]]},"properties":{"fid":19,"OBJECTID":445,"Entidad":0,"Objeto":"Provincia","FNA":"Provincia del Chubut","GNA":"Provincia","NAM":"Chubut","SAG":"IGN","FDC":"Geografía","IN1":"26","SHAPE_STAr":25.0858342989,"SHAPE_STLe":38.8379453893,"argentina_population_2022":618994}},
{"type":"Feature","geometry":{"type":"Polygon","coordinates":[[[-63.383269,-39.328492],[-63.430873,-39.330685],[-63.451574,-39.320275],[-63.457404,-39.328841],[-63.489467,-39.306533],[-63.512012,-39.31266],[-63.54122,-39.296658],[-63.53772,-39.280823],[-63.557678,-39.261902],[-63.566101,-39.266296],[-63.593872,-39.245911],[-63.614377,-39.251829],[-63.617187,-39.235901],[-63.631714,-39.247803],[-63.634583,-39.22699],[-63.675053,-39.221015],[-63.67077,-39.204478],[-63.693494,-39.205668],[-63.729614,-39.184387],[-63.742392,-39.188893],[-63.744771,-39.163789],[-63.763428,-39.153992],[-63.75708,-39.129211],[-63.776917,-39.128906],[-63.788208,-39.109192],[-63.797833,-39.11037],[-63.793193,-39.122982],[-63.834953,-39.136307],[-63.841797,-39.109192],[-63.858272,-39.11037],[-63.871277,-39.095276],[-63.879578,-39.100403],[-63.869202,-39.106689],[-63.895508,-39.107727],[-63.913574,-39.086304],[-63.9328,-39.093506],[-63.933463,-39.061592],[-63.99823,-39.035278],[-63.990112,-39.013428],[-64.013611,-39.018127],[-64.01178,-39.002197],[-64.049377,-39],[-64.062683,-39.010376],[-64.064575,-38.991821],[-64.152588,-38.963196],[-64.230896,-38.923706],[-64.279602,-38.914001],[-64.293951,-38.897647],[-64.32536,-38.906451],[-64.348694,-38.883484],[-64.355896,-38.890991],[-64.366699,-38.88269],[-64.373108,-38.891479],[-64.396606,-38.886719],[-64.3974,-38.87323],[-64.413269,-38.883606],[-64.420657,-38.87183],[-64.430889,-38.879206],[-64.476379,-38.859985],[-64.515198,-38.868408],[-64.535095,-38.858398],[-64.538084,-38.865643],[-64.596375,-38.859192],[-64.604675,-38.847717],[-64.630407,-38.852675],[-64.672791,-38.833191],[-64.693481,-38.843689],[-64.734746,-38.841134],[-64.809509,-38.815796],[-64.845034,-38.826977],[-64.877319,-38.814392],[-64.891434,-38.826739],[-64.92427,-38.833163],[-65.111389,-38.7995],[-65.140076,-38.818176],[-65.168823,-38.802002],[-65.191365,-38.810439],[-65.19184,-38.836613],[-65.256324,-38.832093],[-65.280518,-38.821411],[-65.374512,-38.855713],[-65.390808,-38.830505],[-65.502502,-38.798096],[-65.523193,-38.779175],[-65.569519,-38.784607],[-65.58252,-38.774292],[-65.622986,-38.786316],[-65.608704,-38.798401],[-65.617004,-38.808411],[-65.63208,-38.80249],[-65.631775,-38.818115],[-65.643311,-38.808411],[-65.653503,-38.826904],[-65.694092,-38.833191],[-65.701782,-38.816528],[-65.712585,-38.825012],[-65.748596,-38.81012],[-65.779602,-38.810181],[-65.787598,-38.79541],[-65.805969,-38.806091],[-65.804382,-38.793579],[-65.8172,-38.788818],[-65.820679,-38.798889],[-65.841076,-38.786645],[-65.863892,-38.7995],[-65.864014,-38.789978],[-65.882019,-38.789307],[-65.874878,-38.77771],[-65.909485,-38.782776],[-65.910676,-38.765706],[-65.92638,-38.774985],[-65.925547,-38.764159],[-65.946249,-38.76749],[-65.951008,-38.747265],[-66.019714,-38.741272],[-66.033875,-38.750916],[-66.031195,-38.739413],[-66.062604,-38.75131],[-66.084778,-38.725586],[-66.108093,-38.727905],[-66.1203,-38.743469],[-66.121277,-38.733826],[-66.135986,-38.739319],[-66.155212,-38.729187],[-66.177185,-38.745422],[-66.18042,-38.731384],[-66.208801,-38.731995],[-66.220276,-38.741089],[-66.246826,-38.735596],[-66.288513,-38.75592],[-66.291992,-38.745178],[-66.309082,-38.743103],[-66.315002,-38.761597],[-66.321777,-38.748596],[-66.341834,-38.757734],[-66.357605,-38.7453],[-66.404419,-38.74408],[-66.409054,-38.730965],[-66.417419,-38.744324],[-66.442007,-38.745694],[-66.446768,-38.736081],[-66.474976,-38.73877],[-66.474487,-38.729004],[-66.488171,-38.729538],[-66.498759,-38.717997],[-66.538615,-38.720853],[-66.553368,-38.698367],[-66.575928,-38.701599],[-66.578186,-38.691528],[-66.607144,-38.679093],[-66.592391,-38.670884],[-66.597507,-38.649112],[-66.577995,-38.621391],[-66.599768,-38.599738],[-66.608453,-38.559763],[-66.633794,-38.556789],[-66.636173,-38.542393],[-66.711364,-38.532518],[-66.714783,-38.520996],[-66.746582,-38.517517],[-66.76633,-38.504322],[-66.786072,-38.48053],[-66.812012,-38.484802],[-66.889709,-38.463623],[-66.896973,-38.443726],[-66.948792,-38.452881],[-66.970398,-38.443115],[-66.994385,-38.446472],[-67.007019,-38.424316],[-67.09184,-38.399625],[-67.118609,-38.356795],[-67.152992,-38.356795],[-67.152771,-38.292603],[-67.172385,-38.279225],[-67.170481,-38.260903],[-67.196594,-38.253784],[-67.187613,-38.214503],[-67.261108,-38.217102],[-67.317078,-38.24762],[-67.344177,-38.25177],[-67.547913,-38.256287],[-67.593201,-38.240601],[-67.656494,-38.201782],[-67.681824,-38.164795],[-67.687012,-38.135803],[-67.70752,-38.124023],[-67.718628,-38.130371],[-67.730103,-38.114807],[-67.729919,-38.078796],[-67.751221,-38.07428],[-67.748718,-38.058105],[-67.75769,-38.057007],[-67.759705,-38.068604],[-67.781765,-38.053295],[-67.809129,-38.071855],[-67.835876,-38.056519],[-67.851196,-38.065796],[-67.850769,-38.05188],[-67.862793,-38.053589],[-67.88313,-38.018793],[-67.894908,-38.01796],[-67.889435,-38.000471],[-67.90395,-37.983577],[-67.882385,-37.951477],[-67.875,-37.955322],[-67.867004,-37.931396],[-67.81365,-37.900771],[-67.780456,-37.89399],[-67.732727,-37.859802],[-67.733105,-37.820227],[-67.72097,-37.806426],[-67.725491,-37.791911],[-67.741882,-37.784912],[-67.748108,-37.749084],[-67.757629,-37.74707],[-67.750916,-37.738892],[-67.764893,-37.723511],[-67.768616,-37.673584],[-67.793396,-37.646301],[-67.870728,-37.61261],[-67.876404,-37.620117],[-67.917297,-37.618408],[-67.944163,-37.60322],[-67.980688,-37.60905],[-68.04541,-37.595886],[-68.0672,-37.601685],[-68.08728,-37.590393],[-68.111206,-37.594971],[-68.152544,-37.580318],[-68.217837,-37.58835],[-68.25,-37.576692],[-68.25,-38.682],[-68.2425,-38.696717],[-68.196851,-38.709945],[-68.18995,-38.722684],[-68.180411,-38.718234],[-68.163124,-38.73789],[-68.120608,-38.74728],[-68.118261,-38.793257],[-68.081176,-38.848291],[-68.094049,-38.858649],[-68.071509,-38.871511],[-68.069227,-38.902937],[-68.050363,-38.912071],[-68.039411,-38.941885],[-68.007384,-38.959383],[-68.000282,-38.97365],[-68.011942,-38.979253],[-67.998088,-38.995764],[-68.019417,-38.977483],[-68.048457,-38.978264],[-68.057424,-38.991474],[-68.078272,-38.995102],[-68.148435,-38.974983],[-68.165354,-38.979809],[-68.177666,-38.967226],[-68.207788,-38.971322],[-68.230757,-38.991296],[-68.300538,-38.975385],[-68.308501,-38.99088],[-68.354973,-39.001899],[-68.412275,-39.034393],[-68.426571,-39.028625],[-68.469232,-39.045746],[-68.504806,-39.071477],[-68.515752,-39.066421],[-68.52452,-39.077426],[-68.561911,-39.076988],[-68.594706,-39.120171],[-68.660803,-39.172344],[-68.653254,-39.199185],[-68.6655,-39.217303],[-68.75458,-39.269643],[-68.802391,-39.284909],[-68.818495,-39.312589],[-68.808055,-39.347356],[-68.823961,-39.374926],[-68.912504,-39.417872],[-68.930725,-39.460999],[-68.999878,-39.515198],[-69.047485,-39.526672],[-69.112793,-39.514709],[-69.177124,-39.560608],[-69.226318,-39.571289],[-69.2771,-39.596375],[-69.272278,-39.629028],[-69.293701,-39.645508],[-69.289971,-39.652989],[-69.313956,-39.653913],[-69.343,-39.680379],[-69.348962,-39.712095],[-69.374661,-39.73174],[-69.390251,-39.731626],[-69.389737,-39.743104],[-69.409267,-39.748701],[-69.421918,-39.768063],[-69.491577,-39.795135],[-69.506997,-39.815423],[-69.558109,-39.809354],[-69.586708,-39.815334],[-69.596583,-39.830087],[-69.629985,-39.842906],[-69.650723,-39.836207],[-69.671156,-39.849845],[-69.697056,-39.846445],[-69.761837,-39.883333],[-69.792233,-39.883085],[-69.810497,-39.899061],[-69.865938,-39.910899],[-69.894578,-39.938984],[-69.931754,-39.943583],[-69.933508,-39.955414],[-69.970888,-39.977742],[-70.005372,-40.047434],[-69.994794,-40.103134],[-69.97069,-40.121037],[-69.950278,-40.178985],[-69.961954,-40.185731],[-69.992035,-40.179968],[-70.002085,-40.203202],[-70.058823,-40.248955],[-70.049565,-40.317783],[-70.062686,-40.37464],[-70.103021,-40.405741],[-70.153074,-40.414003],[-70.174942,-40.42761],[-70.170569,-40.483009],[-70.229855,-40.502933],[-70.298375,-40.504391],[-70.424927,-40.536316],[-70.465088,-40.512207],[-70.54248,-40.503601],[-70.549683,-40.520996],[-70.623596,-40.553101],[-70.653917,-40.591337],[-70.712347,-40.591782],[-70.733127,-40.580054],[-70.855408,-40.593384],[-70.879089,-40.620422],[-70.976501,-40.648682],[-71.01178,-40.679321],[-71.029724,-40.724426],[-71.093675,-40.726715],[-71.120945,-40.758634],[-71.119334,-40.804063],[-71.093081,-40.825943],[-71.099954,-40.840363],[-71.085701,-40.852486],[-71.069634,-40.850246],[-71.046837,-40.871216],[-71.053633,-40.882109],[-71.038995,-40.889019],[-71.032052,-40.933364],[-71.042969,-40.947998],[-71.036378,-40.955874],[-71.060329,-40.980819],[-71.102449,-40.990797],[-71.088577,-40.997206],[-71.114701,-41.006955],[-71.141648,-41.055976],[-71.174881,-41.056203],[-71.240479,-41.095093],[-71.306213,-41.100098],[-71.360718,-41.088684],[-71.456421,-41.041687],[-71.550598,-41.023193],[-71.621887,-41.034912],[-71.785278,-41.018799],[-71.861077,-41.031024],[-71.839364,-41.035843],[-71.817944,-41.062294],[-71.849591,-41.083147],[-71.852123,-41.098971],[-71.836233,-41.118225],[-71.839364,-41.150405],[-71.887507,-41.169065],[-71.874415,-41.205842],[-71.854028,-41.214603],[-71.859324,-41.233624],[-71.847022,-41.24284],[-71.856393,-41.247749],[-71.834381,-41.271797],[-71.856226,-41.257309],[-71.897015,-41.255144],[-71.888221,-41.264405],[-71.896544,-41.278901],[-71.876023,-41.307387],[-71.881653,-41.324144],[-71.91208,-41.34057],[-71.911245,-41.356743],[-71.86635,-41.393601],[-71.863208,-41.422013],[-71.827008,-41.443503],[-71.843364,-41.451697],[-71.828007,-41.481012],[-71.85207,-41.514848],[-71.817638,-41.575206],[-71.846801,-41.565288],[-71.885561,-41.605992],[-71.856998,-41.645266],[-71.836561,-41.645635],[-71.837098,-41.666193],[-71.829771,-41.675704],[-71.817793,-41.669927],[-71.816972,-41.689895],[-71.794378,-41.694737],[-71.810365,-41.720528],[-71.784181,-41.734953],[-71.775253,-41.767732],[-71.753932,-41.787454],[-71.773987,-41.793649],[-71.751368,-41.82493],[-71.790719,-41.83079],[-71.797482,-41.84263],[-71.772137,-41.930854],[-71.793404,-41.94403],[-71.793782,-41.961553],[-71.773758,-41.999838],[-70.208978,-42.000009],[-68.38924,-42.000114],[-66.876882,-42.000201],[-65.069275,-42.000305],[-65.066101,-41.905579],[-65.057617,-41.881592],[-65.037109,-41.872986],[-65.049072,-41.863403],[-65.049194,-41.842896],[-65.039673,-41.830872],[-65.015869,-41.832214],[-65.012695,-41.779724],[-64.997681,-41.766602],[-65.020996,-41.733215],[-65.022705,-41.618408],[-65.037109,-41.598206],[-65.016479,-41.610291],[-64.997192,-41.576294],[-64.986389,-41.576782],[-65.006714,-41.557312],[-64.992187,-41.544189],[-64.987915,-41.517517],[-65.000305,-41.486084],[-65.043884,-41.462524],[-65.052917,-41.431824],[-65.073608,-41.415222],[-65.073608,-41.392212],[-65.138,-41.229614],[-65.154297,-41.162781],[-65.151978,-41.106506],[-65.168396,-41.069214],[-65.157288,-41.05188],[-65.166687,-40.973999],[-65.149719,-40.908997],[-65.125183,-40.881287],[-65.128906,-40.856812],[-65.092712,-40.814575],[-65.006897,-40.761169],[-64.899902,-40.760803],[-64.924377,-40.747803],[-64.959229,-40.748108],[-64.92218,-40.740479],[-64.916687,-40.727295],[-64.96991,-40.727173],[-64.995911,-40.716919],[-64.969116,-40.725281],[-64.971497,-40.716003],[-64.951782,-40.719788],[-64.957397,-40.710083],[-64.913818,-40.709717],[-64.847412,-40.715881],[-64.849792,-40.72229],[-64.822083,-40.730408],[-64.806274,-40.725525],[-64.773499,-40.742798],[-64.800598,-40.748291],[-64.797485,-40.780518],[-64.779175,-40.766907],[-64.769409,-40.77478],[-64.758606,-40.767883],[-64.733582,-40.786926],[-64.753784,-40.794373],[-64.734192,-40.802612],[-64.749207,-40.805176],[-64.742004,-40.81073],[-64.838013,-40.786194],[-64.845276,-40.81488],[-64.856628,-40.803711],[-64.847412,-40.782776],[-64.904907,-40.805481],[-64.875305,-40.828918],[-64.746277,-40.818604],[-64.541199,-40.864929],[-64.466614,-40.900513],[-64.40741,-40.913208],[-64.395081,-40.927124],[-64.311401,-40.955994],[-64.206177,-41.009827],[-64.112,-41.022888],[-64.095886,-41.018677],[-64.10907,-41.009827],[-64.098877,-41.00177],[-64.104126,-41.007019],[-64.081787,-41.026672],[-64.11438,-41.03009],[-63.958496,-41.07312],[-63.922607,-41.092102],[-63.886475,-41.130493],[-63.788574,-41.158997],[-63.437317,-41.161987],[-63.320984,-41.151123],[-63.229126,-41.15918],[-63.116516,-41.155518],[-63.053284,-41.143982],[-62.992981,-41.109497],[-62.884521,-41.079407],[-62.789667,-41.024164],[-62.801535,-40.982131],[-62.957154,-40.817675],[-62.979919,-40.815046],[-62.996812,-40.798035],[-63.030617,-40.793999],[-63.046798,-40.772798],[-63.096231,-40.762412],[-63.113125,-40.746945],[-63.191647,-40.71625],[-63.28397,-40.728719],[-63.310025,-40.70653],[-63.358923,-40.720807],[-63.36273,-40.70302],[-63.37935,-40.70977],[-63.383269,-39.328492]]]},"properties":{"fid":20,"OBJECTID":446,"Entidad":0,"Objeto":"Provincia","FNA":"Provincia de Río Negro","GNA":"Provincia","NAM":"Río Negro","SAG":"IGN","FDC":"Geografía","IN1":"62","SHAPE_STAr":21.4511368555,"SHAPE_STLe":30.9972743096,"argentina_population_2022":747610}},
{"type":"Feature","geometry":{"type":"Polygon","coordinates":[[[-60.259537,-33.26185],[-60.252392,-33.275415],[-60.272375,-33.263486],[-60.264612,-33.281316],[-60.282946,-33.313725],[-60.323963,-33.350753],[-60.33543,-33.412328],[-60.410097,-33.46796],[-60.42394,-33.527958],[-60.414303,-33.545744],[-60.423464,-33.563828],[-60.456598,-33.581972],[-60.459572,-33.631465],[-60.497557,-33.644881],[-60.556924,-33.646844],[-60.586219,-33.631227],[-60.61992,-33.628344],[-60.684582,-33.585157],[-60.746654,-33.588337],[-60.781811,-33.57876],[-60.818633,-33.54045],[-60.879936,-33.555532],[-60.917888,-33.589678],[-60.930737,-33.652019],[-61.717601,-34.383607],[-62.87973,-34.383488],[-63.38508,-34.383325],[-63.38575,-35.000135],[-63.385379,-36.073046],[-63.385554,-37.147144],[-63.385367,-38.227968],[-63.383269,-39.328492],[-63.37935,-40.70977],[-63.36273,-40.70302],[-63.358923,-40.720807],[-63.310025,-40.70653],[-63.28397,-40.728719],[-63.191647,-40.71625],[-63.113125,-40.746945],[-63.096231,-40.762412],[-63.046798,-40.772798],[-63.030617,-40.793999],[-62.996812,-40.798035],[-62.979919,-40.815046],[-62.957154,-40.817675],[-62.801535,-40.982131],[-62.789667,-41.024164],[-62.710424,-41.037676],[-62.553041,-40.959188],[-62.413272,-40.920165],[-62.312549,-40.871148],[-62.232314,-40.687906],[-62.17454,-40.637533],[-62.169448,-40.600271],[-62.181941,-40.576833],[-62.255133,-40.539142],[-62.31845,-40.526412],[-62.316285,-40.535383],[-62.253729,-40.552396],[-62.255109,-40.577071],[-62.262152,-40.562961],[-62.282497,-40.571479],[-62.297606,-40.542711],[-62.320734,-40.535335],[-62.320366,-40.504854],[-62.37451,-40.491077],[-62.418947,-40.463666],[-62.421017,-40.428616],[-62.446858,-40.407879],[-62.451177,-40.381396],[-62.486619,-40.331034],[-62.48826,-40.301303],[-62.44543,-40.249942],[-62.389394,-40.22842],[-62.33889,-40.186875],[-62.327647,-40.151361],[-62.351867,-40.069997],[-62.341195,-40.059432],[-62.32881,-39.977484],[-62.341445,-39.960066],[-62.328738,-39.954355],[-62.331094,-39.915772],[-62.31368,-39.900825],[-62.303576,-39.86202],[-62.300221,-39.867588],[-62.266099,-39.859058],[-62.288621,-39.845781],[-62.29633,-39.827364],[-62.236546,-39.816977],[-62.21406,-39.84264],[-62.162093,-39.828934],[-62.153491,-39.836322],[-62.144211,-39.830255],[-62.136038,-39.847458],[-62.1158,-39.837],[-62.126044,-39.766863],[-62.111768,-39.706068],[-62.122713,-39.707674],[-62.092226,-39.679567],[-62.106206,-39.666837],[-62.099305,-39.685605],[-62.119055,-39.662554],[-62.089579,-39.540101],[-62.0455,-39.447421],[-62.141214,-39.395013],[-62.147995,-39.402865],[-62.160487,-39.40004],[-62.147192,-39.397809],[-62.149856,-39.380024],[-62.162919,-39.384549],[-62.164033,-39.397456],[-62.167069,-39.37527],[-62.180441,-39.39697],[-62.192434,-39.382265],[-62.195313,-39.398921],[-62.207591,-39.401039],[-62.212969,-39.395971],[-62.199073,-39.398541],[-62.194175,-39.37697],[-62.239313,-39.360195],[-62.211569,-39.360932],[-62.203122,-39.346846],[-62.230319,-39.353009],[-62.238813,-39.345204],[-62.262608,-39.347227],[-62.279931,-39.325859],[-62.259824,-39.32229],[-62.286831,-39.322932],[-62.260562,-39.315431],[-62.274315,-39.308989],[-62.285903,-39.317317],[-62.277147,-39.306752],[-62.288497,-39.298638],[-62.252472,-39.304724],[-62.229896,-39.296604],[-62.199945,-39.3074],[-62.185014,-39.298358],[-62.167464,-39.331119],[-62.085587,-39.390106],[-62.032085,-39.393627],[-62.009968,-39.379928],[-62.011074,-39.357608],[-62.013787,-39.364866],[-62.040765,-39.349125],[-62.062294,-39.31983],[-62.106838,-39.300813],[-62.216731,-39.274639],[-62.316887,-39.266092],[-62.301687,-39.245043],[-62.286011,-39.256667],[-62.26689,-39.248707],[-62.237414,-39.251589],[-62.260295,-39.231239],[-62.286365,-39.233295],[-62.342234,-39.162954],[-62.332336,-39.132497],[-62.352019,-39.113004],[-62.330546,-39.116583],[-62.35416,-39.101107],[-62.306614,-39.052894],[-62.299285,-39.025007],[-62.316945,-39.002992],[-62.300384,-38.993398],[-62.321371,-38.995754],[-62.321742,-38.968442],[-62.345713,-38.950311],[-62.320529,-38.904268],[-62.351952,-38.863037],[-62.344185,-38.864893],[-62.33857,-38.84327],[-62.326149,-38.838178],[-62.347897,-38.846411],[-62.360794,-38.826685],[-62.369693,-38.832086],[-62.362721,-38.845459],[-62.371954,-38.843674],[-62.375785,-38.825638],[-62.387159,-38.838059],[-62.393342,-38.82068],[-62.414013,-38.817498],[-62.388523,-38.815029],[-62.397268,-38.795607],[-62.365591,-38.815237],[-62.371659,-38.799295],[-62.353813,-38.815118],[-62.352236,-38.802686],[-62.337216,-38.814464],[-62.306134,-38.799414],[-62.327252,-38.789646],[-62.340577,-38.802079],[-62.356847,-38.787654],[-62.343998,-38.773615],[-62.368833,-38.780961],[-62.352891,-38.76951],[-62.373622,-38.769213],[-62.375882,-38.790717],[-62.382426,-38.780813],[-62.400777,-38.782538],[-62.406518,-38.766447],[-62.412139,-38.786137],[-62.420714,-38.773145],[-62.431636,-38.783567],[-62.460261,-38.777],[-62.467935,-38.790134],[-62.476358,-38.784352],[-62.470219,-38.80409],[-62.488386,-38.790063],[-62.487672,-38.771182],[-62.510372,-38.76421],[-62.495025,-38.746186],[-62.504126,-38.738304],[-62.477755,-38.750341],[-62.442591,-38.734623],[-62.404825,-38.741605],[-62.400799,-38.733867],[-62.397659,-38.746345],[-62.38183,-38.741443],[-62.380584,-38.730869],[-62.372884,-38.741538],[-62.379527,-38.721713],[-62.352913,-38.717592],[-62.329406,-38.725237],[-62.311938,-38.737743],[-62.326053,-38.749966],[-62.308303,-38.747397],[-62.3001,-38.785336],[-62.249603,-38.795758],[-62.236268,-38.78919],[-62.235597,-38.804252],[-62.223248,-38.809606],[-62.21244,-38.798142],[-62.188329,-38.805309],[-62.180092,-38.819186],[-62.165955,-38.812031],[-62.14868,-38.82271],[-62.107306,-38.866154],[-62.100518,-38.904329],[-62.092354,-38.89543],[-62.073666,-38.907436],[-62.073409,-38.925111],[-62.067412,-38.9199],[-61.99303,-38.945755],[-61.866476,-38.969041],[-61.858765,-38.979525],[-61.812088,-38.992599],[-61.706697,-38.965466],[-61.669663,-38.989887],[-61.606517,-39.004063],[-61.37978,-38.98833],[-61.143207,-39.000066],[-61.013593,-38.9815],[-60.85103,-38.979589],[-60.116664,-38.865768],[-59.788917,-38.826421],[-59.685972,-38.796269],[-59.39326,-38.752068],[-59.30404,-38.72892],[-59.012448,-38.678592],[-58.728093,-38.585241],[-58.702195,-38.580977],[-58.697978,-38.583833],[-58.68946,-38.587935],[-58.697674,-38.583661],[-58.695437,-38.578151],[-58.689536,-38.574543],[-58.496866,-38.537252],[-58.278451,-38.464974],[-57.852731,-38.296399],[-57.818971,-38.266298],[-57.683375,-38.20587],[-57.636547,-38.17319],[-57.593212,-38.118943],[-57.544866,-38.100593],[-57.539727,-38.06422],[-57.517779,-38.038969],[-57.540326,-38.048502],[-57.533259,-38.031969],[-57.522385,-38.037123],[-57.531489,-38.031493],[-57.524018,-38.016617],[-57.544252,-37.990133],[-57.541407,-37.968495],[-57.514411,-37.86948],[-57.491559,-37.828237],[-57.411212,-37.734842],[-57.125501,-37.492775],[-56.989849,-37.288487],[-56.667156,-36.883106],[-56.698387,-36.426547],[-56.715935,-36.355603],[-56.740051,-36.314427],[-56.776826,-36.293083],[-56.774066,-36.321386],[-56.813791,-36.33464],[-56.862356,-36.328691],[-56.904769,-36.338185],[-56.97163,-36.334358],[-57.013444,-36.328243],[-57.107814,-36.275833],[-57.11519,-36.280149],[-57.115304,-36.270688],[-57.129143,-36.268004],[-57.233211,-36.178498],[-57.266581,-36.137895],[-57.27924,-36.137591],[-57.321841,-36.052977],[-57.339526,-36.026993],[-57.351061,-36.027469],[-57.347064,-36.016809],[-57.370942,-35.97013],[-57.382452,-35.966739],[-57.368809,-35.951097],[-57.381398,-35.925111],[-57.375247,-35.908312],[-57.386943,-35.90228],[-57.389715,-35.853168],[-57.364742,-35.744771],[-57.23538,-35.577069],[-57.152469,-35.495099],[-57.127938,-35.445758],[-57.147036,-35.389777],[-57.22306,-35.273148],[-57.353239,-35.146745],[-57.508456,-35.024714],[-57.593314,-34.993969],[-57.674835,-34.936165],[-57.751025,-34.914931],[-57.873739,-34.826158],[-57.94734,-34.833477],[-58.014475,-34.780671],[-58.197689,-34.735956],[-58.230154,-34.701378],[-58.316415,-34.658005],[-58.341887,-34.631097],[-58.374052,-34.657194],[-58.423729,-34.662214],[-58.46139,-34.705315],[-58.529205,-34.654751],[-58.531465,-34.615966],[-58.500804,-34.549533],[-58.459564,-34.527784],[-58.482062,-34.47884],[-58.51504,-34.447],[-58.511475,-34.418701],[-58.502502,-34.4198],[-58.505371,-34.407898],[-58.494995,-34.406921],[-58.48291,-34.384583],[-58.465881,-34.38562],[-58.465027,-34.374878],[-58.454529,-34.388489],[-58.510376,-34.308777],[-58.5,-34.288269],[-58.514404,-34.270996],[-58.501892,-34.264771],[-58.469604,-34.274475],[-58.452698,-34.263306],[-58.416687,-34.264404],[-58.398621,-34.23468],[-58.403625,-34.22522],[-58.386597,-34.220215],[-58.367187,-34.188904],[-58.355408,-34.190308],[-58.373291,-34.158081],[-58.362183,-34.054504],[-58.416199,-34.002686],[-58.477295,-34.002625],[-58.60717,-34.037871],[-58.650476,-34.036682],[-58.684021,-34.019287],[-58.763739,-33.94531],[-58.830601,-33.955304],[-58.854872,-33.947214],[-58.89978,-33.890991],[-58.933594,-33.87439],[-58.97789,-33.870357],[-58.992881,-33.841804],[-59.020482,-33.848942],[-59.055481,-33.832397],[-59.130676,-33.847717],[-59.173584,-33.807007],[-59.218811,-33.814697],[-59.24231,-33.807495],[-59.254883,-33.785889],[-59.235413,-33.73999],[-59.254272,-33.72229],[-59.377686,-33.736511],[-59.437012,-33.729004],[-59.467773,-33.704285],[-59.479309,-33.652893],[-59.516479,-33.63208],[-59.541992,-33.641602],[-59.596313,-33.689575],[-59.618774,-33.6922],[-59.652405,-33.624878],[-59.693394,-33.61052],[-59.709574,-33.621228],[-59.743839,-33.620276],[-59.788572,-33.604571],[-59.807678,-33.588501],[-59.809387,-33.544006],[-59.823181,-33.530029],[-59.899292,-33.50708],[-59.933006,-33.474891],[-59.999393,-33.470132],[-60.04484,-33.447527],[-60.111084,-33.372986],[-60.169617,-33.348999],[-60.200684,-33.292175],[-60.254211,-33.264709],[-60.259537,-33.26185]]]},"properties":{"fid":21,"OBJECTID":447,"Entidad":0,"Objeto":"Provincia","FNA":"Provincia de Buenos Aires","GNA":"Provincia","NAM":"Buenos Aires","SAG":"IGN","FDC":"Geografía","IN1":"06","SHAPE_STAr":30.8059975115,"SHAPE_STLe":34.0355761258,"argentina_population_2022":17541141}},
{"type":"Feature","geometry":{"type":"MultiPolygon","coordinates":[[[[-56.699595,-27.578159],[-56.686068,-27.560886],[-56.693316,-27.545063],[-56.706684,-27.580773],[-56.699595,-27.578159]]],[[[-56.939771,-27.535489],[-56.946785,-27.532692],[-56.933892,-27.544083],[-56.939771,-27.535489]]],[[[-56.705257,-27.563307],[-56.699665,-27.536523],[-56.716932,-27.519936],[-56.734045,-27.558731],[-56.783897,-27.582692],[-56.734235,-27.591428],[-56.705257,-27.563307]]],[[[-56.956935,-27.516053],[-56.932373,-27.535113],[-56.91961,-27.562565],[-56.875988,-27.583573],[-56.894129,-27.551716],[-56.956935,-27.516053]]],[[[-56.35707,-27.517885],[-56.367441,-27.520406],[-56.3712,-27.538533],[-56.35707,-27.517885]]],[[[-56.329329,-27.501225],[-56.320702,-27.495473],[-56.3443,-27.507991],[-56.329329,-27.501225]]],[[[-56.914826,-27.42354],[-56.950685,-27.432465],[-56.994001,-27.466338],[-57.031584,-27.481467],[-56.970105,-27.492732],[-56.952438,-27.514768],[-56.903059,-27.537397],[-56.87158,-27.58346],[-56.840421,-27.596181],[-56.798653,-27.573545],[-56.748573,-27.561785],[-56.727961,-27.521534],[-56.7294,-27.501961],[-56.764027,-27.502565],[-56.830775,-27.466592],[-56.871761,-27.430442],[-56.914826,-27.42354]]],[[[-57.566611,-27.385118],[-57.591272,-27.38532],[-57.583823,-27.38676],[-57.593415,-27.392452],[-57.492187,-27.438701],[-57.404465,-27.417964],[-57.566611,-27.385118]]],[[[-57.752547,-27.320163],[-57.798088,-27.325021],[-57.74152,-27.323307],[-57.752547,-27.320163]]],[[[-57.82595,-27.302602],[-57.819451,-27.318697],[-57.768948,-27.321109],[-57.82595,-27.302602]]],[[[-58.423271,-27.270154],[-58.431126,-27.268229],[-58.422009,-27.280627],[-58.423271,-27.270154]]],[[[-56.024264,-27.324262],[-56.061627,-27.306195],[-56.120254,-27.317709],[-56.175863,-27.343633],[-56.237571,-27.402393],[-56.284233,-27.408492],[-56.294958,-27.422979],[-56.284131,-27.45978],[-56.293688,-27.494141],[-56.338367,-27.52403],[-56.35936,-27.590567],[-56.39484,-27.606934],[-56.42438,-27.602915],[-56.437182,-27.586856],[-56.487046,-27.563677],[-56.556735,-27.456781],[-56.60355,-27.431417],[-56.649602,-27.460797],[-56.678062,-27.463529],[-56.691029,-27.454341],[-56.720358,-27.466896],[-56.717054,-27.496937],[-56.677101,-27.548682],[-56.685997,-27.576944],[-56.743232,-27.605003],[-56.794062,-27.586856],[-56.825729,-27.604265],[-56.849264,-27.606299],[-56.896587,-27.588813],[-56.942233,-27.558315],[-56.965666,-27.502046],[-56.979927,-27.49339],[-57.036472,-27.480595],[-57.101789,-27.484662],[-57.120548,-27.493446],[-57.147588,-27.481459],[-57.225409,-27.470378],[-57.279645,-27.430273],[-57.326511,-27.409839],[-57.395691,-27.420819],[-57.439005,-27.438282],[-57.507518,-27.444201],[-57.609788,-27.395708],[-57.697013,-27.326884],[-57.780884,-27.341473],[-57.81738,-27.335576],[-57.856011,-27.283627],[-57.891338,-27.267717],[-57.932307,-27.264108],[-57.970989,-27.274986],[-58.034121,-27.25933],[-58.06716,-27.261923],[-58.092169,-27.275749],[-58.191339,-27.280832],[-58.246744,-27.261516],[-58.372854,-27.290794],[-58.416849,-27.290097],[-58.493509,-27.270649],[-58.515722,-27.291032],[-58.549748,-27.294793],[-58.592903,-27.320818],[-58.616488,-27.318632],[-58.668787,-27.359092],[-58.74556,-27.382238],[-58.781012,-27.381778],[-58.80864,-27.42372],[-58.881402,-27.497892],[-58.871019,-27.571271],[-58.882746,-27.608523],[-58.835497,-27.646641],[-58.818775,-27.681178],[-58.809708,-27.783407],[-58.844894,-27.885572],[-58.832058,-27.973829],[-58.857739,-28.011612],[-58.859734,-28.050318],[-58.880822,-28.066825],[-58.952965,-28.137106],[-58.999657,-28.139356],[-59.062413,-28.128109],[-59.087635,-28.171772],[-59.086207,-28.199493],[-59.107868,-28.222766],[-59.103458,-28.328816],[-59.080972,-28.347257],[-59.076213,-28.365341],[-59.085977,-28.435966],[-59.060517,-28.462854],[-59.048857,-28.493311],[-59.100008,-28.576399],[-59.105013,-28.633937],[-59.078601,-28.667487],[-59.1181,-28.743154],[-59.160454,-28.794789],[-59.158075,-28.877356],[-59.209471,-28.968965],[-59.198288,-29.025358],[-59.204712,-29.040825],[-59.275303,-29.099567],[-59.346766,-29.11435],[-59.407814,-29.221376],[-59.442265,-29.223525],[-59.500633,-29.243518],[-59.510932,-29.257255],[-59.519788,-29.343189],[-59.604283,-29.394743],[-59.579953,-29.459848],[-59.590185,-29.569779],[-59.613979,-29.668765],[-59.617549,-29.77584],[-59.655858,-29.823905],[-59.659665,-29.843179],[-59.6047,-29.902666],[-59.588911,-29.976252],[-59.56639,-30.008076],[-59.616121,-30.11301],[-59.636584,-30.237456],[-59.663472,-30.256729],[-59.710824,-30.270292],[-59.702971,-30.301701],[-59.666803,-30.327161],[-59.671672,-30.338662],[-59.63682,-30.357754],[-59.615097,-30.419207],[-59.587769,-30.434822],[-59.572006,-30.40816],[-59.574207,-30.370386],[-59.565581,-30.348138],[-59.556539,-30.351767],[-59.557432,-30.333147],[-59.488725,-30.344807],[-59.475459,-30.334159],[-59.463978,-30.336597],[-59.463264,-30.324581],[-59.439351,-30.329459],[-59.422338,-30.314766],[-59.347742,-30.3247],[-59.323114,-30.354562],[-59.299974,-30.346948],[-59.288493,-30.361582],[-59.273205,-30.352837],[-59.255478,-30.364378],[-59.229839,-30.364199],[-59.23097,-30.356882],[-59.191411,-30.329994],[-59.180465,-30.33285],[-59.171661,-30.318633],[-59.158158,-30.323035],[-59.136386,-30.311911],[-59.135732,-30.286212],[-59.075591,-30.257361],[-59.081004,-30.249152],[-59.063693,-30.230771],[-59.051201,-30.235292],[-59.008609,-30.218993],[-58.965301,-30.218133],[-58.911997,-30.248096],[-58.879642,-30.246118],[-58.870204,-30.235333],[-58.831545,-30.231553],[-58.804341,-30.210985],[-58.788832,-30.219059],[-58.748415,-30.214115],[-58.720868,-30.185694],[-58.680405,-30.174488],[-58.682242,-30.163879],[-58.647652,-30.163],[-58.629858,-30.177055],[-58.576499,-30.160041],[-58.55329,-30.185582],[-58.540375,-30.18321],[-58.497886,-30.207047],[-58.470634,-30.203328],[-58.451822,-30.22485],[-58.436857,-30.221703],[-58.437563,-30.229311],[-58.368791,-30.264791],[-58.343726,-30.27125],[-58.28555,-30.244631],[-58.208337,-30.287581],[-58.192394,-30.33517],[-58.141176,-30.405721],[-58.071934,-30.425411],[-58.079429,-30.455868],[-58.0736,-30.481745],[-58.057598,-30.497049],[-58.06875,-30.54482],[-58.036781,-30.568201],[-58.033625,-30.598041],[-57.979945,-30.6295],[-57.97485,-30.64734],[-57.894779,-30.669411],[-57.854835,-30.69465],[-57.843748,-30.721658],[-57.821523,-30.719403],[-57.809199,-30.729623],[-57.808973,-30.695269],[-57.843369,-30.65955],[-57.846552,-30.620536],[-57.887304,-30.587569],[-57.889609,-30.510684],[-57.844024,-30.469297],[-57.787761,-30.442671],[-57.767823,-30.418322],[-57.72305,-30.400436],[-57.64292,-30.341905],[-57.61524,-30.254466],[-57.651858,-30.201794],[-57.645072,-30.182408],[-57.627714,-30.174379],[-57.588122,-30.179452],[-57.54904,-30.166021],[-57.474243,-30.119768],[-57.408541,-30.032024],[-57.353058,-30.008496],[-57.336775,-29.990385],[-57.325337,-29.95893],[-57.327833,-29.883264],[-57.289465,-29.825349],[-57.229949,-29.779164],[-57.169896,-29.781164],[-57.119526,-29.763675],[-57.037709,-29.698964],[-57.00587,-29.656121],[-56.970521,-29.641533],[-56.971205,-29.607736],[-56.957369,-29.589695],[-56.899923,-29.533387],[-56.813834,-29.48199],[-56.802484,-29.455221],[-56.777172,-29.433488],[-56.767462,-29.382561],[-56.703944,-29.362244],[-56.649584,-29.272415],[-56.653663,-29.226508],[-56.64541,-29.199299],[-56.605498,-29.162404],[-56.591503,-29.12431],[-56.545698,-29.115863],[-56.507154,-29.092546],[-56.419525,-29.078981],[-56.398771,-29.025807],[-56.415482,-29.000697],[-56.409915,-28.977648],[-56.390479,-28.955131],[-56.337547,-28.934592],[-56.301949,-28.901111],[-56.29437,-28.797709],[-56.259155,-28.77832],[-56.185516,-28.770001],[-56.118573,-28.681681],[-56.055609,-28.628083],[-56.007602,-28.604952],[-56.002271,-28.578489],[-56.025668,-28.535963],[-56.008646,-28.505999],[-55.882362,-28.477707],[-55.90303,-28.408104],[-55.878303,-28.361162],[-55.851245,-28.354968],[-55.75745,-28.368588],[-55.732162,-28.384348],[-55.7175,-28.422158],[-55.696331,-28.42316],[-55.669942,-28.330763],[-55.732866,-28.285822],[-55.772689,-28.273936],[-55.782542,-28.253937],[-55.768912,-28.240622],[-55.698109,-28.221033],[-55.656069,-28.184454],[-55.632253,-28.176785],[-55.620237,-28.137544],[-55.645087,-28.130844],[-55.693676,-28.090192],[-55.711437,-28.088541],[-55.716828,-28.061959],[-55.758171,-28.060948],[-55.749427,-28.0271],[-55.775564,-28.009523],[-55.777385,-27.993906],[-55.824796,-27.948221],[-55.814445,-27.919489],[-55.832172,-27.903963],[-55.82777,-27.854708],[-55.846806,-27.832401],[-55.825867,-27.791771],[-55.978455,-27.542839],[-56.027288,-27.50689],[-56.038412,-27.467629],[-56.05489,-27.450973],[-56.054734,-27.419393],[-56.035973,-27.41427],[-56.043216,-27.404992],[-56.027942,-27.373105],[-56.039903,-27.34809],[-56.025028,-27.339223],[-56.024264,-27.324262]],[[-57.952914,-27.276011],[-57.923928,-27.275242],[-57.944874,-27.286171],[-57.939427,-27.277289],[-57.959312,-27.277874],[-57.952914,-27.276011]],[[-57.903349,-27.27382],[-57.862389,-27.294362],[-57.893459,-27.286213],[-57.894243,-27.2802],[-57.89824,-27.277518],[-57.912872,-27.276645],[-57.903349,-27.27382]],[[-57.906716,-27.290551],[-57.916592,-27.292868],[-57.910907,-27.284458],[-57.918386,-27.282459],[-57.895555,-27.279487],[-57.895896,-27.288114],[-57.906716,-27.290551]]],[[[-58.150486,-27.257831],[-58.178002,-27.259267],[-58.138566,-27.265546],[-58.150486,-27.257831]]]]},"properties":{"fid":22,"OBJECTID":448,"Entidad":0,"Objeto":"Provincia","FNA":"Provincia de Corrientes","GNA":"Provincia","NAM":"Corrientes","SAG":"IGN","FDC":"Geografía","IN1":"18","SHAPE_STAr":8.23567880627,"SHAPE_STLe":20.5946719742,"argentina_population_2022":1197553}},
{"type":"Feature","geometry":{"type":"Polygon","coordinates":[[[-55.620237,-28.137544],[-55.611608,-28.11849],[-55.591668,-28.117062],[-55.58357,-28.125589],[-55.587766,-28.146139],[-55.557309,-28.163652],[-55.540088,-28.122848],[-55.513099,-28.113873],[-55.495512,-28.079193],[-55.483431,-28.077633],[-55.447751,-28.099058],[-55.422781,-28.060974],[-55.370462,-28.028453],[-55.383561,-27.981195],[-55.339017,-27.966299],[-55.322599,-27.924421],[-55.264207,-27.928894],[-55.228416,-27.880943],[-55.197201,-27.85713],[-55.171451,-27.861077],[-55.134383,-27.896153],[-55.12458,-27.887349],[-55.125202,-27.8588],[-55.108495,-27.847421],[-55.088555,-27.842329],[-55.032733,-27.856749],[-55.025023,-27.832573],[-55.083042,-27.797054],[-55.083936,-27.785968],[-55.055931,-27.770049],[-55.008277,-27.797622],[-54.985489,-27.771525],[-54.955755,-27.778298],[-54.936241,-27.771868],[-54.902814,-27.721024],[-54.905051,-27.638647],[-54.890298,-27.627416],[-54.86027,-27.62913],[-54.846802,-27.620278],[-54.812871,-27.532619],[-54.794025,-27.537473],[-54.78565,-27.576258],[-54.774466,-27.58511],[-54.76195,-27.583825],[-54.742962,-27.562267],[-54.683666,-27.574973],[-54.67134,-27.561029],[-54.677908,-27.510252],[-54.658682,-27.510918],[-54.64221,-27.54446],[-54.622276,-27.542041],[-54.581656,-27.453407],[-54.558887,-27.465011],[-54.530191,-27.506564],[-54.504278,-27.481829],[-54.44635,-27.474155],[-54.442246,-27.461877],[-54.469871,-27.42772],[-54.433537,-27.42308],[-54.413157,-27.406519],[-54.396453,-27.412694],[-54.353337,-27.466267],[-54.34188,-27.465696],[-54.334421,-27.453133],[-54.34517,-27.425596],[-54.338281,-27.403039],[-54.281567,-27.44719],[-54.26779,-27.437054],[-54.262793,-27.398756],[-54.214752,-27.383516],[-54.189732,-27.27569],[-54.173278,-27.254989],[-54.157252,-27.261842],[-54.15412,-27.29688],[-54.08446,-27.299776],[-54.055134,-27.263661],[-54.020053,-27.246755],[-54.008431,-27.199287],[-53.960752,-27.196128],[-53.959943,-27.160216],[-53.951805,-27.152829],[-53.933035,-27.156551],[-53.910634,-27.176807],[-53.897447,-27.169964],[-53.873405,-27.125934],[-53.861241,-27.128504],[-53.836696,-27.169661],[-53.827933,-27.145746],[-53.798266,-27.145836],[-53.799037,-27.136556],[-53.817954,-27.139983],[-53.824692,-27.132359],[-53.804438,-27.122667],[-53.818644,-27.102156],[-53.81191,-27.097838],[-53.795432,-27.110365],[-53.776349,-27.103429],[-53.805402,-27.078612],[-53.797395,-27.066084],[-53.781715,-27.078754],[-53.771697,-27.073627],[-53.797015,-27.060064],[-53.802178,-27.040088],[-53.77322,-27.06531],[-53.760062,-27.065096],[-53.785569,-27.026347],[-53.764,-27.045359],[-53.747248,-27.032176],[-53.763524,-27.008394],[-53.752709,-27.004967],[-53.740333,-27.014602],[-53.731739,-27.004389],[-53.743569,-26.991968],[-53.717852,-26.990188],[-53.736955,-26.974303],[-53.726076,-26.958818],[-53.703176,-26.960179],[-53.709039,-26.93409],[-53.671196,-26.942485],[-53.696856,-26.929217],[-53.672671,-26.912951],[-53.679391,-26.902434],[-53.670891,-26.894667],[-53.695609,-26.886891],[-53.679971,-26.869731],[-53.696751,-26.859822],[-53.660174,-26.858395],[-53.679562,-26.842338],[-53.69481,-26.846983],[-53.688414,-26.83777],[-53.7108,-26.81131],[-53.698122,-26.814318],[-53.700187,-26.797899],[-53.717043,-26.782109],[-53.698788,-26.769517],[-53.730216,-26.77381],[-53.743541,-26.763854],[-53.72876,-26.765177],[-53.714102,-26.750691],[-53.731758,-26.730894],[-53.735698,-26.74083],[-53.750099,-26.740707],[-53.742722,-26.731084],[-53.757954,-26.720287],[-53.754115,-26.709745],[-53.7473,-26.719691],[-53.734442,-26.717017],[-53.743465,-26.681525],[-53.72876,-26.692185],[-53.717367,-26.684685],[-53.731606,-26.677775],[-53.718909,-26.667562],[-53.720089,-26.650953],[-53.726342,-26.658777],[-53.734689,-26.645547],[-53.759531,-26.64114],[-53.750936,-26.635239],[-53.739829,-26.644082],[-53.740676,-26.629776],[-53.729255,-26.620192],[-53.732786,-26.58648],[-53.724619,-26.58903],[-53.722059,-26.562133],[-53.707544,-26.560915],[-53.714255,-26.55646],[-53.735927,-26.566606],[-53.725295,-26.554281],[-53.741799,-26.54501],[-53.723097,-26.542326],[-53.716862,-26.527659],[-53.726866,-26.525194],[-53.729493,-26.501476],[-53.705213,-26.509002],[-53.705177,-26.493452],[-53.695838,-26.490061],[-53.695873,-26.475237],[-53.707021,-26.481388],[-53.715337,-26.471121],[-53.70482,-26.463459],[-53.698276,-26.469598],[-53.704249,-26.441865],[-53.686974,-26.440711],[-53.688402,-26.428172],[-53.705451,-26.416381],[-53.696623,-26.402093],[-53.709983,-26.387614],[-53.701429,-26.388958],[-53.685737,-26.335375],[-53.67124,-26.330704],[-53.645814,-26.286436],[-53.646187,-26.24837],[-53.637383,-26.249682],[-53.653514,-26.235097],[-53.641139,-26.21555],[-53.653164,-26.205333],[-53.650328,-26.194728],[-53.700111,-26.152797],[-53.710403,-26.130531],[-53.744293,-26.116237],[-53.742585,-26.081772],[-53.726854,-26.065794],[-53.732851,-26.047218],[-53.77164,-26.03151],[-53.780303,-26.00846],[-53.805114,-25.995604],[-53.802864,-25.984617],[-53.817883,-25.989982],[-53.813777,-25.980118],[-53.83607,-25.971906],[-53.828082,-25.96364],[-53.839922,-25.953972],[-53.842917,-25.933681],[-53.833177,-25.931375],[-53.833806,-25.920625],[-53.820605,-25.927608],[-53.818801,-25.912606],[-53.835241,-25.911833],[-53.819575,-25.898437],[-53.849899,-25.883774],[-53.823358,-25.872082],[-53.836293,-25.869191],[-53.831785,-25.859204],[-53.844941,-25.857098],[-53.834376,-25.850103],[-53.850081,-25.839601],[-53.835447,-25.825273],[-53.838408,-25.815888],[-53.819563,-25.816179],[-53.828543,-25.808488],[-53.822095,-25.793474],[-53.843219,-25.790759],[-53.831003,-25.780734],[-53.857125,-25.766329],[-53.835196,-25.749719],[-53.849423,-25.740909],[-53.866462,-25.744071],[-53.859015,-25.72335],[-53.879304,-25.707537],[-53.865576,-25.705407],[-53.872323,-25.693424],[-53.851492,-25.706189],[-53.855263,-25.691597],[-53.842236,-25.688224],[-53.856906,-25.683104],[-53.862377,-25.658668],[-53.889994,-25.661277],[-53.876414,-25.645103],[-53.894969,-25.643188],[-53.890087,-25.623382],[-53.912178,-25.636324],[-53.921317,-25.629897],[-53.916625,-25.616216],[-53.932617,-25.622637],[-53.948248,-25.611606],[-53.954065,-25.624133],[-53.944615,-25.63191],[-53.955466,-25.646601],[-53.965441,-25.612693],[-53.977674,-25.611851],[-53.970144,-25.601017],[-54.01223,-25.565309],[-54.025975,-25.564724],[-54.049077,-25.585373],[-54.078284,-25.557746],[-54.089657,-25.612266],[-54.100406,-25.618192],[-54.123725,-25.566962],[-54.093278,-25.512613],[-54.102558,-25.494315],[-54.164055,-25.542255],[-54.19065,-25.534663],[-54.205346,-25.540092],[-54.205005,-25.557774],[-54.174673,-25.57278],[-54.178779,-25.584886],[-54.230556,-25.563012],[-54.235172,-25.59304],[-54.250519,-25.597716],[-54.288417,-25.55573],[-54.328387,-25.571481],[-54.347344,-25.606058],[-54.373256,-25.593777],[-54.384478,-25.597516],[-54.394838,-25.637553],[-54.42476,-25.657993],[-54.428923,-25.694065],[-54.439305,-25.68991],[-54.460478,-25.646166],[-54.494724,-25.617112],[-54.52645,-25.629006],[-54.537558,-25.618027],[-54.534945,-25.598625],[-54.551249,-25.589131],[-54.593345,-25.59326],[-54.596636,-25.623463],[-54.583674,-25.666263],[-54.640428,-25.660057],[-54.658053,-25.678127],[-54.627391,-25.774151],[-54.586911,-25.829486],[-54.622013,-25.912399],[-54.607546,-25.969125],[-54.619908,-25.984675],[-54.667414,-25.981499],[-54.679692,-26.003556],[-54.643107,-26.093607],[-54.649068,-26.116521],[-54.673588,-26.141363],[-54.672518,-26.156282],[-54.618016,-26.214246],[-54.678585,-26.262537],[-54.647569,-26.31147],[-54.696645,-26.377714],[-54.706353,-26.449134],[-54.784269,-26.512773],[-54.800544,-26.536115],[-54.807719,-26.560957],[-54.787624,-26.594043],[-54.784778,-26.623262],[-54.812421,-26.667842],[-54.831507,-26.674098],[-54.855797,-26.656304],[-54.880297,-26.655999],[-54.942158,-26.68238],[-54.944242,-26.752729],[-54.95626,-26.781356],[-55.057543,-26.798985],[-55.093134,-26.836715],[-55.141566,-26.866335],[-55.15029,-26.895954],[-55.130078,-26.938667],[-55.141464,-26.953458],[-55.203121,-26.969877],[-55.257052,-26.937701],[-55.306663,-26.963879],[-55.375741,-26.966166],[-55.419811,-26.993004],[-55.44574,-27.025378],[-55.455545,-27.106255],[-55.476995,-27.111795],[-55.561323,-27.101324],[-55.56112,-27.160948],[-55.574793,-27.168776],[-55.607731,-27.161304],[-55.618761,-27.187177],[-55.611594,-27.212998],[-55.574081,-27.250257],[-55.574386,-27.270945],[-55.602394,-27.284618],[-55.586179,-27.316489],[-55.589636,-27.331687],[-55.683316,-27.378756],[-55.732774,-27.443108],[-55.787112,-27.44021],[-55.810138,-27.417692],[-55.838908,-27.407476],[-55.86844,-27.364168],[-55.896346,-27.342718],[-55.975489,-27.355629],[-56.024264,-27.324262],[-56.025028,-27.339223],[-56.039903,-27.34809],[-56.027942,-27.373105],[-56.043216,-27.404992],[-56.035973,-27.41427],[-56.054734,-27.419393],[-56.05489,-27.450973],[-56.038412,-27.467629],[-56.027288,-27.50689],[-55.978455,-27.542839],[-55.825867,-27.791771],[-55.846806,-27.832401],[-55.82777,-27.854708],[-55.832172,-27.903963],[-55.814445,-27.919489],[-55.824796,-27.948221],[-55.777385,-27.993906],[-55.775564,-28.009523],[-55.749427,-28.0271],[-55.758171,-28.060948],[-55.716828,-28.061959],[-55.711437,-28.088541],[-55.693676,-28.090192],[-55.645087,-28.130844],[-55.620237,-28.137544]]]},"properties":{"fid":23,"OBJECTID":449,"Entidad":0,"Objeto":"Provincia","FNA":"Provincia de Misiones","GNA":"Provincia","NAM":"Misiones","SAG":"IGN","FDC":"Geografía","IN1":"54","SHAPE_STAr":2.71700189868,"SHAPE_STLe":13.3155594203,"argentina_population_2022":1280960}},
{"type":"Feature","geometry":{"type":"Polygon","coordinates":[[[-62.3423,-22.46084],[-62.345096,-22.455022],[-62.355947,-22.465682],[-62.371218,-22.460496],[-62.372997,-22.473462],[-62.380613,-22.473585],[-62.385171,-22.453737],[-62.404841,-22.451348],[-62.404304,-22.442326],[-62.434451,-22.419214],[-62.445676,-22.423338],[-62.447955,-22.402292],[-62.465469,-22.402603],[-62.463894,-22.372069],[-62.480288,-22.380821],[-62.518603,-22.378235],[-62.534577,-22.367987],[-62.540338,-22.328568],[-62.558711,-22.338062],[-62.570765,-22.333405],[-62.569188,-22.309773],[-62.595045,-22.321761],[-62.603774,-22.306688],[-62.634002,-22.307409],[-62.642315,-22.29467],[-62.63065,-22.282457],[-62.632532,-22.24157],[-62.6409,-22.23626],[-62.660228,-22.250683],[-62.684916,-22.21234],[-62.720628,-22.202055],[-62.738025,-22.171174],[-62.765128,-22.152308],[-62.778749,-22.167963],[-62.788852,-22.16495],[-62.813938,-22.105008],[-62.796956,-22.06676],[-62.81424,-22.042162],[-62.811176,-21.998768],[-63.665257,-21.999358],[-63.683751,-22.054742],[-63.688496,-22.011688],[-63.705595,-22.013993],[-63.709075,-21.999336],[-63.931457,-21.999377],[-63.944412,-22.00995],[-63.94138,-22.02957],[-63.953328,-22.036619],[-63.956761,-22.056986],[-63.949897,-22.057907],[-63.962188,-22.06459],[-63.958069,-22.085774],[-63.966475,-22.09316],[-63.979612,-22.080998],[-63.986037,-22.109026],[-64.000038,-22.107676],[-63.989626,-22.114747],[-63.998145,-22.123767],[-63.992654,-22.133139],[-64.001026,-22.158396],[-64.023401,-22.174601],[-64.017034,-22.187166],[-64.033102,-22.196829],[-64.026642,-22.208764],[-64.039157,-22.223168],[-64.03352,-22.242783],[-64.053614,-22.247236],[-64.062408,-22.238381],[-64.082637,-22.301085],[-64.095087,-22.308772],[-64.099737,-22.34697],[-64.116889,-22.363235],[-64.109054,-22.37957],[-64.120761,-22.384349],[-64.115516,-22.405607],[-64.138185,-22.407041],[-64.144788,-22.417149],[-64.138042,-22.429474],[-64.150615,-22.436773],[-64.16307,-22.46893],[-64.17522,-22.466808],[-64.187554,-22.490652],[-64.199628,-22.491245],[-64.216292,-22.543346],[-64.226165,-22.541212],[-64.229661,-22.556714],[-64.241691,-22.557726],[-64.239192,-22.622973],[-64.246129,-22.631382],[-64.257288,-22.628547],[-64.264589,-22.65016],[-64.242292,-22.666053],[-64.260946,-22.67514],[-64.271989,-22.71189],[-64.263968,-22.741238],[-64.283609,-22.751285],[-64.265343,-22.766659],[-64.287427,-22.798824],[-64.286725,-22.834885],[-64.306679,-22.839746],[-64.297467,-22.861445],[-64.308773,-22.862804],[-64.315759,-22.882827],[-64.314783,-22.867125],[-64.336434,-22.873737],[-64.340856,-22.861582],[-64.328206,-22.862033],[-64.326729,-22.837672],[-64.3301,-22.812186],[-64.342541,-22.805808],[-64.344334,-22.739398],[-64.362535,-22.723711],[-64.40321,-22.7187],[-64.39073,-22.7121],[-64.398548,-22.704704],[-64.394728,-22.685684],[-64.415919,-22.678567],[-64.413668,-22.656642],[-64.441352,-22.638786],[-64.423987,-22.634356],[-64.433888,-22.631345],[-64.4302,-22.581729],[-64.40958,-22.56295],[-64.41208,-22.538378],[-64.428912,-22.521702],[-64.448313,-22.521557],[-64.444914,-22.506398],[-64.483277,-22.4802],[-64.47453,-22.468381],[-64.489442,-22.457442],[-64.4921,-22.43595],[-64.512826,-22.4455],[-64.525235,-22.44081],[-64.512846,-22.412544],[-64.566539,-22.369302],[-64.56419,-22.32347],[-64.546855,-22.316099],[-64.537585,-22.284277],[-64.593028,-22.246641],[-64.617104,-22.205164],[-64.681805,-22.186504],[-64.73685,-22.193902],[-64.753287,-22.178925],[-64.779157,-22.177255],[-64.861681,-22.122004],[-64.878275,-22.117408],[-64.886418,-22.129209],[-64.902646,-22.119558],[-64.923718,-22.121129],[-64.981403,-22.097769],[-64.993372,-22.082433],[-65.186567,-22.08535],[-65.194059,-22.144733],[-65.213788,-22.150007],[-65.22048,-22.169585],[-65.240295,-22.279248],[-65.226613,-22.320151],[-65.262733,-22.338258],[-65.305689,-22.466615],[-65.347124,-22.520101],[-65.350694,-22.602262],[-65.271662,-22.64823],[-65.306061,-22.7304],[-65.29741,-22.740361],[-65.301993,-22.765022],[-65.274232,-22.790107],[-65.262793,-22.874003],[-65.252562,-22.874955],[-65.249231,-22.890481],[-65.251689,-22.927957],[-65.218238,-22.95895],[-65.199024,-22.958057],[-65.201701,-22.969241],[-65.187484,-22.971799],[-65.188911,-22.998151],[-65.133765,-23.001884],[-65.06683,-23.047261],[-65.06221,-23.11878],[-65.071695,-23.137652],[-65.04502,-23.155738],[-65.071736,-23.20191],[-65.071975,-23.220318],[-65.038648,-23.226904],[-65.035909,-23.252437],[-65.018884,-23.262649],[-65.010115,-23.285114],[-64.964637,-23.286112],[-64.947278,-23.269148],[-64.92835,-23.30103],[-64.910177,-23.310812],[-64.899678,-23.335414],[-64.904669,-23.354265],[-64.89242,-23.359446],[-64.910534,-23.400815],[-64.906665,-23.423791],[-64.89487,-23.440442],[-64.868444,-23.447421],[-64.873355,-23.478743],[-64.864224,-23.484963],[-64.845038,-23.49725],[-64.840874,-23.484401],[-64.787476,-23.496161],[-64.761153,-23.47566],[-64.739431,-23.478941],[-64.738427,-23.467616],[-64.682533,-23.452433],[-64.657688,-23.483167],[-64.614621,-23.492323],[-64.586051,-23.512182],[-64.567996,-23.507155],[-64.543901,-23.524],[-64.532561,-23.521357],[-64.534832,-23.538396],[-64.495621,-23.567256],[-64.47896,-23.608513],[-64.457473,-23.611443],[-64.466127,-23.621264],[-64.448365,-23.627421],[-64.444975,-23.640092],[-64.396761,-23.612133],[-64.388433,-23.580332],[-64.397078,-23.573415],[-64.357051,-23.517923],[-64.157057,-23.518042],[-64.161001,-24.070614],[-64.15077,-24.136406],[-64.17504,-24.214928],[-64.161841,-24.221061],[-64.19263,-24.285775],[-64.216662,-24.308618],[-64.223127,-24.329375],[-64.252395,-24.344425],[-64.251978,-24.364174],[-64.288777,-24.407116],[-64.297794,-24.405248],[-64.31834,-24.42716],[-64.421652,-24.402206],[-64.436295,-24.442659],[-64.45537,-24.463038],[-64.481876,-24.465124],[-64.5,-24.506369],[-64.535756,-24.507619],[-64.560132,-24.577229],[-64.593864,-24.583431],[-64.647548,-24.613357],[-64.674172,-24.603871],[-64.680515,-24.576191],[-64.704459,-24.563427],[-64.725826,-24.529901],[-64.755402,-24.523286],[-64.770601,-24.504198],[-64.841976,-24.467359],[-64.856224,-24.470333],[-64.861905,-24.494023],[-64.877125,-24.500371],[-64.885479,-24.520845],[-64.879408,-24.526942],[-64.893467,-24.560887],[-64.883711,-24.57188],[-64.896941,-24.591986],[-64.927407,-24.599773],[-64.99675,-24.57622],[-65.079672,-24.562185],[-65.10516,-24.523038],[-65.194119,-24.45986],[-65.227649,-24.46756],[-65.229272,-24.486217],[-65.286795,-24.490678],[-65.317312,-24.502338],[-65.353539,-24.490916],[-65.358843,-24.461322],[-65.425286,-24.450446],[-65.434663,-24.462178],[-65.464285,-24.430577],[-65.499733,-24.43432],[-65.506331,-24.455422],[-65.520418,-24.446322],[-65.54042,-24.451516],[-65.571266,-24.422249],[-65.600152,-24.41704],[-65.621362,-24.381766],[-65.656331,-24.37742],[-65.655908,-24.355101],[-65.682687,-24.307724],[-65.670838,-24.252933],[-65.725017,-24.186],[-65.715429,-24.166942],[-65.73077,-24.144211],[-65.720861,-24.109339],[-65.733349,-24.084008],[-65.751728,-24.07381],[-65.746268,-24.062439],[-65.786631,-24.055384],[-65.804518,-24.033019],[-65.86737,-24.00333],[-65.947545,-24.007161],[-65.94201,-23.967463],[-65.992573,-23.979955],[-65.999172,-23.936467],[-66.016548,-23.918078],[-66.01096,-23.898399],[-66.021926,-23.861713],[-66.008118,-23.804767],[-65.987219,-23.509654],[-66.011199,-23.508777],[-66.089235,-23.459261],[-66.112573,-23.434424],[-66.163745,-23.415436],[-66.184289,-23.414608],[-66.182925,-23.438445],[-66.219331,-23.485261],[-66.239616,-23.492459],[-66.264906,-23.566253],[-66.283644,-23.5747],[-66.311127,-23.561375],[-66.317492,-23.607537],[-66.335495,-23.628513],[-66.330341,-23.656613],[-66.338134,-23.668986],[-66.357407,-23.673805],[-66.36758,-23.694625],[-66.367576,-23.733086],[-66.376856,-23.750218],[-66.353303,-23.825257],[-66.372019,-23.821904],[-66.38005,-23.839036],[-66.353293,-23.890337],[-66.368141,-23.971905],[-66.362882,-23.983465],[-66.339449,-23.984347],[-66.353341,-23.998639],[-66.350545,-24.023682],[-66.370175,-24.050094],[-66.370497,-24.080071],[-66.362287,-24.087357],[-66.381775,-24.127784],[-66.414255,-24.128676],[-66.422488,-24.163947],[-66.445664,-24.164725],[-66.478762,-24.183459],[-66.469006,-24.198449],[-66.483355,-24.212998],[-66.503486,-24.197806],[-66.543626,-24.207638],[-66.558712,-24.187266],[-66.590835,-24.18798],[-66.646276,-24.172513],[-66.678637,-24.142056],[-66.726464,-24.122306],[-66.745738,-24.089232],[-66.797372,-24.09637],[-66.837372,-24.070739],[-66.87991,-23.993851],[-66.880641,-23.974391],[-66.915152,-23.970241],[-66.941121,-23.984036],[-66.992836,-23.889907],[-67.213047,-23.694917],[-67.322617,-24.034158],[-68.259893,-24.402328],[-68.268435,-24.434891],[-68.297217,-24.455523],[-68.308513,-24.491796],[-68.376553,-24.491982],[-68.387867,-24.484156],[-68.432269,-24.578132],[-68.434874,-24.606752],[-68.451459,-24.603086],[-68.467917,-24.623664],[-68.495706,-24.600081],[-68.503327,-24.618162],[-68.48772,-24.640089],[-68.492631,-24.665384],[-68.51577,-24.703735],[-68.544274,-24.72435],[-68.546534,-24.753398],[-68.56187,-24.762677],[-68.568755,-24.794125],[-68.538021,-24.817341],[-68.533274,-24.858169],[-68.519602,-24.873914],[-68.492946,-24.876056],[-68.484213,-24.897284],[-68.432594,-24.905871],[-68.439856,-24.91921],[-68.429385,-24.956464],[-68.408664,-24.972738],[-68.416797,-24.994089],[-68.407016,-25.030332],[-68.389915,-25.038368],[-68.3782,-25.032446],[-68.367068,-25.082431],[-68.344244,-25.11077],[-68.410221,-25.145263],[-68.437704,-25.122791],[-68.445299,-25.133992],[-68.459747,-25.125661],[-68.471432,-25.150191],[-68.507172,-25.168313],[-67.864601,-25.2384],[-66.879266,-25.241731],[-66.558191,-25.300654],[-66.580406,-25.318826],[-66.599798,-25.362251],[-66.587068,-25.37284],[-66.537099,-25.372483],[-66.518548,-25.44033],[-66.53525,-25.462264],[-66.532103,-25.500617],[-66.54281,-25.522389],[-66.534562,-25.536509],[-66.572765,-25.586724],[-66.563902,-25.621762],[-66.606458,-25.62867],[-66.633055,-25.662064],[-66.648577,-25.712032],[-66.801734,-25.698806],[-66.85048,-25.721144],[-66.873566,-25.766185],[-66.856185,-25.774136],[-66.847566,-25.796268],[-66.839257,-25.880661],[-66.853177,-25.913557],[-66.843463,-25.97734],[-66.781068,-26.032929],[-66.778813,-26.048136],[-66.759677,-26.049095],[-66.702319,-26.082142],[-66.660868,-26.076655],[-66.654288,-26.094395],[-66.661155,-26.106175],[-66.634937,-26.118495],[-66.620466,-26.143917],[-66.584189,-26.15983],[-66.572413,-26.183286],[-66.568237,-26.249835],[-66.530556,-26.272871],[-66.50768,-26.273034],[-66.559466,-26.288575],[-66.539877,-26.353162],[-66.508189,-26.364837],[-66.461022,-26.364094],[-66.382024,-26.416799],[-66.359657,-26.356956],[-66.339893,-26.339415],[-66.330747,-26.301277],[-66.301955,-26.2707],[-66.292958,-26.229306],[-66.246871,-26.181471],[-66.230571,-26.149229],[-66.205349,-26.132573],[-66.170847,-26.133762],[-66.099757,-26.220486],[-66.040109,-26.250901],[-65.717759,-26.352467],[-65.711451,-26.328698],[-65.72303,-26.312712],[-65.707277,-26.295911],[-65.722753,-26.2798],[-65.702825,-26.24164],[-65.711897,-26.208357],[-65.695193,-26.185867],[-65.692058,-26.164697],[-65.699949,-26.156351],[-65.688515,-26.117262],[-65.64006,-26.111039],[-65.629966,-26.123358],[-65.613633,-26.123473],[-65.548146,-26.087535],[-65.52161,-26.09534],[-65.465396,-26.091277],[-65.458465,-26.103077],[-65.424556,-26.109015],[-65.361083,-26.058288],[-65.326428,-26.068252],[-65.315417,-26.082564],[-65.297906,-26.081736],[-65.293828,-26.126837],[-65.275768,-26.171381],[-65.222694,-26.184429],[-65.225354,-26.190507],[-65.040725,-26.229933],[-65.046347,-26.264554],[-65.032244,-26.272182],[-65.039509,-26.290334],[-64.972518,-26.274381],[-64.96093,-26.303977],[-64.951182,-26.306848],[-64.873443,-26.274922],[-64.845319,-26.238596],[-64.822772,-26.242688],[-64.81593,-26.231342],[-64.790412,-26.223718],[-64.759069,-26.223986],[-64.732152,-26.241556],[-64.712279,-26.23556],[-64.667792,-26.242718],[-64.62205,-26.224519],[-64.614302,-26.233338],[-64.607982,-26.225852],[-64.599298,-26.230688],[-64.579581,-26.218181],[-64.564152,-26.226925],[-64.541574,-26.219418],[-64.518572,-26.224082],[-64.510919,-26.214469],[-64.495323,-26.219366],[-64.425521,-26.115877],[-64.412196,-26.113498],[-64.396491,-26.045921],[-64.40363,-26.031168],[-64.26806,-25.700007],[-64.197509,-25.709287],[-64.196438,-25.727728],[-64.025415,-25.753485],[-64.007747,-25.673357],[-63.874259,-25.684481],[-63.660465,-25.685373],[-63.567309,-25.709465],[-63.476056,-25.709763],[-63.422474,-25.649034],[-62.341733,-24.392471],[-62.341873,-24.107935],[-62.3423,-22.46084]]]},"properties":{"fid":24,"OBJECTID":450,"Entidad":0,"Objeto":"Provincia","FNA":"Provincia de Salta","GNA":"Provincia","NAM":"Salta","SAG":"IGN","FDC":"Geografía","IN1":"66","SHAPE_STAr":13.8178053698,"SHAPE_STLe":30.2759503326,"argentina_population_2022":1440672}}
]}