{"type":"FeatureCollection", "features": [
{"type":"Feature","geometry":{"type":"MultiPolygon","coordinates":[[[[-58.966142,-51.23465],[-58.947476,-51.25613],[-58.959443,-51.266994],[-58.861257,-51.353184],[-58.866785,-51.371701],[-58.880258,-51.383797],[-59.005388,-51.385296],[-58.999505,-51.409172],[-59.019765,-51.419156],[-58.969175,-51.424121],[-58.958753,-51.447228],[-58.984338,-51.441948],[-58.980077,-51.426835],[-59.051553,-51.433789],[-59.100203,-51.411137],[-59.144037,-51.462113],[-59.114866,-51.479092],[-59.09316,-51.468514],[-59.001188,-51.504765],[-58.95276,-51.507851],[-58.949033,-51.516148],[-58.924234,-51.519955],[-58.920053,-51.527764],[-58.918313,-51.52081],[-58.899401,-51.521592],[-58.879587,-51.530354],[-58.855192,-51.509652],[-58.830827,-51.519452],[-58.852264,-51.511098],[-58.846414,-51.522244],[-58.878023,-51.531853],[-58.916578,-51.5243],[-58.934305,-51.545277],[-58.925577,-51.521771],[-58.950296,-51.521237],[-58.980554,-51.506157],[-59.045557,-51.504639],[-59.065307,-51.519688],[-59.026842,-51.560986],[-59.045684,-51.560261],[-59.036905,-51.572308],[-59.04967,-51.575371],[-59.029195,-51.577392],[-59.036329,-51.591146],[-59.014484,-51.602252],[-59.044479,-51.603665],[-59.059366,-51.579951],[-59.07834,-51.587315],[-59.065587,-51.572476],[-59.079948,-51.568173],[-59.087572,-51.528061],[-59.12837,-51.496551],[-59.113261,-51.528674],[-59.178796,-51.584336],[-59.108289,-51.612236],[-59.076616,-51.643044],[-59.041124,-51.641044],[-58.976711,-51.670985],[-59.048318,-51.653794],[-58.998197,-51.677487],[-58.99616,-51.686364],[-59.024995,-51.672448],[-59.002921,-51.693907],[-59.034032,-51.677192],[-59.019518,-51.690338],[-59.041116,-51.700039],[-59.024835,-51.719906],[-59.008661,-51.711232],[-59.003362,-51.759613],[-58.987009,-51.767846],[-59.001687,-51.763313],[-59.003816,-51.772488],[-58.989637,-51.78339],[-58.983057,-51.774796],[-58.978631,-51.784672],[-58.964082,-51.770722],[-58.949174,-51.77415],[-58.975507,-51.788262],[-58.984895,-51.785016],[-59.009794,-51.823826],[-59.028882,-51.816273],[-59.028597,-51.831585],[-59.04894,-51.82742],[-59.041884,-51.813147],[-59.062757,-51.813065],[-59.030904,-51.812481],[-59.043729,-51.785778],[-59.071744,-51.783619],[-59.024633,-51.775208],[-59.029226,-51.755703],[-59.052591,-51.753144],[-59.034997,-51.74527],[-59.061002,-51.745919],[-59.040685,-51.742073],[-59.058935,-51.723782],[-59.04387,-51.711487],[-59.05597,-51.690471],[-59.085786,-51.690993],[-59.104211,-51.705265],[-59.125642,-51.696941],[-59.153243,-51.704972],[-59.18099,-51.734177],[-59.197799,-51.722104],[-59.22459,-51.765073],[-59.210588,-51.720914],[-59.230992,-51.72139],[-59.24933,-51.736321],[-59.248444,-51.766323],[-59.261353,-51.766822],[-59.269285,-51.743315],[-59.306069,-51.760605],[-59.302251,-51.780781],[-59.291013,-51.776417],[-59.272358,-51.798148],[-59.291673,-51.796231],[-59.300436,-51.807755],[-59.301268,-51.802253],[-59.288885,-51.792576],[-59.301065,-51.789235],[-59.32423,-51.810581],[-59.336206,-51.786],[-59.361448,-51.777634],[-59.354509,-51.827356],[-59.376935,-51.83265],[-59.37927,-51.85815],[-59.392997,-51.833067],[-59.414914,-51.839987],[-59.410409,-51.812409],[-59.456126,-51.847145],[-59.446958,-51.823178],[-59.497972,-51.835549],[-59.495401,-51.848603],[-59.515169,-51.857319],[-59.48715,-51.861069],[-59.489542,-51.869095],[-59.458862,-51.865526],[-59.486881,-51.884502],[-59.44481,-51.889172],[-59.500325,-51.893961],[-59.519971,-51.87117],[-59.537797,-51.881882],[-59.512918,-51.912476],[-59.474567,-51.916149],[-59.474683,-51.930066],[-59.503862,-51.923485],[-59.495786,-51.936203],[-59.515966,-51.938485],[-59.528799,-51.923024],[-59.53607,-51.931894],[-59.575033,-51.922376],[-59.591901,-51.904076],[-59.609186,-51.916501],[-59.614717,-51.950631],[-59.576974,-51.960125],[-59.560205,-51.95184],[-59.553583,-51.963623],[-59.526365,-51.966019],[-59.59621,-51.985194],[-59.609371,-51.968089],[-59.64715,-51.962124],[-59.620401,-51.96856],[-59.623136,-51.979596],[-59.607122,-51.978974],[-59.58827,-51.999909],[-59.545637,-52.005153],[-59.574488,-52.009674],[-59.608186,-51.997624],[-59.653936,-52.005822],[-59.645479,-52.018162],[-59.595317,-52.024441],[-59.592869,-52.034064],[-59.62005,-52.034085],[-59.613748,-52.048596],[-59.574309,-52.051493],[-59.570367,-52.06637],[-59.5543,-52.066876],[-59.603956,-52.093007],[-59.614732,-52.079098],[-59.641149,-52.084275],[-59.607389,-52.122048],[-59.637149,-52.129006],[-59.640081,-52.111046],[-59.661966,-52.127118],[-59.67928,-52.124451],[-59.667852,-52.10018],[-59.683794,-52.109143],[-59.695089,-52.09617],[-59.731554,-52.097122],[-59.707056,-52.107563],[-59.73512,-52.126908],[-59.678453,-52.145565],[-59.66215,-52.169761],[-59.6443,-52.159844],[-59.623422,-52.174012],[-59.645692,-52.181424],[-59.613775,-52.188378],[-59.630659,-52.209744],[-59.552297,-52.204991],[-59.594411,-52.244179],[-59.583726,-52.259575],[-59.562509,-52.251477],[-59.546541,-52.25985],[-59.508584,-52.242832],[-59.514783,-52.254939],[-59.492776,-52.264264],[-59.510541,-52.273046],[-59.478322,-52.275395],[-59.497709,-52.31189],[-59.414861,-52.310284],[-59.407022,-52.32589],[-59.425909,-52.33115],[-59.373517,-52.334092],[-59.37018,-52.342835],[-59.391787,-52.345962],[-59.367177,-52.348481],[-59.364078,-52.359372],[-59.308181,-52.350663],[-59.296585,-52.332711],[-59.316602,-52.327496],[-59.335092,-52.346138],[-59.335405,-52.334488],[-59.383146,-52.319104],[-59.37475,-52.292653],[-59.351255,-52.29506],[-59.336024,-52.283515],[-59.348028,-52.267876],[-59.397037,-52.287961],[-59.414665,-52.283991],[-59.341811,-52.253719],[-59.343559,-52.238394],[-59.387817,-52.226378],[-59.329579,-52.21222],[-59.363606,-52.21454],[-59.377908,-52.205113],[-59.435644,-52.24357],[-59.416999,-52.220798],[-59.429567,-52.221505],[-59.400309,-52.203714],[-59.461461,-52.224474],[-59.422739,-52.194146],[-59.464323,-52.196118],[-59.398405,-52.178194],[-59.453306,-52.160817],[-59.486871,-52.165795],[-59.435606,-52.152204],[-59.45343,-52.12546],[-59.415149,-52.140934],[-59.414312,-52.161546],[-59.386518,-52.158776],[-59.40872,-52.116433],[-59.370763,-52.144789],[-59.367906,-52.113457],[-59.349309,-52.161198],[-59.290987,-52.141121],[-59.29807,-52.16042],[-59.324659,-52.169873],[-59.317605,-52.184449],[-59.296625,-52.162709],[-59.248826,-52.172619],[-59.259445,-52.191281],[-59.241182,-52.219002],[-59.215068,-52.22382],[-59.201017,-52.203251],[-59.171754,-52.215168],[-59.160238,-52.209441],[-59.104958,-52.241963],[-59.063518,-52.232853],[-59.068553,-52.243867],[-59.023997,-52.262367],[-59.011365,-52.255612],[-59.054276,-52.242499],[-59.026494,-52.231146],[-59.050588,-52.235479],[-59.053324,-52.218169],[-59.023105,-52.204546],[-59.071348,-52.198033],[-59.092704,-52.2146],[-59.088956,-52.196992],[-59.102821,-52.197168],[-59.087053,-52.180871],[-59.059173,-52.181286],[-59.072598,-52.168676],[-59.038858,-52.166165],[-59.045881,-52.157978],[-59.025544,-52.155519],[-59.023367,-52.144354],[-59.074228,-52.137097],[-59.116544,-52.163968],[-59.101651,-52.147626],[-59.110693,-52.135491],[-59.157866,-52.16214],[-59.143514,-52.143667],[-59.171667,-52.153812],[-59.16205,-52.142769],[-59.179506,-52.14457],[-59.138771,-52.140086],[-59.11408,-52.117447],[-59.104982,-52.126389],[-59.073591,-52.117684],[-59.067982,-52.102951],[-59.09832,-52.09962],[-59.115274,-52.109316],[-59.134698,-52.094002],[-59.147478,-52.106705],[-59.156702,-52.095185],[-59.177794,-52.102713],[-59.177145,-52.09182],[-59.142756,-52.094207],[-59.098961,-52.080156],[-59.14943,-52.057753],[-59.1321,-52.038732],[-59.210824,-52.080182],[-59.190687,-52.065518],[-59.198771,-52.052624],[-59.23589,-52.053754],[-59.190681,-52.044177],[-59.186406,-52.027606],[-59.265756,-52.006813],[-59.294589,-52.029282],[-59.269758,-51.997578],[-59.248674,-51.997183],[-59.238924,-52.010983],[-59.168226,-52.012082],[-59.157557,-51.999054],[-59.189501,-51.97175],[-59.15601,-51.996109],[-59.134595,-51.982517],[-59.139769,-51.994394],[-59.110429,-52.001767],[-59.117479,-52.016407],[-59.100796,-52.030435],[-59.072175,-52.015999],[-59.058996,-52.043057],[-59.01555,-52.020302],[-59.018175,-52.043911],[-58.984857,-52.045128],[-59.004632,-52.04604],[-58.988679,-52.097529],[-58.95284,-52.060509],[-58.928209,-52.117356],[-58.887025,-52.074639],[-58.85975,-52.084561],[-58.897233,-52.033696],[-58.85729,-52.053326],[-58.814722,-52.05658],[-58.82258,-52.023941],[-58.780366,-52.047539],[-58.766153,-52.041069],[-58.772859,-52.048249],[-58.735921,-52.050747],[-58.739151,-52.078659],[-58.721555,-52.063599],[-58.704973,-52.069161],[-58.701188,-52.087425],[-58.67424,-52.096289],[-58.694023,-52.123248],[-58.66847,-52.122582],[-58.659631,-52.141475],[-58.654611,-52.115815],[-58.637285,-52.114033],[-58.663465,-52.054261],[-58.635862,-52.051148],[-58.645975,-52.036076],[-58.665306,-52.030961],[-58.672431,-52.041026],[-58.688013,-52.023755],[-58.64565,-52.027222],[-58.58606,-52.015028],[-58.631525,-52.006001],[-58.629966,-51.995341],[-58.603883,-51.991105],[-58.622476,-51.989536],[-58.606797,-51.983237],[-58.614004,-51.975541],[-58.627603,-51.98193],[-58.624379,-51.966277],[-58.655435,-51.975228],[-58.652818,-51.962311],[-58.677441,-51.960447],[-58.693841,-51.973523],[-58.699338,-51.952584],[-58.725812,-51.951771],[-58.725698,-51.966927],[-58.732542,-51.952328],[-58.760828,-51.961796],[-58.765897,-51.993119],[-58.763616,-51.97033],[-58.781324,-51.962178],[-58.769105,-51.956162],[-58.795434,-51.952927],[-58.805099,-51.967229],[-58.816553,-51.953064],[-58.804773,-51.947922],[-58.895692,-51.92709],[-58.897569,-51.917607],[-58.882557,-51.908416],[-58.887796,-51.918641],[-58.83233,-51.920102],[-58.791677,-51.947148],[-58.78766,-51.936299],[-58.760278,-51.936814],[-58.892835,-51.902108],[-58.910638,-51.881726],[-58.954536,-51.875044],[-58.976831,-51.856427],[-58.989461,-51.873505],[-58.991506,-51.857411],[-59.013249,-51.873735],[-59.006567,-51.859955],[-59.023576,-51.852875],[-59.042024,-51.862179],[-59.092813,-51.858471],[-59.115625,-51.876503],[-59.092824,-51.854565],[-59.099561,-51.840676],[-59.082738,-51.844239],[-59.086366,-51.857586],[-59.048479,-51.859978],[-59.021467,-51.849141],[-58.97879,-51.85439],[-58.967538,-51.838585],[-58.984357,-51.838734],[-58.964414,-51.830197],[-58.973894,-51.815968],[-58.950178,-51.787262],[-58.937936,-51.820115],[-58.922094,-51.814385],[-58.93712,-51.821606],[-58.932619,-51.841301],[-58.861677,-51.863965],[-58.856569,-51.852738],[-58.888216,-51.846337],[-58.882501,-51.835961],[-58.814256,-51.856831],[-58.857465,-51.857243],[-58.837438,-51.870766],[-58.80578,-51.875821],[-58.810201,-51.868756],[-58.794996,-51.880818],[-58.808465,-51.884106],[-58.764116,-51.898884],[-58.748987,-51.896157],[-58.756856,-51.886845],[-58.736101,-51.888726],[-58.743841,-51.881649],[-58.691411,-51.893696],[-58.691076,-51.881112],[-58.718992,-51.872456],[-58.69441,-51.876061],[-58.685544,-51.887967],[-58.668706,-51.891133],[-58.629892,-51.883191],[-58.639764,-51.892861],[-58.68437,-51.891167],[-58.678071,-51.904084],[-58.640016,-51.894154],[-58.639911,-51.905263],[-58.6256,-51.894795],[-58.557701,-51.906334],[-58.558199,-51.89665],[-58.593553,-51.887104],[-58.517553,-51.895207],[-58.510469,-51.886347],[-58.532347,-51.884155],[-58.540569,-51.879803],[-58.542651,-51.867549],[-58.561483,-51.864357],[-58.553037,-51.859806],[-58.563055,-51.855354],[-58.551396,-51.84887],[-58.565494,-51.846669],[-58.579626,-51.831063],[-58.593839,-51.830605],[-58.583707,-51.828206],[-58.56458,-51.829812],[-58.563722,-51.846837],[-58.548826,-51.848057],[-58.558633,-51.856915],[-58.549352,-51.859044],[-58.544115,-51.865109],[-58.536428,-51.860596],[-58.516595,-51.860848],[-58.541643,-51.864716],[-58.537553,-51.879567],[-58.507165,-51.885373],[-58.503656,-51.895047],[-58.392091,-51.900564],[-58.346464,-51.881945],[-58.306846,-51.882896],[-58.314937,-51.867132],[-58.2784,-51.863993],[-58.297796,-51.859528],[-58.270964,-51.857564],[-58.274307,-51.849703],[-58.225171,-51.845479],[-58.225826,-51.856663],[-58.256969,-51.86752],[-58.2479,-51.873885],[-58.216579,-51.862791],[-58.214329,-51.845828],[-58.235902,-51.828499],[-58.164396,-51.816092],[-58.281418,-51.806803],[-58.287694,-51.828808],[-58.320901,-51.833626],[-58.320977,-51.843566],[-58.337556,-51.843544],[-58.32181,-51.841187],[-58.339061,-51.826255],[-58.372934,-51.833062],[-58.354761,-51.826294],[-58.387559,-51.824452],[-58.324151,-51.82288],[-58.333917,-51.811501],[-58.297975,-51.821763],[-58.286356,-51.800438],[-58.257802,-51.804602],[-58.229475,-51.796521],[-58.239622,-51.789826],[-58.12021,-51.799025],[-58.135664,-51.791286],[-58.109133,-51.788431],[-58.232954,-51.784016],[-58.201112,-51.777536],[-58.241443,-51.765877],[-58.235906,-51.758198],[-58.289152,-51.748685],[-58.305986,-51.753956],[-58.29833,-51.747395],[-58.266069,-51.748532],[-58.193175,-51.766195],[-58.189342,-51.75544],[-58.164162,-51.757318],[-58.184353,-51.742632],[-58.153306,-51.739743],[-58.158117,-51.765061],[-58.064966,-51.771691],[-58.092752,-51.762532],[-58.083435,-51.759699],[-58.091525,-51.757201],[-58.065175,-51.759699],[-58.046616,-51.750479],[-58.086778,-51.7419],[-58.067251,-51.735875],[-58.044177,-51.737333],[-58.051374,-51.745958],[-58.043582,-51.750182],[-58.051372,-51.755594],[-58.036158,-51.758067],[-57.881922,-51.746658],[-57.857824,-51.738514],[-58.012254,-51.734772],[-57.894346,-51.723969],[-57.91609,-51.717514],[-57.869035,-51.729931],[-57.718088,-51.683274],[-57.82195,-51.676621],[-57.826688,-51.683934],[-57.784658,-51.699051],[-57.920976,-51.687104],[-57.831301,-51.682043],[-57.908102,-51.672902],[-57.89652,-51.669011],[-57.920722,-51.665635],[-57.929727,-51.650631],[-57.977128,-51.653061],[-57.927007,-51.648832],[-57.890295,-51.670319],[-57.86746,-51.660404],[-57.858877,-51.675343],[-57.806926,-51.659433],[-57.812922,-51.649039],[-57.787865,-51.660873],[-57.761098,-51.642357],[-57.72496,-51.644482],[-57.784425,-51.616635],[-57.888281,-51.599779],[-57.977392,-51.586949],[-58.059462,-51.592023],[-58.069277,-51.570072],[-58.089443,-51.565849],[-58.108623,-51.572345],[-58.073798,-51.578579],[-58.106498,-51.58471],[-58.101995,-51.57733],[-58.149534,-51.56709],[-58.106703,-51.564218],[-58.164931,-51.547527],[-58.120257,-51.536819],[-58.124301,-51.526549],[-58.117737,-51.536732],[-58.09557,-51.532299],[-58.114546,-51.511002],[-58.018091,-51.535213],[-58.078073,-51.495892],[-58.063108,-51.493683],[-58.035216,-51.508712],[-57.993253,-51.507136],[-57.986948,-51.526974],[-57.954908,-51.540364],[-57.76637,-51.540898],[-57.766172,-51.526391],[-57.812101,-51.518929],[-57.810426,-51.510102],[-57.874975,-51.509209],[-57.897684,-51.498204],[-57.866211,-51.496178],[-57.843809,-51.474774],[-57.839312,-51.486684],[-57.860506,-51.493784],[-57.847169,-51.501862],[-57.792149,-51.507542],[-57.783586,-51.518334],[-57.74193,-51.512661],[-57.837812,-51.474099],[-57.84168,-51.44878],[-57.870946,-51.432488],[-57.853189,-51.414383],[-57.943768,-51.362447],[-58.003923,-51.377102],[-58.014735,-51.401768],[-58.014273,-51.382385],[-58.05541,-51.369576],[-58.097005,-51.38297],[-58.156583,-51.377644],[-58.175669,-51.387956],[-58.233396,-51.382515],[-58.282686,-51.390976],[-58.291429,-51.430233],[-58.338705,-51.465699],[-58.328958,-51.475724],[-58.341913,-51.470293],[-58.386583,-51.484505],[-58.351627,-51.486708],[-58.37848,-51.512692],[-58.352979,-51.518341],[-58.337204,-51.509932],[-58.333086,-51.520379],[-58.296339,-51.487263],[-58.283764,-51.50243],[-58.29791,-51.530632],[-58.267095,-51.518765],[-58.270555,-51.53439],[-58.201278,-51.524208],[-58.216955,-51.542035],[-58.262954,-51.553664],[-58.220273,-51.563427],[-58.241607,-51.574158],[-58.178899,-51.5817],[-58.211578,-51.586756],[-58.146661,-51.611817],[-58.1951,-51.607464],[-58.252183,-51.584366],[-58.260528,-51.60067],[-58.241636,-51.617745],[-58.20462,-51.62237],[-58.228548,-51.62711],[-58.204388,-51.630349],[-58.217271,-51.632649],[-58.211709,-51.641667],[-58.172834,-51.643515],[-58.202181,-51.644765],[-58.226579,-51.637669],[-58.19908,-51.658291],[-58.212558,-51.649268],[-58.218497,-51.660175],[-58.24793,-51.620934],[-58.256816,-51.65218],[-58.240869,-51.654032],[-58.279544,-51.66166],[-58.256315,-51.6455],[-58.256187,-51.621799],[-58.282068,-51.623272],[-58.252222,-51.614438],[-58.282856,-51.5977],[-58.309011,-51.614889],[-58.29207,-51.588608],[-58.264051,-51.594601],[-58.283975,-51.572773],[-58.264712,-51.572963],[-58.275635,-51.555884],[-58.292553,-51.548173],[-58.308702,-51.55682],[-58.326684,-51.537718],[-58.327222,-51.55196],[-58.345573,-51.554495],[-58.328233,-51.56736],[-58.385873,-51.564885],[-58.36852,-51.551442],[-58.392934,-51.549481],[-58.377484,-51.530188],[-58.388906,-51.537842],[-58.405138,-51.528157],[-58.417505,-51.563122],[-58.462728,-51.547711],[-58.422006,-51.534607],[-58.433817,-51.523688],[-58.40978,-51.49054],[-58.437845,-51.501282],[-58.424741,-51.468899],[-58.473165,-51.491147],[-58.466974,-51.477642],[-58.491914,-51.468461],[-58.510602,-51.492127],[-58.52065,-51.485672],[-58.51164,-51.500675],[-58.529836,-51.511956],[-58.542604,-51.490193],[-58.514486,-51.478421],[-58.559949,-51.475628],[-58.52329,-51.471203],[-58.524595,-51.45797],[-58.543729,-51.457238],[-58.504205,-51.453782],[-58.50815,-51.436459],[-58.541791,-51.444649],[-58.517629,-51.42878],[-58.633577,-51.470051],[-58.522909,-51.42907],[-58.598976,-51.439486],[-58.537733,-51.421086],[-58.551008,-51.419194],[-58.530614,-51.412014],[-58.557943,-51.404152],[-58.527475,-51.404923],[-58.503313,-51.381196],[-58.489545,-51.385628],[-58.519395,-51.419793],[-58.50604,-51.424248],[-58.483908,-51.398322],[-58.45704,-51.45504],[-58.378778,-51.446087],[-58.3701,-51.433522],[-58.365333,-51.465293],[-58.35095,-51.462174],[-58.331064,-51.438614],[-58.358743,-51.432843],[-58.325941,-51.436238],[-58.315088,-51.416668],[-58.340833,-51.390473],[-58.376651,-51.394689],[-58.331388,-51.379212],[-58.342982,-51.354506],[-58.38569,-51.344265],[-58.378313,-51.332051],[-58.41213,-51.315747],[-58.458211,-51.316426],[-58.465906,-51.298142],[-58.513349,-51.309544],[-58.531717,-51.295051],[-58.555529,-51.304798],[-58.583768,-51.299286],[-58.606206,-51.322008],[-58.636583,-51.314431],[-58.617647,-51.350464],[-58.585011,-51.342274],[-58.586488,-51.325921],[-58.568819,-51.323521],[-58.581956,-51.339802],[-58.562479,-51.364083],[-58.580045,-51.347546],[-58.592435,-51.363644],[-58.596087,-51.348603],[-58.618997,-51.35825],[-58.63956,-51.323869],[-58.670218,-51.335834],[-58.738634,-51.314984],[-58.720426,-51.341441],[-58.737474,-51.350151],[-58.726461,-51.340813],[-58.745824,-51.317452],[-58.905301,-51.276172],[-58.966142,-51.23465]]],[[[-59.389258,-51.33683],[-59.417334,-51.34214],[-59.397742,-51.367531],[-59.452979,-51.355018],[-59.435706,-51.388405],[-59.476172,-51.403602],[-59.396521,-51.421669],[-59.385779,-51.43882],[-59.439429,-51.447059],[-59.46604,-51.463905],[-59.542273,-51.445289],[-59.520423,-51.480812],[-59.546241,-51.463539],[-59.58927,-51.457924],[-59.601477,-51.442543],[-59.541846,-51.439247],[-59.483863,-51.415382],[-59.491004,-51.395363],[-59.519934,-51.39933],[-59.574073,-51.434608],[-59.619422,-51.435646],[-59.627295,-51.468849],[-59.634375,-51.43705],[-59.732825,-51.460792],[-59.756995,-51.449806],[-59.769324,-51.458717],[-59.816504,-51.455421],[-59.814551,-51.443458],[-59.842505,-51.443764],[-59.805091,-51.439674],[-59.829627,-51.434303],[-59.773413,-51.434547],[-59.730078,-51.421547],[-59.759864,-51.415382],[-59.757788,-51.405372],[-59.771338,-51.420753],[-59.875586,-51.413856],[-59.819922,-51.395241],[-59.890662,-51.410744],[-59.896277,-51.423866],[-59.902442,-51.418434],[-59.888892,-51.407448],[-59.908484,-51.402382],[-59.860327,-51.390724],[-59.886573,-51.382179],[-59.918171,-51.385046],[-59.902991,-51.390541],[-59.915076,-51.396339],[-59.959754,-51.39579],[-59.963599,-51.411964],[-59.975257,-51.406044],[-59.980078,-51.419777],[-60.002539,-51.421119],[-60.019934,-51.403053],[-59.983252,-51.388527],[-60.009986,-51.380836],[-60.05094,-51.388222],[-60.031653,-51.41703],[-60.081397,-51.408363],[-60.068091,-51.421425],[-60.099646,-51.437843],[-60.092078,-51.450477],[-60.009436,-51.455543],[-59.982947,-51.474586],[-60.044654,-51.480079],[-60.052466,-51.493019],[-60.081092,-51.483925],[-60.10813,-51.504494],[-60.132117,-51.494362],[-60.130042,-51.506447],[-60.169715,-51.498634],[-60.150916,-51.484474],[-60.202063,-51.49778],[-60.245093,-51.494056],[-60.358496,-51.454445],[-60.4047,-51.420448],[-60.444861,-51.40348],[-60.453406,-51.411659],[-60.450537,-51.402199],[-60.487525,-51.387123],[-60.664405,-51.340004],[-60.610389,-51.359474],[-60.664527,-51.360695],[-60.644507,-51.378883],[-60.63053,-51.376564],[-60.62876,-51.403602],[-60.650672,-51.414039],[-60.613807,-51.421669],[-60.600135,-51.439369],[-60.521827,-51.451027],[-60.454383,-51.437477],[-60.446387,-51.454017],[-60.421729,-51.455177],[-60.383033,-51.485756],[-60.385945,-51.505014],[-60.482215,-51.490089],[-60.508094,-51.499977],[-60.511817,-51.526588],[-60.495642,-51.539223],[-60.475623,-51.531959],[-60.431617,-51.541542],[-60.405677,-51.562355],[-60.391028,-51.544838],[-60.397864,-51.566932],[-60.332862,-51.58036],[-60.302527,-51.56089],[-60.347571,-51.544655],[-60.321997,-51.536598],[-60.291246,-51.555532],[-60.313391,-51.576942],[-60.265113,-51.568397],[-60.307471,-51.579384],[-60.30503,-51.597755],[-60.220679,-51.614479],[-60.25553,-51.627479],[-60.220862,-51.631508],[-60.18278,-51.665953],[-60.134558,-51.683327],[-60.110999,-51.67057],[-60.099423,-51.67111],[-60.09458,-51.676857],[-60.09043,-51.677284],[-60.086707,-51.6641],[-60.084143,-51.669472],[-60.089759,-51.677711],[-60.09458,-51.679359],[-60.094275,-51.681373],[-60.074927,-51.694862],[-60.095679,-51.691017],[-60.094031,-51.698097],[-60.071143,-51.699867],[-60.07096,-51.687965],[-60.024756,-51.699074],[-60.043677,-51.705116],[-60.093848,-51.699928],[-60.086036,-51.713478],[-59.973792,-51.742286],[-60.086463,-51.722267],[-60.100623,-51.706215],[-60.17063,-51.691688],[-60.233435,-51.656288],[-60.282141,-51.680031],[-60.368384,-51.671669],[-60.520972,-51.712257],[-60.616553,-51.676613],[-60.610816,-51.696083],[-60.652965,-51.668334],[-60.663117,-51.68498],[-60.640174,-51.728248],[-60.590918,-51.774879],[-60.561011,-51.771766],[-60.569678,-51.799598],[-60.538916,-51.806984],[-60.524695,-51.793678],[-60.555823,-51.793556],[-60.521399,-51.760353],[-60.499854,-51.769813],[-60.480262,-51.759559],[-60.484107,-51.771889],[-60.458594,-51.77433],[-60.409888,-51.745033],[-60.358619,-51.755958],[-60.37168,-51.730873],[-60.387976,-51.731544],[-60.382361,-51.717323],[-60.360999,-51.710182],[-60.342994,-51.7183],[-60.31803,-51.696632],[-60.311499,-51.713478],[-60.28855,-51.720436],[-60.247718,-51.695656],[-60.195349,-51.699867],[-60.180945,-51.708656],[-60.182837,-51.752113],[-60.213965,-51.792213],[-60.23014,-51.772438],[-60.258826,-51.787758],[-60.269629,-51.778358],[-60.25553,-51.765297],[-60.280738,-51.771889],[-60.266089,-51.749428],[-60.3245,-51.761207],[-60.329688,-51.779701],[-60.321509,-51.767921],[-60.319129,-51.779152],[-60.294226,-51.778602],[-60.328345,-51.80381],[-60.297644,-51.813576],[-60.292029,-51.829628],[-60.304175,-51.840065],[-60.33396,-51.819313],[-60.343177,-51.853859],[-60.327369,-51.864174],[-60.342994,-51.859779],[-60.338599,-51.868812],[-60.364295,-51.87693],[-60.351661,-51.861183],[-60.383582,-51.85569],[-60.382239,-51.84568],[-60.41886,-51.868995],[-60.397559,-51.845131],[-60.40885,-51.841285],[-60.380042,-51.838112],[-60.373586,-51.816464],[-60.356726,-51.814918],[-60.372046,-51.796974],[-60.390052,-51.8115],[-60.400061,-51.799843],[-60.418433,-51.818214],[-60.405432,-51.794533],[-60.373023,-51.786842],[-60.372657,-51.770912],[-60.386512,-51.777626],[-60.372779,-51.765419],[-60.4047,-51.7808],[-60.405677,-51.771461],[-60.419532,-51.792213],[-60.437232,-51.79026],[-60.414893,-51.769996],[-60.449134,-51.778297],[-60.477393,-51.818214],[-60.445472,-51.851539],[-60.477183,-51.872028],[-60.449683,-51.875953],[-60.497107,-51.90818],[-60.499488,-51.93174],[-60.547034,-51.941749],[-60.629187,-51.917946],[-60.645057,-51.924782],[-60.624793,-51.936256],[-60.562537,-51.937965],[-60.543189,-51.953834],[-60.500403,-51.953163],[-60.491065,-51.941627],[-60.469825,-51.946144],[-60.421057,-51.923378],[-60.397315,-51.925575],[-60.433081,-51.962623],[-60.570472,-51.984169],[-60.51908,-52.003639],[-60.503455,-52.023109],[-60.534034,-52.007301],[-60.545386,-52.026954],[-60.536597,-52.00254],[-60.572119,-51.989357],[-60.581153,-52.00608],[-60.555396,-52.026222],[-60.585425,-52.009498],[-60.608191,-52.026527],[-60.595008,-52.008278],[-60.608069,-52.004432],[-60.5875,-52.005287],[-60.577369,-51.986915],[-60.586402,-51.981544],[-60.616248,-51.979103],[-60.617224,-51.98484],[-60.628211,-51.98069],[-60.634131,-51.999367],[-60.639563,-51.992775],[-60.633948,-51.991798],[-60.630103,-51.979347],[-60.623938,-51.978493],[-60.649207,-51.968544],[-60.673194,-51.975502],[-60.669348,-52.004555],[-60.653723,-52.008583],[-60.670325,-52.017067],[-60.653296,-52.022499],[-60.676734,-52.03257],[-60.639075,-52.037758],[-60.683448,-52.046974],[-60.690345,-51.969887],[-60.702369,-51.974647],[-60.691809,-52.004127],[-60.721839,-52.012367],[-60.712256,-52.005104],[-60.732154,-52.002113],[-60.707618,-51.98539],[-60.727759,-51.985267],[-60.704016,-51.963966],[-60.731299,-51.962623],[-60.753272,-51.977577],[-60.74491,-51.961769],[-60.775061,-51.96714],[-60.778052,-51.957374],[-60.845008,-51.953712],[-60.854163,-51.969215],[-60.827979,-51.975624],[-60.838538,-51.98484],[-60.820472,-51.987709],[-60.820838,-52.001991],[-60.791114,-51.989357],[-60.793555,-51.999244],[-60.746375,-52.001991],[-60.750647,-52.02256],[-60.800818,-52.025856],[-60.810135,-52.036202],[-60.859656,-52.04203],[-60.896277,-52.028419],[-60.87052,-52.0709],[-60.812049,-52.060768],[-60.856543,-52.085182],[-60.876685,-52.073402],[-60.920142,-52.08329],[-60.8823,-52.07328],[-60.917517,-52.067787],[-60.893286,-52.058754],[-60.896704,-52.037086],[-60.979529,-52.048866],[-61.004493,-52.039955],[-61.00376,-52.019081],[-61.024085,-52.007606],[-61.067786,-52.007301],[-61.078101,-52.016762],[-61.042151,-52.014992],[-61.048194,-52.072181],[-61.019812,-52.080543],[-61.011878,-52.073524],[-61.02323,-52.042824],[-60.996802,-52.074257],[-60.973609,-52.078041],[-60.978431,-52.087684],[-60.946997,-52.090248],[-60.93302,-52.116493],[-60.858863,-52.124306],[-60.859412,-52.146095],[-60.817847,-52.151405],[-60.825415,-52.172523],[-60.794837,-52.189979],[-60.720496,-52.186806],[-60.719519,-52.176246],[-60.770789,-52.167213],[-60.796175,-52.140037],[-60.84458,-52.12754],[-60.850074,-52.107033],[-60.814673,-52.097938],[-60.811011,-52.112343],[-60.764258,-52.110267],[-60.743384,-52.124244],[-60.716101,-52.102882],[-60.711463,-52.118629],[-60.666175,-52.137733],[-60.715308,-52.129494],[-60.746914,-52.144105],[-60.717505,-52.160438],[-60.701575,-52.141701],[-60.704444,-52.1735],[-60.661414,-52.154335],[-60.696936,-52.179237],[-60.672095,-52.192421],[-60.629309,-52.175392],[-60.665076,-52.19297],[-60.631934,-52.214638],[-60.673194,-52.199806],[-60.696387,-52.213112],[-60.66648,-52.222755],[-60.681433,-52.235451],[-60.652747,-52.259071],[-60.618506,-52.259437],[-60.622473,-52.232338],[-60.604651,-52.251137],[-60.595008,-52.234901],[-60.571448,-52.235756],[-60.504248,-52.203834],[-60.551001,-52.184181],[-60.522193,-52.1912],[-60.505774,-52.187904],[-60.512793,-52.179115],[-60.490027,-52.180641],[-60.519324,-52.159218],[-60.535132,-52.167213],[-60.524146,-52.155128],[-60.544715,-52.136513],[-60.576514,-52.164467],[-60.557715,-52.137977],[-60.586768,-52.134254],[-60.585974,-52.126076],[-60.543372,-52.112465],[-60.543494,-52.130836],[-60.508399,-52.158119],[-60.485999,-52.165993],[-60.473304,-52.149635],[-60.466285,-52.178566],[-60.443213,-52.169655],[-60.465186,-52.159767],[-60.416358,-52.144325],[-60.407325,-52.172157],[-60.368262,-52.176246],[-60.404578,-52.124855],[-60.500708,-52.110695],[-60.458289,-52.10276],[-60.45066,-52.114296],[-60.408667,-52.120033],[-60.388098,-52.135658],[-60.38114,-52.111793],[-60.407569,-52.091102],[-60.381018,-52.103126],[-60.327918,-52.101356],[-60.347388,-52.114113],[-60.377539,-52.108253],[-60.380713,-52.153785],[-60.353553,-52.161049],[-60.266394,-52.089332],[-60.242347,-52.018593],[-60.258033,-52.023903],[-60.282508,-52.082008],[-60.281836,-52.020485],[-60.295142,-52.026405],[-60.311438,-52.008278],[-60.297095,-52.01017],[-60.327796,-51.999367],[-60.335303,-51.993446],[-60.357398,-52.00663],[-60.342627,-51.994423],[-60.335608,-51.992103],[-60.330909,-51.994118],[-60.328345,-51.96891],[-60.340552,-51.964821],[-60.336158,-51.959999],[-60.359717,-51.957924],[-60.369361,-51.932289],[-60.330664,-51.939064],[-60.328345,-51.959999],[-60.309119,-51.932838],[-60.309546,-51.949867],[-60.331214,-51.962318],[-60.326575,-51.96714],[-60.32804,-51.99308],[-60.294165,-52.00608],[-60.290076,-52.01432],[-60.274573,-52.001686],[-60.284461,-51.993446],[-60.266761,-51.998024],[-60.209632,-51.967811],[-60.24198,-51.992897],[-60.207007,-51.979225],[-60.220862,-51.994301],[-60.171485,-51.968117],[-60.239051,-52.016762],[-60.162452,-52.003761],[-60.100074,-52.008278],[-60.087867,-51.970863],[-60.101966,-51.961769],[-60.087561,-51.964393],[-60.0792,-51.935341],[-60.067237,-51.949989],[-60.051673,-51.943153],[-60.075476,-51.961647],[-60.037268,-51.969459],[-60.017493,-51.959633],[-59.997351,-51.969581],[-60.017798,-51.967445],[-59.996802,-51.982338],[-60.017798,-51.998817],[-60.004309,-52.005836],[-59.919471,-51.966591],[-59.900977,-51.978798],[-59.859534,-51.964088],[-59.834449,-51.897072],[-59.783973,-51.861732],[-59.749182,-51.810707],[-59.773963,-51.820045],[-59.753028,-51.805641],[-59.726661,-51.814247],[-59.628638,-51.754066],[-59.619178,-51.743751],[-59.664283,-51.743629],[-59.607398,-51.730873],[-59.543738,-51.646278],[-59.602698,-51.686317],[-59.589026,-51.66111],[-59.5026,-51.602028],[-59.538428,-51.647804],[-59.43888,-51.584999],[-59.480933,-51.632301],[-59.440955,-51.634254],[-59.390845,-51.606788],[-59.385779,-51.579628],[-59.338355,-51.528358],[-59.346167,-51.520546],[-59.395789,-51.55674],[-59.368079,-51.527138],[-59.393103,-51.536476],[-59.358496,-51.507789],[-59.381568,-51.502723],[-59.48014,-51.526039],[-59.377417,-51.498634],[-59.353858,-51.507545],[-59.366187,-51.486549],[-59.331214,-51.492592],[-59.33451,-51.524147],[-59.201819,-51.43827],[-59.291907,-51.463783],[-59.271582,-51.457741],[-59.291724,-51.451881],[-59.266272,-51.445839],[-59.292029,-51.431129],[-59.194129,-51.400062],[-59.224829,-51.401649],[-59.306311,-51.378212],[-59.389258,-51.33683]]],[[[-37.71608,-53.992318],[-37.733569,-53.981182],[-37.728286,-54.008451],[-37.764978,-54.003954],[-37.828232,-54.021538],[-37.877391,-54.00117],[-37.953201,-54.006595],[-37.969143,-54.024679],[-38.008737,-54.009307],[-38.021158,-54.018682],[-37.997792,-54.032816],[-38.02211,-54.061798],[-38.047665,-54.068128],[-38.004264,-54.061608],[-38.012783,-54.072506],[-37.995746,-54.072125],[-37.975711,-54.06118],[-37.982183,-54.050615],[-37.951678,-54.040145],[-37.946967,-54.049901],[-37.884768,-54.062655],[-37.82195,-54.035577],[-37.804532,-54.061037],[-37.791017,-54.047807],[-37.747806,-54.057563],[-37.699693,-54.035053],[-37.669093,-54.033863],[-37.661098,-54.052852],[-37.613223,-54.04419],[-37.607608,-54.055802],[-37.651818,-54.066605],[-37.64606,-54.078121],[-37.701835,-54.084927],[-37.733243,-54.109959],[-37.685369,-54.113623],[-37.673709,-54.10382],[-37.638017,-54.11743],[-37.732101,-54.138131],[-37.72877,-54.150267],[-37.671425,-54.157786],[-37.693935,-54.177726],[-37.633354,-54.178963],[-37.629547,-54.191336],[-37.543315,-54.17054],[-37.546265,-54.153217],[-37.581339,-54.152123],[-37.560257,-54.148458],[-37.560875,-54.135466],[-37.511002,-54.141986],[-37.480259,-54.126853],[-37.477356,-54.137893],[-37.4074,-54.152503],[-37.231415,-54.149315],[-37.225133,-54.166685],[-37.289522,-54.165257],[-37.292567,-54.174537],[-37.415823,-54.186958],[-37.391743,-54.211942],[-37.306273,-54.230312],[-37.334398,-54.243589],[-37.418131,-54.251227],[-37.420844,-54.276592],[-37.405044,-54.27526],[-37.406948,-54.257223],[-37.401856,-54.271167],[-37.384627,-54.265799],[-37.387865,-54.25532],[-37.374682,-54.271167],[-37.349413,-54.26874],[-37.363499,-54.283398],[-37.334184,-54.270596],[-37.303441,-54.274784],[-37.257565,-54.25513],[-37.253949,-54.239758],[-37.220938,-54.238975],[-37.227251,-54.254558],[-37.212165,-54.247991],[-37.204075,-54.266646],[-37.172523,-54.273642],[-37.151822,-54.263791],[-37.105565,-54.288728],[-37.086577,-54.281066],[-37.081485,-54.309238],[-37.109277,-54.324705],[-37.08929,-54.32875],[-37.085816,-54.317852],[-37.06659,-54.337935],[-37.057167,-54.325228],[-37.046602,-54.347357],[-37.018763,-54.34217],[-37.030422,-54.353877],[-37.01348,-54.360159],[-36.948759,-54.359588],[-36.916113,-54.334937],[-36.853581,-54.354924],[-36.903182,-54.372751],[-36.88477,-54.372868],[-36.894906,-54.390714],[-36.846756,-54.382031],[-36.839977,-54.408163],[-36.801529,-54.400363],[-36.783518,-54.413941],[-36.817946,-54.458414],[-36.740134,-54.466379],[-36.738338,-54.47882],[-36.682948,-54.491493],[-36.654368,-54.482973],[-36.644644,-54.491618],[-36.661748,-54.493366],[-36.662327,-54.508049],[-36.64139,-54.517952],[-36.615029,-54.520456],[-36.58072,-54.502668],[-36.499879,-54.507995],[-36.519005,-54.520311],[-36.464594,-54.531848],[-36.499469,-54.568924],[-36.423531,-54.588875],[-36.414611,-54.617283],[-36.35503,-54.654834],[-36.368096,-54.667966],[-36.30706,-54.706231],[-36.321971,-54.706369],[-36.327199,-54.725407],[-36.308013,-54.733056],[-36.312464,-54.747008],[-36.256115,-54.769796],[-36.275638,-54.771429],[-36.265592,-54.796535],[-36.231076,-54.812615],[-36.213544,-54.803525],[-36.209885,-54.824434],[-36.156644,-54.834445],[-36.14609,-54.844929],[-36.159867,-54.850355],[-36.128385,-54.847517],[-36.134001,-54.863262],[-36.105781,-54.856313],[-36.131752,-54.873835],[-36.118397,-54.887335],[-36.107916,-54.881849],[-36.10721,-54.900353],[-36.076744,-54.872801],[-36.070783,-54.886382],[-36.05197,-54.882417],[-36.042579,-54.854474],[-36.014364,-54.883663],[-36.008664,-54.861661],[-36.028734,-54.853568],[-36.004644,-54.858419],[-35.99985,-54.871886],[-35.990527,-54.859791],[-35.981877,-54.881802],[-35.96185,-54.867793],[-35.977918,-54.855853],[-35.93745,-54.857306],[-35.965703,-54.833651],[-36.016566,-54.843633],[-36.048008,-54.834794],[-36.018159,-54.83869],[-35.995256,-54.825156],[-36.066639,-54.819545],[-36.077402,-54.811906],[-36.036184,-54.811533],[-36.090912,-54.786706],[-36.124806,-54.785368],[-36.108023,-54.777666],[-36.119428,-54.751614],[-36.105379,-54.770764],[-36.07927,-54.768405],[-36.060399,-54.78565],[-35.976574,-54.813812],[-35.939386,-54.809953],[-35.951474,-54.791801],[-35.931553,-54.80572],[-35.939695,-54.812913],[-35.914187,-54.815219],[-35.895514,-54.783727],[-35.887293,-54.803717],[-35.882405,-54.785455],[-35.842384,-54.800539],[-35.794093,-54.777961],[-35.805471,-54.767607],[-35.791754,-54.761192],[-35.834292,-54.764031],[-35.871813,-54.732101],[-35.918533,-54.73144],[-35.926599,-54.714842],[-35.971621,-54.704014],[-35.916166,-54.697499],[-35.925543,-54.649596],[-35.964443,-54.622735],[-35.928035,-54.62023],[-35.921959,-54.58745],[-35.902157,-54.593171],[-35.912101,-54.57484],[-35.893637,-54.545274],[-35.982656,-54.577875],[-35.990203,-54.59731],[-35.995667,-54.576498],[-36.02319,-54.565231],[-36.091125,-54.575039],[-36.112412,-54.547376],[-36.079317,-54.536827],[-36.087147,-54.519949],[-36.039459,-54.520107],[-36.008805,-54.504741],[-36.036158,-54.500429],[-36.055995,-54.472585],[-36.147336,-54.462634],[-36.177014,-54.449617],[-36.186795,-54.434834],[-36.169587,-54.422914],[-36.187929,-54.41417],[-36.165165,-54.411569],[-36.185688,-54.394482],[-36.15746,-54.37449],[-36.184235,-54.388419],[-36.206096,-54.380865],[-36.264174,-54.390995],[-36.207776,-54.348944],[-36.245881,-54.351139],[-36.243163,-54.340192],[-36.267862,-54.339042],[-36.239538,-54.332666],[-36.240298,-54.32144],[-36.259813,-54.323333],[-36.250833,-54.287274],[-36.298622,-54.300756],[-36.294836,-54.269366],[-36.327984,-54.27291],[-36.329531,-54.262834],[-36.355389,-54.265108],[-36.400152,-54.244003],[-36.401228,-54.27682],[-36.330682,-54.349716],[-36.348034,-54.374258],[-36.392647,-54.364334],[-36.444055,-54.314407],[-36.484863,-54.362422],[-36.521878,-54.355811],[-36.501204,-54.356285],[-36.494594,-54.311985],[-36.477656,-54.306205],[-36.507538,-54.283058],[-36.48489,-54.283651],[-36.468085,-54.264742],[-36.466073,-54.248739],[-36.488135,-54.238871],[-36.500558,-54.252667],[-36.509375,-54.238202],[-36.539545,-54.24263],[-36.611917,-54.284013],[-36.63146,-54.274751],[-36.67353,-54.300341],[-36.698276,-54.301591],[-36.651288,-54.271746],[-36.704673,-54.249843],[-36.69888,-54.233462],[-36.643666,-54.242783],[-36.618285,-54.233843],[-36.613841,-54.215976],[-36.584827,-54.210884],[-36.59377,-54.189718],[-36.544807,-54.199392],[-36.526212,-54.18652],[-36.489565,-54.199408],[-36.490449,-54.181817],[-36.526955,-54.184636],[-36.560989,-54.164348],[-36.638299,-54.176437],[-36.664568,-54.192877],[-36.704215,-54.187206],[-36.707102,-54.17468],[-36.653005,-54.16834],[-36.708957,-54.162027],[-36.680573,-54.151228],[-36.688339,-54.137009],[-36.644322,-54.146298],[-36.626549,-54.130441],[-36.642751,-54.120555],[-36.673413,-54.126621],[-36.667219,-54.113635],[-36.692755,-54.119704],[-36.729926,-54.105468],[-36.739451,-54.112987],[-36.769161,-54.10674],[-36.785626,-54.115902],[-36.78555,-54.150924],[-36.807049,-54.15412],[-36.825909,-54.131225],[-36.809247,-54.095451],[-36.856505,-54.079143],[-36.872225,-54.092989],[-36.896082,-54.078322],[-36.941036,-54.085672],[-36.954635,-54.105357],[-36.997497,-54.116063],[-37.001931,-54.129226],[-37.016192,-54.125149],[-37.01319,-54.13501],[-37.049062,-54.136377],[-37.033345,-54.112036],[-36.973664,-54.086402],[-36.98736,-54.072079],[-36.969686,-54.06671],[-36.988572,-54.055653],[-37.004509,-54.080444],[-37.023811,-54.068109],[-37.072181,-54.078616],[-37.120265,-54.113909],[-37.110214,-54.128871],[-37.151845,-54.13401],[-37.164866,-54.126929],[-37.142365,-54.116079],[-37.151674,-54.084555],[-37.104503,-54.066852],[-37.160126,-54.066795],[-37.130316,-54.058572],[-37.145792,-54.053775],[-37.134713,-54.04241],[-37.179999,-54.044809],[-37.189936,-54.069536],[-37.222372,-54.055793],[-37.251495,-54.095039],[-37.269369,-54.055578],[-37.318767,-54.060775],[-37.357481,-54.049452],[-37.418504,-54.067771],[-37.500358,-54.06206],[-37.439753,-54.041787],[-37.457742,-54.034078],[-37.436326,-54.023513],[-37.456242,-54.014875],[-37.383502,-54.006309],[-37.366156,-53.991818],[-37.418837,-53.985894],[-37.43447,-54.003026],[-37.457028,-53.995102],[-37.471804,-54.01202],[-37.550683,-54.027225],[-37.59694,-54.009736],[-37.686598,-54.015732],[-37.675605,-53.988106],[-37.71608,-53.992318]]],[[[-60.884416,-51.76507],[-60.900762,-51.762487],[-60.894325,-51.776263],[-60.915687,-51.779389],[-60.89219,-51.810917],[-60.875474,-51.805444],[-60.90577,-51.830085],[-60.903306,-51.857231],[-60.918534,-51.831426],[-60.934655,-51.851104],[-60.947999,-51.840398],[-60.954232,-51.865537],[-61.013058,-51.870021],[-61.0522,-51.889235],[-61.029141,-51.872102],[-61.033343,-51.858004],[-60.962182,-51.827428],[-60.963262,-51.815607],[-60.933652,-51.813059],[-60.951192,-51.79873],[-60.988737,-51.805444],[-60.97757,-51.778497],[-61.038758,-51.784361],[-61.033471,-51.81526],[-61.05322,-51.811796],[-61.063562,-51.825406],[-61.038161,-51.845155],[-61.092904,-51.824121],[-61.117644,-51.836853],[-61.101262,-51.809126],[-61.142053,-51.819074],[-61.132443,-51.825903],[-61.151544,-51.838064],[-61.167001,-51.832258],[-61.160962,-51.852563],[-61.127446,-51.841306],[-61.136441,-51.852182],[-61.093484,-51.848249],[-61.100816,-51.859426],[-61.134057,-51.859262],[-61.136666,-51.881071],[-61.118863,-51.881189],[-61.137444,-51.904166],[-61.117024,-51.910143],[-61.101045,-51.901029],[-61.098836,-51.931398],[-61.079267,-51.91529],[-61.068904,-51.935066],[-61.038661,-51.925306],[-61.074134,-51.941974],[-61.04139,-51.95215],[-61.057721,-51.966447],[-61.032166,-51.965139],[-61.002082,-51.98925],[-60.975974,-51.98431],[-60.966979,-51.964567],[-60.898763,-51.952661],[-60.925851,-51.936876],[-60.890897,-51.937387],[-60.870931,-51.917173],[-60.870534,-51.90101],[-60.910378,-51.910802],[-60.915574,-51.896158],[-60.871884,-51.890142],[-60.89819,-51.883643],[-60.881192,-51.876695],[-60.881863,-51.822034],[-60.856583,-51.788549],[-60.863344,-51.764937],[-60.884416,-51.76507]]],[[[-60.293762,-51.265442],[-60.325562,-51.262634],[-60.304687,-51.293579],[-60.239441,-51.308289],[-60.202026,-51.342957],[-60.139099,-51.360352],[-60.164062,-51.364075],[-60.121643,-51.364746],[-60.130066,-51.388184],[-60.146484,-51.38092],[-60.137817,-51.391479],[-60.176208,-51.396851],[-60.186951,-51.389709],[-60.169006,-51.380005],[-60.232605,-51.338562],[-60.243164,-51.360779],[-60.284424,-51.369568],[-60.273987,-51.395996],[-60.315674,-51.389282],[-60.25769,-51.413696],[-60.200623,-51.396851],[-60.197754,-51.406311],[-60.170776,-51.398071],[-60.109985,-51.403687],[-60.121094,-51.396179],[-60.098206,-51.384521],[-60.107666,-51.378906],[-60.080261,-51.382446],[-60.083008,-51.36377],[-60.044739,-51.337891],[-60.079041,-51.32843],[-60.062195,-51.313171],[-60.086304,-51.314148],[-60.09137,-51.303467],[-60.157593,-51.316467],[-60.230652,-51.307312],[-60.265503,-51.27179],[-60.293762,-51.265442]]],[[[-59.762202,-51.248211],[-59.837908,-51.264322],[-59.811555,-51.280339],[-59.728334,-51.300624],[-59.721886,-51.29293],[-59.714711,-51.303241],[-59.680384,-51.294116],[-59.619516,-51.305056],[-59.586293,-51.343744],[-59.461451,-51.351061],[-59.485372,-51.332544],[-59.477835,-51.303315],[-59.459447,-51.327736],[-59.424416,-51.338085],[-59.491524,-51.275822],[-59.5178,-51.275005],[-59.517172,-51.28589],[-59.549437,-51.278039],[-59.546304,-51.302221],[-59.587732,-51.311369],[-59.600557,-51.305304],[-59.588279,-51.282576],[-59.603355,-51.28486],[-59.588164,-51.270241],[-59.603427,-51.262854],[-59.696154,-51.272696],[-59.72576,-51.268394],[-59.726504,-51.257],[-59.743727,-51.264874],[-59.762202,-51.248211]]],[[[-58.422259,-51.988535],[-58.426167,-52.0062],[-58.484471,-51.989416],[-58.469797,-52.003052],[-58.490768,-51.996781],[-58.493474,-52.005842],[-58.522984,-52.008035],[-58.512305,-52.015983],[-58.533542,-52.010332],[-58.553589,-52.022646],[-58.522359,-52.040373],[-58.513276,-52.05545],[-58.529272,-52.058887],[-58.481015,-52.070651],[-58.473066,-52.085168],[-58.446037,-52.075708],[-58.445538,-52.087148],[-58.467236,-52.092247],[-58.448558,-52.102062],[-58.413758,-52.097006],[-58.43327,-52.089154],[-58.425489,-52.06695],[-58.442237,-52.050111],[-58.423825,-52.026968],[-58.435319,-52.02384],[-58.446573,-52.041265],[-58.466481,-52.040033],[-58.471726,-52.027193],[-58.441635,-52.029784],[-58.455085,-52.008112],[-58.420438,-52.024282],[-58.403787,-52.014436],[-58.414239,-52.000711],[-58.397237,-51.999403],[-58.422259,-51.988535]]],[[[-59.772973,-52.154062],[-59.782048,-52.140123],[-59.808237,-52.16859],[-59.786227,-52.185306],[-59.761302,-52.17912],[-59.741631,-52.191347],[-59.739709,-52.222842],[-59.753986,-52.229088],[-59.73959,-52.244793],[-59.760648,-52.24979],[-59.762113,-52.266702],[-59.747106,-52.296053],[-59.730508,-52.261713],[-59.717576,-52.266664],[-59.683139,-52.245849],[-59.689458,-52.229066],[-59.670129,-52.222154],[-59.693785,-52.217726],[-59.697427,-52.168283],[-59.768024,-52.173944],[-59.772973,-52.154062]]],[[[-59.957879,-51.285585],[-60.044553,-51.305544],[-59.988726,-51.345182],[-59.930565,-51.356462],[-59.919824,-51.336614],[-59.948839,-51.315657],[-59.917133,-51.326543],[-59.898728,-51.31265],[-59.923325,-51.315549],[-59.957879,-51.285585]]],[[[-61.231042,-51.796209],[-61.238574,-51.814386],[-61.265778,-51.808508],[-61.261922,-51.830637],[-61.307012,-51.800348],[-61.297531,-51.830726],[-61.308888,-51.817987],[-61.347457,-51.833379],[-61.240804,-51.878828],[-61.204644,-51.849847],[-61.264681,-51.861507],[-61.229306,-51.84202],[-61.253537,-51.831754],[-61.239461,-51.821038],[-61.210919,-51.830012],[-61.195686,-51.822458],[-61.231042,-51.796209]]],[[[-59.687486,-52.307241],[-59.67899,-52.301744],[-59.74558,-52.317476],[-59.75114,-52.308725],[-59.763648,-52.343781],[-59.783879,-52.339708],[-59.816244,-52.361313],[-59.786828,-52.363386],[-59.786719,-52.377303],[-59.76003,-52.383268],[-59.735616,-52.359575],[-59.753831,-52.348844],[-59.687486,-52.307241]]],[[[-58.828243,-52.158825],[-58.826178,-52.133079],[-58.861889,-52.178718],[-58.85658,-52.214196],[-58.885018,-52.221891],[-58.914743,-52.213772],[-58.936635,-52.234913],[-58.949035,-52.224347],[-58.968976,-52.236428],[-58.990155,-52.222725],[-59.003823,-52.248253],[-58.935786,-52.243192],[-58.835449,-52.210698],[-58.826255,-52.199163],[-58.850339,-52.170487],[-58.828243,-52.158825]]],[[[-61.254298,-51.682485],[-61.268718,-51.677262],[-61.276553,-51.695287],[-61.333091,-51.692086],[-61.309275,-51.722085],[-61.315669,-51.747571],[-61.293719,-51.764222],[-61.274897,-51.744016],[-61.304633,-51.739766],[-61.300987,-51.722047],[-61.279418,-51.721353],[-61.292966,-51.706462],[-61.271033,-51.698174],[-61.239909,-51.717648],[-61.255322,-51.698314],[-61.212188,-51.703561],[-61.211818,-51.689855],[-61.22518,-51.696122],[-61.254298,-51.682485]]],[[[-59.739469,-51.318894],[-59.751771,-51.333461],[-59.782678,-51.322],[-59.750095,-51.348217],[-59.779897,-51.34361],[-59.831895,-51.359396],[-59.800392,-51.374082],[-59.795636,-51.362424],[-59.814839,-51.361055],[-59.782958,-51.3522],[-59.743963,-51.364072],[-59.776036,-51.365018],[-59.746669,-51.370767],[-59.744748,-51.381881],[-59.736936,-51.361542],[-59.718209,-51.358484],[-59.660325,-51.37063],[-59.733521,-51.342546],[-59.733426,-51.327463],[-59.745049,-51.336271],[-59.739469,-51.318894]]],[[[-60.588828,-51.252133],[-60.601844,-51.242496],[-60.605781,-51.270317],[-60.568677,-51.296897],[-60.534971,-51.29695],[-60.522267,-51.318564],[-60.509344,-51.306116],[-60.519484,-51.290419],[-60.588828,-51.252133]]],[[[-60.870381,-51.967916],[-60.882806,-51.963972],[-60.884992,-51.984563],[-60.904102,-51.979498],[-60.908802,-51.989908],[-60.950635,-51.99679],[-60.852791,-52.013875],[-60.847467,-52.00361],[-60.871167,-52.00044],[-60.853955,-51.993001],[-60.870381,-51.967916]]],[[[-37.089913,-54.474112],[-37.12326,-54.481906],[-37.078531,-54.49956],[-37.098021,-54.514347],[-37.022815,-54.49918],[-37.089913,-54.474112]]],[[[-61.117103,-51.025286],[-61.132483,-51.027567],[-61.10833,-51.048841],[-61.137511,-51.062662],[-61.047774,-51.082537],[-61.091281,-51.034471],[-61.117103,-51.025286]]],[[[-59.556415,-51.785659],[-59.535382,-51.756548],[-59.578454,-51.782899],[-59.625325,-51.789419],[-59.624587,-51.809335],[-59.55933,-51.806063],[-59.556415,-51.785659]]],[[[-60.714519,-51.334784],[-60.731758,-51.326349],[-60.703273,-51.380723],[-60.663811,-51.351359],[-60.683544,-51.353982],[-60.682316,-51.342879],[-60.714519,-51.334784]]],[[[-59.691755,-51.936775],[-59.714719,-51.941244],[-59.708959,-51.963632],[-59.724168,-51.974794],[-59.698098,-51.980066],[-59.696698,-51.992143],[-59.665952,-51.973226],[-59.701094,-51.959856],[-59.680669,-51.945615],[-59.691755,-51.936775]]],[[[-59.656693,-52.352079],[-59.692493,-52.375761],[-59.717595,-52.367784],[-59.742747,-52.385697],[-59.69827,-52.396693],[-59.691914,-52.380136],[-59.648577,-52.370164],[-59.656693,-52.352079]]],[[[-59.060997,-52.423654],[-59.104463,-52.422236],[-59.152289,-52.438626],[-59.123652,-52.449459],[-59.073304,-52.431314],[-59.037001,-52.432749],[-59.060997,-52.423654]]],[[[-59.712056,-51.390321],[-59.740067,-51.406656],[-59.723233,-51.423681],[-59.683482,-51.406463],[-59.697064,-51.399187],[-59.687554,-51.390148],[-59.712056,-51.390321]]],[[[-61.219964,-51.025622],[-61.25351,-51.01277],[-61.230672,-51.036925],[-61.166625,-51.055424],[-61.219964,-51.025622]]],[[[-60.697469,-51.604581],[-60.683686,-51.676084],[-60.657048,-51.66007],[-60.697469,-51.604581]]],[[[-60.809458,-51.567444],[-60.818106,-51.575978],[-60.803213,-51.582936],[-60.731665,-51.587332],[-60.762421,-51.570908],[-60.809458,-51.567444]]],[[[-59.691168,-51.328296],[-59.715759,-51.33517],[-59.702648,-51.351413],[-59.663841,-51.357551],[-59.676891,-51.34955],[-59.655102,-51.344177],[-59.652416,-51.358215],[-59.638329,-51.356742],[-59.649494,-51.337707],[-59.701817,-51.347297],[-59.691168,-51.328296]]],[[[-59.728928,-52.091379],[-59.718156,-52.044405],[-59.74909,-52.079039],[-59.745488,-52.091348],[-59.728928,-52.091379]]],[[[-59.641648,-51.369005],[-59.672292,-51.374166],[-59.668351,-51.38471],[-59.590135,-51.371603],[-59.641648,-51.369005]]],[[[-58.395572,-51.904087],[-58.428725,-51.905499],[-58.398991,-51.907464],[-58.425794,-51.920094],[-58.444082,-51.920135],[-58.426652,-51.917636],[-58.439739,-51.910498],[-58.472732,-51.91338],[-58.449732,-51.925595],[-58.401546,-51.922522],[-58.395572,-51.904087]]],[[[-59.601113,-51.405992],[-59.638299,-51.40909],[-59.642602,-51.420324],[-59.592282,-51.426124],[-59.601113,-51.405992]]],[[[-61.169259,-51.87536],[-61.18924,-51.875002],[-61.215489,-51.911135],[-61.169259,-51.87536]]],[[[-59.884055,-51.239093],[-59.901786,-51.239959],[-59.888632,-51.258063],[-59.840967,-51.263094],[-59.884055,-51.239093]]],[[[-60.500526,-51.825574],[-60.51062,-51.835121],[-60.491853,-51.858667],[-60.469983,-51.851518],[-60.469201,-51.836767],[-60.500526,-51.825574]]],[[[-35.770866,-54.803609],[-35.809887,-54.804252],[-35.803034,-54.825167],[-35.781882,-54.826401],[-35.770866,-54.803609]]],[[[-60.900151,-51.089379],[-60.920781,-51.087575],[-60.863831,-51.124116],[-60.860909,-51.112988],[-60.900151,-51.089379]]],[[[-58.615677,-52.13161],[-58.624654,-52.112672],[-58.612172,-52.151521],[-58.596322,-52.142335],[-58.615677,-52.13161]]],[[[-60.395209,-51.143019],[-60.442866,-51.152193],[-60.375094,-51.146773],[-60.395209,-51.143019]]],[[[-61.164681,-51.905634],[-61.165875,-51.891246],[-61.193094,-51.908449],[-61.159098,-51.908449],[-61.147504,-51.894765],[-61.164681,-51.905634]]],[[[-60.835724,-51.151696],[-60.894337,-51.171875],[-60.85492,-51.169411],[-60.828003,-51.159199],[-60.835724,-51.151696]]],[[[-58.486946,-51.972189],[-58.499096,-51.976119],[-58.471481,-51.984786],[-58.431255,-51.984736],[-58.486946,-51.972189]]],[[[-58.07015,-51.55146],[-58.095266,-51.553257],[-58.03964,-51.56377],[-58.07015,-51.55146]]],[[[-60.447141,-51.610708],[-60.461598,-51.607187],[-60.418515,-51.628103],[-60.432805,-51.606485],[-60.447141,-51.610708]]],[[[-59.650659,-51.79366],[-59.621889,-51.76825],[-59.664133,-51.799012],[-59.650659,-51.79366]]],[[[-59.590991,-51.862615],[-59.622922,-51.869775],[-59.607564,-51.878297],[-59.590991,-51.862615]]],[[[-61.185536,-51.848859],[-61.206183,-51.866246],[-61.168496,-51.856355],[-61.185536,-51.848859]]],[[[-59.834996,-51.36614],[-59.871053,-51.375494],[-59.834458,-51.379008],[-59.834996,-51.36614]]],[[[-60.399719,-51.356628],[-60.412659,-51.357483],[-60.370544,-51.372559],[-60.399719,-51.356628]]],[[[-61.035668,-51.778881],[-61.075839,-51.786856],[-61.066804,-51.794844],[-61.035668,-51.778881]]],[[[-60.723083,-51.465149],[-60.697693,-51.482971],[-60.692131,-51.475167],[-60.723083,-51.465149]]],[[[-60.428293,-52.210702],[-60.414588,-52.199993],[-60.461902,-52.210289],[-60.45229,-52.221929],[-60.428293,-52.210702]]],[[[-58.383975,-51.996803],[-58.371393,-52.007162],[-58.348717,-52.004145],[-58.383975,-51.996803]]],[[[-60.487645,-51.54892],[-60.506852,-51.555576],[-60.491143,-51.569676],[-60.487645,-51.54892]]],[[[-58.708285,-52.128076],[-58.734694,-52.131078],[-58.716879,-52.139387],[-58.708285,-52.128076]]],[[[-59.557496,-52.261972],[-59.548344,-52.282449],[-59.529836,-52.273805],[-59.557496,-52.261972]]],[[[-58.192721,-51.803088],[-58.226066,-51.805239],[-58.173919,-51.80643],[-58.192721,-51.803088]]],[[[-59.182993,-52.906047],[-59.186181,-52.891257],[-59.191572,-52.919029],[-59.182993,-52.906047]]],[[[-60.885875,-51.556876],[-60.875026,-51.567767],[-60.855269,-51.563681],[-60.885875,-51.556876]]],[[[-61.147912,-51.784921],[-61.162633,-51.794721],[-61.139027,-51.796854],[-61.147912,-51.784921]]],[[[-59.909848,-51.214759],[-59.936581,-51.215412],[-59.899403,-51.224462],[-59.909848,-51.214759]]],[[[-34.678257,-55.025094],[-34.685387,-55.009968],[-34.696083,-55.01978],[-34.678257,-55.025094]]],[[[-60.338109,-51.638265],[-60.346784,-51.630499],[-60.361714,-51.637262],[-60.338109,-51.638265]]],[[[-59.676448,-52.020085],[-59.671134,-52.010918],[-59.685256,-52.02826],[-59.667579,-52.027718],[-59.676448,-52.020085]]],[[[-58.452835,-51.952486],[-58.494446,-51.953467],[-58.470502,-51.962361],[-58.452835,-51.952486]]],[[[-59.665814,-51.885683],[-59.686921,-51.89739],[-59.667668,-51.897855],[-59.665814,-51.885683]]],[[[-58.727419,-51.923093],[-58.734498,-51.931718],[-58.709156,-51.93618],[-58.720994,-51.93041],[-58.701364,-51.925234],[-58.727419,-51.923093]]],[[[-60.989521,-52.019849],[-60.99648,-52.00468],[-61.004154,-52.017589],[-60.989521,-52.019849]]],[[[-58.068402,-51.786956],[-58.087309,-51.788132],[-58.047232,-51.788601],[-58.068402,-51.786956]]],[[[-59.655572,-51.98842],[-59.663728,-51.9983],[-59.64528,-51.994199],[-59.655572,-51.98842]]],[[[-59.643903,-51.389585],[-59.670361,-51.389276],[-59.673291,-51.406377],[-59.667646,-51.391607],[-59.643903,-51.389585]]],[[[-59.836846,-51.344869],[-59.855908,-51.349744],[-59.837118,-51.356383],[-59.836846,-51.344869]]],[[[-60.766541,-52.147228],[-60.770954,-52.134853],[-60.78058,-52.141751],[-60.766541,-52.147228]]],[[[-58.379207,-52.008885],[-58.376062,-52.018028],[-58.35126,-52.017973],[-58.379207,-52.008885]]],[[[-59.312833,-52.245546],[-59.310822,-52.236463],[-59.325768,-52.253194],[-59.312833,-52.245546]]],[[[-58.289687,-51.874791],[-58.306682,-51.873421],[-58.303932,-51.885573],[-58.289687,-51.874791]]],[[[-60.834965,-51.566359],[-60.848526,-51.5763],[-60.831326,-51.575011],[-60.834965,-51.566359]]],[[[-60.959886,-52.019648],[-60.965417,-52.010843],[-60.975858,-52.022672],[-60.959886,-52.019648]]],[[[-61.115312,-51.799593],[-61.121087,-51.792807],[-61.125386,-51.809222],[-61.115312,-51.799593]]],[[[-60.461581,-51.32971],[-60.470938,-51.341925],[-60.455377,-51.33806],[-60.461581,-51.32971]]],[[[-58.275021,-51.867906],[-58.285466,-51.87138],[-58.25664,-51.873616],[-58.275021,-51.867906]]],[[[-58.663438,-51.941465],[-58.685468,-51.941552],[-58.650255,-51.945077],[-58.663438,-51.941465]]],[[[-59.672597,-51.428781],[-59.679597,-51.437727],[-59.663987,-51.434965],[-59.672597,-51.428781]]],[[[-59.725803,-51.307301],[-59.733092,-51.314619],[-59.713599,-51.308431],[-59.725803,-51.307301]]],[[[-59.757882,-51.837923],[-59.750798,-51.829778],[-59.776524,-51.851991],[-59.757882,-51.837923]]],[[[-59.620294,-51.344473],[-59.625783,-51.337583],[-59.633508,-51.344793],[-59.620294,-51.344473]]],[[[-58.931761,-51.865886],[-58.944535,-51.860303],[-58.918843,-51.872053],[-58.931761,-51.865886]]]]},"properties":{"fid":1,"Entidad":0,"Objeto":"Departamento","FNA":"Departamento Islas del Atlántico Sur","GNA":"Departamento","NAM":"Islas del Atlántico Sur","SAG":"IGN","FDC":null,"IN1":"94021","SHAPE_STAr":2.20032256694,"SHAPE_STLe":113.41474399}},
{"type":"Feature","geometry":{"type":"MultiPolygon","coordinates":[[[[-65.977242,-54.59842],[-67.002579,-54.598425],[-67.006266,-54.747967],[-67.38777,-54.744201],[-67.392451,-54.619811],[-68.369767,-54.619811],[-68.368232,-54.457498],[-68.402787,-54.445494],[-68.447349,-54.458266],[-68.557811,-54.455132],[-68.531285,-54.440567],[-68.545438,-54.427949],[-68.608954,-54.424099],[-68.595132,-54.799623],[-68.609416,-54.893957],[-68.563677,-54.891322],[-68.501002,-54.866909],[-68.555642,-54.862807],[-68.577132,-54.854425],[-68.569827,-54.843908],[-68.523131,-54.8582],[-68.481776,-54.846684],[-68.444337,-54.858385],[-68.330267,-54.829791],[-68.310351,-54.848922],[-68.260597,-54.840713],[-68.304641,-54.832076],[-68.298787,-54.8158],[-68.315277,-54.811517],[-68.263595,-54.79517],[-68.033311,-54.850207],[-67.825827,-54.859737],[-67.703463,-54.88603],[-67.605465,-54.881357],[-67.50576,-54.853494],[-67.506306,-54.874632],[-67.45052,-54.865638],[-67.440859,-54.881185],[-67.409507,-54.889409],[-67.341436,-54.882727],[-67.364964,-54.874104],[-67.343606,-54.875932],[-67.352686,-54.866109],[-67.30266,-54.887353],[-67.295179,-54.872048],[-67.278447,-54.869992],[-67.272017,-54.880131],[-67.289744,-54.87567],[-67.276002,-54.887745],[-67.282189,-54.879358],[-67.153876,-54.892921],[-66.934024,-54.941781],[-66.764473,-54.96074],[-66.718673,-55.005341],[-66.521587,-55.056747],[-66.441447,-55.056747],[-66.372157,-55.039567],[-66.369492,-55.009253],[-66.301297,-54.991216],[-66.107656,-54.994928],[-65.971361,-54.968373],[-65.958131,-54.94101],[-65.995752,-54.918419],[-65.982389,-54.9026],[-65.911976,-54.912251],[-65.868803,-54.900145],[-65.824545,-54.915564],[-65.777432,-54.901458],[-65.766068,-54.913051],[-65.739113,-54.909853],[-65.711816,-54.934295],[-65.719012,-54.971357],[-65.636844,-54.970015],[-65.603627,-54.943841],[-65.564556,-54.936417],[-65.557846,-54.948505],[-65.511018,-54.934942],[-65.494172,-54.925662],[-65.499406,-54.901772],[-65.468283,-54.88859],[-65.428622,-54.893558],[-65.4184,-54.937531],[-65.382137,-54.941071],[-65.329484,-54.920741],[-65.308983,-54.902981],[-65.313266,-54.873114],[-65.232288,-54.829256],[-65.222808,-54.81732],[-65.263868,-54.795905],[-65.203839,-54.780106],[-65.197748,-54.762783],[-65.218267,-54.745651],[-65.191998,-54.720524],[-65.193473,-54.695254],[-65.116759,-54.65823],[-65.234352,-54.641383],[-65.25453,-54.663322],[-65.234876,-54.618826],[-65.369137,-54.643344],[-65.401878,-54.640346],[-65.428528,-54.663188],[-65.44823,-54.655241],[-65.430812,-54.642154],[-65.511191,-54.65586],[-65.5199,-54.67756],[-65.551166,-54.647341],[-65.684178,-54.663426],[-65.754812,-54.649478],[-65.802782,-54.651905],[-65.977242,-54.59842]]],[[[-64.329248,-54.733907],[-64.33848,-54.702879],[-64.349426,-54.740617],[-64.376314,-54.7528],[-64.357611,-54.785113],[-64.370413,-54.811383],[-64.366606,-54.784828],[-64.395397,-54.782496],[-64.3914,-54.749136],[-64.421524,-54.754894],[-64.403154,-54.764412],[-64.412434,-54.782734],[-64.432231,-54.761033],[-64.489909,-54.763746],[-64.54378,-54.725198],[-64.541496,-54.768552],[-64.521461,-54.773121],[-64.51142,-54.798058],[-64.528552,-54.804482],[-64.556867,-54.795916],[-64.586504,-54.82081],[-64.639613,-54.797144],[-64.647893,-54.776814],[-64.695406,-54.78281],[-64.674277,-54.799943],[-64.697348,-54.806053],[-64.708827,-54.789606],[-64.737837,-54.804511],[-64.724931,-54.81165],[-64.756568,-54.836491],[-64.738237,-54.844143],[-64.74863,-54.856479],[-64.675983,-54.843353],[-64.67634,-54.87155],[-64.643634,-54.888431],[-64.704239,-54.915462],[-64.620958,-54.902946],[-64.606147,-54.910849],[-64.566267,-54.882771],[-64.539046,-54.888415],[-64.518225,-54.854627],[-64.466139,-54.823432],[-64.471469,-54.835187],[-64.445009,-54.839993],[-64.474943,-54.842563],[-64.501307,-54.862313],[-64.481701,-54.875019],[-64.448626,-54.864644],[-64.448626,-54.8754],[-64.406224,-54.855222],[-64.394422,-54.827335],[-64.357103,-54.835116],[-64.324599,-54.824979],[-64.299091,-54.806443],[-64.304897,-54.787693],[-64.270157,-54.790572],[-64.263647,-54.80454],[-64.233942,-54.782344],[-64.239134,-54.840355],[-64.223715,-54.841973],[-64.222573,-54.857868],[-64.200575,-54.828398],[-64.179635,-54.838928],[-64.172319,-54.823283],[-64.148167,-54.830064],[-64.120625,-54.81436],[-64.109858,-54.833276],[-64.061198,-54.779738],[-64.034488,-54.807995],[-64.022948,-54.7911],[-63.954895,-54.76683],[-63.967506,-54.793658],[-63.94508,-54.795919],[-63.953408,-54.813348],[-63.882798,-54.779679],[-63.88601,-54.793242],[-63.845678,-54.789197],[-63.829022,-54.760584],[-63.80148,-54.751006],[-63.795888,-54.727152],[-63.825928,-54.720609],[-63.878753,-54.75523],[-63.854839,-54.731733],[-63.878396,-54.730662],[-63.876314,-54.716802],[-63.939191,-54.725665],[-63.958048,-54.741251],[-63.989873,-54.735659],[-64.042578,-54.778132],[-64.030324,-54.751363],[-64.047278,-54.730365],[-64.072917,-54.728402],[-64.10843,-54.764331],[-64.126454,-54.75755],[-64.109441,-54.737979],[-64.149504,-54.730338],[-64.164923,-54.740189],[-64.145411,-54.745091],[-64.138511,-54.770408],[-64.216319,-54.73386],[-64.24235,-54.745234],[-64.278661,-54.728958],[-64.329248,-54.733907]]],[[[-67.50708,-54.877357],[-67.540329,-54.879791],[-67.533104,-54.904114],[-67.490074,-54.917858],[-67.462067,-54.9016],[-67.414276,-54.912254],[-67.41272,-54.894028],[-67.436104,-54.892933],[-67.447121,-54.879063],[-67.471611,-54.884403],[-67.50708,-54.877357]]],[[[-64.130999,-54.646198],[-64.162407,-54.650659],[-64.139684,-54.668803],[-64.109108,-54.651195],[-64.130999,-54.646198]]],[[[-67.469933,-54.869396],[-67.469582,-54.880302],[-67.447723,-54.878426],[-67.469933,-54.869396]]],[[[-64.261316,-54.672788],[-64.26103,-54.688112],[-64.247467,-54.676072],[-64.261316,-54.672788]]],[[[-68.246422,-54.868847],[-68.267044,-54.869659],[-68.23288,-54.870373],[-68.246422,-54.868847]]]]},"properties":{"fid":149,"Entidad":0,"Objeto":"Departamento","FNA":"Departamento Ushuaia","GNA":"Departamento","NAM":"Ushuaia","SAG":"Gerencia de Catastro Pcial.","FDC":null,"IN1":"94014","SHAPE_STAr":1.07305311371,"SHAPE_STLe":17.1259464491}},
{"type":"Feature","geometry":{"type":"Polygon","coordinates":[[[-66.949002,-54.188489],[-67.081296,-54.13198],[-67.164387,-54.119797],[-67.158819,-54.111612],[-67.329712,-54.04137],[-67.334566,-54.016862],[-67.436835,-53.984358],[-67.48728,-53.94386],[-67.535202,-53.927108],[-67.57927,-53.872809],[-67.570751,-53.848729],[-67.542388,-53.847777],[-67.553762,-53.836927],[-67.674318,-53.785254],[-67.681441,-53.806221],[-67.727218,-53.809757],[-67.778435,-53.833789],[-67.736295,-53.805329],[-67.681737,-53.797174],[-67.726137,-53.754072],[-67.911326,-53.652671],[-67.990163,-53.584512],[-68.044176,-53.508036],[-68.082914,-53.389682],[-68.137071,-53.331338],[-68.206598,-53.306686],[-68.307868,-53.321249],[-68.387057,-53.311969],[-68.463749,-53.293685],[-68.548444,-53.247521],[-68.556058,-53.195649],[-68.538152,-53.144407],[-68.493891,-53.116046],[-68.501315,-53.105267],[-68.446135,-53.091847],[-68.418866,-53.051444],[-68.390955,-53.05073],[-68.359546,-53.017893],[-68.285378,-53.008471],[-68.266747,-53.016109],[-68.268675,-53.042521],[-68.211211,-53.126302],[-68.21378,-53.153285],[-68.201502,-53.141958],[-68.287671,-52.951427],[-68.569964,-52.707366],[-68.606232,-52.658268],[-68.607937,-54.188546],[-66.949002,-54.188489]]]},"properties":{"fid":150,"Entidad":0,"Objeto":"Departamento","FNA":"Departamento Río Grande","GNA":"Departamento","NAM":"Río Grande","SAG":"Gerencia de Catastro Pcial.","FDC":null,"IN1":"94007","SHAPE_STAr":0.894458639053,"SHAPE_STLe":6.98178408386}},
{"type":"Feature","geometry":{"type":"MultiPolygon","coordinates":[[[[-72.298302,-50.682102],[-72.301119,-50.706774],[-72.347148,-50.730245],[-72.34947,-50.754268],[-72.280339,-50.809945],[-72.261034,-50.8375],[-72.266961,-50.862901],[-72.248064,-50.875034],[-72.265665,-51.035228],[-72.374169,-51.023208],[-72.376181,-51.079983],[-72.40906,-51.10749],[-72.348758,-51.20361],[-72.322565,-51.21057],[-72.303602,-51.201739],[-72.259487,-51.254044],[-72.269179,-51.283252],[-72.306417,-51.292948],[-72.307802,-51.30747],[-72.360045,-51.319106],[-72.371705,-51.336262],[-72.3488,-51.349845],[-72.326076,-51.345681],[-72.308968,-51.366446],[-72.309938,-51.403147],[-72.338264,-51.424829],[-72.324053,-51.474956],[-72.350909,-51.484536],[-72.344661,-51.520738],[-72.405184,-51.513391],[-72.394008,-51.527442],[-72.426309,-51.546864],[-72.442519,-51.584489],[-72.388713,-51.595073],[-72.377037,-51.584445],[-72.327022,-51.587339],[-72.319146,-51.625464],[-72.283305,-51.638529],[-72.296823,-51.646188],[-72.297112,-51.699403],[-72.231121,-51.702457],[-72.161435,-51.725389],[-72.179233,-51.738249],[-72.121749,-51.744029],[-72.112991,-51.767456],[-72.075863,-51.773163],[-71.951015,-51.871624],[-71.928838,-51.914549],[-72.032,-51.958653],[-72.009768,-51.977529],[-71.964474,-51.972827],[-71.9215,-51.999984],[-69.9955,-52.000717],[-69.485964,-52.151439],[-69.190011,-52.150102],[-68.986878,-52.203581],[-68.837997,-52.277736],[-68.586025,-52.3067],[-68.573481,-52.325178],[-68.418628,-52.332478],[-68.418433,-52.386414],[-68.432596,-52.39769],[-68.354731,-52.336388],[-68.35253,-52.322552],[-68.70845,-51.981247],[-68.961329,-51.62389],[-69.014099,-51.606384],[-69.11731,-51.65509],[-69.124084,-51.641785],[-69.103394,-51.634277],[-69.116821,-51.629883],[-69.143494,-51.632324],[-69.335205,-51.58551],[-69.454224,-51.606812],[-69.500183,-51.60199],[-69.528503,-51.616211],[-69.617798,-51.626892],[-69.494812,-51.585083],[-69.344116,-51.551575],[-69.134705,-51.60321],[-69.037292,-51.56073],[-69.001282,-51.559875],[-68.977046,-51.582179],[-68.946649,-51.555232],[-69.10858,-51.166986],[-69.166928,-50.980189],[-69.205505,-50.975281],[-69.434326,-51.113708],[-69.464783,-51.113281],[-69.441284,-51.089783],[-69.396118,-51.079712],[-69.372498,-51.048096],[-69.382385,-51.036804],[-69.321228,-50.988403],[-69.240112,-50.957825],[-69.225206,-50.974892],[-69.214013,-50.944725],[-69.132019,-50.899586],[-69.13854,-50.765615],[-70.646042,-50.736759],[-72.298302,-50.682102]]],[[[-69.41581,-51.089577],[-69.440201,-51.09063],[-69.452866,-51.109722],[-69.435196,-51.11322],[-69.41581,-51.089577]]]]},"properties":{"fid":152,"Entidad":0,"Objeto":"Departamento","FNA":"Departamento Güer Aike","GNA":"Departamento","NAM":"Güer Aike","SAG":"IGN","FDC":null,"IN1":"78021","SHAPE_STAr":4.34749417508,"SHAPE_STLe":13.978530943}},
{"type":"Feature","geometry":{"type":"Polygon","coordinates":[[[-69.758247,-49.208672],[-70.580765,-49.20388],[-70.646042,-50.736759],[-69.13854,-50.765615],[-69.139872,-50.722276],[-69.079224,-50.565146],[-68.970992,-50.419866],[-68.906604,-50.363458],[-68.879306,-50.360845],[-68.880006,-50.335618],[-68.773259,-50.288148],[-68.737333,-50.289552],[-68.633922,-50.248816],[-68.407207,-50.186236],[-68.354906,-50.151305],[-68.360779,-50.135376],[-68.39679,-50.131409],[-68.411499,-50.115479],[-68.451721,-50.110718],[-68.490295,-50.088013],[-68.513123,-50.053101],[-68.509277,-50.019775],[-68.580688,-49.964417],[-68.672913,-49.993286],[-68.85907,-49.969177],[-68.9328,-50],[-68.874512,-49.96582],[-68.659119,-49.964905],[-68.604492,-49.939087],[-68.571411,-49.936829],[-68.63739,-49.777588],[-68.558289,-49.872192],[-68.531921,-49.933594],[-68.47699,-49.967407],[-68.416382,-50.059021],[-68.369385,-50.08728],[-68.352949,-50.117597],[-68.201874,-50.116458],[-68.039504,-50.068174],[-67.855172,-49.963185],[-67.74857,-49.813877],[-67.724528,-49.756898],[-67.720487,-49.63596],[-67.675885,-49.441869],[-68.822617,-49.454849],[-68.826828,-49.316792],[-69.757843,-49.318237],[-69.758247,-49.208672]]]},"properties":{"fid":77,"Entidad":0,"Objeto":"Departamento","FNA":"Departamento Corpen Aike","GNA":"Departamento","NAM":"Corpen Aike","SAG":"IGN","FDC":null,"IN1":"78007","SHAPE_STAr":3.28827075654,"SHAPE_STLe":10.2873837811}},
{"type":"Feature","geometry":{"type":"MultiPolygon","coordinates":[[[[-66.870067,-48.582732],[-67.171928,-48.483883],[-67.553116,-48.112984],[-67.587418,-48.11235],[-67.616119,-48.091663],[-68.185577,-48.444576],[-68.335442,-48.379612],[-69.355339,-48.438316],[-69.734406,-48.322083],[-69.758247,-49.208672],[-69.757843,-49.318237],[-68.826828,-49.316792],[-68.822617,-49.454849],[-67.675885,-49.441869],[-67.603603,-49.295673],[-67.613165,-49.250111],[-67.668091,-49.255188],[-67.672729,-49.298523],[-67.699097,-49.308899],[-67.685425,-49.353577],[-67.713806,-49.385925],[-67.763123,-49.387695],[-67.818604,-49.405518],[-67.837524,-49.38678],[-67.819397,-49.376587],[-67.772095,-49.380676],[-67.794983,-49.36322],[-67.797607,-49.328003],[-67.782898,-49.330505],[-67.760803,-49.313904],[-67.715698,-49.31781],[-67.741394,-49.27533],[-67.688904,-49.26178],[-67.667603,-49.245911],[-67.664612,-49.203491],[-67.613892,-49.185181],[-67.613726,-49.160892],[-67.632905,-49.156276],[-67.635617,-49.13824],[-67.599069,-49.103547],[-67.553621,-49.016602],[-67.41309,-48.912715],[-67.219925,-48.838],[-67.192895,-48.813206],[-67.18628,-48.772707],[-67.151587,-48.748389],[-67.125413,-48.682192],[-66.996293,-48.615607],[-66.896606,-48.601354],[-66.870067,-48.582732]]],[[[-67.691032,-49.269169],[-67.733643,-49.276875],[-67.704758,-49.284863],[-67.691032,-49.269169]]],[[[-67.690346,-49.29541],[-67.685982,-49.282604],[-67.706383,-49.294933],[-67.690346,-49.29541]]]]},"properties":{"fid":76,"Entidad":0,"Objeto":"Departamento","FNA":"Departamento Magallanes","GNA":"Departamento","NAM":"Magallanes","SAG":"IGN","FDC":null,"IN1":"78042","SHAPE_STAr":2.48953583433,"SHAPE_STLe":8.82101316224}},
{"type":"Feature","geometry":{"type":"MultiPolygon","coordinates":[[[[-66.870067,-48.582732],[-66.831052,-48.523036],[-66.771636,-48.498364],[-66.736416,-48.465071],[-66.641903,-48.430978],[-66.494353,-48.417472],[-66.467084,-48.40014],[-66.474808,-48.366147],[-66.448039,-48.352313],[-66.349856,-48.35507],[-66.343003,-48.368804],[-66.33388,-48.354685],[-66.360179,-48.314717],[-66.337558,-48.277163],[-66.262648,-48.237945],[-66.228255,-48.201297],[-66.159926,-48.190461],[-66.164295,-48.172672],[-66.117981,-48.122003],[-65.975528,-48.099989],[-65.952799,-48.10293],[-65.940906,-48.12473],[-65.940121,-48.112509],[-65.908098,-48.105614],[-65.917621,-48.096748],[-65.896434,-48.10303],[-65.904372,-48.080372],[-65.940264,-48.075047],[-65.980367,-48.050743],[-65.940868,-48.030851],[-65.95324,-48.014456],[-65.931868,-48.017212],[-65.942932,-48.003934],[-65.924116,-47.990243],[-65.951456,-47.976409],[-65.924173,-47.939689],[-65.87893,-47.934092],[-65.867508,-47.948712],[-65.846807,-47.939075],[-65.831017,-47.965387],[-65.765087,-47.95014],[-65.7904,-47.938033],[-65.785274,-47.923413],[-65.763474,-47.919359],[-65.768231,-47.907355],[-65.820983,-47.904571],[-65.858188,-47.872776],[-65.875792,-47.809159],[-65.865041,-47.801078],[-65.898263,-47.767085],[-65.88086,-47.762688],[-65.978088,-47.762695],[-66.088196,-47.812988],[-66.190186,-47.829529],[-66.281982,-47.871399],[-66.195007,-47.820007],[-66.105286,-47.799011],[-66.034424,-47.74408],[-66.002319,-47.743713],[-66.00531,-47.730774],[-66.001404,-47.7453],[-65.899597,-47.758728],[-65.838642,-47.746816],[-65.844895,-47.734623],[-65.739803,-47.510235],[-65.717846,-47.332161],[-65.757721,-47.222059],[-65.735563,-47.201971],[-65.841625,-47.139382],[-65.846679,-47.109129],[-65.864754,-47.106331],[-65.867381,-47.092097],[-65.903015,-47.095467],[-65.940692,-47.072181],[-66.197696,-47.087402],[-66.497776,-47.038277],[-66.558838,-47.048799],[-66.598427,-47.036978],[-66.630507,-47.045786],[-66.65916,-47.030153],[-66.7101,-47.033094],[-66.791934,-46.999144],[-66.858864,-46.932786],[-66.89941,-46.912013],[-66.95092,-46.846982],[-66.973549,-46.849067],[-66.984942,-46.828808],[-67.027472,-46.81486],[-67.075614,-46.774028],[-67.081767,-46.750243],[-67.09977,-46.748587],[-67.095544,-46.735024],[-67.125154,-46.723217],[-67.121628,-46.707441],[-67.148805,-46.702242],[-67.156271,-46.687865],[-67.190846,-46.686825],[-67.200631,-46.673619],[-67.230524,-46.674006],[-67.254463,-46.646231],[-67.355322,-46.61884],[-67.440279,-46.548541],[-67.567368,-46.349066],[-67.613668,-46.23144],[-67.627245,-46.083633],[-67.614938,-46.065744],[-67.62402,-46.048741],[-67.585965,-46.022277],[-67.59568,-45.999795],[-68.363121,-45.999787],[-69.648061,-45.999774],[-69.656182,-45.999774],[-69.686653,-47.161301],[-69.707565,-47.234688],[-69.734406,-48.322083],[-69.355339,-48.438316],[-68.335442,-48.379612],[-68.185577,-48.444576],[-67.616119,-48.091663],[-67.587418,-48.11235],[-67.553116,-48.112984],[-67.171928,-48.483883],[-66.870067,-48.582732]]],[[[-65.990211,-47.761677],[-66.03894,-47.76757],[-66.05481,-47.786423],[-65.990211,-47.761677]]]]},"properties":{"fid":157,"Entidad":0,"Objeto":"Departamento","FNA":"Departamento Deseado","GNA":"Departamento","NAM":"Deseado","SAG":"IGN","FDC":null,"IN1":"78014","SHAPE_STAr":7.51327330948,"SHAPE_STLe":15.6525872385}},
{"type":"Feature","geometry":{"type":"Polygon","coordinates":[[[-69.656182,-45.999774],[-71.644578,-45.999753],[-71.714897,-46.090206],[-71.747376,-46.091991],[-71.784996,-46.122019],[-71.824757,-46.110574],[-71.914654,-46.139919],[-71.898278,-46.162219],[-71.865071,-46.156851],[-71.874704,-46.161332],[-71.859368,-46.194703],[-71.835175,-46.192029],[-71.82194,-46.202694],[-71.796985,-46.190159],[-71.777569,-46.198792],[-71.726883,-46.2719],[-71.728326,-46.308466],[-71.756522,-46.345629],[-71.669291,-46.527842],[-71.643424,-46.681816],[-71.685779,-46.697327],[-71.772457,-46.76761],[-71.832889,-46.797755],[-71.914092,-46.798996],[-71.955377,-46.814422],[-71.932499,-46.840245],[-71.931339,-46.868158],[-71.971055,-46.905225],[-71.957995,-46.974243],[-71.929856,-46.977744],[-71.918273,-46.985364],[-71.932566,-46.994376],[-71.897529,-46.996048],[-71.880042,-47.010105],[-71.903992,-47.050954],[-71.954054,-47.076058],[-71.949748,-47.086756],[-71.880296,-47.107491],[-71.850481,-47.164187],[-71.890241,-47.181962],[-71.879948,-47.205471],[-71.894696,-47.210978],[-71.864745,-47.230568],[-71.892121,-47.227183],[-71.571472,-47.363857],[-70.768875,-47.319878],[-69.783012,-48.307049],[-69.734406,-48.322083],[-69.707565,-47.234688],[-69.686653,-47.161301],[-69.656182,-45.999774]]]},"properties":{"fid":144,"Entidad":0,"Objeto":"Departamento","FNA":"Departamento Lago Buenos Aires","GNA":"Departamento","NAM":"Lago Buenos Aires","SAG":"IGN","FDC":null,"IN1":"78035","SHAPE_STAr":3.3651214651,"SHAPE_STLe":9.2519058072}},
{"type":"Feature","geometry":{"type":"Polygon","coordinates":[[[-66.459299,-43.782024],[-66.524628,-43.783035],[-66.529945,-43.335266],[-67.148163,-43.340305],[-67.153625,-42.878983],[-67.773872,-42.882572],[-67.767601,-43.338791],[-67.748085,-44.684933],[-67.094162,-44.678928],[-67.092657,-44.721024],[-67.048195,-44.668427],[-67.015818,-44.651926],[-66.974312,-44.592419],[-66.958954,-44.5518],[-66.967255,-44.529343],[-66.940697,-44.514687],[-66.931267,-44.480919],[-66.83461,-44.387577],[-66.809074,-44.340572],[-66.798882,-44.262852],[-66.694481,-44.191696],[-66.674461,-44.134415],[-66.685508,-44.103167],[-66.675919,-44.07436],[-66.628487,-44.019592],[-66.60479,-44.018967],[-66.577736,-43.992855],[-66.539711,-43.991161],[-66.485252,-43.965725],[-66.47448,-43.903271],[-66.43261,-43.859138],[-66.431763,-43.825672],[-66.459299,-43.782024]]]},"properties":{"fid":155,"Entidad":0,"Objeto":"Departamento","FNA":"Departamento Mártires","GNA":"Departamento","NAM":"Mártires","SAG":"IGN","FDC":null,"IN1":"26063","SHAPE_STAr":1.74933868707,"SHAPE_STLe":6.01580246798}},
{"type":"Feature","geometry":{"type":"Polygon","coordinates":[[[-67.767601,-43.338791],[-69.558548,-43.331963],[-69.53138,-43.784729],[-69.509117,-44.144913],[-69.918686,-44.678032],[-69.626785,-44.681366],[-68.371193,-44.68718],[-67.748085,-44.684933],[-67.767601,-43.338791]]]},"properties":{"fid":154,"Entidad":0,"Objeto":"Departamento","FNA":"Departamento Paso de Indios","GNA":"Departamento","NAM":"Paso de Indios","SAG":"IGN","FDC":null,"IN1":"26070","SHAPE_STAr":2.49488585851,"SHAPE_STLe":6.79461955466}},
{"type":"Feature","geometry":{"type":"Polygon","coordinates":[[[-69.505287,-42.796757],[-69.56617,-42.713474],[-69.595955,-42.693699],[-69.662743,-42.679729],[-69.736427,-42.681358],[-69.847496,-42.624424],[-69.892883,-42.636013],[-69.957146,-42.631557],[-69.988686,-42.640667],[-70.016991,-42.672485],[-70.041779,-42.673031],[-70.097839,-42.640221],[-70.148346,-42.629265],[-70.210304,-42.623962],[-70.266319,-42.641312],[-70.293552,-42.632624],[-70.308586,-42.603612],[-70.349319,-42.59602],[-70.434868,-42.647797],[-70.516617,-42.737694],[-70.588524,-42.850605],[-70.58451,-42.866515],[-70.57335,-42.881604],[-70.580894,-42.906239],[-70.564099,-42.922246],[-70.580643,-42.946487],[-70.630585,-42.967541],[-70.698181,-42.970257],[-70.719635,-42.999001],[-70.790886,-43.024078],[-70.792374,-43.098339],[-70.818794,-43.129314],[-70.827309,-43.167473],[-70.824783,-43.222641],[-70.886024,-43.308525],[-70.866699,-43.337643],[-70.861855,-43.421196],[-70.844994,-43.45145],[-70.916885,-43.543869],[-70.971062,-43.5639],[-71.023544,-43.608524],[-71.108109,-43.633705],[-71.18544,-43.589275],[-71.318748,-43.552303],[-71.44812,-43.569443],[-71.484444,-43.540096],[-71.570427,-43.520092],[-71.667877,-43.521946],[-71.689063,-43.547517],[-71.713531,-43.54155],[-71.731361,-43.549892],[-71.757414,-43.58423],[-71.717554,-43.576425],[-71.703464,-43.625249],[-71.626294,-43.623707],[-71.581455,-43.65168],[-71.588292,-43.67545],[-71.611997,-43.676042],[-71.599781,-43.696969],[-71.630091,-43.698594],[-71.6319,-43.708088],[-71.660358,-43.702377],[-71.661096,-43.719223],[-71.696716,-43.726076],[-71.753419,-43.78818],[-71.762746,-43.840576],[-71.731964,-43.859703],[-71.708717,-43.855739],[-71.707376,-43.894495],[-71.666426,-43.901228],[-71.649627,-43.934869],[-71.478348,-43.92012],[-71.383881,-43.878906],[-71.369316,-43.883125],[-71.371742,-43.935406],[-71.118416,-43.93985],[-71.116188,-43.849335],[-70.995857,-43.850662],[-70.99231,-43.760891],[-69.53138,-43.784729],[-69.558548,-43.331963],[-69.505287,-42.796757]]]},"properties":{"fid":158,"Entidad":0,"Objeto":"Departamento","FNA":"Departamento Languiñeo","GNA":"Departamento","NAM":"Languiñeo","SAG":"IGN","FDC":null,"IN1":"26056","SHAPE_STAr":1.64109572867,"SHAPE_STLe":7.40964357661}},
{"type":"Feature","geometry":{"type":"Polygon","coordinates":[[[-65.404213,-43.760052],[-65.454575,-42.851921],[-65.942741,-42.862286],[-67.153625,-42.878983],[-67.148163,-43.340305],[-66.529945,-43.335266],[-66.524628,-43.783035],[-66.459299,-43.782024],[-65.404213,-43.760052]]]},"properties":{"fid":79,"Entidad":0,"Objeto":"Departamento","FNA":"Departamento Gaiman","GNA":"Departamento","NAM":"Gaiman","SAG":"IGN","FDC":null,"IN1":"26042","SHAPE_STAr":1.2882566968,"SHAPE_STLe":5.25689886823}},
{"type":"Feature","geometry":{"type":"Polygon","coordinates":[[[-65.353212,-43.758739],[-65.341621,-43.676149],[-65.314703,-43.632129],[-65.254086,-43.570709],[-65.194005,-43.539865],[-65.145196,-43.47333],[-65.052579,-43.402579],[-65.050293,-43.328276],[-64.97634,-43.254972],[-64.757608,-43.150603],[-64.458955,-43.064466],[-64.413091,-43.03389],[-64.330584,-43.002749],[-64.307681,-42.979162],[-64.330316,-42.935916],[-64.396822,-42.959591],[-64.488937,-42.949407],[-64.528388,-42.922995],[-64.647908,-42.914834],[-64.811592,-42.840214],[-64.857255,-42.836409],[-65.454575,-42.851921],[-65.404213,-43.760052],[-65.353212,-43.758739]]]},"properties":{"fid":80,"Entidad":0,"Objeto":"Departamento","FNA":"Departamento Rawson","GNA":"Departamento","NAM":"Rawson","SAG":"IGN","FDC":null,"IN1":"26077","SHAPE_STAr":0.45752801614,"SHAPE_STLe":3.63923106452}},
{"type":"Feature","geometry":{"type":"Polygon","coordinates":[[[-71.174914,-41.999954],[-71.773758,-41.999838],[-71.757235,-42.037081],[-71.727653,-42.046642],[-71.741711,-42.082653],[-71.726088,-42.109669],[-71.747508,-42.130456],[-71.77725,-42.130226],[-71.781727,-42.14808],[-71.803461,-42.145572],[-71.834753,-42.162569],[-71.874458,-42.154702],[-71.892852,-42.180738],[-71.925293,-42.190529],[-71.954592,-42.164385],[-71.957551,-42.141254],[-72.006857,-42.140083],[-72.052953,-42.1139],[-72.079087,-42.129525],[-72.066513,-42.14674],[-72.114984,-42.146133],[-72.122896,-42.155014],[-72.171532,-42.139365],[-72.187722,-42.158719],[-72.184136,-42.177373],[-72.156808,-42.193731],[-72.166319,-42.213832],[-72.153601,-42.243416],[-72.168104,-42.25987],[-72.120838,-42.323994],[-72.138337,-42.327025],[-72.131864,-42.384323],[-72.112715,-42.398301],[-72.089171,-42.396026],[-72.077222,-42.382472],[-72.028486,-42.407523],[-72.048134,-42.452362],[-72.020722,-42.478714],[-71.62722,-42.485283],[-71.59859,-42.605218],[-71.48022,-42.613172],[-71.487505,-42.660968],[-71.442636,-42.687827],[-71.437975,-42.708548],[-71.389137,-42.758469],[-71.348404,-42.782856],[-71.356194,-42.794006],[-71.322797,-42.823369],[-71.327965,-42.831238],[-71.291641,-42.858246],[-71.167185,-42.86194],[-71.046548,-42.946801],[-70.9363,-42.863559],[-70.58451,-42.866515],[-70.588524,-42.850605],[-70.516617,-42.737694],[-70.434868,-42.647797],[-70.349319,-42.59602],[-70.308586,-42.603612],[-70.293552,-42.632624],[-70.266319,-42.641312],[-70.210304,-42.623962],[-70.148346,-42.629265],[-70.097839,-42.640221],[-70.041779,-42.673031],[-70.016991,-42.672485],[-69.988686,-42.640667],[-69.957146,-42.631557],[-69.892883,-42.636013],[-69.847496,-42.624424],[-69.736427,-42.681358],[-69.662743,-42.679729],[-69.595955,-42.693699],[-69.56617,-42.713474],[-69.505287,-42.796757],[-69.428107,-42.000054],[-71.174914,-41.999954]]]},"properties":{"fid":143,"Entidad":0,"Objeto":"Departamento","FNA":"Departamento Cushamen","GNA":"Departamento","NAM":"Cushamen","SAG":"IGN","FDC":null,"IN1":"26014","SHAPE_STAr":1.78094074291,"SHAPE_STLe":7.66092438507}},
{"type":"Feature","geometry":{"type":"Polygon","coordinates":[[[-68.08568,-42.000132],[-68.3894,-42.000114],[-68.381599,-42.882832],[-67.773872,-42.882572],[-67.153625,-42.878983],[-65.942741,-42.862286],[-65.973589,-42.000253],[-66.876882,-42.000201],[-68.08568,-42.000132]]]},"properties":{"fid":108,"Entidad":0,"Objeto":"Departamento","FNA":"Departamento Telsen","GNA":"Departamento","NAM":"Telsen","SAG":"IGN","FDC":null,"IN1":"26105","SHAPE_STAr":2.12654270542,"SHAPE_STLe":6.60013617344}},
{"type":"Feature","geometry":{"type":"Polygon","coordinates":[[[-65.069275,-42.000305],[-65.066101,-41.905579],[-65.057617,-41.881592],[-65.037109,-41.872986],[-65.049194,-41.842896],[-65.039673,-41.830872],[-65.015869,-41.832214],[-65.012695,-41.779724],[-64.997681,-41.766602],[-65.020996,-41.733215],[-65.022705,-41.618408],[-65.037109,-41.598206],[-65.016479,-41.610291],[-64.986389,-41.576782],[-65.006714,-41.557312],[-64.987793,-41.518799],[-65.000305,-41.486084],[-65.043884,-41.462524],[-65.073608,-41.415222],[-65.154297,-41.162781],[-65.166687,-40.973999],[-65.149719,-40.908997],[-65.125183,-40.881287],[-65.128906,-40.856812],[-65.09729,-40.818298],[-65.018005,-40.764404],[-64.899902,-40.760803],[-64.924377,-40.747803],[-64.959229,-40.748108],[-64.92218,-40.740479],[-64.916687,-40.727295],[-64.96991,-40.727173],[-64.996094,-40.717712],[-64.969116,-40.725281],[-64.971497,-40.716003],[-64.951782,-40.719788],[-64.954529,-40.709595],[-64.806274,-40.725525],[-64.773499,-40.742798],[-64.800598,-40.748291],[-64.797485,-40.780518],[-64.779175,-40.766907],[-64.769409,-40.77478],[-64.758606,-40.767883],[-64.733582,-40.786926],[-64.753784,-40.794373],[-64.734192,-40.802612],[-64.749207,-40.805176],[-64.742004,-40.81073],[-64.838013,-40.786194],[-64.845276,-40.81488],[-64.856628,-40.803711],[-64.847412,-40.782776],[-64.904907,-40.805481],[-64.875305,-40.828918],[-64.75708,-40.817627],[-64.603179,-40.850198],[-64.601539,-40.438937],[-65.193997,-40.436479],[-65.193202,-39.979758],[-65.283417,-39.92531],[-65.774248,-39.918656],[-65.790074,-41.182415],[-65.757758,-41.244337],[-65.72812,-42.000267],[-65.069275,-42.000305]]]},"properties":{"fid":104,"Entidad":0,"Objeto":"Departamento","FNA":"Departamento San Antonio","GNA":"Departamento","NAM":"San Antonio","SAG":"IDE Rio Negro","FDC":null,"IN1":"62077","SHAPE_STAr":1.5334712989,"SHAPE_STLe":8.07634540101}},
{"type":"Feature","geometry":{"type":"Polygon","coordinates":[[[-65.774248,-39.918656],[-66.825668,-39.910592],[-66.851269,-40.864499],[-66.876882,-42.000201],[-65.973589,-42.000253],[-65.72812,-42.000267],[-65.757758,-41.244337],[-65.790074,-41.182415],[-65.774248,-39.918656]]]},"properties":{"fid":103,"Entidad":0,"Objeto":"Departamento","FNA":"Departamento Valcheta","GNA":"Departamento","NAM":"Valcheta","SAG":"IDE Rio Negro","FDC":null,"IN1":"62084","SHAPE_STAr":2.26122869152,"SHAPE_STLe":6.38069593048}},
{"type":"Feature","geometry":{"type":"Polygon","coordinates":[[[-66.825668,-39.910592],[-67.8722,-39.810904],[-68.231467,-40.073122],[-68.008524,-40.158163],[-68.043556,-40.979554],[-68.08568,-42.000132],[-66.876882,-42.000201],[-66.851269,-40.864499],[-66.825668,-39.910592]]]},"properties":{"fid":105,"Entidad":0,"Objeto":"Departamento","FNA":"Departamento 9 de julio","GNA":"Departamento","NAM":"9 de julio","SAG":"IDE Rio Negro","FDC":null,"IN1":"62049","SHAPE_STAr":2.5729704941,"SHAPE_STLe":6.87730730975}},
{"type":"Feature","geometry":{"type":"Polygon","coordinates":[[[-68.08568,-42.000132],[-68.043556,-40.979554],[-68.008524,-40.158163],[-68.231467,-40.073122],[-68.594784,-40.132606],[-68.786251,-40.428447],[-69.386675,-40.468816],[-69.807944,-40.665131],[-69.888488,-40.848026],[-70.179498,-41.026344],[-69.95332,-41.135094],[-70.269747,-41.415254],[-69.755269,-41.505187],[-69.389488,-42.000057],[-68.3894,-42.000114],[-68.08568,-42.000132]]]},"properties":{"fid":107,"Entidad":0,"Objeto":"Departamento","FNA":"Departamento 25 de Mayo","GNA":"Departamento","NAM":"25 de Mayo","SAG":"IDE Rio Negro","FDC":null,"IN1":"62091","SHAPE_STAr":2.96456439378,"SHAPE_STLe":7.52549869413}},
{"type":"Feature","geometry":{"type":"Polygon","coordinates":[[[-70.269747,-41.415254],[-70.61638,-41.41339],[-70.688952,-41.438026],[-70.813149,-41.522904],[-70.929197,-41.427589],[-71.030404,-41.541884],[-71.229505,-41.499819],[-71.225455,-41.665367],[-71.306414,-41.820942],[-71.225792,-41.855811],[-71.240091,-41.953993],[-71.174914,-41.999954],[-69.428107,-42.000054],[-69.389488,-42.000057],[-69.755269,-41.505187],[-70.269747,-41.415254]]]},"properties":{"fid":106,"Entidad":0,"Objeto":"Departamento","FNA":"Departamento Ñorquinco","GNA":"Departamento","NAM":"Ñorquinco","SAG":"IDE Rio Negro","FDC":null,"IN1":"62056","SHAPE_STAr":0.892194418771,"SHAPE_STLe":4.61123829566}},
{"type":"Feature","geometry":{"type":"Polygon","coordinates":[[[-69.807944,-40.665131],[-69.75495,-39.87597],[-69.865938,-39.910899],[-69.880453,-39.930083],[-69.931229,-39.943263],[-69.970888,-39.977742],[-70.005372,-40.047434],[-69.994794,-40.103134],[-69.97069,-40.121037],[-69.950278,-40.178985],[-69.992035,-40.179968],[-70.002085,-40.203202],[-70.058823,-40.248955],[-70.049565,-40.317783],[-70.062686,-40.37464],[-70.103021,-40.405741],[-70.174942,-40.42761],[-70.168139,-40.474261],[-70.17883,-40.489812],[-70.24735,-40.505363],[-70.298375,-40.504391],[-70.424927,-40.536316],[-70.465088,-40.512207],[-70.532227,-40.504517],[-70.621399,-40.551514],[-70.653917,-40.591337],[-70.700874,-40.593472],[-70.733127,-40.580054],[-70.864893,-40.597044],[-70.879089,-40.620422],[-70.976501,-40.648682],[-71.01178,-40.679321],[-71.029724,-40.724426],[-71.093216,-40.726544],[-71.120441,-40.757583],[-71.119334,-40.804063],[-71.091807,-40.830348],[-71.099954,-40.840363],[-71.068868,-40.850716],[-71.038995,-40.889019],[-71.036378,-40.955874],[-71.060547,-40.980967],[-71.102303,-40.990645],[-71.088577,-40.997206],[-71.114701,-41.006955],[-71.139604,-41.054573],[-71.174881,-41.056203],[-71.219394,-41.086222],[-71.145962,-41.084671],[-71.143307,-41.108589],[-71.113442,-41.136593],[-71.156315,-41.18218],[-71.168054,-41.239419],[-71.217216,-41.296482],[-71.214367,-41.315764],[-71.180874,-41.328643],[-71.224325,-41.336063],[-71.229505,-41.499819],[-71.030404,-41.541884],[-70.929197,-41.427589],[-70.813149,-41.522904],[-70.688952,-41.438026],[-70.61638,-41.41339],[-70.269747,-41.415254],[-69.95332,-41.135094],[-70.179498,-41.026344],[-69.888488,-40.848026],[-69.807944,-40.665131]]]},"properties":{"fid":109,"Entidad":0,"Objeto":"Departamento","FNA":"Departamento Pilcaniyeu","GNA":"Departamento","NAM":"Pilcaniyeu","SAG":"IDE Rio Negro","FDC":null,"IN1":"62070","SHAPE_STAr":1.17360238846,"SHAPE_STLe":6.39640210911}},
{"type":"Feature","geometry":{"type":"Polygon","coordinates":[[[-71.708741,-40.42252],[-71.736853,-40.44082],[-71.758956,-40.416426],[-71.77289,-40.422994],[-71.793372,-40.407308],[-71.824957,-40.421898],[-71.855654,-40.5094],[-71.842769,-40.525329],[-71.858979,-40.534993],[-71.858795,-40.555229],[-71.89042,-40.556052],[-71.855996,-40.592418],[-71.823826,-40.577911],[-71.84395,-40.627943],[-71.868082,-40.648896],[-71.866879,-40.663161],[-71.963406,-40.72089],[-71.95681,-40.760908],[-71.921356,-40.78576],[-71.927525,-40.833506],[-71.880119,-40.881025],[-71.858184,-40.879479],[-71.869049,-40.892966],[-71.856435,-40.960022],[-71.887204,-40.968111],[-71.90303,-40.961287],[-71.908486,-40.972247],[-71.906337,-40.986109],[-71.871574,-41.003763],[-71.861077,-41.031024],[-71.785278,-41.018799],[-71.607605,-41.034912],[-71.557678,-41.0224],[-71.456421,-41.041687],[-71.343811,-41.093811],[-71.288574,-41.100586],[-71.219394,-41.086222],[-71.174881,-41.056203],[-71.139604,-41.054573],[-71.114701,-41.006955],[-71.088577,-40.997206],[-71.102303,-40.990645],[-71.060547,-40.980967],[-71.036378,-40.955874],[-71.038995,-40.889019],[-71.068868,-40.850716],[-71.099954,-40.840363],[-71.091807,-40.830348],[-71.119334,-40.804063],[-71.120441,-40.757583],[-71.093216,-40.726544],[-71.029724,-40.724426],[-71.01178,-40.679321],[-70.976501,-40.648682],[-70.879089,-40.620422],[-70.864893,-40.597044],[-71.15258,-40.599228],[-71.195618,-40.582301],[-71.276343,-40.59488],[-71.328064,-40.569731],[-71.356233,-40.540261],[-71.423943,-40.52741],[-71.449098,-40.536786],[-71.463374,-40.520341],[-71.516596,-40.505824],[-71.574653,-40.452418],[-71.605771,-40.461976],[-71.614454,-40.444965],[-71.655306,-40.450462],[-71.708741,-40.42252]]]},"properties":{"fid":130,"Entidad":0,"Objeto":"Departamento","FNA":"Departamento Los Lagos","GNA":"Departamento","NAM":"Los Lagos","SAG":"Direc. Pcial. de Catastro e Inf. Territorial","FDC":null,"IN1":"58070","SHAPE_STAr":0.449400514742,"SHAPE_STLe":3.87519534111}},
{"type":"Feature","geometry":{"type":"Polygon","coordinates":[[[-70.815345,-40.062216],[-70.876929,-40.066101],[-70.947946,-40.107359],[-71.018998,-40.092511],[-71.070068,-40.056756],[-71.132099,-40.067035],[-71.178821,-40.097727],[-71.240277,-40.099453],[-71.245501,-40.089015],[-71.279353,-40.092315],[-71.329373,-40.065494],[-71.376999,-40.024086],[-71.520715,-40.038741],[-71.590336,-40.028024],[-71.61313,-40.040614],[-71.646852,-40.039078],[-71.674652,-40.02406],[-71.689423,-40.035918],[-71.666692,-40.088958],[-71.690467,-40.115203],[-71.812377,-40.080804],[-71.831132,-40.105735],[-71.8029,-40.110394],[-71.798432,-40.137239],[-71.828775,-40.172142],[-71.799842,-40.185932],[-71.829323,-40.207535],[-71.824487,-40.231686],[-71.807447,-40.233077],[-71.799202,-40.255374],[-71.761817,-40.276555],[-71.747395,-40.307127],[-71.716763,-40.278979],[-71.684979,-40.294007],[-71.671648,-40.311096],[-71.673686,-40.34366],[-71.656117,-40.349728],[-71.656824,-40.363796],[-71.693099,-40.37373],[-71.688223,-40.393515],[-71.708741,-40.42252],[-71.655306,-40.450462],[-71.614454,-40.444965],[-71.605771,-40.461976],[-71.574653,-40.452418],[-71.516596,-40.505824],[-71.463374,-40.520341],[-71.449098,-40.536786],[-71.423943,-40.52741],[-71.356233,-40.540261],[-71.328064,-40.569731],[-71.276343,-40.59488],[-71.195618,-40.582301],[-71.15258,-40.599228],[-70.864893,-40.597044],[-70.733127,-40.580054],[-70.700874,-40.593472],[-70.653917,-40.591337],[-70.621399,-40.551514],[-70.532227,-40.504517],[-70.57287,-40.489921],[-70.60794,-40.49558],[-70.651029,-40.454446],[-70.676546,-40.398302],[-70.664429,-40.37556],[-70.693192,-40.357843],[-70.657375,-40.306898],[-70.672631,-40.275071],[-70.638776,-40.237754],[-70.66314,-40.225972],[-70.66716,-40.201613],[-70.698475,-40.186299],[-70.709699,-40.158317],[-70.737164,-40.1449],[-70.753178,-40.103753],[-70.781879,-40.096974],[-70.815345,-40.062216]]]},"properties":{"fid":131,"Entidad":0,"Objeto":"Departamento","FNA":"Departamento Lácar","GNA":"Departamento","NAM":"Lácar","SAG":"Direc. Pcial. de Catastro e Inf. Territorial","FDC":null,"IN1":"58056","SHAPE_STAr":0.526773553888,"SHAPE_STLe":4.13605742406}},
{"type":"Feature","geometry":{"type":"Polygon","coordinates":[[[-63.382415,-39.871918],[-65.245524,-39.850678],[-65.245728,-39.865877],[-65.213659,-39.870856],[-65.283417,-39.92531],[-65.193202,-39.979758],[-65.193997,-40.436479],[-64.601539,-40.438937],[-64.083013,-40.442171],[-63.997648,-40.506315],[-63.845303,-40.390278],[-63.848045,-40.405808],[-63.830928,-40.41055],[-63.380802,-40.408639],[-63.382415,-39.871918]]]},"properties":{"fid":78,"Entidad":0,"Objeto":"Departamento","FNA":"Departamento Conesa","GNA":"Departamento","NAM":"Conesa","SAG":"IDE Rio Negro","FDC":null,"IN1":"62028","SHAPE_STAr":1.03469512798,"SHAPE_STLe":4.99755656108}},
{"type":"Feature","geometry":{"type":"Polygon","coordinates":[[[-70.58451,-42.866515],[-70.9363,-42.863559],[-71.046548,-42.946801],[-71.167185,-42.86194],[-71.291641,-42.858246],[-71.327965,-42.831238],[-71.322797,-42.823369],[-71.356194,-42.794006],[-71.348404,-42.782856],[-71.389137,-42.758469],[-71.437975,-42.708548],[-71.442636,-42.687827],[-71.487505,-42.660968],[-71.48022,-42.613172],[-71.59859,-42.605218],[-71.62722,-42.485283],[-72.020722,-42.478714],[-72.012605,-42.494855],[-72.053745,-42.545468],[-72.051352,-42.565117],[-72.075174,-42.566316],[-72.118513,-42.60296],[-72.117613,-42.629209],[-72.096027,-42.642035],[-72.135897,-42.680135],[-72.172241,-42.671641],[-72.178704,-42.689196],[-72.173241,-42.701622],[-72.138213,-42.711159],[-72.128425,-42.731051],[-72.147157,-42.741563],[-72.13133,-42.777127],[-72.142703,-42.795278],[-72.165019,-42.798314],[-72.147876,-42.850019],[-72.118294,-42.881699],[-72.142547,-42.899865],[-72.11413,-42.922607],[-72.116192,-42.936321],[-72.090675,-42.951999],[-72.073203,-42.94961],[-72.036165,-43.01339],[-72.00262,-43.037408],[-71.958399,-43.040304],[-71.93631,-43.052771],[-71.943302,-43.09242],[-71.932902,-43.10213],[-71.89268,-43.107022],[-71.886373,-43.127026],[-71.852777,-43.127283],[-71.857337,-43.142577],[-71.815079,-43.145681],[-71.738028,-43.183153],[-71.729395,-43.20225],[-71.757254,-43.228271],[-71.730799,-43.282239],[-71.734603,-43.314333],[-71.755211,-43.317642],[-71.786404,-43.296968],[-71.840097,-43.335205],[-71.902545,-43.321125],[-71.893742,-43.380094],[-71.933253,-43.386773],[-71.914107,-43.416654],[-71.930667,-43.45731],[-71.881382,-43.451297],[-71.848635,-43.482889],[-71.878491,-43.527526],[-71.87748,-43.551083],[-71.776522,-43.538692],[-71.757414,-43.58423],[-71.731361,-43.549892],[-71.713531,-43.54155],[-71.689063,-43.547517],[-71.667877,-43.521946],[-71.570427,-43.520092],[-71.484444,-43.540096],[-71.44812,-43.569443],[-71.318748,-43.552303],[-71.18544,-43.589275],[-71.108109,-43.633705],[-71.023544,-43.608524],[-70.971062,-43.5639],[-70.916885,-43.543869],[-70.844994,-43.45145],[-70.861855,-43.421196],[-70.866699,-43.337643],[-70.886024,-43.308525],[-70.824783,-43.222641],[-70.827309,-43.167473],[-70.818794,-43.129314],[-70.792374,-43.098339],[-70.790886,-43.024078],[-70.719635,-42.999001],[-70.698181,-42.970257],[-70.630585,-42.967541],[-70.580643,-42.946487],[-70.564099,-42.922246],[-70.580894,-42.906239],[-70.57335,-42.881604],[-70.58451,-42.866515]]]},"properties":{"fid":168,"Entidad":0,"Objeto":"Departamento","FNA":"Departamento Futaleufú","GNA":"Departamento","NAM":"Futaleufú","SAG":"IGN","FDC":null,"IN1":"26035","SHAPE_STAr":1.01162715822,"SHAPE_STLe":6.01374828892}},
{"type":"Feature","geometry":{"type":"Polygon","coordinates":[[[-71.892121,-47.227183],[-72.018611,-47.198419],[-72.000909,-47.217569],[-72.016637,-47.247275],[-71.996445,-47.294954],[-72.046392,-47.339311],[-72.128084,-47.328119],[-72.161339,-47.394485],[-72.197353,-47.417042],[-72.224227,-47.403141],[-72.244481,-47.406091],[-72.293431,-47.446242],[-72.341342,-47.456186],[-72.29114,-47.511889],[-72.327032,-47.571365],[-72.309095,-47.590839],[-72.353424,-47.636192],[-72.379656,-47.635796],[-72.398159,-47.658448],[-72.420812,-47.661628],[-72.417428,-47.694322],[-72.450507,-47.705284],[-72.442722,-47.746104],[-72.466064,-47.737892],[-72.484422,-47.759081],[-72.523338,-47.740444],[-72.49593,-47.797108],[-72.468162,-47.812749],[-72.476876,-47.870926],[-72.497969,-47.875138],[-72.527417,-47.937784],[-72.497806,-47.96116],[-72.459495,-47.956491],[-72.425973,-47.966986],[-72.418776,-48.00272],[-72.443792,-48.064348],[-72.416124,-48.078148],[-72.360306,-48.073599],[-72.355025,-48.101006],[-72.327164,-48.116018],[-72.299081,-48.158634],[-72.307107,-48.201212],[-72.325811,-48.215464],[-72.316699,-48.23401],[-72.226414,-48.320563],[-72.241071,-48.348317],[-72.277981,-48.362613],[-72.322431,-48.358558],[-72.343555,-48.345335],[-72.38069,-48.350128],[-72.376974,-48.371536],[-72.34776,-48.390199],[-72.406407,-48.416075],[-72.408906,-48.432732],[-72.373506,-48.449823],[-72.393584,-48.482998],[-72.441592,-48.514087],[-72.502421,-48.518548],[-72.533355,-48.483839],[-72.565419,-48.483288],[-71.400177,-49.193275],[-70.580765,-49.20388],[-69.758247,-49.208672],[-69.734406,-48.322083],[-69.783012,-48.307049],[-70.768875,-47.319878],[-71.571472,-47.363857],[-71.892121,-47.227183]]]},"properties":{"fid":169,"Entidad":0,"Objeto":"Departamento","FNA":"Departamento Río Chico","GNA":"Departamento","NAM":"Río Chico","SAG":"IGN","FDC":null,"IN1":"78049","SHAPE_STAr":4.11648680126,"SHAPE_STLe":9.49189199059}},
{"type":"Feature","geometry":{"type":"Polygon","coordinates":[[[-72.565419,-48.483288],[-72.589509,-48.494383],[-72.567656,-48.524854],[-72.535444,-48.665468],[-72.533374,-48.799498],[-72.636937,-48.86725],[-72.691087,-48.867558],[-72.69435,-48.895388],[-72.748142,-48.910289],[-72.794589,-48.968082],[-72.850615,-48.966094],[-72.864869,-48.946629],[-72.919711,-48.935702],[-72.946437,-48.945601],[-72.958791,-48.980036],[-72.992865,-48.997225],[-72.981373,-49.029156],[-73.013842,-49.036191],[-73.004914,-49.063451],[-73.044928,-49.080868],[-73.062155,-49.127525],[-73.110087,-49.151986],[-73.145431,-49.190152],[-73.133189,-49.267175],[-73.103553,-49.266979],[-73.089365,-49.253059],[-73.045593,-49.273682],[-73.143677,-49.270996],[-73.473083,-49.203308],[-73.496704,-49.268311],[-73.410583,-49.319397],[-73.429077,-49.343994],[-73.426208,-49.391907],[-73.460022,-49.400208],[-73.490417,-49.428711],[-73.463806,-49.482483],[-73.487793,-49.500488],[-73.539612,-49.49823],[-73.549683,-49.538086],[-73.536011,-49.564026],[-73.488281,-49.582703],[-73.463684,-49.618896],[-73.464111,-49.642395],[-73.504578,-49.662903],[-73.509094,-49.7052],[-73.476379,-49.717896],[-73.438782,-49.757812],[-73.466187,-49.773682],[-73.445312,-49.793884],[-73.499695,-49.817993],[-73.490479,-49.8526],[-73.552612,-49.923889],[-73.543884,-49.949402],[-73.505188,-49.966492],[-73.566589,-50.020386],[-73.533691,-50.042297],[-73.48291,-50.054077],[-73.489502,-50.081604],[-73.541504,-50.119019],[-73.520813,-50.153076],[-73.555176,-50.184387],[-73.56543,-50.270691],[-73.538391,-50.289001],[-73.516785,-50.289001],[-73.480713,-50.325684],[-73.46991,-50.344482],[-73.486389,-50.38208],[-73.455383,-50.392578],[-73.403687,-50.450806],[-73.432617,-50.483093],[-73.364502,-50.487915],[-73.365601,-50.507507],[-73.386414,-50.516418],[-73.331909,-50.56842],[-73.288696,-50.585999],[-73.270813,-50.648804],[-73.238708,-50.665894],[-73.172729,-50.676697],[-73.185913,-50.700378],[-73.286011,-50.739502],[-73.255981,-50.750122],[-73.284912,-50.787903],[-73.267517,-50.823975],[-73.203491,-50.820984],[-73.096924,-50.773376],[-73.069702,-50.788879],[-73.041992,-50.761292],[-73.006287,-50.762024],[-72.954699,-50.740959],[-72.952022,-50.718384],[-72.905465,-50.697195],[-72.891438,-50.670176],[-72.774118,-50.627453],[-72.740033,-50.626775],[-72.729745,-50.614952],[-72.698423,-50.645519],[-72.680929,-50.642453],[-72.655782,-50.663957],[-72.642331,-50.653756],[-72.623323,-50.657369],[-72.59401,-50.681673],[-72.574605,-50.679004],[-72.579656,-50.655596],[-72.548437,-50.620547],[-72.504869,-50.614527],[-72.492639,-50.600821],[-72.417961,-50.619131],[-72.407789,-50.636406],[-72.359189,-50.616121],[-72.338046,-50.650462],[-72.286248,-50.659646],[-72.298302,-50.682102],[-70.646042,-50.736759],[-70.580765,-49.20388],[-71.400177,-49.193275],[-72.565419,-48.483288]]]},"properties":{"fid":170,"Entidad":0,"Objeto":"Departamento","FNA":"Departamento Lago Argentino","GNA":"Departamento","NAM":"Lago Argentino","SAG":"IGN","FDC":null,"IN1":"78028","SHAPE_STAr":4.82369350192,"SHAPE_STLe":11.3894411895}},
{"type":"Feature","geometry":{"type":"Polygon","coordinates":[[[-63.380802,-40.408639],[-63.830928,-40.41055],[-63.848045,-40.405808],[-63.845303,-40.390278],[-63.997648,-40.506315],[-64.083013,-40.442171],[-64.601539,-40.438937],[-64.603179,-40.850198],[-64.421021,-40.907593],[-64.206177,-41.009827],[-64.112,-41.022888],[-64.095886,-41.018677],[-64.10907,-41.009827],[-64.098877,-41.00177],[-64.081787,-41.026672],[-64.11438,-41.03009],[-63.958496,-41.07312],[-63.882385,-41.132507],[-63.777222,-41.1604],[-63.116516,-41.155518],[-63.053284,-41.143982],[-62.992981,-41.109497],[-62.884521,-41.079407],[-62.789667,-41.024164],[-62.801535,-40.982131],[-62.957154,-40.817675],[-63.191647,-40.71625],[-63.28397,-40.728719],[-63.310025,-40.70653],[-63.358923,-40.720807],[-63.36273,-40.70302],[-63.37935,-40.70977],[-63.380802,-40.408639]]]},"properties":{"fid":176,"Entidad":0,"Objeto":"Departamento","FNA":"Departamento Adolfo Alsina","GNA":"Departamento","NAM":"Adolfo Alsina","SAG":"IDE Rio Negro","FDC":null,"IN1":"62007","SHAPE_STAr":0.95508527467,"SHAPE_STLe":4.87029393186}},
{"type":"Feature","geometry":{"type":"Polygon","coordinates":[[[-69.918686,-44.678032],[-71.232634,-44.653839],[-71.195842,-44.684896],[-71.214298,-44.714211],[-71.205603,-44.749522],[-71.253726,-44.785245],[-71.250632,-44.799344],[-71.291816,-44.813948],[-71.355983,-44.790956],[-71.394486,-44.790024],[-71.474207,-44.737073],[-71.531204,-44.743023],[-71.566881,-44.759307],[-71.581601,-44.752265],[-71.595382,-44.779364],[-71.662952,-44.787028],[-71.686985,-44.765018],[-71.735933,-44.768793],[-71.78508,-44.752142],[-71.824577,-44.774944],[-71.815458,-44.793092],[-71.852112,-44.800781],[-71.914612,-44.776611],[-71.927505,-44.804035],[-71.956787,-44.786011],[-72.00061,-44.786377],[-72.018156,-44.756661],[-72.032424,-44.765452],[-72.063904,-44.756592],[-72.073821,-44.780641],[-72.027083,-44.805458],[-72.065593,-44.849996],[-72.036354,-44.862331],[-72.065821,-44.876722],[-72.03367,-44.904762],[-72.01945,-44.897395],[-71.979247,-44.903562],[-71.977362,-44.919438],[-71.947895,-44.92058],[-71.924976,-44.944208],[-71.883526,-44.945969],[-71.879909,-44.959389],[-71.854443,-44.932311],[-71.817219,-44.91979],[-71.778153,-44.940256],[-71.753837,-44.926482],[-71.74211,-44.958352],[-71.711066,-44.955125],[-71.657288,-44.975586],[-71.55931,-44.97765],[-71.540955,-45.000203],[-71.557986,-45.03148],[-71.505425,-45.072212],[-71.526544,-45.103125],[-71.491449,-45.107812],[-71.487486,-45.144117],[-71.418105,-45.157444],[-71.425178,-45.171744],[-71.369996,-45.225598],[-71.332978,-45.241385],[-71.3504,-45.267868],[-71.320053,-45.29212],[-71.335909,-45.322034],[-71.446272,-45.367659],[-71.438253,-45.395819],[-71.453248,-45.386114],[-71.529458,-45.392704],[-71.520557,-45.425352],[-71.533945,-45.432974],[-71.499899,-45.455527],[-71.501931,-45.466653],[-71.475073,-45.474248],[-71.469805,-45.482043],[-71.482711,-45.483014],[-71.46892,-45.493636],[-71.559562,-45.523584],[-71.606299,-45.522152],[-71.623725,-45.511427],[-71.682135,-45.515076],[-71.682593,-45.527774],[-71.744314,-45.54215],[-71.76353,-45.56031],[-71.762945,-45.576643],[-71.726596,-45.577457],[-71.748154,-45.610279],[-71.779557,-45.62182],[-71.77198,-45.64102],[-71.795526,-45.664931],[-71.773047,-45.681236],[-71.801054,-45.720894],[-71.771221,-45.743737],[-71.76126,-45.787835],[-71.743271,-45.802588],[-71.76897,-45.844395],[-71.739726,-45.858124],[-71.71586,-45.854436],[-71.652519,-45.89039],[-71.612544,-45.963225],[-71.618112,-45.980048],[-71.645309,-45.985069],[-71.644578,-45.999753],[-69.656182,-45.999774],[-69.648061,-45.999774],[-69.626785,-44.681366],[-69.918686,-44.678032]]]},"properties":{"fid":177,"Entidad":0,"Objeto":"Departamento","FNA":"Departamento Río Senguer","GNA":"Departamento","NAM":"Río Senguer","SAG":"IGN","FDC":null,"IN1":"26084","SHAPE_STAr":2.62544750843,"SHAPE_STLe":9.33092429292}},
{"type":"Feature","geometry":{"type":"Polygon","coordinates":[[[-71.219394,-41.086222],[-71.288574,-41.100586],[-71.343811,-41.093811],[-71.456421,-41.041687],[-71.557678,-41.0224],[-71.607605,-41.034912],[-71.785278,-41.018799],[-71.861077,-41.031024],[-71.839364,-41.035843],[-71.817944,-41.062294],[-71.849591,-41.083147],[-71.839364,-41.150405],[-71.887507,-41.169065],[-71.834381,-41.271797],[-71.856226,-41.257309],[-71.897015,-41.255144],[-71.876023,-41.307387],[-71.881653,-41.324144],[-71.91208,-41.34057],[-71.911245,-41.356743],[-71.86635,-41.393601],[-71.863208,-41.422013],[-71.827008,-41.443503],[-71.843364,-41.451697],[-71.828007,-41.481012],[-71.85207,-41.514848],[-71.817638,-41.575206],[-71.846801,-41.565288],[-71.885561,-41.605992],[-71.856998,-41.645266],[-71.836561,-41.645635],[-71.816972,-41.689895],[-71.794378,-41.694737],[-71.810365,-41.720528],[-71.784181,-41.734953],[-71.753932,-41.787454],[-71.773987,-41.793649],[-71.751368,-41.82493],[-71.790719,-41.83079],[-71.797482,-41.84263],[-71.772137,-41.930854],[-71.793404,-41.94403],[-71.793782,-41.961553],[-71.773758,-41.999838],[-71.174914,-41.999954],[-71.240091,-41.953993],[-71.225792,-41.855811],[-71.306414,-41.820942],[-71.225455,-41.665367],[-71.229505,-41.499819],[-71.224325,-41.336063],[-71.180874,-41.328643],[-71.214367,-41.315764],[-71.217216,-41.296482],[-71.168054,-41.239419],[-71.156315,-41.18218],[-71.113442,-41.136593],[-71.143307,-41.108589],[-71.145962,-41.084671],[-71.219394,-41.086222]]]},"properties":{"fid":178,"Entidad":0,"Objeto":"Departamento","FNA":"Departamento Bariloche","GNA":"Departamento","NAM":"Bariloche","SAG":"IDE Rio Negro","FDC":null,"IN1":"62021","SHAPE_STAr":0.584706689606,"SHAPE_STLe":4.23410851389}},
{"type":"Feature","geometry":{"type":"Polygon","coordinates":[[[-69.53138,-43.784729],[-70.99231,-43.760891],[-70.995857,-43.850662],[-71.116188,-43.849335],[-71.118416,-43.93985],[-71.371742,-43.935406],[-71.369316,-43.883125],[-71.383881,-43.878906],[-71.478348,-43.92012],[-71.649627,-43.934869],[-71.759426,-44.099609],[-71.781338,-44.111511],[-71.848659,-44.113525],[-71.846667,-44.159236],[-71.799878,-44.191695],[-71.80064,-44.214585],[-71.78002,-44.217187],[-71.807717,-44.228061],[-71.80636,-44.258114],[-71.829536,-44.265371],[-71.80312,-44.271689],[-71.808761,-44.288212],[-71.786968,-44.330425],[-71.839018,-44.349976],[-71.820839,-44.392283],[-71.804325,-44.399136],[-71.815067,-44.416117],[-71.767349,-44.410414],[-71.711693,-44.379224],[-71.657883,-44.408987],[-71.617235,-44.398494],[-71.551787,-44.408971],[-71.510498,-44.394002],[-71.386197,-44.385275],[-71.352667,-44.4034],[-71.348885,-44.424795],[-71.335893,-44.41877],[-71.312189,-44.429556],[-71.246182,-44.417404],[-71.222731,-44.436246],[-71.17111,-44.439102],[-71.129689,-44.471803],[-71.163729,-44.501044],[-71.127718,-44.50804],[-71.091463,-44.532549],[-71.097233,-44.587058],[-71.127885,-44.597584],[-71.200847,-44.591636],[-71.19431,-44.601981],[-71.215064,-44.616972],[-71.216358,-44.63577],[-71.235489,-44.640919],[-71.232634,-44.653839],[-69.918686,-44.678032],[-69.509117,-44.144913],[-69.53138,-43.784729]]]},"properties":{"fid":313,"Entidad":0,"Objeto":"Departamento","FNA":"Departamento Tehuelches","GNA":"Departamento","NAM":"Tehuelches","SAG":"IGN","FDC":null,"IN1":"26098","SHAPE_STAr":1.64332018508,"SHAPE_STLe":6.82702810413}},
{"type":"Feature","geometry":{"type":"MultiPolygon","coordinates":[[[[-66.366489,-45.041995],[-67.07991,-45.046268],[-67.092657,-44.721024],[-67.094162,-44.678928],[-67.748085,-44.684933],[-68.371193,-44.68718],[-68.363121,-45.999787],[-67.59568,-45.999795],[-67.565186,-45.962593],[-67.531219,-45.958964],[-67.555668,-45.945133],[-67.552069,-45.925681],[-67.499096,-45.874761],[-67.456415,-45.861436],[-67.475777,-45.853762],[-67.454749,-45.819468],[-67.39788,-45.787524],[-67.368553,-45.787256],[-67.378725,-45.734462],[-67.34223,-45.723159],[-67.362027,-45.695754],[-67.350315,-45.629334],[-67.221539,-45.527077],[-67.138198,-45.422107],[-67.036012,-45.32217],[-66.953707,-45.267739],[-66.853555,-45.232119],[-66.705321,-45.224326],[-66.662014,-45.211418],[-66.571238,-45.211566],[-66.542893,-45.225099],[-66.518652,-45.222898],[-66.514101,-45.196784],[-66.536498,-45.175161],[-66.594467,-45.171621],[-66.599167,-45.161687],[-66.584384,-45.156987],[-66.600684,-45.140539],[-66.547384,-45.136673],[-66.540275,-45.152913],[-66.473174,-45.165881],[-66.465055,-45.14399],[-66.531441,-45.144346],[-66.530698,-45.110201],[-66.398519,-45.053124],[-66.363273,-45.061601],[-66.374665,-45.05589],[-66.366489,-45.041995]]],[[[-66.404495,-45.185596],[-66.408218,-45.193752],[-66.393478,-45.191463],[-66.404495,-45.185596]]]]},"properties":{"fid":314,"Entidad":0,"Objeto":"Departamento","FNA":"Departamento Escalante","GNA":"Departamento","NAM":"Escalante","SAG":"IGN","FDC":null,"IN1":"26021","SHAPE_STAr":1.63688881055,"SHAPE_STLe":7.25271758009}},
{"type":"Feature","geometry":{"type":"Polygon","coordinates":[[[-69.389488,-42.000057],[-69.428107,-42.000054],[-69.505287,-42.796757],[-69.558548,-43.331963],[-67.767601,-43.338791],[-67.773872,-42.882572],[-68.381599,-42.882832],[-68.3894,-42.000114],[-69.389488,-42.000057]]]},"properties":{"fid":324,"Entidad":0,"Objeto":"Departamento","FNA":"Departamento Gastre","GNA":"Departamento","NAM":"Gastre","SAG":"IGN","FDC":null,"IN1":"26049","SHAPE_STAr":1.75695896961,"SHAPE_STLe":6.11471996873}},
{"type":"Feature","geometry":{"type":"Polygon","coordinates":[[[-68.363121,-45.999787],[-68.371193,-44.68718],[-69.626785,-44.681366],[-69.648061,-45.999774],[-68.363121,-45.999787]]]},"properties":{"fid":337,"Entidad":0,"Objeto":"Departamento","FNA":"Departamento Sarmiento","GNA":"Departamento","NAM":"Sarmiento","SAG":"IGN","FDC":null,"IN1":"26091","SHAPE_STAr":1.66988954267,"SHAPE_STLe":5.1717634947}},
{"type":"Feature","geometry":{"type":"Polygon","coordinates":[[[-64.857255,-42.836409],[-64.879121,-42.833884],[-64.89097,-42.812683],[-64.91555,-42.811589],[-64.95336,-42.785391],[-64.972705,-42.793124],[-65.030835,-42.768544],[-65.036071,-42.730562],[-64.995529,-42.69775],[-64.985036,-42.653649],[-64.92316,-42.616843],[-64.833611,-42.610548],[-64.762393,-42.552489],[-64.685561,-42.512586],[-64.580198,-42.490838],[-64.339896,-42.532835],[-64.310462,-42.555773],[-64.308963,-42.585945],[-64.28246,-42.573251],[-64.259564,-42.589673],[-64.273407,-42.617727],[-64.213825,-42.621938],[-64.249406,-42.683045],[-64.260038,-42.746995],[-64.239932,-42.785734],[-64.145191,-42.87379],[-64.106979,-42.878474],[-63.790482,-42.814073],[-63.732851,-42.812788],[-63.678755,-42.792754],[-63.629964,-42.764628],[-63.639815,-42.699764],[-63.582803,-42.607346],[-63.604123,-42.547193],[-63.598555,-42.330234],[-63.616781,-42.28845],[-63.693495,-42.193177],[-63.739086,-42.097808],[-63.759454,-42.076107],[-63.815395,-42.073443],[-63.964801,-42.114607],[-63.987549,-42.13745],[-64.027334,-42.147634],[-64.075113,-42.178329],[-64.37875,-42.238345],[-64.312958,-42.252146],[-64.246898,-42.234181],[-64.229826,-42.245662],[-64.185003,-42.248458],[-64.134915,-42.239326],[-64.072304,-42.263453],[-64.044369,-42.31285],[-64.070162,-42.333076],[-64.043036,-42.351302],[-64.056837,-42.382664],[-64.120292,-42.428267],[-64.289353,-42.41509],[-64.301541,-42.403936],[-64.3517,-42.425684],[-64.433519,-42.439866],[-64.477253,-42.438302],[-64.485569,-42.415459],[-64.498311,-42.4302],[-64.540285,-42.419278],[-64.556168,-42.431984],[-64.572872,-42.421348],[-64.610098,-42.426381],[-64.618225,-42.395576],[-64.595368,-42.38484],[-64.558559,-42.307455],[-64.464209,-42.239523],[-64.739996,-42.214097],[-64.880279,-42.180798],[-65.013988,-42.093375],[-65.069275,-42.000305],[-65.72812,-42.000267],[-65.973589,-42.000253],[-65.942741,-42.862286],[-65.454575,-42.851921],[-64.857255,-42.836409]]]},"properties":{"fid":379,"Entidad":0,"Objeto":"Departamento","FNA":"Departamento Biedma","GNA":"Departamento","NAM":"Biedma","SAG":"IGN","FDC":null,"IN1":"26007","SHAPE_STAr":1.41076506052,"SHAPE_STLe":8.78767659817}},
{"type":"Feature","geometry":{"type":"MultiPolygon","coordinates":[[[[-66.366489,-45.041995],[-66.332162,-45.042119],[-66.326064,-45.052023],[-66.293942,-45.045926],[-66.295448,-45.058171],[-66.276234,-45.065339],[-66.290272,-45.057278],[-66.278809,-45.059402],[-66.283699,-45.04873],[-66.246401,-45.020926],[-66.2257,-45.0281],[-66.230197,-45.007006],[-66.208925,-45.002759],[-66.192685,-44.981951],[-66.17309,-44.998155],[-66.162275,-44.983021],[-66.150747,-44.994122],[-66.118945,-44.985234],[-66.085966,-44.996977],[-66.072546,-44.989767],[-66.060482,-45.00408],[-66.019686,-44.998869],[-65.934441,-45.049437],[-65.913883,-45.032019],[-65.886864,-45.038836],[-65.891646,-45.007998],[-65.846532,-45.002074],[-65.823189,-45.016065],[-65.828722,-45.039122],[-65.802881,-45.031162],[-65.809412,-45.015422],[-65.788473,-45.030125],[-65.775457,-45.019489],[-65.740455,-45.023962],[-65.736863,-45.04019],[-65.701361,-45.045092],[-65.68994,-45.06201],[-65.697816,-45.045925],[-65.681302,-45.028864],[-65.682159,-45.040214],[-65.653677,-45.039286],[-65.645586,-45.050922],[-65.636354,-45.03555],[-65.602256,-45.027151],[-65.625606,-45.009345],[-65.613578,-44.999875],[-65.58431,-45.006668],[-65.605785,-44.981862],[-65.59453,-44.957366],[-65.570902,-44.96078],[-65.536388,-44.937569],[-65.540386,-44.928087],[-65.519815,-44.92974],[-65.560861,-44.903578],[-65.574305,-44.910681],[-65.572889,-44.895607],[-65.604881,-44.908896],[-65.621216,-44.885732],[-65.663086,-44.890936],[-65.704668,-44.875261],[-65.728849,-44.848403],[-65.7287,-44.811581],[-65.702615,-44.80132],[-65.692978,-44.725028],[-65.63837,-44.665869],[-65.595569,-44.642372],[-65.576147,-44.64832],[-65.520973,-44.609327],[-65.46339,-44.600225],[-65.461635,-44.575776],[-65.426776,-44.569649],[-65.395978,-44.592836],[-65.376272,-44.575211],[-65.366338,-44.587347],[-65.358216,-44.573777],[-65.394481,-44.555343],[-65.388175,-44.542999],[-65.359414,-44.537378],[-65.377468,-44.524172],[-65.36789,-44.511501],[-65.3239,-44.508854],[-65.316286,-44.531191],[-65.30079,-44.510193],[-65.279285,-44.51742],[-65.284282,-44.493804],[-65.320837,-44.49074],[-65.31114,-44.467362],[-65.334459,-44.456],[-65.30885,-44.442497],[-65.311705,-44.426911],[-65.283832,-44.430358],[-65.292313,-44.422004],[-65.277193,-44.420031],[-65.285323,-44.409898],[-65.262034,-44.388334],[-65.236187,-44.386877],[-65.216735,-44.366741],[-65.227413,-44.334112],[-65.24511,-44.338009],[-65.258822,-44.327301],[-65.253006,-44.308292],[-65.270779,-44.298807],[-65.270198,-44.271708],[-65.302574,-44.244532],[-65.311773,-44.204271],[-65.287693,-44.154759],[-65.220402,-44.13679],[-65.241125,-44.077822],[-65.209359,-44.041488],[-65.187944,-44.035456],[-65.224778,-44.045342],[-65.251582,-44.027639],[-65.257305,-43.991831],[-65.231143,-43.9727],[-65.276829,-43.966632],[-65.299029,-43.934152],[-65.328576,-43.845666],[-65.311194,-43.795579],[-65.349277,-43.776138],[-65.353212,-43.758739],[-65.404213,-43.760052],[-66.459299,-43.782024],[-66.431763,-43.825672],[-66.43261,-43.859138],[-66.47448,-43.903271],[-66.485252,-43.965725],[-66.539711,-43.991161],[-66.577736,-43.992855],[-66.60479,-44.018967],[-66.628487,-44.019592],[-66.675919,-44.07436],[-66.685508,-44.103167],[-66.674461,-44.134415],[-66.694481,-44.191696],[-66.798882,-44.262852],[-66.809074,-44.340572],[-66.83461,-44.387577],[-66.931267,-44.480919],[-66.940697,-44.514687],[-66.967255,-44.529343],[-66.958954,-44.5518],[-66.974312,-44.592419],[-67.015818,-44.651926],[-67.048195,-44.668427],[-67.092657,-44.721024],[-67.07991,-45.046268],[-66.366489,-45.041995]]],[[[-65.992973,-45.09108],[-66.010681,-45.079376],[-66.019753,-45.086407],[-66.007835,-45.104248],[-65.964348,-45.10923],[-65.992973,-45.09108]]],[[[-65.597588,-45.04343],[-65.623581,-45.045326],[-65.616631,-45.060024],[-65.588242,-45.053734],[-65.597588,-45.04343]]],[[[-65.950836,-45.108772],[-65.962723,-45.102592],[-65.946815,-45.119312],[-65.950836,-45.108772]]]]},"properties":{"fid":381,"Entidad":0,"Objeto":"Departamento","FNA":"Departamento Florentino Ameghino","GNA":"Departamento","NAM":"Florentino Ameghino","SAG":"IGN","FDC":null,"IN1":"26028","SHAPE_STAr":1.79234860004,"SHAPE_STLe":9.57779291781}},
{"type":"Feature","geometry":{"type":"Polygon","coordinates":[[[-65.977242,-54.59842],[-66.305574,-54.508186],[-66.364406,-54.501047],[-66.384036,-54.487008],[-66.468948,-54.47716],[-66.552221,-54.42053],[-66.544131,-54.402398],[-66.66101,-54.343435],[-66.700271,-54.302746],[-66.690944,-54.282902],[-66.732394,-54.277239],[-66.752477,-54.252397],[-66.899956,-54.217514],[-66.949002,-54.188489],[-68.607937,-54.188546],[-68.608954,-54.424099],[-68.545438,-54.427949],[-68.531285,-54.440567],[-68.557811,-54.455132],[-68.447349,-54.458266],[-68.402787,-54.445494],[-68.368232,-54.457498],[-68.369767,-54.619811],[-67.392451,-54.619811],[-67.38777,-54.744201],[-67.006266,-54.747967],[-67.002579,-54.598425],[-65.977242,-54.59842]]]},"properties":{"fid":466,"Entidad":0,"Objeto":"Departamento","FNA":"Departamento Río Grande","GNA":"Departamento","NAM":"Tolhuin","SAG":"Gerencia de Catastro Pcial.","FDC":null,"IN1":"94011","SHAPE_STAr":0.891683580238,"SHAPE_STLe":6.26263526509}},
{"type":"Feature","geometry":{"type":"Polygon","coordinates":[[[-68.249979,-37.574814],[-68.250091,-36.802768],[-68.250183,-36.172485],[-68.296132,-36.172547],[-68.296145,-35.999552],[-68.271227,-35.999551],[-68.489119,-35.58256],[-68.746042,-35.369369],[-69.275369,-35.257729],[-69.343671,-35.27509],[-69.376699,-35.270223],[-69.514188,-35.229049],[-69.553407,-35.186355],[-69.547061,-35.164959],[-69.569324,-35.110668],[-69.609689,-35.085887],[-69.644968,-35.025017],[-69.647271,-34.998424],[-69.684878,-34.96685],[-69.762396,-34.938261],[-70.015627,-34.808587],[-70.089543,-34.748977],[-70.141776,-34.744843],[-70.182516,-34.706823],[-70.242376,-34.689713],[-70.259275,-34.730157],[-70.307672,-34.751068],[-70.308571,-34.769915],[-70.248195,-34.798868],[-70.279963,-34.852336],[-70.27632,-34.876255],[-70.331134,-34.936478],[-70.333674,-34.989925],[-70.363785,-35.006021],[-70.360446,-35.034887],[-70.376346,-35.050919],[-70.373891,-35.085686],[-70.357581,-35.09898],[-70.370095,-35.112082],[-70.361186,-35.135499],[-70.37502,-35.170222],[-70.439916,-35.193729],[-70.454986,-35.189779],[-70.472086,-35.20391],[-70.53605,-35.199103],[-70.568112,-35.223817],[-70.565156,-35.243014],[-70.583686,-35.26716],[-70.566292,-35.299494],[-70.500196,-35.321068],[-70.431893,-35.318292],[-70.418385,-35.353675],[-70.422696,-35.370716],[-70.452003,-35.391625],[-70.438311,-35.413172],[-70.452128,-35.426328],[-70.432331,-35.445713],[-70.446529,-35.463228],[-70.413742,-35.488537],[-70.394224,-35.485325],[-70.368009,-35.520741],[-70.388241,-35.515863],[-70.413559,-35.528495],[-70.384696,-35.60511],[-70.423798,-35.641065],[-70.397504,-35.663663],[-70.398835,-35.686654],[-70.374461,-35.700607],[-70.3583,-35.749643],[-70.380092,-35.766964],[-70.378742,-35.787851],[-70.358447,-35.801244],[-70.336862,-35.795646],[-70.311964,-35.813164],[-70.369556,-35.841222],[-70.381287,-35.866922],[-70.421966,-35.876586],[-70.423994,-35.91466],[-70.364773,-35.924195],[-70.422954,-35.971549],[-70.378151,-35.989969],[-70.370095,-36.035325],[-70.410839,-36.056864],[-70.425474,-36.095336],[-70.415075,-36.109908],[-70.397378,-36.119489],[-70.394986,-36.194329],[-70.370616,-36.223792],[-70.372183,-36.280165],[-70.351494,-36.324274],[-70.338949,-36.336924],[-70.303577,-36.340558],[-70.266651,-36.322405],[-70.220129,-36.332172],[-70.195654,-36.423378],[-70.201683,-36.453621],[-70.182854,-36.490786],[-70.138399,-36.526799],[-70.122784,-36.570776],[-70.075919,-36.606619],[-70.042544,-36.659048],[-70.02208,-36.665844],[-70.012165,-36.695526],[-69.987484,-36.692897],[-69.94753,-36.721607],[-69.943926,-36.744923],[-69.920033,-36.762267],[-69.921746,-36.794819],[-69.873573,-36.811398],[-69.850603,-36.846272],[-69.759652,-36.87152],[-69.752076,-36.886167],[-69.778998,-36.916821],[-69.776257,-36.991224],[-69.764594,-37.000288],[-69.755634,-37.068641],[-69.711541,-37.101483],[-69.627498,-37.143722],[-69.529573,-37.174436],[-69.464976,-37.172555],[-69.430074,-37.159493],[-69.396988,-37.171903],[-69.377674,-37.159563],[-69.351547,-37.163989],[-69.334915,-37.151425],[-69.299175,-37.155066],[-69.268318,-37.144501],[-69.219642,-37.17739],[-69.172879,-37.177907],[-69.064131,-37.223647],[-69.038293,-37.255636],[-69.049299,-37.314666],[-69.026041,-37.364793],[-68.97713,-37.379296],[-68.942997,-37.371829],[-68.884681,-37.381995],[-68.865168,-37.401251],[-68.766087,-37.366485],[-68.721642,-37.388937],[-68.69658,-37.442344],[-68.634087,-37.4475],[-68.613669,-37.438625],[-68.569917,-37.456282],[-68.504908,-37.454093],[-68.436663,-37.544564],[-68.401176,-37.558733],[-68.354952,-37.547228],[-68.349099,-37.556651],[-68.289886,-37.559042],[-68.249979,-37.574814]]]},"properties":{"fid":174,"Entidad":0,"Objeto":"Departamento","FNA":"Departamento Malargüe","GNA":"Departamento","NAM":"Malargüe","SAG":"IDE Mendoza","FDC":null,"IN1":"50077","SHAPE_STAr":4.06123143768,"SHAPE_STLe":10.5249599345}},
{"type":"Feature","geometry":{"type":"Polygon","coordinates":[[[-66.776547,-34.29766],[-67.15524,-34.29586],[-67.151553,-34.110537],[-67.501198,-34.101327],[-67.564508,-34.101853],[-67.647781,-34.201074],[-68.024844,-34.199802],[-68.102748,-34.213238],[-68.170582,-34.211408],[-68.20237,-34.20698],[-68.246452,-34.179489],[-68.299217,-34.172852],[-68.349258,-34.180569],[-68.426408,-34.222665],[-68.453482,-34.212553],[-68.513727,-34.210814],[-68.584754,-34.236885],[-68.651158,-34.238399],[-68.715751,-34.263365],[-68.754654,-34.259988],[-68.811378,-34.370627],[-69.005924,-34.320006],[-69.05427,-34.579277],[-69.091373,-34.582482],[-69.098498,-34.603016],[-69.129737,-34.613403],[-69.131296,-34.623407],[-69.430972,-34.701672],[-69.482041,-34.684002],[-69.642919,-34.523195],[-69.713049,-34.481241],[-69.757077,-34.479466],[-69.772673,-34.467397],[-69.795637,-34.404668],[-69.904931,-34.337892],[-69.955309,-34.292712],[-69.978425,-34.252451],[-70.01158,-34.267009],[-70.03228,-34.291253],[-70.014658,-34.335392],[-70.024243,-34.373721],[-70.012299,-34.41195],[-70.041808,-34.423408],[-70.082419,-34.472557],[-70.129431,-34.485614],[-70.144417,-34.532876],[-70.216984,-34.610737],[-70.215864,-34.683427],[-70.242376,-34.689713],[-70.182516,-34.706823],[-70.141776,-34.744843],[-70.089543,-34.748977],[-70.015627,-34.808587],[-69.762396,-34.938261],[-69.684878,-34.96685],[-69.647271,-34.998424],[-69.644968,-35.025017],[-69.609689,-35.085887],[-69.569324,-35.110668],[-69.547061,-35.164959],[-69.553407,-35.186355],[-69.514188,-35.229049],[-69.376699,-35.270223],[-69.343671,-35.27509],[-69.275369,-35.257729],[-68.746042,-35.369369],[-68.489119,-35.58256],[-68.271227,-35.999551],[-67.19493,-35.99952],[-67.285389,-35.834122],[-67.336477,-35.808153],[-67.396073,-35.730157],[-67.415739,-35.722952],[-67.413944,-35.683056],[-67.404018,-35.681879],[-67.412483,-35.657818],[-67.478862,-35.591284],[-67.480783,-35.563322],[-67.506516,-35.55195],[-67.530473,-35.503922],[-67.574998,-35.461329],[-67.592845,-35.459654],[-67.624273,-35.405812],[-67.647878,-35.391398],[-67.643905,-35.368205],[-67.659459,-35.339502],[-67.646371,-35.316551],[-67.671665,-35.296652],[-67.67944,-35.254518],[-67.715314,-35.240209],[-67.713091,-35.208825],[-67.732255,-35.205206],[-67.713886,-35.175946],[-67.730333,-35.151411],[-67.710602,-35.118036],[-67.719109,-35.098721],[-67.699628,-35.084161],[-67.712105,-35.055092],[-67.697132,-35.036311],[-67.709256,-35.029731],[-67.69342,-35.015641],[-67.713533,-35.003999],[-67.709561,-34.982425],[-67.723045,-34.972716],[-67.665143,-34.622294],[-67.63429,-34.56702],[-67.63928,-34.534244],[-67.559914,-34.532815],[-67.486123,-34.555952],[-67.45291,-34.548951],[-67.426877,-34.558952],[-67.387178,-34.540584],[-67.337915,-34.550063],[-67.319716,-34.538484],[-67.283946,-34.537743],[-67.227479,-34.548928],[-67.204669,-34.566305],[-67.153941,-34.55941],[-67.079026,-34.574653],[-67.058459,-34.555207],[-67.017994,-34.558409],[-66.943173,-34.536952],[-66.92139,-34.515427],[-66.899572,-34.517009],[-66.890869,-34.50604],[-66.871223,-34.512931],[-66.84538,-34.492371],[-66.792953,-34.49162],[-66.75858,-34.511438],[-66.75781,-34.435068],[-66.795966,-34.411536],[-66.774239,-34.408241],[-66.765418,-34.378594],[-66.787687,-34.377807],[-66.81306,-34.343816],[-66.800008,-34.335301],[-66.802903,-34.305171],[-66.776547,-34.29766]]]},"properties":{"fid":119,"Entidad":0,"Objeto":"Departamento","FNA":"Departamento San Rafael","GNA":"Departamento","NAM":"San Rafael","SAG":"IDE Mendoza","FDC":null,"IN1":"50105","SHAPE_STAr":3.09651198495,"SHAPE_STLe":12.048529759}},
{"type":"Feature","geometry":{"type":"Polygon","coordinates":[[[-66.6479,-34.742993],[-66.65158,-34.757332],[-66.60857,-34.773767],[-66.595843,-34.789836],[-66.602843,-34.80283],[-66.563503,-34.829397],[-66.545456,-34.883198],[-66.555308,-34.910961],[-66.53826,-34.917314],[-66.526017,-34.942789],[-66.546408,-34.967958],[-66.53287,-35.006146],[-66.540776,-35.015567],[-66.52243,-35.021754],[-66.526932,-35.04953],[-66.514999,-35.051912],[-66.521367,-35.063973],[-66.507545,-35.090817],[-66.48911,-35.094755],[-66.498687,-35.1065],[-66.478577,-35.140418],[-66.494161,-35.156777],[-66.498517,-35.193453],[-66.484315,-35.208465],[-66.484227,-35.240901],[-66.520118,-35.275175],[-66.495721,-35.309861],[-66.508078,-35.397544],[-66.529279,-35.442873],[-66.517369,-35.470104],[-66.525844,-35.54057],[-66.570647,-35.582111],[-66.562735,-35.624477],[-66.548173,-35.637311],[-66.580584,-35.703778],[-66.59342,-35.803765],[-66.622241,-35.848357],[-66.629679,-35.927635],[-66.619366,-35.964307],[-66.637875,-35.999504],[-66.017812,-35.999514],[-65.116945,-35.99953],[-65.116957,-35.978898],[-65.117054,-35.801066],[-65.117493,-35.000002],[-65.117486,-34.652174],[-65.251982,-34.652965],[-65.252487,-34.667778],[-65.567979,-34.668866],[-65.568157,-34.69479],[-65.669799,-34.692723],[-65.669827,-34.712299],[-65.97524,-34.712533],[-65.976425,-34.778612],[-66.099437,-34.772371],[-66.444764,-34.82397],[-66.529121,-34.812615],[-66.6479,-34.742993]]]},"properties":{"fid":42,"Entidad":0,"Objeto":"Departamento","FNA":"Departamento Gobernador Dupuy","GNA":"Departamento","NAM":"Gobernador Dupuy","SAG":"Direc. de Geodesia y Catastro","FDC":null,"IN1":"74042","SHAPE_STAr":1.81741405149,"SHAPE_STLe":6.26741110401}},
{"type":"Feature","geometry":{"type":"Polygon","coordinates":[[[-66.75858,-34.511438],[-66.792953,-34.49162],[-66.84538,-34.492371],[-66.871223,-34.512931],[-66.890869,-34.50604],[-66.899572,-34.517009],[-66.92139,-34.515427],[-66.943173,-34.536952],[-67.017994,-34.558409],[-67.058459,-34.555207],[-67.079026,-34.574653],[-67.153941,-34.55941],[-67.204669,-34.566305],[-67.227479,-34.548928],[-67.283946,-34.537743],[-67.319716,-34.538484],[-67.337915,-34.550063],[-67.387178,-34.540584],[-67.426877,-34.558952],[-67.45291,-34.548951],[-67.486123,-34.555952],[-67.559914,-34.532815],[-67.63928,-34.534244],[-67.63429,-34.56702],[-67.665143,-34.622294],[-67.723045,-34.972716],[-67.709561,-34.982425],[-67.713533,-35.003999],[-67.69342,-35.015641],[-67.709256,-35.029731],[-67.697132,-35.036311],[-67.712105,-35.055092],[-67.699628,-35.084161],[-67.719109,-35.098721],[-67.710602,-35.118036],[-67.730333,-35.151411],[-67.713886,-35.175946],[-67.732255,-35.205206],[-67.713091,-35.208825],[-67.715314,-35.240209],[-67.67944,-35.254518],[-67.671665,-35.296652],[-67.646371,-35.316551],[-67.659459,-35.339502],[-67.643905,-35.368205],[-67.647878,-35.391398],[-67.624273,-35.405812],[-67.592845,-35.459654],[-67.574998,-35.461329],[-67.530473,-35.503922],[-67.506516,-35.55195],[-67.480783,-35.563322],[-67.478862,-35.591284],[-67.412483,-35.657818],[-67.404018,-35.681879],[-67.413944,-35.683056],[-67.415739,-35.722952],[-67.396073,-35.730157],[-67.336477,-35.808153],[-67.285389,-35.834122],[-67.19493,-35.99952],[-67.132463,-35.999518],[-66.637875,-35.999504],[-66.619366,-35.964307],[-66.629679,-35.927635],[-66.622241,-35.848357],[-66.59342,-35.803765],[-66.580584,-35.703778],[-66.548173,-35.637311],[-66.562735,-35.624477],[-66.570647,-35.582111],[-66.525844,-35.54057],[-66.517369,-35.470104],[-66.529279,-35.442873],[-66.508078,-35.397544],[-66.495721,-35.309861],[-66.520118,-35.275175],[-66.484227,-35.240901],[-66.484315,-35.208465],[-66.498517,-35.193453],[-66.494161,-35.156777],[-66.478577,-35.140418],[-66.498687,-35.1065],[-66.48911,-35.094755],[-66.507545,-35.090817],[-66.521367,-35.063973],[-66.514999,-35.051912],[-66.526932,-35.04953],[-66.52243,-35.021754],[-66.540776,-35.015567],[-66.53287,-35.006146],[-66.546408,-34.967958],[-66.526017,-34.942789],[-66.53826,-34.917314],[-66.555308,-34.910961],[-66.545456,-34.883198],[-66.563503,-34.829397],[-66.602843,-34.80283],[-66.595843,-34.789836],[-66.60857,-34.773767],[-66.65158,-34.757332],[-66.6479,-34.742993],[-66.641613,-34.716744],[-66.691667,-34.690105],[-66.713094,-34.628557],[-66.703318,-34.619955],[-66.727271,-34.609924],[-66.729047,-34.586873],[-66.76609,-34.551019],[-66.75858,-34.511438]]]},"properties":{"fid":117,"Entidad":0,"Objeto":"Departamento","FNA":"Departamento General Alvear","GNA":"Departamento","NAM":"General Alvear","SAG":"IDE Mendoza","FDC":null,"IN1":"50014","SHAPE_STAr":1.45751194571,"SHAPE_STLe":5.81770508397}},
{"type":"Feature","geometry":{"type":"Polygon","coordinates":[[[-67.183481,-33.087025],[-67.184106,-33.130672],[-67.167325,-33.167218],[-67.182222,-33.199398],[-67.180756,-33.248733],[-67.152406,-33.32718],[-67.152679,-33.412569],[-67.133854,-33.467857],[-67.096066,-33.504551],[-67.093194,-33.538828],[-67.065296,-33.551597],[-67.070159,-33.564912],[-67.048063,-33.580342],[-67.036838,-33.607528],[-67.007681,-33.619178],[-66.997809,-33.633563],[-67.004817,-33.667307],[-66.974162,-33.6891],[-66.957088,-33.723697],[-66.88246,-33.770122],[-66.874258,-33.831506],[-66.800635,-33.862635],[-66.768582,-33.90209],[-66.734124,-33.913559],[-66.723323,-33.93547],[-66.67566,-33.941579],[-66.666616,-33.957645],[-66.663619,-33.985895],[-66.708188,-34.024401],[-66.699709,-34.046808],[-66.716051,-34.057354],[-66.712674,-34.10115],[-66.7339,-34.136551],[-66.711722,-34.148264],[-66.73099,-34.181869],[-66.719436,-34.189089],[-66.730078,-34.208002],[-66.719833,-34.213011],[-66.748944,-34.222816],[-66.747253,-34.235343],[-66.78519,-34.232479],[-66.788363,-34.252927],[-66.802071,-34.257416],[-66.776547,-34.29766],[-66.802903,-34.305171],[-66.800008,-34.335301],[-66.81306,-34.343816],[-66.787687,-34.377807],[-66.765418,-34.378594],[-66.774239,-34.408241],[-66.795966,-34.411536],[-66.75781,-34.435068],[-66.75858,-34.511438],[-66.76609,-34.551019],[-66.729047,-34.586873],[-66.727271,-34.609924],[-66.703318,-34.619955],[-66.713094,-34.628557],[-66.691667,-34.690105],[-66.641613,-34.716744],[-66.6479,-34.742993],[-66.529121,-34.812615],[-66.444764,-34.82397],[-66.099437,-34.772371],[-65.976425,-34.778612],[-65.97524,-34.712533],[-66.009651,-34.712349],[-66.012969,-34.421448],[-66.007147,-34.401019],[-65.99609,-34.401049],[-65.995597,-34.346421],[-66.005321,-34.044008],[-66.037394,-34.044393],[-66.037986,-34.006938],[-66.142375,-34.007197],[-66.147301,-33.950792],[-66.11949,-33.860574],[-66.139844,-33.83999],[-66.192817,-33.829936],[-66.220158,-33.837065],[-66.165555,-33.654807],[-66.18998,-33.655792],[-66.156277,-33.56509],[-66.156732,-33.446383],[-66.13569,-33.389875],[-66.110121,-33.383434],[-66.12366,-33.364756],[-66.102543,-33.277293],[-66.105418,-33.221909],[-66.137076,-33.237009],[-66.180149,-33.239526],[-66.228309,-33.168576],[-66.215174,-33.129303],[-66.256683,-33.137561],[-66.288533,-33.120536],[-66.287606,-33.128066],[-66.361068,-33.128685],[-66.363213,-33.101792],[-66.501115,-33.103299],[-66.505364,-33.113034],[-66.515381,-33.108541],[-66.512978,-33.131284],[-66.580672,-33.18516],[-66.579494,-33.206578],[-66.667743,-33.167621],[-66.681765,-33.138707],[-66.800056,-33.115031],[-66.80995,-33.170396],[-66.973349,-33.140801],[-66.972588,-33.099721],[-67.007338,-33.095846],[-67.014413,-33.10459],[-67.019585,-33.079162],[-67.183481,-33.087025]]]},"properties":{"fid":330,"Entidad":0,"Objeto":"Departamento","FNA":"Departamento Juan Martín de Pueyrredón","GNA":"Departamento","NAM":"Juan Martín de Pueyrredón","SAG":"Direc. de Geodesia y Catastro","FDC":null,"IN1":"74056","SHAPE_STAr":1.32265685897,"SHAPE_STLe":6.85083920855}},
{"type":"Feature","geometry":{"type":"Polygon","coordinates":[[[-68.453482,-34.212553],[-68.456095,-34.041501],[-68.380295,-34.023658],[-68.29314,-34.019798],[-68.291291,-33.463182],[-68.595098,-33.491923],[-68.564787,-33.734294],[-69.00337,-33.54648],[-69.001842,-33.611978],[-69.058442,-33.643071],[-69.072601,-33.671048],[-69.185824,-33.731283],[-69.217068,-33.763919],[-69.301865,-33.784337],[-69.343208,-33.826448],[-69.344131,-33.853988],[-69.360255,-33.862926],[-69.4484,-33.847775],[-69.555443,-33.872284],[-69.570408,-33.861506],[-69.632576,-33.855392],[-69.680001,-33.85962],[-69.693955,-33.870703],[-69.7464,-33.852258],[-69.80246,-33.869228],[-69.897925,-33.837647],[-69.855521,-33.892096],[-69.890056,-33.919476],[-69.905523,-33.965158],[-69.883453,-33.976715],[-69.854211,-33.963708],[-69.83924,-34.006947],[-69.821417,-34.015193],[-69.854025,-34.056267],[-69.832077,-34.07213],[-69.834073,-34.088203],[-69.859848,-34.104571],[-69.855841,-34.115711],[-69.873292,-34.131073],[-69.815258,-34.177865],[-69.796715,-34.210481],[-69.807199,-34.248351],[-69.89698,-34.265863],[-69.909884,-34.29212],[-69.978425,-34.252451],[-69.955309,-34.292712],[-69.904931,-34.337892],[-69.795637,-34.404668],[-69.772673,-34.467397],[-69.757077,-34.479466],[-69.713049,-34.481241],[-69.642919,-34.523195],[-69.482041,-34.684002],[-69.430972,-34.701672],[-69.131296,-34.623407],[-69.129737,-34.613403],[-69.098498,-34.603016],[-69.091373,-34.582482],[-69.05427,-34.579277],[-69.005924,-34.320006],[-68.811378,-34.370627],[-68.754654,-34.259988],[-68.715751,-34.263365],[-68.651158,-34.238399],[-68.584754,-34.236885],[-68.513727,-34.210814],[-68.453482,-34.212553]]]},"properties":{"fid":165,"Entidad":0,"Objeto":"Departamento","FNA":"Departamento San Carlos","GNA":"Departamento","NAM":"San Carlos","SAG":"IDE Mendoza","FDC":null,"IN1":"50091","SHAPE_STAr":1.12936004579,"SHAPE_STLe":6.12973161294}},
{"type":"Feature","geometry":{"type":"Polygon","coordinates":[[[-67.176964,-33.073209],[-67.577193,-33.030746],[-67.656129,-33.347961],[-67.668852,-33.347999],[-67.718049,-33.446097],[-67.705027,-33.773079],[-67.50308,-33.769518],[-67.501198,-34.101327],[-67.151553,-34.110537],[-67.15524,-34.29586],[-66.776547,-34.29766],[-66.802071,-34.257416],[-66.788363,-34.252927],[-66.78519,-34.232479],[-66.747253,-34.235343],[-66.748944,-34.222816],[-66.719833,-34.213011],[-66.730078,-34.208002],[-66.719436,-34.189089],[-66.73099,-34.181869],[-66.711722,-34.148264],[-66.7339,-34.136551],[-66.712674,-34.10115],[-66.716051,-34.057354],[-66.699709,-34.046808],[-66.708188,-34.024401],[-66.663619,-33.985895],[-66.666616,-33.957645],[-66.67566,-33.941579],[-66.723323,-33.93547],[-66.734124,-33.913559],[-66.768582,-33.90209],[-66.800635,-33.862635],[-66.874258,-33.831506],[-66.88246,-33.770122],[-66.957088,-33.723697],[-66.974162,-33.6891],[-67.004817,-33.667307],[-66.997809,-33.633563],[-67.007681,-33.619178],[-67.036838,-33.607528],[-67.048063,-33.580342],[-67.070159,-33.564912],[-67.065296,-33.551597],[-67.093194,-33.538828],[-67.096066,-33.504551],[-67.133854,-33.467857],[-67.152679,-33.412569],[-67.152406,-33.32718],[-67.180756,-33.248733],[-67.182222,-33.199398],[-67.167325,-33.167218],[-67.184106,-33.130672],[-67.183481,-33.087025],[-67.176964,-33.073209]]]},"properties":{"fid":56,"Entidad":0,"Objeto":"Departamento","FNA":"Departamento La Paz","GNA":"Departamento","NAM":"La Paz","SAG":"IDE Mendoza","FDC":null,"IN1":"50042","SHAPE_STAr":0.732658797035,"SHAPE_STLe":4.67294454093}},
{"type":"Feature","geometry":{"type":"Polygon","coordinates":[[[-67.957764,-32.84504],[-68.123112,-32.838598],[-68.125546,-33.000081],[-68.186272,-33.00028],[-68.284953,-33.058801],[-68.287805,-33.188638],[-68.289218,-33.232429],[-68.281275,-33.360217],[-68.291291,-33.463182],[-68.29314,-34.019798],[-68.380295,-34.023658],[-68.456095,-34.041501],[-68.453482,-34.212553],[-68.426408,-34.222665],[-68.349258,-34.180569],[-68.299217,-34.172852],[-68.246452,-34.179489],[-68.20237,-34.20698],[-68.170582,-34.211408],[-68.102748,-34.213238],[-68.024844,-34.199802],[-67.647781,-34.201074],[-67.564508,-34.101853],[-67.501198,-34.101327],[-67.50308,-33.769518],[-67.705027,-33.773079],[-67.718049,-33.446097],[-67.668852,-33.347999],[-67.656129,-33.347961],[-67.577193,-33.030746],[-67.956693,-32.988781],[-67.957764,-32.84504]]]},"properties":{"fid":53,"Entidad":0,"Objeto":"Departamento","FNA":"Departamento Santa Rosa","GNA":"Departamento","NAM":"Santa Rosa","SAG":"IDE Mendoza","FDC":null,"IN1":"50112","SHAPE_STAr":0.859368917713,"SHAPE_STLe":4.72158886694}},
{"type":"Feature","geometry":{"type":"Polygon","coordinates":[[[-68.998588,-33.541641],[-69.029616,-33.54364],[-69.058468,-33.523297],[-69.273098,-33.455193],[-69.320475,-33.408859],[-69.346644,-33.39973],[-69.770347,-33.360437],[-69.78641,-33.391848],[-69.81551,-33.389875],[-69.796079,-33.423259],[-69.819517,-33.43009],[-69.815115,-33.469169],[-69.829494,-33.476317],[-69.834848,-33.515659],[-69.87218,-33.539469],[-69.865326,-33.583005],[-69.880859,-33.618557],[-69.870194,-33.651624],[-69.884855,-33.683225],[-69.864603,-33.716782],[-69.90458,-33.770854],[-69.893735,-33.791229],[-69.897925,-33.837647],[-69.80246,-33.869228],[-69.7464,-33.852258],[-69.693955,-33.870703],[-69.680001,-33.85962],[-69.632576,-33.855392],[-69.570408,-33.861506],[-69.555443,-33.872284],[-69.4484,-33.847775],[-69.360255,-33.862926],[-69.344131,-33.853988],[-69.343208,-33.826448],[-69.301865,-33.784337],[-69.217068,-33.763919],[-69.185824,-33.731283],[-69.072601,-33.671048],[-69.058442,-33.643071],[-69.001842,-33.611978],[-69.00337,-33.54648],[-68.998588,-33.541641]]]},"properties":{"fid":166,"Entidad":0,"Objeto":"Departamento","FNA":"Departamento Tunuyán","GNA":"Departamento","NAM":"Tunuyán","SAG":"IDE Mendoza","FDC":null,"IN1":"50119","SHAPE_STAr":0.328573559322,"SHAPE_STLe":2.67906596324}},
{"type":"Feature","geometry":{"type":"Polygon","coordinates":[[[-69.00337,-33.54648],[-68.564787,-33.734294],[-68.595098,-33.491923],[-68.291291,-33.463182],[-68.281275,-33.360217],[-68.289218,-33.232429],[-68.379592,-33.208884],[-68.445815,-33.161474],[-68.480975,-33.149489],[-68.552372,-33.154513],[-68.613048,-33.177406],[-68.644258,-33.195803],[-68.639262,-33.203863],[-68.686126,-33.248202],[-68.733163,-33.298607],[-68.728552,-33.340464],[-68.779428,-33.389958],[-68.798346,-33.390545],[-68.853297,-33.412165],[-68.890196,-33.455056],[-68.990837,-33.495012],[-68.985281,-33.5323],[-68.998588,-33.541641],[-69.00337,-33.54648]]]},"properties":{"fid":54,"Entidad":0,"Objeto":"Departamento","FNA":"Departamento Rivadavia","GNA":"Departamento","NAM":"Rivadavia","SAG":"IDE Mendoza","FDC":null,"IN1":"50084","SHAPE_STAr":0.204336445618,"SHAPE_STLe":2.26405954555}},
{"type":"Feature","geometry":{"type":"Polygon","coordinates":[[[-69.770347,-33.360437],[-69.346644,-33.39973],[-69.320475,-33.408859],[-69.273098,-33.455193],[-69.058468,-33.523297],[-69.029616,-33.54364],[-68.998588,-33.541641],[-68.985281,-33.5323],[-68.990837,-33.495012],[-68.890196,-33.455056],[-68.853297,-33.412165],[-68.798346,-33.390545],[-68.922806,-33.338768],[-68.906084,-33.293499],[-69.042381,-33.2567],[-69.215094,-33.11307],[-69.292776,-33.10229],[-69.514667,-33.033308],[-69.769059,-33.350418],[-69.770347,-33.360437]]]},"properties":{"fid":98,"Entidad":0,"Objeto":"Departamento","FNA":"Departamento Tupungato","GNA":"Departamento","NAM":"Tupungato","SAG":"IDE Mendoza","FDC":null,"IN1":"50126","SHAPE_STAr":0.237675304067,"SHAPE_STLe":2.45223503682}},
{"type":"Feature","geometry":{"type":"Polygon","coordinates":[[[-68.868687,-32.961183],[-68.915316,-33.005365],[-68.981678,-33.037799],[-69.093898,-33.049324],[-69.116102,-33.030267],[-69.129813,-32.995061],[-69.187076,-32.949133],[-69.240065,-32.918165],[-69.260075,-32.92078],[-69.266223,-32.850494],[-69.300566,-32.825377],[-69.313959,-32.759718],[-69.346363,-32.693344],[-69.400024,-32.635006],[-69.43676,-32.62129],[-69.490182,-32.639316],[-69.533631,-32.717407],[-69.607103,-32.782923],[-69.731495,-32.835466],[-69.76829,-32.86909],[-69.893916,-32.826802],[-70.023929,-32.825233],[-70.083503,-32.812883],[-70.054317,-32.833133],[-70.044684,-32.86995],[-70.003831,-32.882308],[-69.989382,-32.898958],[-70.007242,-32.931156],[-69.999834,-32.944835],[-70.027375,-32.969882],[-70.021002,-33.008507],[-70.034654,-33.023125],[-70.080917,-33.028295],[-70.09374,-33.050967],[-70.074988,-33.062883],[-70.067117,-33.088158],[-70.075827,-33.120573],[-70.051733,-33.134545],[-70.065578,-33.155728],[-70.064398,-33.205112],[-70.054541,-33.22628],[-70.02591,-33.236512],[-70.038259,-33.270397],[-70.006019,-33.285605],[-70.000908,-33.322875],[-69.915865,-33.266766],[-69.916634,-33.244252],[-69.904328,-33.272901],[-69.859619,-33.283548],[-69.837233,-33.272611],[-69.799887,-33.28786],[-69.769059,-33.350418],[-69.514667,-33.033308],[-69.292776,-33.10229],[-69.215094,-33.11307],[-69.042381,-33.2567],[-68.906084,-33.293499],[-68.922806,-33.338768],[-68.798346,-33.390545],[-68.779428,-33.389958],[-68.728552,-33.340464],[-68.733163,-33.298607],[-68.686126,-33.248202],[-68.640887,-33.10268],[-68.701096,-33.115999],[-68.787068,-33.055575],[-68.833431,-33.064743],[-68.865152,-33.048912],[-68.82967,-32.960455],[-68.868687,-32.961183]]]},"properties":{"fid":167,"Entidad":0,"Objeto":"Departamento","FNA":"Departamento Cuyo","GNA":"Departamento","NAM":"Cuyo","SAG":"IDE Mendoza","FDC":null,"IN1":"50063","SHAPE_STAr":0.465339008662,"SHAPE_STLe":4.8984518443}},
{"type":"Feature","geometry":{"type":"Polygon","coordinates":[[[-68.566376,-33.029716],[-68.58027,-33.0363],[-68.599052,-33.091674],[-68.640887,-33.10268],[-68.686126,-33.248202],[-68.639262,-33.203863],[-68.644258,-33.195803],[-68.613048,-33.177406],[-68.552372,-33.154513],[-68.480975,-33.149489],[-68.445815,-33.161474],[-68.379592,-33.208884],[-68.289218,-33.232429],[-68.287805,-33.188638],[-68.447926,-33.1],[-68.490287,-33.123024],[-68.517167,-33.106716],[-68.511962,-33.100461],[-68.579869,-33.069584],[-68.566376,-33.029716]]]},"properties":{"fid":295,"Entidad":0,"Objeto":"Departamento","FNA":"Departamento Junín","GNA":"Departamento","NAM":"Junín","SAG":"IDE Mendoza","FDC":null,"IN1":"50035","SHAPE_STAr":0.0263228595047,"SHAPE_STLe":1.19771486984}},
{"type":"Feature","geometry":{"type":"Polygon","coordinates":[[[-66.202883,-32.572438],[-66.228469,-32.557394],[-66.255884,-32.571267],[-66.208248,-32.505059],[-66.219539,-32.432623],[-66.197375,-32.344392],[-66.435905,-32.335931],[-66.646629,-32.365235],[-66.924485,-32.362741],[-67.010642,-32.389201],[-67.038011,-32.372019],[-67.158716,-32.371731],[-67.266224,-32.339351],[-67.263799,-32.381859],[-67.317745,-32.38203],[-67.310131,-32.424741],[-67.289667,-32.442111],[-67.301446,-32.470665],[-67.283838,-32.512067],[-67.296925,-32.536219],[-67.280386,-32.534672],[-67.262119,-32.553645],[-67.268014,-32.570976],[-67.244011,-32.604432],[-67.256622,-32.625557],[-67.236556,-32.636091],[-67.224316,-32.68284],[-67.187652,-32.698289],[-67.167644,-32.75482],[-67.185734,-32.770649],[-67.177429,-32.820511],[-67.209425,-32.857064],[-67.232005,-32.865073],[-67.231137,-32.897851],[-67.212362,-32.911835],[-67.201384,-32.973312],[-67.179356,-33.004176],[-67.183365,-33.039205],[-67.198087,-33.0451],[-67.176964,-33.073209],[-67.183481,-33.087025],[-67.019585,-33.079162],[-67.014413,-33.10459],[-67.007338,-33.095846],[-66.972588,-33.099721],[-66.973349,-33.140801],[-66.80995,-33.170396],[-66.800056,-33.115031],[-66.681765,-33.138707],[-66.667743,-33.167621],[-66.579494,-33.206578],[-66.580672,-33.18516],[-66.512978,-33.131284],[-66.515381,-33.108541],[-66.505364,-33.113034],[-66.501115,-33.103299],[-66.363213,-33.101792],[-66.361068,-33.128685],[-66.287606,-33.128066],[-66.288533,-33.120536],[-66.256683,-33.137561],[-66.215174,-33.129303],[-66.200364,-33.03194],[-66.208265,-33.020255],[-66.186607,-32.990805],[-66.187929,-32.951173],[-66.198276,-32.915465],[-66.216972,-32.912584],[-66.209535,-32.867384],[-66.226872,-32.83273],[-66.211294,-32.731077],[-66.23819,-32.712126],[-66.24278,-32.684042],[-66.236169,-32.614411],[-66.222972,-32.584692],[-66.202883,-32.572438]]]},"properties":{"fid":129,"Entidad":0,"Objeto":"Departamento","FNA":"Departamento Belgrano","GNA":"Departamento","NAM":"Belgrano","SAG":"Direc. de Geodesia y Catastro","FDC":null,"IN1":"74014","SHAPE_STAr":0.779785838934,"SHAPE_STLe":4.48085889436}},
{"type":"Feature","geometry":{"type":"Polygon","coordinates":[[[-67.957764,-32.84504],[-67.958553,-32.738206],[-68.325375,-32.720803],[-68.3662,-32.767372],[-68.444515,-32.802454],[-68.466721,-32.841828],[-68.456153,-32.869302],[-68.466533,-32.914737],[-68.494439,-32.957678],[-68.536492,-32.981744],[-68.566376,-33.029716],[-68.579869,-33.069584],[-68.511962,-33.100461],[-68.517167,-33.106716],[-68.490287,-33.123024],[-68.447926,-33.1],[-68.287805,-33.188638],[-68.284953,-33.058801],[-68.186272,-33.00028],[-68.125546,-33.000081],[-68.123112,-32.838598],[-67.957764,-32.84504]]]},"properties":{"fid":294,"Entidad":0,"Objeto":"Departamento","FNA":"Departamento San Martín","GNA":"Departamento","NAM":"San Martín","SAG":"IDE Mendoza","FDC":null,"IN1":"50035","SHAPE_STAr":0.145267243831,"SHAPE_STLe":2.00275611192}},
{"type":"Feature","geometry":{"type":"Polygon","coordinates":[[[-68.65114,-32.858402],[-68.66137,-32.915592],[-68.698693,-32.965285],[-68.721265,-32.944761],[-68.803681,-32.927213],[-68.82967,-32.960455],[-68.865152,-33.048912],[-68.833431,-33.064743],[-68.787068,-33.055575],[-68.701096,-33.115999],[-68.640887,-33.10268],[-68.599052,-33.091674],[-68.58027,-33.0363],[-68.566376,-33.029716],[-68.536492,-32.981744],[-68.494439,-32.957678],[-68.466533,-32.914737],[-68.456153,-32.869302],[-68.60439,-32.838917],[-68.65114,-32.858402]]]},"properties":{"fid":289,"Entidad":0,"Objeto":"Departamento","FNA":"Departamento Maipú","GNA":"Departamento","NAM":"Maipú","SAG":"IDE Mendoza","FDC":null,"IN1":"50070","SHAPE_STAr":0.0601019308767,"SHAPE_STLe":1.22415924031}},
{"type":"Feature","geometry":{"type":"Polygon","coordinates":[[[-67.317745,-32.38203],[-67.331308,-32.350918],[-67.355162,-32.352167],[-67.381732,-32.330537],[-67.423965,-32.327844],[-67.470664,-32.307945],[-67.485682,-32.263088],[-67.521182,-32.221497],[-67.546511,-32.240295],[-67.594485,-32.246399],[-67.604678,-32.23291],[-67.636721,-32.241211],[-67.668399,-32.226807],[-67.713198,-32.245728],[-67.735598,-32.223816],[-67.768985,-32.225586],[-67.776919,-32.235291],[-67.796511,-32.220398],[-67.81763,-32.22821],[-67.839297,-32.21521],[-67.845889,-32.223511],[-67.874541,-32.197373],[-67.869998,-32.189697],[-67.916995,-32.174194],[-67.923403,-32.147095],[-67.935488,-32.139709],[-67.928103,-32.121704],[-67.963992,-32.117615],[-67.956912,-32.093079],[-67.987185,-32.093811],[-68.004397,-32.080383],[-68.029727,-32.086304],[-68.033511,-32.075989],[-68.04999,-32.08783],[-68.054019,-32.072205],[-68.072695,-32.098511],[-68.078982,-32.085388],[-68.09772,-32.092712],[-68.092679,-32.098831],[-68.093814,-32.101807],[-68.1225,-32.099915],[-68.151126,-32.119019],[-68.186587,-32.112915],[-68.206912,-32.121094],[-68.247932,-32.091545],[-68.315275,-32.137702],[-68.463041,-32.137846],[-68.462898,-32.237747],[-68.510759,-32.261192],[-68.503185,-32.339279],[-68.52268,-32.37258],[-68.576282,-32.384426],[-68.618306,-32.435144],[-68.670547,-32.591162],[-68.658012,-32.655867],[-68.671332,-32.745019],[-68.697131,-32.800484],[-68.682815,-32.821192],[-68.691828,-32.830372],[-68.637709,-32.833743],[-68.65114,-32.858402],[-68.60439,-32.838917],[-68.456153,-32.869302],[-68.466721,-32.841828],[-68.444515,-32.802454],[-68.3662,-32.767372],[-68.325375,-32.720803],[-67.958553,-32.738206],[-67.957764,-32.84504],[-67.956693,-32.988781],[-67.577193,-33.030746],[-67.176964,-33.073209],[-67.198087,-33.0451],[-67.183365,-33.039205],[-67.179356,-33.004176],[-67.201384,-32.973312],[-67.212362,-32.911835],[-67.231137,-32.897851],[-67.232005,-32.865073],[-67.209425,-32.857064],[-67.177429,-32.820511],[-67.185734,-32.770649],[-67.167644,-32.75482],[-67.187652,-32.698289],[-67.224316,-32.68284],[-67.236556,-32.636091],[-67.256622,-32.625557],[-67.244011,-32.604432],[-67.268014,-32.570976],[-67.262119,-32.553645],[-67.280386,-32.534672],[-67.296925,-32.536219],[-67.283838,-32.512067],[-67.301446,-32.470665],[-67.289667,-32.442111],[-67.310131,-32.424741],[-67.317745,-32.38203]]]},"properties":{"fid":173,"Entidad":0,"Objeto":"Departamento","FNA":"Departamento Lavalle","GNA":"Departamento","NAM":"Lavalle","SAG":"IDE Mendoza","FDC":null,"IN1":"50056","SHAPE_STAr":0.970688129237,"SHAPE_STLe":5.52883779111}},
{"type":"Feature","geometry":{"type":"Polygon","coordinates":[[[-69.126445,-32.001907],[-69.183994,-31.999385],[-69.244509,-32.016113],[-69.276797,-32.070007],[-69.300296,-32.074402],[-69.314212,-32.091125],[-69.378604,-32.064209],[-69.391407,-32.076824],[-69.416689,-32.066949],[-69.454761,-32.074682],[-69.477127,-32.110374],[-69.505562,-32.113825],[-69.531141,-32.14095],[-69.557672,-32.140118],[-69.560766,-32.12941],[-69.587891,-32.136073],[-69.600265,-32.153919],[-69.60312,-32.210788],[-69.63096,-32.260042],[-69.685806,-32.307037],[-69.725543,-32.3206],[-69.733157,-32.390556],[-69.704128,-32.403643],[-69.689212,-32.430176],[-69.704961,-32.496442],[-69.756119,-32.50941],[-69.790859,-32.546768],[-69.822387,-32.544388],[-69.828217,-32.563543],[-69.847253,-32.570562],[-70.004178,-32.528327],[-70.025831,-32.578771],[-70.041655,-32.585077],[-70.066163,-32.625825],[-70.090315,-32.62184],[-70.091266,-32.602209],[-70.126201,-32.574154],[-70.150667,-32.581468],[-70.172297,-32.622088],[-70.14656,-32.652429],[-70.147581,-32.72843],[-70.111532,-32.774344],[-70.110359,-32.802912],[-70.093947,-32.801242],[-70.083503,-32.812883],[-70.023929,-32.825233],[-69.893916,-32.826802],[-69.76829,-32.86909],[-69.731495,-32.835466],[-69.607103,-32.782923],[-69.533631,-32.717407],[-69.490182,-32.639316],[-69.43676,-32.62129],[-69.400024,-32.635006],[-69.346363,-32.693344],[-69.313959,-32.759718],[-69.300566,-32.825377],[-69.266223,-32.850494],[-69.260075,-32.92078],[-69.240065,-32.918165],[-69.187076,-32.949133],[-69.129813,-32.995061],[-69.116102,-33.030267],[-69.093898,-33.049324],[-68.981678,-33.037799],[-68.915316,-33.005365],[-68.868687,-32.961183],[-68.958174,-32.960181],[-68.958201,-32.903317],[-68.958219,-32.863462],[-68.832596,-32.862167],[-68.820472,-32.873944],[-68.691828,-32.830372],[-68.682815,-32.821192],[-68.697131,-32.800484],[-68.671332,-32.745019],[-68.658012,-32.655867],[-68.670547,-32.591162],[-68.618306,-32.435144],[-68.576282,-32.384426],[-68.52268,-32.37258],[-68.503185,-32.339279],[-68.510759,-32.261192],[-68.665713,-32.337097],[-68.917185,-32.33804],[-68.917615,-32.114646],[-69.011645,-32.116502],[-69.126445,-32.001907]]]},"properties":{"fid":172,"Entidad":0,"Objeto":"Departamento","FNA":"Departamento Las Heras","GNA":"Departamento","NAM":"Las Heras","SAG":"IDE Mendoza","FDC":null,"IN1":"50049","SHAPE_STAr":0.85517779116,"SHAPE_STLe":5.7694081}},
{"type":"Feature","geometry":{"type":"Polygon","coordinates":[[[-68.691828,-32.830372],[-68.820472,-32.873944],[-68.837593,-32.904517],[-68.839093,-32.92945],[-68.803681,-32.927213],[-68.721265,-32.944761],[-68.698693,-32.965285],[-68.66137,-32.915592],[-68.65114,-32.858402],[-68.637709,-32.833743],[-68.691828,-32.830372]]]},"properties":{"fid":284,"Entidad":0,"Objeto":"Departamento","FNA":"Departamento Guaymallén","GNA":"Departamento","NAM":"Guaymallén","SAG":"IDE Mendoza","FDC":null,"IN1":"50028","SHAPE_STAr":0.0156309996567,"SHAPE_STLe":0.586290204554}},
{"type":"Feature","geometry":{"type":"Polygon","coordinates":[[[-68.837593,-32.904517],[-68.958201,-32.903317],[-68.958174,-32.960181],[-68.868687,-32.961183],[-68.82967,-32.960455],[-68.803681,-32.927213],[-68.839093,-32.92945],[-68.837593,-32.904517]]]},"properties":{"fid":292,"Entidad":0,"Objeto":"Departamento","FNA":"Departamento Godoy Cruz","GNA":"Departamento","NAM":"Godoy Cruz","SAG":"IDE Mendoza","FDC":null,"IN1":"50021","SHAPE_STAr":0.00764572007587,"SHAPE_STLe":0.419890767614}},
{"type":"Feature","geometry":{"type":"Polygon","coordinates":[[[-68.820472,-32.873944],[-68.832596,-32.862167],[-68.958219,-32.863462],[-68.958201,-32.903317],[-68.837593,-32.904517],[-68.820472,-32.873944]]]},"properties":{"fid":291,"Entidad":0,"Objeto":"Departamento","FNA":"Departamento Capital","GNA":"Departamento","NAM":"Capital","SAG":"IDE Mendoza","FDC":null,"IN1":"50007","SHAPE_STAr":0.00507794591221,"SHAPE_STLe":0.352193932552}},
{"type":"Feature","geometry":{"type":"Polygon","coordinates":[[[-66.661788,-31.920536],[-66.885696,-31.897693],[-67.00593,-31.855355],[-67.049997,-31.85748],[-67.136729,-31.833805],[-67.238707,-31.879536],[-67.241057,-31.88059],[-67.379244,-31.868116],[-67.365234,-31.975901],[-67.383793,-32.125212],[-67.380186,-32.223756],[-67.37039,-32.246281],[-67.278008,-32.292324],[-67.266224,-32.339351],[-67.158716,-32.371731],[-67.038011,-32.372019],[-67.010642,-32.389201],[-66.924485,-32.362741],[-66.646629,-32.365235],[-66.435905,-32.335931],[-66.197375,-32.344392],[-66.219539,-32.432623],[-66.208248,-32.505059],[-66.255884,-32.571267],[-66.228469,-32.557394],[-66.202883,-32.572438],[-66.179287,-32.619978],[-66.185493,-32.651066],[-66.153821,-32.649479],[-66.144024,-32.676073],[-66.167563,-32.738089],[-66.132738,-32.760418],[-66.100552,-32.632055],[-66.069282,-32.609753],[-66.020988,-32.637547],[-65.996765,-32.612739],[-66.004069,-32.582692],[-65.956975,-32.430478],[-65.931853,-32.402075],[-65.836568,-32.382347],[-65.827003,-32.322264],[-65.810079,-32.308808],[-65.788389,-32.309851],[-65.766456,-32.262326],[-65.757656,-32.265904],[-65.757715,-32.243596],[-65.780288,-32.239871],[-65.717326,-32.211909],[-65.683868,-32.062648],[-65.724271,-32.051608],[-65.811214,-32.059263],[-65.825067,-31.897072],[-65.914209,-31.910007],[-65.979026,-31.889163],[-66.069243,-31.936467],[-66.079499,-31.971349],[-66.144339,-31.936978],[-66.16115,-31.938501],[-66.160234,-31.963533],[-66.299634,-31.931065],[-66.338098,-31.943724],[-66.349781,-31.99769],[-66.56655,-31.950446],[-66.604753,-31.934123],[-66.604538,-31.923379],[-66.661788,-31.920536]]]},"properties":{"fid":82,"Entidad":0,"Objeto":"Departamento","FNA":"Departamento Ayacucho","GNA":"Departamento","NAM":"Ayacucho","SAG":"Direc. de Geodesia y Catastro","FDC":null,"IN1":"74007","SHAPE_STAr":0.781920192518,"SHAPE_STLe":5.46382326427}},
{"type":"Feature","geometry":{"type":"Polygon","coordinates":[[[-64.928818,-31.909292],[-64.995605,-31.859996],[-65.018725,-31.878588],[-65.044973,-31.872023],[-65.1057,-31.915778],[-65.173976,-31.9258],[-65.181249,-31.940051],[-65.204125,-31.930733],[-65.210411,-31.942389],[-65.251988,-31.9484],[-65.352274,-31.920608],[-65.352632,-31.904234],[-65.550642,-31.90692],[-65.550473,-31.896235],[-65.605853,-31.895465],[-65.606365,-31.908319],[-65.313019,-32.041541],[-65.309272,-32.053676],[-65.244907,-32.090141],[-65.224392,-32.167483],[-65.232237,-32.209055],[-65.208383,-32.248375],[-65.219266,-32.279648],[-65.211416,-32.325589],[-65.086999,-32.313531],[-64.976147,-32.321127],[-64.9528,-32.308596],[-64.961366,-32.281971],[-64.951558,-32.237534],[-64.962229,-32.226814],[-64.933564,-32.04772],[-64.94272,-32.015849],[-64.928818,-31.909292]]]},"properties":{"fid":318,"Entidad":0,"Objeto":"Departamento","FNA":"Departamento San Javier","GNA":"Departamento","NAM":"San Javier","SAG":"IDE Cordoba","FDC":"Catastro","IN1":"14133","SHAPE_STAr":0.147443422712,"SHAPE_STLe":2.35964496423}},
{"type":"Feature","geometry":{"type":"Polygon","coordinates":[[[-65.012235,-32.961801],[-65.071023,-32.968071],[-65.064428,-32.94212],[-65.126717,-32.949008],[-65.17005,-32.926011],[-65.283225,-32.906557],[-65.285011,-32.922662],[-65.358066,-32.908271],[-65.37978,-32.943613],[-65.435873,-32.969649],[-65.436039,-32.959715],[-65.479039,-32.95984],[-65.559996,-33.006407],[-65.551052,-33.019358],[-65.570775,-33.05676],[-65.608126,-33.054501],[-65.60558,-33.074739],[-65.616629,-33.075557],[-65.599489,-33.190145],[-65.626496,-33.232911],[-65.607786,-33.285603],[-65.612762,-33.336422],[-65.563708,-33.411776],[-65.557004,-33.469822],[-65.735469,-33.469994],[-65.734448,-33.456719],[-65.756621,-33.461327],[-65.76801,-33.438801],[-65.783607,-33.44847],[-65.786638,-33.438461],[-65.792911,-33.507467],[-66.048232,-33.375734],[-66.110121,-33.383434],[-66.13569,-33.389875],[-66.156732,-33.446383],[-66.156277,-33.56509],[-66.18998,-33.655792],[-66.165555,-33.654807],[-66.220158,-33.837065],[-66.192817,-33.829936],[-66.139844,-33.83999],[-66.11949,-33.860574],[-66.147301,-33.950792],[-66.142375,-34.007197],[-66.037986,-34.006938],[-66.037394,-34.044393],[-66.005321,-34.044008],[-65.995597,-34.346421],[-65.99609,-34.401049],[-66.007147,-34.401019],[-66.012969,-34.421448],[-66.009651,-34.712349],[-65.97524,-34.712533],[-65.669827,-34.712299],[-65.669799,-34.692723],[-65.568157,-34.69479],[-65.567979,-34.668866],[-65.252487,-34.667778],[-65.251982,-34.652965],[-65.117486,-34.652174],[-65.117472,-33.950662],[-65.142729,-33.194528],[-65.054848,-33.11557],[-65.048126,-33.068814],[-64.999704,-33.002665],[-65.021476,-32.977085],[-65.012235,-32.961801]]]},"properties":{"fid":331,"Entidad":0,"Objeto":"Departamento","FNA":"Departamento General Pedernera","GNA":"Departamento","NAM":"General Pedernera","SAG":"Direc. de Geodesia y Catastro","FDC":null,"IN1":"74035","SHAPE_STAr":1.43935284006,"SHAPE_STLe":6.35574417783}},
{"type":"Feature","geometry":{"type":"Polygon","coordinates":[[[-64.9528,-32.308596],[-64.976147,-32.321127],[-65.086999,-32.313531],[-65.211416,-32.325589],[-65.219266,-32.279648],[-65.208383,-32.248375],[-65.232237,-32.209055],[-65.224392,-32.167483],[-65.244907,-32.090141],[-65.309272,-32.053676],[-65.313019,-32.041541],[-65.606365,-31.908319],[-65.628476,-31.898297],[-65.77008,-31.888637],[-65.825067,-31.897072],[-65.811214,-32.059263],[-65.724271,-32.051608],[-65.683868,-32.062648],[-65.717326,-32.211909],[-65.698277,-32.203686],[-65.69276,-32.228313],[-65.584508,-32.250059],[-65.58066,-32.264209],[-65.475097,-32.276754],[-65.470712,-32.256902],[-65.456016,-32.268724],[-65.405097,-32.268551],[-65.417616,-32.339626],[-65.408809,-32.355677],[-65.375961,-32.36587],[-65.384928,-32.404083],[-65.411177,-32.42694],[-65.404666,-32.449067],[-65.430271,-32.466829],[-65.418697,-32.511265],[-65.435956,-32.52393],[-65.408242,-32.536191],[-65.34846,-32.552594],[-65.329688,-32.532154],[-65.300141,-32.527542],[-65.261013,-32.546777],[-65.238861,-32.493277],[-65.222451,-32.484629],[-65.151253,-32.501399],[-65.149434,-32.486984],[-65.084797,-32.498862],[-65.081557,-32.467944],[-65.014108,-32.483044],[-65.004569,-32.473105],[-64.999499,-32.482521],[-64.900647,-32.479845],[-64.919782,-32.466738],[-64.929272,-32.418507],[-64.919397,-32.401375],[-64.925346,-32.32547],[-64.941407,-32.298344],[-64.9528,-32.308596]]]},"properties":{"fid":333,"Entidad":0,"Objeto":"Departamento","FNA":"Departamento Junín","GNA":"Departamento","NAM":"Junín","SAG":"Direc. de Geodesia y Catastro","FDC":null,"IN1":"74049","SHAPE_STAr":0.254041834448,"SHAPE_STLe":3.4128269623}},
{"type":"Feature","geometry":{"type":"Polygon","coordinates":[[[-65.056547,-36.254714],[-65.050417,-35.980454],[-65.116957,-35.978898],[-65.116945,-35.99953],[-66.017812,-35.999514],[-66.005425,-36.781418],[-65.999749,-36.961395],[-65.634373,-36.951567],[-65.634782,-36.965811],[-65.071335,-36.977222],[-65.056547,-36.254714]]]},"properties":{"fid":431,"Entidad":0,"Objeto":"Departamento","FNA":"Departamento Loventué","GNA":"Departamento","NAM":"Loventué","SAG":"Direc. Grl. de Catastro","FDC":null,"IN1":"42098","SHAPE_STAr":0.917876234347,"SHAPE_STLe":3.89043138396}},
{"type":"Feature","geometry":{"type":"Polygon","coordinates":[[[-66.017812,-35.999514],[-66.637875,-35.999504],[-67.132463,-35.999518],[-67.126857,-36.799484],[-66.005425,-36.781418],[-66.017812,-35.999514]]]},"properties":{"fid":438,"Entidad":0,"Objeto":"Departamento","FNA":"Departamento Chalileo","GNA":"Departamento","NAM":"Chalileo","SAG":"Direc. Grl. de Catastro","FDC":null,"IN1":"42049","SHAPE_STAr":0.8843862911,"SHAPE_STLe":3.81821604912}},
{"type":"Feature","geometry":{"type":"Polygon","coordinates":[[[-67.126857,-36.799484],[-67.132463,-35.999518],[-67.19493,-35.99952],[-68.271227,-35.999551],[-68.296145,-35.999552],[-68.296132,-36.172547],[-68.250183,-36.172485],[-68.250091,-36.802768],[-67.126857,-36.799484]]]},"properties":{"fid":439,"Entidad":0,"Objeto":"Departamento","FNA":"Departamento Chical Co","GNA":"Departamento","NAM":"Chical Co","SAG":"Direc. Grl. de Catastro","FDC":null,"IN1":"42063","SHAPE_STAr":0.906126761899,"SHAPE_STLe":3.93613349989}},
{"type":"Feature","geometry":{"type":"Polygon","coordinates":[[[-65.408242,-32.536191],[-65.435956,-32.52393],[-65.418697,-32.511265],[-65.430271,-32.466829],[-65.404666,-32.449067],[-65.411177,-32.42694],[-65.384928,-32.404083],[-65.375961,-32.36587],[-65.408809,-32.355677],[-65.417616,-32.339626],[-65.405097,-32.268551],[-65.456016,-32.268724],[-65.470712,-32.256902],[-65.475097,-32.276754],[-65.58066,-32.264209],[-65.584508,-32.250059],[-65.69276,-32.228313],[-65.698277,-32.203686],[-65.717326,-32.211909],[-65.780288,-32.239871],[-65.757715,-32.243596],[-65.757656,-32.265904],[-65.766456,-32.262326],[-65.788389,-32.309851],[-65.810079,-32.308808],[-65.827003,-32.322264],[-65.836568,-32.382347],[-65.931853,-32.402075],[-65.956975,-32.430478],[-66.004069,-32.582692],[-65.996765,-32.612739],[-66.020988,-32.637547],[-66.069282,-32.609753],[-66.100552,-32.632055],[-66.132738,-32.760418],[-66.085733,-32.782211],[-66.085096,-32.797213],[-66.02566,-32.790102],[-66.011907,-32.807715],[-65.99949,-32.801749],[-65.968481,-32.822148],[-65.943078,-32.812115],[-65.935002,-32.830059],[-65.864233,-32.851079],[-65.846886,-32.793566],[-65.838245,-32.794572],[-65.833347,-32.813274],[-65.794495,-32.814597],[-65.772658,-32.827928],[-65.718558,-32.897421],[-65.717763,-32.925727],[-65.666652,-32.943281],[-65.635523,-32.93805],[-65.619973,-32.919511],[-65.611691,-32.872226],[-65.531827,-32.881099],[-65.513668,-32.894431],[-65.512734,-32.85707],[-65.494322,-32.845917],[-65.490441,-32.774483],[-65.452794,-32.758423],[-65.468099,-32.707108],[-65.444969,-32.69078],[-65.444839,-32.655407],[-65.428896,-32.629795],[-65.406417,-32.617787],[-65.408242,-32.536191]]]},"properties":{"fid":507,"Entidad":0,"Objeto":"Departamento","FNA":"Departamento Libertador General San Martín","GNA":"Departamento","NAM":"Libertador General San Martín","SAG":"Direc. de Geodesia y Catastro","FDC":null,"IN1":"74063","SHAPE_STAr":0.33382349729,"SHAPE_STLe":3.21720760993}},
{"type":"Feature","geometry":{"type":"Polygon","coordinates":[[[-66.132738,-32.760418],[-66.167563,-32.738089],[-66.144024,-32.676073],[-66.153821,-32.649479],[-66.185493,-32.651066],[-66.179287,-32.619978],[-66.202883,-32.572438],[-66.222972,-32.584692],[-66.236169,-32.614411],[-66.24278,-32.684042],[-66.23819,-32.712126],[-66.211294,-32.731077],[-66.226872,-32.83273],[-66.209535,-32.867384],[-66.216972,-32.912584],[-66.198276,-32.915465],[-66.187929,-32.951173],[-66.186607,-32.990805],[-66.208265,-33.020255],[-66.200364,-33.03194],[-66.215174,-33.129303],[-66.228309,-33.168576],[-66.180149,-33.239526],[-66.137076,-33.237009],[-66.105418,-33.221909],[-66.102543,-33.277293],[-66.12366,-33.364756],[-66.110121,-33.383434],[-66.048232,-33.375734],[-65.792911,-33.507467],[-65.786638,-33.438461],[-65.783607,-33.44847],[-65.76801,-33.438801],[-65.756621,-33.461327],[-65.734448,-33.456719],[-65.735469,-33.469994],[-65.557004,-33.469822],[-65.563708,-33.411776],[-65.612762,-33.336422],[-65.607786,-33.285603],[-65.626496,-33.232911],[-65.599489,-33.190145],[-65.616629,-33.075557],[-65.60558,-33.074739],[-65.608126,-33.054501],[-65.570775,-33.05676],[-65.551052,-33.019358],[-65.559996,-33.006407],[-65.578013,-33.012176],[-65.565871,-32.942925],[-65.519401,-32.912464],[-65.513668,-32.894431],[-65.531827,-32.881099],[-65.611691,-32.872226],[-65.619973,-32.919511],[-65.635523,-32.93805],[-65.666652,-32.943281],[-65.717763,-32.925727],[-65.718558,-32.897421],[-65.772658,-32.827928],[-65.794495,-32.814597],[-65.833347,-32.813274],[-65.838245,-32.794572],[-65.846886,-32.793566],[-65.864233,-32.851079],[-65.935002,-32.830059],[-65.943078,-32.812115],[-65.968481,-32.822148],[-65.99949,-32.801749],[-66.011907,-32.807715],[-66.02566,-32.790102],[-66.085096,-32.797213],[-66.085733,-32.782211],[-66.132738,-32.760418]]]},"properties":{"fid":508,"Entidad":0,"Objeto":"Departamento","FNA":"Departamento Coronel Pringles","GNA":"Departamento","NAM":"Coronel Pringles","SAG":"Direc. de Geodesia y Catastro","FDC":null,"IN1":"74021","SHAPE_STAr":0.372304156893,"SHAPE_STLe":3.80211424968}},
{"type":"Feature","geometry":{"type":"Polygon","coordinates":[[[-64.900647,-32.479845],[-64.999499,-32.482521],[-65.004569,-32.473105],[-65.014108,-32.483044],[-65.081557,-32.467944],[-65.084797,-32.498862],[-65.149434,-32.486984],[-65.151253,-32.501399],[-65.222451,-32.484629],[-65.238861,-32.493277],[-65.261013,-32.546777],[-65.300141,-32.527542],[-65.329688,-32.532154],[-65.34846,-32.552594],[-65.408242,-32.536191],[-65.406417,-32.617787],[-65.428896,-32.629795],[-65.444839,-32.655407],[-65.444969,-32.69078],[-65.468099,-32.707108],[-65.452794,-32.758423],[-65.490441,-32.774483],[-65.494322,-32.845917],[-65.512734,-32.85707],[-65.513668,-32.894431],[-65.519401,-32.912464],[-65.565871,-32.942925],[-65.578013,-33.012176],[-65.559996,-33.006407],[-65.479039,-32.95984],[-65.436039,-32.959715],[-65.435873,-32.969649],[-65.37978,-32.943613],[-65.358066,-32.908271],[-65.285011,-32.922662],[-65.283225,-32.906557],[-65.17005,-32.926011],[-65.126717,-32.949008],[-65.064428,-32.94212],[-65.071023,-32.968071],[-65.012235,-32.961801],[-64.991495,-32.944487],[-64.965166,-32.865161],[-64.974244,-32.826703],[-64.944619,-32.767336],[-64.948189,-32.72284],[-64.916185,-32.679177],[-64.924121,-32.614751],[-64.888354,-32.579887],[-64.900647,-32.479845]]]},"properties":{"fid":509,"Entidad":0,"Objeto":"Departamento","FNA":"Departamento Chacabuco","GNA":"Departamento","NAM":"Chacabuco","SAG":"Direc. de Geodesia y Catastro","FDC":null,"IN1":"74028","SHAPE_STAr":0.232470665106,"SHAPE_STLe":2.60446525507}},
{"type":"Feature","geometry":{"type":"Polygon","coordinates":[[[-67.239883,-31.880064],[-68.346888,-31.694703],[-68.348694,-31.712077],[-68.380733,-31.744499],[-68.363047,-31.755172],[-68.380074,-31.788863],[-68.384591,-31.816692],[-68.410718,-31.834303],[-68.398056,-31.837235],[-68.390256,-31.859263],[-68.357762,-31.859301],[-68.346382,-31.915201],[-68.302831,-31.95188],[-68.307851,-31.964988],[-68.285184,-31.984296],[-68.28277,-32.020688],[-68.26651,-32.031742],[-68.272882,-32.05631],[-68.332007,-32.11008],[-68.330926,-32.12864],[-68.315275,-32.137702],[-68.247932,-32.091545],[-68.206912,-32.121094],[-68.186587,-32.112915],[-68.151126,-32.119019],[-68.1225,-32.099915],[-68.093814,-32.101807],[-68.092679,-32.098831],[-68.09772,-32.092712],[-68.078982,-32.085388],[-68.072695,-32.098511],[-68.054019,-32.072205],[-68.04999,-32.08783],[-68.033511,-32.075989],[-68.029727,-32.086304],[-68.004397,-32.080383],[-67.987185,-32.093811],[-67.956912,-32.093079],[-67.963992,-32.117615],[-67.928103,-32.121704],[-67.935488,-32.139709],[-67.923403,-32.147095],[-67.916995,-32.174194],[-67.869998,-32.189697],[-67.874541,-32.197373],[-67.845889,-32.223511],[-67.839297,-32.21521],[-67.81763,-32.22821],[-67.796511,-32.220398],[-67.776919,-32.235291],[-67.768985,-32.225586],[-67.735598,-32.223816],[-67.713198,-32.245728],[-67.668399,-32.226807],[-67.636721,-32.241211],[-67.604678,-32.23291],[-67.594485,-32.246399],[-67.546511,-32.240295],[-67.521182,-32.221497],[-67.485682,-32.263088],[-67.470664,-32.307945],[-67.423965,-32.327844],[-67.381732,-32.330537],[-67.355162,-32.352167],[-67.331308,-32.350918],[-67.317745,-32.38203],[-67.263799,-32.381859],[-67.266224,-32.339351],[-67.278008,-32.292324],[-67.37039,-32.246281],[-67.380186,-32.223756],[-67.383793,-32.125212],[-67.365234,-31.975901],[-67.379244,-31.868116],[-67.241057,-31.88059],[-67.239883,-31.880064]]]},"properties":{"fid":524,"Entidad":0,"Objeto":"Departamento","FNA":"Departamento 25 de Mayo","GNA":"Departamento","NAM":"25 de Mayo","SAG":"Direc. de Catastro","FDC":null,"IN1":"70126","SHAPE_STAr":0.401749678506,"SHAPE_STLe":4.2076133981}},
{"type":"Feature","geometry":{"type":"Polygon","coordinates":[[[-68.510759,-32.261192],[-68.462898,-32.237747],[-68.463041,-32.137846],[-68.315275,-32.137702],[-68.330926,-32.12864],[-68.332007,-32.11008],[-68.272882,-32.05631],[-68.26651,-32.031742],[-68.28277,-32.020688],[-68.285184,-31.984296],[-68.307851,-31.964988],[-68.302831,-31.95188],[-68.346382,-31.915201],[-68.357762,-31.859301],[-68.390256,-31.859263],[-68.398056,-31.837235],[-68.410718,-31.834303],[-68.454126,-31.817666],[-68.433229,-31.887994],[-68.443168,-31.875435],[-68.541482,-31.872758],[-68.688909,-31.907167],[-69.117641,-31.90806],[-69.1095,-31.936193],[-69.126445,-32.001907],[-69.011645,-32.116502],[-68.917615,-32.114646],[-68.917185,-32.33804],[-68.665713,-32.337097],[-68.510759,-32.261192]]]},"properties":{"fid":525,"Entidad":0,"Objeto":"Departamento","FNA":"Departamento Sarmiento","GNA":"Departamento","NAM":"Sarmiento","SAG":"Direc. de Catastro","FDC":null,"IN1":"70105","SHAPE_STAr":0.269695118742,"SHAPE_STLe":2.61579619201}},
{"type":"Feature","geometry":{"type":"Polygon","coordinates":[[[-58.392898,-34.599655],[-58.411885,-34.598021],[-58.411746,-34.630373],[-58.391137,-34.627271],[-58.392898,-34.599655]]]},"properties":{"fid":184,"Entidad":0,"Objeto":"Departamento","FNA":"Comuna 3","GNA":"Comuna","NAM":"Comuna 3","SAG":"Direc. de Catastro","FDC":null,"IN1":"02021","SHAPE_STAr":0.000627623526084,"SHAPE_STLe":0.101656544872}},
{"type":"Feature","geometry":{"type":"Polygon","coordinates":[[[-58.415967,-34.597873],[-58.423333,-34.597766],[-58.4333,-34.602692],[-58.426722,-34.627016],[-58.423458,-34.640218],[-58.411746,-34.630373],[-58.411885,-34.598021],[-58.415967,-34.597873]]]},"properties":{"fid":340,"Entidad":0,"Objeto":"Departamento","FNA":"Comuna 5","GNA":"Comuna","NAM":"Comuna 5","SAG":"Direc. de Catastro","FDC":null,"IN1":"02035","SHAPE_STAr":0.00065463273395,"SHAPE_STLe":0.117716902018}},
{"type":"Feature","geometry":{"type":"Polygon","coordinates":[[[-58.426722,-34.627016],[-58.4333,-34.602692],[-58.458439,-34.60451],[-58.459413,-34.613904],[-58.451541,-34.630657],[-58.426722,-34.627016]]]},"properties":{"fid":83,"Entidad":0,"Objeto":"Departamento","FNA":"Comuna 6","GNA":"Comuna","NAM":"Comuna 6","SAG":"Direc. de Catastro","FDC":null,"IN1":"02042","SHAPE_STAr":0.000673352350084,"SHAPE_STLe":0.109260676156}},
{"type":"Feature","geometry":{"type":"Polygon","coordinates":[[[-58.373872,-34.578714],[-58.381417,-34.568342],[-58.392548,-34.572246],[-58.415967,-34.597873],[-58.411885,-34.598021],[-58.392898,-34.599655],[-58.389832,-34.57822],[-58.373872,-34.578714]]]},"properties":{"fid":145,"Entidad":0,"Objeto":"Departamento","FNA":"Comuna 2","GNA":"Comuna","NAM":"Comuna 2","SAG":"Direc. de Catastro","FDC":null,"IN1":"02014","SHAPE_STAr":0.000621241567121,"SHAPE_STLe":0.193236342037}},
{"type":"Feature","geometry":{"type":"Polygon","coordinates":[[[-58.426722,-34.627016],[-58.451541,-34.630657],[-58.459413,-34.613904],[-58.477771,-34.622402],[-58.471267,-34.636673],[-58.460366,-34.656824],[-58.434399,-34.65313],[-58.423458,-34.640218],[-58.426722,-34.627016]]]},"properties":{"fid":341,"Entidad":0,"Objeto":"Departamento","FNA":"Comuna 7","GNA":"Comuna","NAM":"Comuna 7","SAG":"Direc. de Catastro","FDC":null,"IN1":"02049","SHAPE_STAr":0.00122126782828,"SHAPE_STLe":0.179290373434}},
{"type":"Feature","geometry":{"type":"Polygon","coordinates":[[[-58.468046,-34.572928],[-58.476084,-34.538431],[-58.500804,-34.549533],[-58.50996,-34.569205],[-58.515483,-34.581284],[-58.503435,-34.593972],[-58.468046,-34.572928]]]},"properties":{"fid":344,"Entidad":0,"Objeto":"Departamento","FNA":"Comuna 12","GNA":"Comuna","NAM":"Comuna 12","SAG":"Direc. de Catastro","FDC":null,"IN1":"02084","SHAPE_STAr":0.00154054917767,"SHAPE_STLe":0.17125784359}},
{"type":"Feature","geometry":{"type":"Polygon","coordinates":[[[-58.477771,-34.622402],[-58.500156,-34.609144],[-58.516913,-34.620233],[-58.529206,-34.611072],[-58.530367,-34.634814],[-58.506782,-34.63583],[-58.502262,-34.645836],[-58.471267,-34.636673],[-58.477771,-34.622402]]]},"properties":{"fid":342,"Entidad":0,"Objeto":"Departamento","FNA":"Comuna 10","GNA":"Comuna","NAM":"Comuna 10","SAG":"Direc. de Catastro","FDC":null,"IN1":"02070","SHAPE_STAr":0.00124336375804,"SHAPE_STLe":0.183091724961}},
{"type":"Feature","geometry":{"type":"Polygon","coordinates":[[[-58.425605,-34.552265],[-58.44901,-34.567873],[-58.444414,-34.58319],[-58.423333,-34.597766],[-58.415967,-34.597873],[-58.392548,-34.572246],[-58.425605,-34.552265]]]},"properties":{"fid":187,"Entidad":0,"Objeto":"Departamento","FNA":"Comuna 14","GNA":"Comuna","NAM":"Comuna 14","SAG":"Direc. de Catastro","FDC":null,"IN1":"02098","SHAPE_STAr":0.00155721846981,"SHAPE_STLe":0.202089728642}},
{"type":"Feature","geometry":{"type":"Polygon","coordinates":[[[-58.425605,-34.552265],[-58.459564,-34.527784],[-58.476084,-34.538431],[-58.468046,-34.572928],[-58.444414,-34.58319],[-58.44901,-34.567873],[-58.425605,-34.552265]]]},"properties":{"fid":151,"Entidad":0,"Objeto":"Departamento","FNA":"Comuna 13","GNA":"Comuna","NAM":"Comuna 13","SAG":"Direc. de Catastro","FDC":null,"IN1":"02091","SHAPE_STAr":0.00147629017053,"SHAPE_STLe":0.223609761991}},
{"type":"Feature","geometry":{"type":"Polygon","coordinates":[[[-58.373872,-34.578714],[-58.389832,-34.57822],[-58.392898,-34.599655],[-58.391137,-34.627271],[-58.380111,-34.633049],[-58.345262,-34.618748],[-58.346847,-34.602358],[-58.36796,-34.597464],[-58.361636,-34.581156],[-58.373872,-34.578714]]]},"properties":{"fid":338,"Entidad":0,"Objeto":"Departamento","FNA":"Comuna 1","GNA":"Comuna","NAM":"Comuna 1","SAG":"Direc. de Catastro","FDC":null,"IN1":"02007","SHAPE_STAr":0.001760281192,"SHAPE_STLe":0.279541695609}},
{"type":"Feature","geometry":{"type":"Polygon","coordinates":[[[-58.471267,-34.636673],[-58.502262,-34.645836],[-58.506782,-34.63583],[-58.530367,-34.634814],[-58.529211,-34.65464],[-58.50262,-34.674594],[-58.460366,-34.656824],[-58.471267,-34.636673]]]},"properties":{"fid":332,"Entidad":0,"Objeto":"Departamento","FNA":"Comuna 9","GNA":"Comuna","NAM":"Comuna 9","SAG":"Direc. de Catastro","FDC":null,"IN1":"02063","SHAPE_STAr":0.00163212889729,"SHAPE_STLe":0.215330678168}},
{"type":"Feature","geometry":{"type":"Polygon","coordinates":[[[-58.503435,-34.593972],[-58.515483,-34.581284],[-58.522972,-34.597563],[-58.529206,-34.611072],[-58.516913,-34.620233],[-58.500156,-34.609144],[-58.477771,-34.622402],[-58.459413,-34.613904],[-58.458439,-34.60451],[-58.503435,-34.593972]]]},"properties":{"fid":343,"Entidad":0,"Objeto":"Departamento","FNA":"Comuna 11","GNA":"Comuna","NAM":"Comuna 11","SAG":"Direc. de Catastro","FDC":null,"IN1":"02077","SHAPE_STAr":0.00138262253655,"SHAPE_STLe":0.200482926757}},
{"type":"Feature","geometry":{"type":"Polygon","coordinates":[[[-58.616028,-34.588705],[-58.646345,-34.56293],[-58.693934,-34.593742],[-58.653486,-34.631612],[-58.621808,-34.633151],[-58.616028,-34.588705]]]},"properties":{"fid":227,"Entidad":0,"Objeto":"Departamento","FNA":"Partido de Hurlingham","GNA":"Partido","NAM":"Hurlingham","SAG":"ARBA - Gerencia de Servicios Catastrales","FDC":null,"IN1":"06408","SHAPE_STAr":0.00351566458139,"SHAPE_STLe":0.245531231362}},
{"type":"Feature","geometry":{"type":"Polygon","coordinates":[[[-58.345262,-34.618748],[-58.380111,-34.633049],[-58.391137,-34.627271],[-58.411746,-34.630373],[-58.423458,-34.640218],[-58.434399,-34.65313],[-58.42383,-34.66228],[-58.402539,-34.659987],[-58.374052,-34.657194],[-58.341887,-34.631097],[-58.345262,-34.618748]]]},"properties":{"fid":339,"Entidad":0,"Objeto":"Departamento","FNA":"Comuna 4","GNA":"Comuna","NAM":"Comuna 4","SAG":"Direc. de Catastro","FDC":null,"IN1":"02028","SHAPE_STAr":0.00223293385947,"SHAPE_STLe":0.296299485891}},
{"type":"Feature","geometry":{"type":"Polygon","coordinates":[[[-58.459564,-34.527784],[-58.4794,-34.489761],[-58.553764,-34.530205],[-58.537781,-34.544164],[-58.529811,-34.537332],[-58.50996,-34.569205],[-58.500804,-34.549533],[-58.476084,-34.538431],[-58.459564,-34.527784]]]},"properties":{"fid":35,"Entidad":0,"Objeto":"Departamento","FNA":"Partido de Vicente López","GNA":"Partido","NAM":"Vicente López","SAG":"ARBA - Gerencia de Servicios Catastrales","FDC":null,"IN1":"06861","SHAPE_STAr":0.00338381543915,"SHAPE_STLe":0.293176760185}},
{"type":"Feature","geometry":{"type":"Polygon","coordinates":[[[-58.784541,-34.476066],[-58.821687,-34.451956],[-58.811153,-34.485744],[-58.823565,-34.508235],[-58.776028,-34.557058],[-58.720899,-34.518234],[-58.784541,-34.476066]]]},"properties":{"fid":14,"Entidad":0,"Objeto":"Departamento","FNA":"Partido de José C. Paz","GNA":"Partido","NAM":"José C. Paz","SAG":"ARBA - Gerencia de Servicios Catastrales","FDC":null,"IN1":"06412","SHAPE_STAr":0.00492511991354,"SHAPE_STLe":0.335550276258}},
{"type":"Feature","geometry":{"type":"Polygon","coordinates":[[[-58.514155,-34.443526],[-58.516165,-34.443321],[-58.600303,-34.490354],[-58.553764,-34.530205],[-58.4794,-34.489761],[-58.514155,-34.443526]]]},"properties":{"fid":266,"Entidad":0,"Objeto":"Departamento","FNA":"Partido de San Isidro","GNA":"Partido","NAM":"San Isidro","SAG":"ARBA - Gerencia de Servicios Catastrales","FDC":null,"IN1":"06756","SHAPE_STAr":0.00514052151246,"SHAPE_STLe":0.332690983616}},
{"type":"Feature","geometry":{"type":"Polygon","coordinates":[[[-58.553764,-34.530205],[-58.600303,-34.490354],[-58.606358,-34.53453],[-58.619241,-34.54673],[-58.562314,-34.591405],[-58.522972,-34.597563],[-58.515483,-34.581284],[-58.50996,-34.569205],[-58.529811,-34.537332],[-58.537781,-34.544164],[-58.553764,-34.530205]]]},"properties":{"fid":231,"Entidad":0,"Objeto":"Departamento","FNA":"Partido General San Martín","GNA":"Partido","NAM":"General San Martín","SAG":"ARBA - Gerencia de Servicios Catastrales","FDC":null,"IN1":"06371","SHAPE_STAr":0.00555218959145,"SHAPE_STLe":0.34503572828}},
{"type":"Feature","geometry":{"type":"Polygon","coordinates":[[[-58.556107,-34.634703],[-58.616028,-34.588705],[-58.621808,-34.633151],[-58.653486,-34.631612],[-58.667381,-34.685988],[-58.640974,-34.704543],[-58.581876,-34.64317],[-58.556107,-34.634703]]]},"properties":{"fid":228,"Entidad":0,"Objeto":"Departamento","FNA":"Partido de Morón","GNA":"Partido","NAM":"Morón","SAG":"ARBA - Gerencia de Servicios Catastrales","FDC":null,"IN1":"06568","SHAPE_STAr":0.0054145702556,"SHAPE_STLe":0.372741548037}},
{"type":"Feature","geometry":{"type":"Polygon","coordinates":[[[-58.619241,-34.54673],[-58.646345,-34.56293],[-58.616028,-34.588705],[-58.556107,-34.634703],[-58.529211,-34.65464],[-58.530367,-34.634814],[-58.529206,-34.611072],[-58.522972,-34.597563],[-58.562314,-34.591405],[-58.619241,-34.54673]]]},"properties":{"fid":236,"Entidad":0,"Objeto":"Departamento","FNA":"Partido de Tres de Febrero","GNA":"Partido","NAM":"Tres de Febrero","SAG":"ARBA - Gerencia de Servicios Catastrales","FDC":null,"IN1":"06840","SHAPE_STAr":0.00446190211159,"SHAPE_STLe":0.36705031823}},
{"type":"Feature","geometry":{"type":"Polygon","coordinates":[[[-58.646591,-34.501384],[-58.70561,-34.439337],[-58.737313,-34.456416],[-58.784541,-34.476066],[-58.720899,-34.518234],[-58.689134,-34.530159],[-58.646591,-34.501384]]]},"properties":{"fid":230,"Entidad":0,"Objeto":"Departamento","FNA":"Partido de Malvinas Argentinas","GNA":"Partido","NAM":"Malvinas Argentinas","SAG":"ARBA - Gerencia de Servicios Catastrales","FDC":null,"IN1":"06515","SHAPE_STAr":0.00617016878791,"SHAPE_STLe":0.355811658182}},
{"type":"Feature","geometry":{"type":"Polygon","coordinates":[[[-58.693934,-34.593742],[-58.646345,-34.56293],[-58.619241,-34.54673],[-58.606358,-34.53453],[-58.646591,-34.501384],[-58.689134,-34.530159],[-58.720899,-34.518234],[-58.776028,-34.557058],[-58.713374,-34.605638],[-58.693934,-34.593742]]]},"properties":{"fid":221,"Entidad":0,"Objeto":"Departamento","FNA":"Partido de San Miguel","GNA":"Partido","NAM":"San Miguel","SAG":"ARBA - Gerencia de Servicios Catastrales","FDC":null,"IN1":"06760","SHAPE_STAr":0.00812802069358,"SHAPE_STLe":0.448359329454}},
{"type":"Feature","geometry":{"type":"Polygon","coordinates":[[[-58.885066,-34.577051],[-58.864113,-34.616882],[-58.884309,-34.627195],[-58.884468,-34.668796],[-58.863696,-34.683365],[-58.860294,-34.685206],[-58.817952,-34.685484],[-58.757549,-34.660482],[-58.729025,-34.634784],[-58.713374,-34.605638],[-58.776028,-34.557058],[-58.823565,-34.508235],[-58.847501,-34.549171],[-58.885066,-34.577051]]]},"properties":{"fid":18,"Entidad":0,"Objeto":"Departamento","FNA":"Partido de Moreno","GNA":"Partido","NAM":"Moreno","SAG":"ARBA - Gerencia de Servicios Catastrales","FDC":null,"IN1":"06560","SHAPE_STAr":0.0183024310579,"SHAPE_STLe":0.595680898589}},
{"type":"Feature","geometry":{"type":"Polygon","coordinates":[[[-58.90081,-34.310939],[-58.816989,-34.415404],[-58.788323,-34.399672],[-58.777666,-34.404272],[-58.737313,-34.456416],[-58.70561,-34.439337],[-58.734634,-34.40246],[-58.705329,-34.372973],[-58.720619,-34.36329],[-58.679814,-34.345687],[-58.649515,-34.266598],[-58.712152,-34.248902],[-58.798512,-34.230221],[-58.776382,-34.285744],[-58.858387,-34.261979],[-58.90081,-34.310939]]]},"properties":{"fid":13,"Entidad":0,"Objeto":"Departamento","FNA":"Partido de Escobar","GNA":"Partido","NAM":"Escobar","SAG":"ARBA - Gerencia de Servicios Catastrales","FDC":null,"IN1":"06252","SHAPE_STAr":0.0294856457045,"SHAPE_STLe":1.01252848219}},
{"type":"Feature","geometry":{"type":"Polygon","coordinates":[[[-59.03175,-34.763825],[-58.998289,-34.762792],[-58.935344,-34.703731],[-58.863696,-34.683365],[-58.884468,-34.668796],[-58.884309,-34.627195],[-58.864113,-34.616882],[-58.885066,-34.577051],[-58.92842,-34.516204],[-58.96189,-34.533741],[-58.954201,-34.543725],[-58.987192,-34.559859],[-58.986596,-34.577436],[-59.07006,-34.603875],[-59.056377,-34.616464],[-59.136081,-34.65886],[-59.091209,-34.719233],[-59.03175,-34.763825]]]},"properties":{"fid":234,"Entidad":0,"Objeto":"Departamento","FNA":"Partido de General Rodríguez","GNA":"Partido","NAM":"General Rodríguez","SAG":"ARBA - Gerencia de Servicios Catastrales","FDC":null,"IN1":"06364","SHAPE_STAr":0.0360345572743,"SHAPE_STLe":0.916035136254}},
{"type":"Feature","geometry":{"type":"Polygon","coordinates":[[[-58.510223,-34.306123],[-58.649515,-34.266598],[-58.679814,-34.345687],[-58.720619,-34.36329],[-58.705329,-34.372973],[-58.734634,-34.40246],[-58.70561,-34.439337],[-58.646591,-34.501384],[-58.606358,-34.53453],[-58.600303,-34.490354],[-58.595171,-34.448343],[-58.557947,-34.424092],[-58.516165,-34.443321],[-58.514155,-34.443526],[-58.511475,-34.418701],[-58.48291,-34.384583],[-58.465881,-34.38562],[-58.465027,-34.374878],[-58.454529,-34.388489],[-58.510223,-34.306123]]]},"properties":{"fid":58,"Entidad":0,"Objeto":"Departamento","FNA":"Partido de Tigre","GNA":"Partido","NAM":"Tigre","SAG":"ARBA - Gerencia de Servicios Catastrales","FDC":null,"IN1":"06805","SHAPE_STAr":0.0374684028835,"SHAPE_STLe":0.977147202985}},
{"type":"Feature","geometry":{"type":"Polygon","coordinates":[[[-58.885066,-34.577051],[-58.847501,-34.549171],[-58.823565,-34.508235],[-58.811153,-34.485744],[-58.821687,-34.451956],[-58.784541,-34.476066],[-58.737313,-34.456416],[-58.777666,-34.404272],[-58.788323,-34.399672],[-58.816989,-34.415404],[-58.90081,-34.310939],[-58.916916,-34.325927],[-58.907739,-34.359949],[-58.919735,-34.381035],[-58.92391,-34.417077],[-58.980257,-34.350643],[-58.993226,-34.358077],[-58.984011,-34.369004],[-58.992981,-34.379286],[-59.056272,-34.428206],[-58.96189,-34.533741],[-58.92842,-34.516204],[-58.885066,-34.577051]]]},"properties":{"fid":225,"Entidad":0,"Objeto":"Departamento","FNA":"Partido de Pilar","GNA":"Partido","NAM":"Pilar","SAG":"ARBA - Gerencia de Servicios Catastrales","FDC":null,"IN1":"06638","SHAPE_STAr":0.0377372919988,"SHAPE_STLe":1.24143734463}},
{"type":"Feature","geometry":{"type":"Polygon","coordinates":[[[-59.676093,-34.166664],[-59.722274,-34.13107],[-59.707232,-34.09359],[-59.740386,-34.048472],[-59.754392,-34.013563],[-59.747376,-33.997656],[-59.779343,-34.013386],[-59.812107,-34.015224],[-59.844479,-34.05269],[-59.896256,-34.078189],[-59.984788,-34.084642],[-59.983602,-34.197571],[-60.039614,-34.268608],[-59.970835,-34.286477],[-59.895237,-34.236438],[-59.873943,-34.264301],[-59.783909,-34.220489],[-59.676093,-34.166664]]]},"properties":{"fid":217,"Entidad":0,"Objeto":"Departamento","FNA":"Partido de Capitán Sarmiento","GNA":"Partido","NAM":"Capitán Sarmiento","SAG":"ARBA - Gerencia de Servicios Catastrales","FDC":null,"IN1":"06140","SHAPE_STAr":0.0536592078188,"SHAPE_STLe":1.18765004856}},
{"type":"Feature","geometry":{"type":"Polygon","coordinates":[[[-59.056272,-34.428206],[-59.097653,-34.464318],[-59.129594,-34.42061],[-59.196741,-34.373654],[-59.239323,-34.413704],[-59.217716,-34.446564],[-59.338524,-34.508458],[-59.262446,-34.620116],[-59.281227,-34.625847],[-59.241284,-34.677329],[-59.255899,-34.685583],[-59.168089,-34.799421],[-59.164978,-34.803469],[-59.091209,-34.719233],[-59.136081,-34.65886],[-59.056377,-34.616464],[-59.07006,-34.603875],[-58.986596,-34.577436],[-58.987192,-34.559859],[-58.954201,-34.543725],[-58.96189,-34.533741],[-59.056272,-34.428206]]]},"properties":{"fid":226,"Entidad":0,"Objeto":"Departamento","FNA":"Partido de Luján","GNA":"Partido","NAM":"Luján","SAG":"ARBA - Gerencia de Servicios Catastrales","FDC":null,"IN1":"06497","SHAPE_STAr":0.0757660198914,"SHAPE_STLe":1.47665413261}},
{"type":"Feature","geometry":{"type":"Polygon","coordinates":[[[-59.103065,-34.200094],[-59.31234,-34.161043],[-59.3666,-34.198921],[-59.374778,-34.238726],[-59.298677,-34.26429],[-59.310838,-34.288923],[-59.274593,-34.304927],[-59.196741,-34.373654],[-59.129594,-34.42061],[-59.097653,-34.464318],[-59.056272,-34.428206],[-58.992981,-34.379286],[-58.984011,-34.369004],[-58.993226,-34.358077],[-58.980257,-34.350643],[-58.92391,-34.417077],[-58.919735,-34.381035],[-59.057152,-34.241501],[-59.078202,-34.224516],[-59.091502,-34.228217],[-59.103065,-34.200094]]]},"properties":{"fid":220,"Entidad":0,"Objeto":"Departamento","FNA":"Partido de Exaltación de la Cruz","GNA":"Partido","NAM":"Exaltación de la Cruz","SAG":"ARBA - Gerencia de Servicios Catastrales","FDC":null,"IN1":"06266","SHAPE_STAr":0.0623282265616,"SHAPE_STLe":1.40637458106}},
{"type":"Feature","geometry":{"type":"Polygon","coordinates":[[[-58.6753,-34.025467],[-58.763739,-33.94531],[-58.837201,-33.953751],[-58.966046,-33.960581],[-59.009521,-34.099071],[-58.977497,-34.113277],[-58.973315,-34.129096],[-59.103065,-34.200094],[-59.091502,-34.228217],[-59.078202,-34.224516],[-59.057152,-34.241501],[-58.919735,-34.381035],[-58.907739,-34.359949],[-58.916916,-34.325927],[-58.90081,-34.310939],[-58.858387,-34.261979],[-58.776382,-34.285744],[-58.798512,-34.230221],[-58.712152,-34.248902],[-58.6914,-34.172432],[-58.7467,-34.165507],[-58.76385,-34.126474],[-58.804731,-34.081865],[-58.6753,-34.025467]]]},"properties":{"fid":73,"Entidad":0,"Objeto":"Departamento","FNA":"Partido de Campana","GNA":"Partido","NAM":"Campana","SAG":"ARBA - Gerencia de Servicios Catastrales","FDC":null,"IN1":"06126","SHAPE_STAr":0.096402233481,"SHAPE_STLe":1.9363025991}},
{"type":"Feature","geometry":{"type":"Polygon","coordinates":[[[-59.783909,-34.220489],[-59.873943,-34.264301],[-59.895237,-34.236438],[-59.970835,-34.286477],[-60.06503,-34.382654],[-60.08409,-34.367516],[-60.142578,-34.418799],[-60.083631,-34.469779],[-60.098044,-34.482932],[-60.014713,-34.546899],[-59.974745,-34.510428],[-59.930307,-34.543513],[-59.909312,-34.561197],[-59.933201,-34.581257],[-59.884567,-34.61943],[-59.754879,-34.518276],[-59.768409,-34.507296],[-59.735111,-34.477819],[-59.767615,-34.452814],[-59.67533,-34.404053],[-59.692702,-34.285921],[-59.783909,-34.220489]]]},"properties":{"fid":218,"Entidad":0,"Objeto":"Departamento","FNA":"Partido de Carmen de Areco","GNA":"Partido","NAM":"Carmen de Areco","SAG":"ARBA - Gerencia de Servicios Catastrales","FDC":null,"IN1":"06161","SHAPE_STAr":0.104072488683,"SHAPE_STLe":1.52357355196}},
{"type":"Feature","geometry":{"type":"Polygon","coordinates":[[[-59.672959,-34.582629],[-59.754879,-34.518276],[-59.884567,-34.61943],[-59.944678,-34.671979],[-59.790053,-34.788481],[-59.809136,-34.805412],[-59.798118,-34.82566],[-59.635369,-34.957987],[-59.466512,-34.87259],[-59.522594,-34.828793],[-59.491331,-34.802943],[-59.531953,-34.769877],[-59.525921,-34.764767],[-59.71641,-34.620022],[-59.672959,-34.582629]]]},"properties":{"fid":235,"Entidad":0,"Objeto":"Departamento","FNA":"Partido de Suipacha","GNA":"Partido","NAM":"Suipacha","SAG":"ARBA - Gerencia de Servicios Catastrales","FDC":null,"IN1":"06784","SHAPE_STAr":0.0928310867993,"SHAPE_STLe":1.5088887621}},
{"type":"Feature","geometry":{"type":"Polygon","coordinates":[[[-59.168091,-33.809387],[-59.22272,-33.813425],[-59.293022,-33.829253],[-59.302739,-33.852853],[-59.240136,-33.896258],[-59.22838,-33.925027],[-59.260541,-33.941577],[-59.308674,-33.924322],[-59.340883,-33.92538],[-59.345587,-33.952398],[-59.323887,-33.996327],[-59.29985,-34.068494],[-59.2662,-34.091783],[-59.279567,-34.145967],[-59.31234,-34.161043],[-59.103065,-34.200094],[-58.973315,-34.129096],[-58.977497,-34.113277],[-59.009521,-34.099071],[-58.966046,-33.960581],[-58.837201,-33.953751],[-58.868435,-33.936506],[-58.89978,-33.890991],[-58.933594,-33.87439],[-58.97789,-33.870357],[-58.992881,-33.841804],[-59.020482,-33.848942],[-59.055481,-33.832397],[-59.130676,-33.847717],[-59.168091,-33.809387]]]},"properties":{"fid":276,"Entidad":0,"Objeto":"Departamento","FNA":"Partido de Zárate","GNA":"Partido","NAM":"Zárate","SAG":"ARBA - Gerencia de Servicios Catastrales","FDC":null,"IN1":"06882","SHAPE_STAr":0.115641174819,"SHAPE_STLe":1.88181759713}},
{"type":"Feature","geometry":{"type":"MultiPolygon","coordinates":[[[[-58.42698,-34.00406],[-58.477295,-34.002625],[-58.60717,-34.037871],[-58.6753,-34.025467],[-58.804731,-34.081865],[-58.76385,-34.126474],[-58.7467,-34.165507],[-58.6914,-34.172432],[-58.712152,-34.248902],[-58.649515,-34.266598],[-58.510223,-34.306123],[-58.459577,-34.324787],[-58.424319,-34.281547],[-58.389402,-34.262592],[-58.381322,-34.239948],[-58.392546,-34.233562],[-58.362614,-34.22862],[-58.354147,-34.216467],[-58.335116,-34.043539],[-58.361919,-34.020426],[-58.42698,-34.00406]]],[[[-58.516165,-34.443321],[-58.557947,-34.424092],[-58.595171,-34.448343],[-58.600303,-34.490354],[-58.516165,-34.443321]]]]},"properties":{"fid":275,"Entidad":0,"Objeto":"Departamento","FNA":"Partido de San Fernando","GNA":"Partido","NAM":"San Fernando","SAG":"ARBA - Gerencia de Servicios Catastrales","FDC":null,"IN1":"06749","SHAPE_STAr":0.103495131177,"SHAPE_STLe":1.633655874}},
{"type":"Feature","geometry":{"type":"Polygon","coordinates":[[[-59.31234,-34.161043],[-59.279567,-34.145967],[-59.2662,-34.091783],[-59.29985,-34.068494],[-59.323887,-33.996327],[-59.317856,-34.019295],[-59.334429,-34.038578],[-59.406464,-34.06095],[-59.395542,-34.074512],[-59.463094,-34.135008],[-59.510907,-34.0994],[-59.562088,-34.167967],[-59.594586,-34.17173],[-59.627532,-34.158325],[-59.676093,-34.166664],[-59.783909,-34.220489],[-59.692702,-34.285921],[-59.67533,-34.404053],[-59.670525,-34.397923],[-59.644583,-34.417529],[-59.618845,-34.396637],[-59.606599,-34.40614],[-59.490727,-34.318917],[-59.423801,-34.302611],[-59.411872,-34.276257],[-59.419483,-34.268607],[-59.396177,-34.262907],[-59.374778,-34.238726],[-59.3666,-34.198921],[-59.31234,-34.161043]]]},"properties":{"fid":15,"Entidad":0,"Objeto":"Departamento","FNA":"Partido de San Antonio de Areco","GNA":"Partido","NAM":"San Antonio de Areco","SAG":"ARBA - Gerencia de Servicios Catastrales","FDC":null,"IN1":"06735","SHAPE_STAr":0.0843161015492,"SHAPE_STLe":1.67972734695}},
{"type":"Feature","geometry":{"type":"Polygon","coordinates":[[[-60.039614,-34.268608],[-59.983602,-34.197571],[-59.984788,-34.084642],[-59.896256,-34.078189],[-59.844479,-34.05269],[-59.812107,-34.015224],[-59.779343,-34.013386],[-60.024354,-33.826632],[-60.04859,-33.827056],[-60.082667,-33.809326],[-60.107407,-33.816943],[-60.156379,-33.745477],[-60.231469,-33.869787],[-60.237539,-34.011095],[-60.196307,-34.051445],[-60.166695,-34.06153],[-60.184556,-34.135531],[-60.206761,-34.171665],[-60.202878,-34.203902],[-60.039614,-34.268608]]]},"properties":{"fid":216,"Entidad":0,"Objeto":"Departamento","FNA":"Partido de Arrecifes","GNA":"Partido","NAM":"Arrecifes","SAG":"ARBA - Gerencia de Servicios Catastrales","FDC":null,"IN1":"06077","SHAPE_STAr":0.121388771596,"SHAPE_STLe":1.70649984136}},
{"type":"Feature","geometry":{"type":"Polygon","coordinates":[[[-59.168089,-34.799421],[-59.255899,-34.685583],[-59.241284,-34.677329],[-59.281227,-34.625847],[-59.262446,-34.620116],[-59.338524,-34.508458],[-59.523664,-34.596894],[-59.568824,-34.560587],[-59.63243,-34.615017],[-59.672959,-34.582629],[-59.71641,-34.620022],[-59.525921,-34.764767],[-59.531953,-34.769877],[-59.491331,-34.802943],[-59.522594,-34.828793],[-59.466512,-34.87259],[-59.408729,-34.842423],[-59.373171,-34.891129],[-59.320538,-34.836852],[-59.289444,-34.821684],[-59.278714,-34.834349],[-59.204517,-34.796227],[-59.192192,-34.812103],[-59.168089,-34.799421]]]},"properties":{"fid":224,"Entidad":0,"Objeto":"Departamento","FNA":"Partido de Mercedes","GNA":"Partido","NAM":"Mercedes","SAG":"ARBA - Gerencia de Servicios Catastrales","FDC":null,"IN1":"06532","SHAPE_STAr":0.10325099095,"SHAPE_STLe":1.65208239651}},
{"type":"Feature","geometry":{"type":"Polygon","coordinates":[[[-59.196741,-34.373654],[-59.274593,-34.304927],[-59.310838,-34.288923],[-59.298677,-34.26429],[-59.374778,-34.238726],[-59.396177,-34.262907],[-59.419483,-34.268607],[-59.411872,-34.276257],[-59.423801,-34.302611],[-59.490727,-34.318917],[-59.606599,-34.40614],[-59.618845,-34.396637],[-59.644583,-34.417529],[-59.670525,-34.397923],[-59.67533,-34.404053],[-59.767615,-34.452814],[-59.735111,-34.477819],[-59.768409,-34.507296],[-59.754879,-34.518276],[-59.672959,-34.582629],[-59.63243,-34.615017],[-59.568824,-34.560587],[-59.523664,-34.596894],[-59.338524,-34.508458],[-59.217716,-34.446564],[-59.239323,-34.413704],[-59.196741,-34.373654]]]},"properties":{"fid":222,"Entidad":0,"Objeto":"Departamento","FNA":"Partido de San Andrés de Giles","GNA":"Partido","NAM":"San Andrés de Giles","SAG":"ARBA - Gerencia de Servicios Catastrales","FDC":null,"IN1":"06728","SHAPE_STAr":0.110758336616,"SHAPE_STLe":1.6615193453}},
{"type":"Feature","geometry":{"type":"Polygon","coordinates":[[[-60.237539,-34.011095],[-60.3124,-34.001454],[-60.496387,-34.17646],[-60.46989,-34.199868],[-60.49057,-34.231165],[-60.535958,-34.25581],[-60.549166,-34.275661],[-60.538785,-34.349286],[-60.578268,-34.392173],[-60.559846,-34.406436],[-60.596001,-34.438351],[-60.55983,-34.406444],[-60.516899,-34.43917],[-60.488998,-34.41514],[-60.403995,-34.480041],[-60.374071,-34.454929],[-60.319126,-34.497194],[-60.245784,-34.431903],[-60.211227,-34.45956],[-60.154194,-34.410072],[-60.142578,-34.418799],[-60.08409,-34.367516],[-60.06503,-34.382654],[-59.970835,-34.286477],[-60.039614,-34.268608],[-60.202878,-34.203902],[-60.206761,-34.171665],[-60.184556,-34.135531],[-60.166695,-34.06153],[-60.196307,-34.051445],[-60.237539,-34.011095]]]},"properties":{"fid":219,"Entidad":0,"Objeto":"Departamento","FNA":"Partido de Salto","GNA":"Partido","NAM":"Salto","SAG":"ARBA - Gerencia de Servicios Catastrales","FDC":null,"IN1":"06714","SHAPE_STAr":0.157711066946,"SHAPE_STLe":2.08513261409}},
{"type":"Feature","geometry":{"type":"Polygon","coordinates":[[[-61.122081,-34.07195],[-61.177554,-34.096818],[-61.209891,-34.125642],[-61.332347,-34.02508],[-61.648571,-34.319323],[-61.610784,-34.352721],[-61.549084,-34.303386],[-61.508861,-34.336846],[-61.471675,-34.307407],[-61.395408,-34.373502],[-61.416972,-34.392317],[-61.329167,-34.453145],[-61.27359,-34.400858],[-61.23797,-34.403685],[-61.22686,-34.436584],[-61.196274,-34.424296],[-61.193368,-34.36505],[-61.168395,-34.359374],[-61.098149,-34.284531],[-61.070098,-34.307214],[-61.041553,-34.283292],[-61.059106,-34.269008],[-61.013862,-34.23162],[-60.958291,-34.276695],[-60.91725,-34.241587],[-61.122081,-34.07195]]]},"properties":{"fid":325,"Entidad":0,"Objeto":"Departamento","FNA":"Partido de General Arenales","GNA":"Partido","NAM":"General Arenales","SAG":"ARBA - Gerencia de Servicios Catastrales","FDC":null,"IN1":"06294","SHAPE_STAr":0.145454717929,"SHAPE_STLe":2.1353391036}},
{"type":"Feature","geometry":{"type":"Polygon","coordinates":[[[-60.677205,-34.509355],[-60.902675,-34.326078],[-60.952244,-34.333842],[-60.966443,-34.345827],[-61.041553,-34.283292],[-61.070098,-34.307214],[-61.098149,-34.284531],[-61.168395,-34.359374],[-61.193368,-34.36505],[-61.196274,-34.424296],[-61.22686,-34.436584],[-61.23797,-34.403685],[-61.27359,-34.400858],[-61.329167,-34.453145],[-61.355509,-34.473947],[-61.275199,-34.541214],[-61.338484,-34.592169],[-61.204736,-34.702486],[-61.222551,-34.717368],[-61.151165,-34.777206],[-61.048176,-34.692906],[-60.903991,-34.810841],[-60.849248,-34.763019],[-60.815683,-34.789652],[-60.764489,-34.741034],[-60.795509,-34.717472],[-60.713957,-34.647131],[-60.741446,-34.649115],[-60.758396,-34.630785],[-60.646701,-34.53305],[-60.677205,-34.509355]]]},"properties":{"fid":223,"Entidad":0,"Objeto":"Departamento","FNA":"Partido de Junín","GNA":"Partido","NAM":"Junín","SAG":"ARBA - Gerencia de Servicios Catastrales","FDC":null,"IN1":"06413","SHAPE_STAr":0.221428090472,"SHAPE_STLe":2.37408463314}},
{"type":"Feature","geometry":{"type":"Polygon","coordinates":[[[-60.496387,-34.17646],[-60.515503,-34.14378],[-60.578423,-34.11637],[-60.624474,-34.112153],[-60.655302,-34.093142],[-60.715401,-34.035737],[-60.705401,-34.025122],[-60.798068,-33.9519],[-60.906517,-33.887309],[-61.051527,-34.030173],[-61.122081,-34.07195],[-60.91725,-34.241587],[-60.958291,-34.276695],[-61.013862,-34.23162],[-61.059106,-34.269008],[-61.041553,-34.283292],[-60.966443,-34.345827],[-60.952244,-34.333842],[-60.902675,-34.326078],[-60.677205,-34.509355],[-60.596001,-34.438351],[-60.559846,-34.406436],[-60.578268,-34.392173],[-60.538785,-34.349286],[-60.549166,-34.275661],[-60.535958,-34.25581],[-60.49057,-34.231165],[-60.46989,-34.199868],[-60.496387,-34.17646]]]},"properties":{"fid":12,"Entidad":0,"Objeto":"Departamento","FNA":"Partido de Rojas","GNA":"Partido","NAM":"Rojas","SAG":"ARBA - Gerencia de Servicios Catastrales","FDC":null,"IN1":"06686","SHAPE_STAr":0.201515219488,"SHAPE_STLe":2.30449202132}},
{"type":"Feature","geometry":{"type":"Polygon","coordinates":[[[-60.142578,-34.418799],[-60.154194,-34.410072],[-60.211227,-34.45956],[-60.245784,-34.431903],[-60.319126,-34.497194],[-60.374071,-34.454929],[-60.403995,-34.480041],[-60.488998,-34.41514],[-60.516899,-34.43917],[-60.55983,-34.406444],[-60.596001,-34.438351],[-60.677205,-34.509355],[-60.646701,-34.53305],[-60.758396,-34.630785],[-60.741446,-34.649115],[-60.713957,-34.647131],[-60.685321,-34.657039],[-60.686373,-34.707647],[-60.657707,-34.709275],[-60.625764,-34.743357],[-60.627629,-34.759647],[-60.588055,-34.816749],[-60.558273,-34.829572],[-60.540809,-34.821518],[-60.529283,-34.84162],[-60.494684,-34.838491],[-60.460279,-34.862375],[-60.372562,-34.787641],[-60.362228,-34.795799],[-60.32251,-34.761526],[-60.243552,-34.829956],[-60.172989,-34.770245],[-60.190756,-34.756772],[-60.174138,-34.743048],[-60.191843,-34.728741],[-60.106846,-34.657499],[-60.063518,-34.691134],[-60.006599,-34.641007],[-59.992965,-34.674013],[-59.967868,-34.691848],[-59.944678,-34.671979],[-59.884567,-34.61943],[-59.933201,-34.581257],[-59.909312,-34.561197],[-59.930307,-34.543513],[-59.974745,-34.510428],[-60.014713,-34.546899],[-60.098044,-34.482932],[-60.083631,-34.469779],[-60.142578,-34.418799]]]},"properties":{"fid":229,"Entidad":0,"Objeto":"Departamento","FNA":"Partido de Chacabuco","GNA":"Partido","NAM":"Chacabuco","SAG":"ARBA - Gerencia de Servicios Catastrales","FDC":null,"IN1":"06210","SHAPE_STAr":0.225101735004,"SHAPE_STLe":2.71919237183}},
{"type":"Feature","geometry":{"type":"Polygon","coordinates":[[[-58.346962,-34.739344],[-58.366679,-34.745552],[-58.413269,-34.732865],[-58.446915,-34.688777],[-58.464497,-34.703206],[-58.484116,-34.73256],[-58.500797,-34.722992],[-58.430528,-34.817248],[-58.336639,-34.754401],[-58.346962,-34.739344]]]},"properties":{"fid":500,"Entidad":0,"Objeto":"Departamento","FNA":"Partido de Lomas de Zamora","GNA":"Partido","NAM":"Lomas de Zamora","SAG":"ARBA - Gerencia de Servicios Catastrales","FDC":null,"IN1":"06490","SHAPE_STAr":0.00873394648733,"SHAPE_STLe":0.478920544781}},
{"type":"Feature","geometry":{"type":"Polygon","coordinates":[[[-58.444414,-34.58319],[-58.468046,-34.572928],[-58.503435,-34.593972],[-58.458439,-34.60451],[-58.4333,-34.602692],[-58.423333,-34.597766],[-58.444414,-34.58319]]]},"properties":{"fid":510,"Entidad":0,"Objeto":"Departamento","FNA":"Comuna 15","GNA":"Comuna","NAM":"Comuna 15","SAG":"Direc. de Catastro","FDC":null,"IN1":"02105","SHAPE_STAr":0.00140730851854,"SHAPE_STLe":0.185740265272}},
{"type":"Feature","geometry":{"type":"Polygon","coordinates":[[[-66.845273,-28.032977],[-67.22953,-28.028546],[-67.26289,-28.052227],[-67.301802,-28.039029],[-67.324942,-28.05397],[-67.348761,-28.031409],[-67.340979,-27.939926],[-67.326123,-27.911782],[-67.352124,-27.919729],[-67.361342,-27.82735],[-67.345792,-27.791338],[-67.315234,-27.778012],[-67.292008,-27.732492],[-67.337176,-27.684636],[-67.358602,-27.684349],[-67.32725,-27.631157],[-67.315885,-27.575312],[-67.237539,-27.465467],[-67.297317,-27.438659],[-67.300993,-27.399804],[-67.282848,-27.396633],[-67.30711,-27.37403],[-67.256045,-27.347534],[-67.292099,-27.304592],[-67.284974,-27.265351],[-67.271972,-27.259126],[-67.279842,-27.232122],[-67.26497,-27.228332],[-67.273304,-27.171278],[-67.262781,-27.164615],[-67.280944,-27.138806],[-67.280813,-27.10117],[-67.293257,-27.081214],[-67.276236,-27.046136],[-67.273854,-26.996872],[-67.248915,-26.97418],[-67.249094,-26.942801],[-67.228887,-26.919171],[-67.213792,-26.927022],[-67.203766,-26.919427],[-67.20087,-26.88416],[-67.176422,-26.878168],[-67.147302,-26.836213],[-67.224457,-26.7376],[-67.28383,-26.702066],[-67.287252,-26.711543],[-67.332445,-26.717145],[-67.341121,-26.732689],[-67.401984,-26.743044],[-67.465256,-26.780142],[-67.490151,-26.815664],[-67.48766,-26.859856],[-67.507463,-26.873438],[-67.524504,-26.918003],[-67.542497,-26.926274],[-67.533769,-26.877919],[-67.54703,-26.831263],[-67.597115,-26.814013],[-67.616225,-26.782911],[-67.650651,-26.785818],[-67.673134,-26.800079],[-67.722836,-26.771509],[-67.772661,-26.805602],[-67.788786,-26.795973],[-67.794539,-26.771218],[-67.820351,-26.756684],[-67.831526,-26.769444],[-67.858306,-26.766011],[-67.853112,-26.792893],[-67.870565,-26.801442],[-67.92135,-26.782278],[-67.962354,-26.785355],[-68.0454,-26.754324],[-68.092629,-26.75908],[-68.129325,-26.777749],[-68.144672,-26.816384],[-68.17477,-26.819317],[-68.201777,-26.845098],[-68.219245,-26.806969],[-68.258573,-26.792122],[-68.321552,-26.822616],[-68.359086,-26.810664],[-68.262455,-26.918432],[-68.289418,-26.924106],[-68.293784,-26.959177],[-68.318758,-26.981644],[-68.294077,-27.038295],[-68.34664,-27.033451],[-68.403793,-27.068118],[-68.428828,-27.064326],[-68.450823,-27.095489],[-68.475814,-27.084015],[-68.483904,-27.058254],[-68.472736,-27.110839],[-68.481623,-27.128583],[-68.494339,-27.136665],[-68.540154,-27.109873],[-68.557024,-27.115124],[-68.554226,-27.135643],[-68.575324,-27.177628],[-68.600318,-27.159194],[-68.615504,-27.171755],[-68.631347,-27.163305],[-68.67016,-27.099089],[-68.683494,-27.107955],[-68.693115,-27.099173],[-68.73752,-27.102345],[-68.751012,-27.112349],[-68.777752,-27.098947],[-68.787382,-27.104369],[-68.806777,-27.152665],[-68.824804,-27.147469],[-68.843785,-27.161202],[-68.857675,-27.190672],[-68.85569,-27.231288],[-68.870849,-27.246379],[-68.867557,-27.262637],[-68.808436,-27.300833],[-68.82872,-27.29828],[-68.869854,-27.317947],[-68.892769,-27.357755],[-68.886962,-27.398698],[-68.930337,-27.409519],[-68.934504,-27.444769],[-68.959991,-27.429746],[-68.980318,-27.431906],[-68.988104,-27.453069],[-68.948587,-27.488193],[-68.942515,-27.525931],[-68.987628,-27.523794],[-68.972486,-27.542858],[-68.975282,-27.560656],[-68.999811,-27.58284],[-69.038833,-27.595103],[-69.053299,-27.620191],[-69.059048,-27.664307],[-69.042166,-27.678554],[-69.043178,-27.697484],[-69.089257,-27.721672],[-69.095264,-27.79479],[-68.799011,-27.755676],[-68.723829,-27.789656],[-68.72954,-27.805837],[-68.715977,-27.815235],[-68.665176,-27.809882],[-68.624249,-27.791679],[-68.582335,-27.819761],[-68.561752,-27.735409],[-68.543396,-27.709778],[-68.533912,-27.729699],[-68.539147,-27.785378],[-68.51452,-27.838559],[-68.458313,-27.85199],[-68.440281,-27.873656],[-68.456699,-28.015591],[-68.440002,-28.025391],[-68.396618,-28.004169],[-68.351685,-28.017212],[-68.335815,-28.037598],[-68.312012,-28.024475],[-68.286194,-28.026489],[-68.29541,-28.068604],[-68.274706,-28.09506],[-68.246153,-28.071147],[-68.234136,-28.08233],[-68.183097,-28.086018],[-68.164418,-28.110765],[-68.141218,-28.101842],[-68.107311,-28.173463],[-68.0715,-28.162518],[-68.053773,-28.139794],[-68.024625,-28.139318],[-68.022364,-28.124684],[-67.950505,-28.10898],[-67.914932,-28.114096],[-67.930243,-28.172219],[-67.913623,-28.1831],[-67.9121,-28.208506],[-67.898953,-28.212134],[-67.905199,-28.233073],[-67.894194,-28.259129],[-67.871826,-28.271301],[-67.860732,-28.294166],[-67.84137,-28.313261],[-67.844821,-28.375187],[-67.815553,-28.37602],[-67.802764,-28.347882],[-67.756364,-28.353653],[-67.761242,-28.329918],[-67.695747,-28.311834],[-67.446399,-28.368021],[-67.375305,-28.384526],[-67.155443,-28.384407],[-67.07466,-28.270193],[-67.057052,-28.273286],[-67.029927,-28.258177],[-66.845273,-28.032977]]]},"properties":{"fid":320,"Entidad":0,"Objeto":"Departamento","FNA":"Departamento Tinogasta","GNA":"Departamento","NAM":"Tinogasta","SAG":"IDE Catamarca","FDC":null,"IN1":"10105","SHAPE_STAr":2.07141666199,"SHAPE_STLe":9.89423339729}},
{"type":"Feature","geometry":{"type":"Polygon","coordinates":[[[-66.561056,-25.300128],[-66.879266,-25.241731],[-67.864601,-25.2384],[-68.507172,-25.168313],[-68.505222,-25.222549],[-68.511344,-25.233699],[-68.535056,-25.237015],[-68.548503,-25.26219],[-68.529207,-25.290467],[-68.545633,-25.298792],[-68.545936,-25.312215],[-68.518155,-25.341654],[-68.52778,-25.352708],[-68.523866,-25.378917],[-68.541536,-25.382541],[-68.571615,-25.417751],[-68.589884,-25.414427],[-68.589169,-25.448806],[-68.572552,-25.494449],[-68.538523,-25.50912],[-68.543041,-25.548957],[-68.514832,-25.574059],[-68.540751,-25.596147],[-68.544744,-25.633758],[-68.477339,-25.70164],[-68.381433,-26.177834],[-68.558355,-26.287369],[-68.588092,-26.492428],[-68.359086,-26.810664],[-68.321552,-26.822616],[-68.258573,-26.792122],[-68.219245,-26.806969],[-68.201777,-26.845098],[-68.17477,-26.819317],[-68.144672,-26.816384],[-68.129325,-26.777749],[-68.092629,-26.75908],[-68.0454,-26.754324],[-67.962354,-26.785355],[-67.92135,-26.782278],[-67.870565,-26.801442],[-67.853112,-26.792893],[-67.858306,-26.766011],[-67.831526,-26.769444],[-67.820351,-26.756684],[-67.794539,-26.771218],[-67.788786,-26.795973],[-67.772661,-26.805602],[-67.722836,-26.771509],[-67.673134,-26.800079],[-67.650651,-26.785818],[-67.616225,-26.782911],[-67.597115,-26.814013],[-67.54703,-26.831263],[-67.533769,-26.877919],[-67.542497,-26.926274],[-67.524504,-26.918003],[-67.507463,-26.873438],[-67.48766,-26.859856],[-67.490151,-26.815664],[-67.465256,-26.780142],[-67.401984,-26.743044],[-67.341121,-26.732689],[-67.332445,-26.717145],[-67.287252,-26.711543],[-67.28383,-26.702066],[-67.280281,-26.692113],[-67.223999,-26.685107],[-67.200684,-26.663136],[-67.180915,-26.664956],[-67.158665,-26.621632],[-67.137286,-26.625385],[-67.108707,-26.603058],[-67.087732,-26.60962],[-67.078227,-26.577389],[-67.068101,-26.575582],[-67.043398,-26.457653],[-67.043478,-26.415784],[-67.058977,-26.391803],[-67.031717,-26.392534],[-67.035025,-26.328452],[-67.009565,-26.305498],[-66.994917,-26.249311],[-67.001217,-26.228467],[-66.966066,-26.163179],[-66.964263,-26.134235],[-66.922003,-26.098124],[-66.906836,-26.115368],[-66.83776,-26.108576],[-66.840521,-26.093403],[-66.820707,-26.073873],[-66.872901,-26.00116],[-66.905996,-25.991131],[-66.921025,-25.942952],[-66.852586,-25.917156],[-66.839257,-25.880661],[-66.847566,-25.796268],[-66.856185,-25.774136],[-66.873566,-25.766185],[-66.843331,-25.712626],[-66.79901,-25.698792],[-66.648577,-25.712032],[-66.633055,-25.662064],[-66.606458,-25.62867],[-66.563902,-25.621762],[-66.572765,-25.586724],[-66.534562,-25.536509],[-66.54281,-25.522389],[-66.532103,-25.500617],[-66.53525,-25.462264],[-66.518548,-25.44033],[-66.537099,-25.372483],[-66.587068,-25.37284],[-66.599798,-25.362251],[-66.561056,-25.300128]]]},"properties":{"fid":164,"Entidad":0,"Objeto":"Departamento","FNA":"Departamento Antofagasta de la Sierra","GNA":"Departamento","NAM":"Antofagasta de la Sierra","SAG":"IDE Catamarca","FDC":null,"IN1":"10028","SHAPE_STAr":2.53313508614,"SHAPE_STLe":7.96605260421}},
{"type":"Feature","geometry":{"type":"Polygon","coordinates":[[[-66.852586,-25.917156],[-66.921025,-25.942952],[-66.905996,-25.991131],[-66.872901,-26.00116],[-66.820707,-26.073873],[-66.840521,-26.093403],[-66.83776,-26.108576],[-66.906836,-26.115368],[-66.922003,-26.098124],[-66.964263,-26.134235],[-66.966066,-26.163179],[-67.001217,-26.228467],[-66.994917,-26.249311],[-67.009565,-26.305498],[-67.035025,-26.328452],[-67.031717,-26.392534],[-67.058977,-26.391803],[-67.043478,-26.415784],[-67.043398,-26.457653],[-67.068101,-26.575582],[-67.078227,-26.577389],[-67.087732,-26.60962],[-67.108707,-26.603058],[-67.137286,-26.625385],[-67.158665,-26.621632],[-67.180915,-26.664956],[-67.200684,-26.663136],[-67.223999,-26.685107],[-67.280281,-26.692113],[-67.28383,-26.702066],[-67.224457,-26.7376],[-67.147302,-26.836213],[-67.176422,-26.878168],[-67.20087,-26.88416],[-67.203766,-26.919427],[-67.213792,-26.927022],[-67.228887,-26.919171],[-67.249094,-26.942801],[-67.248915,-26.97418],[-67.273854,-26.996872],[-67.276236,-27.046136],[-67.293257,-27.081214],[-67.280813,-27.10117],[-67.280944,-27.138806],[-67.262781,-27.164615],[-67.273304,-27.171278],[-67.26497,-27.228332],[-67.279842,-27.232122],[-67.271972,-27.259126],[-67.284974,-27.265351],[-67.292099,-27.304592],[-67.256045,-27.347534],[-67.30711,-27.37403],[-67.282848,-27.396633],[-67.300993,-27.399804],[-67.297317,-27.438659],[-67.237539,-27.465467],[-67.315885,-27.575312],[-67.32725,-27.631157],[-67.358602,-27.684349],[-67.337176,-27.684636],[-67.292008,-27.732492],[-67.315234,-27.778012],[-67.345792,-27.791338],[-67.361342,-27.82735],[-67.352124,-27.919729],[-67.326123,-27.911782],[-67.340979,-27.939926],[-67.348761,-28.031409],[-67.324942,-28.05397],[-67.301802,-28.039029],[-67.26289,-28.052227],[-67.22953,-28.028546],[-66.845273,-28.032977],[-66.741174,-28.033381],[-66.740941,-28.017508],[-66.739451,-27.787766],[-66.771391,-27.758405],[-66.748956,-27.743357],[-66.73455,-27.710567],[-66.711273,-27.701609],[-66.723886,-27.683665],[-66.715677,-27.686955],[-66.715109,-27.670506],[-66.743685,-27.638609],[-66.702339,-27.57802],[-66.736113,-27.549001],[-66.681839,-27.503042],[-66.650273,-27.492531],[-66.632804,-27.434387],[-66.604328,-27.406014],[-66.630431,-27.384524],[-66.631606,-27.367499],[-66.615087,-27.35489],[-66.62971,-27.333014],[-66.613584,-27.312331],[-66.6297,-27.297768],[-66.619164,-27.290803],[-66.624115,-27.279006],[-66.555184,-27.245624],[-66.537652,-27.251858],[-66.587557,-27.094848],[-66.619457,-27.028682],[-66.579153,-26.977552],[-66.576846,-26.941976],[-66.589272,-26.927645],[-66.576593,-26.896105],[-66.611568,-26.8682],[-66.617319,-26.843757],[-66.60204,-26.831204],[-66.654699,-26.780738],[-66.646282,-26.775573],[-66.660575,-26.771195],[-66.670245,-26.744477],[-66.653183,-26.736964],[-66.659995,-26.727163],[-66.648478,-26.716292],[-66.616653,-26.725665],[-66.60475,-26.709354],[-66.61714,-26.694786],[-66.610411,-26.679067],[-66.584215,-26.683284],[-66.594801,-26.669278],[-66.579431,-26.580422],[-66.572727,-26.559297],[-66.553621,-26.554928],[-66.551818,-26.534446],[-66.511476,-26.525957],[-66.477596,-26.548392],[-66.462592,-26.532662],[-66.459287,-26.516769],[-66.483014,-26.494934],[-66.455889,-26.440138],[-66.449425,-26.372989],[-66.4775,-26.359335],[-66.506285,-26.365075],[-66.539877,-26.353162],[-66.559466,-26.288575],[-66.50768,-26.273034],[-66.530556,-26.272871],[-66.568237,-26.249835],[-66.576786,-26.17288],[-66.661155,-26.106175],[-66.660868,-26.076655],[-66.724601,-26.075495],[-66.759677,-26.049095],[-66.781139,-26.046867],[-66.781068,-26.032929],[-66.805153,-26.018753],[-66.843463,-25.97734],[-66.852586,-25.917156]]]},"properties":{"fid":132,"Entidad":0,"Objeto":"Departamento","FNA":"Departamento Belén","GNA":"Departamento","NAM":"Belén","SAG":"IDE Catamarca","FDC":null,"IN1":"10035","SHAPE_STAr":1.15099701748,"SHAPE_STLe":7.35570548585}},
{"type":"Feature","geometry":{"type":"Polygon","coordinates":[[[-66.001562,-25.311373],[-66.019826,-25.291707],[-66.23045,-25.254793],[-66.246998,-25.229724],[-66.244002,-25.211123],[-66.28085,-25.1811],[-66.308742,-25.175662],[-66.32821,-25.146482],[-66.356499,-25.148523],[-66.350818,-25.185047],[-66.37963,-25.18638],[-66.406626,-25.156343],[-66.399904,-25.127751],[-66.421801,-25.134687],[-66.460466,-25.11882],[-66.508422,-25.12786],[-66.578419,-25.101358],[-66.625702,-25.105998],[-66.620646,-25.142169],[-66.557438,-25.170956],[-66.537308,-25.203123],[-66.551592,-25.227504],[-66.537045,-25.265645],[-66.561056,-25.300128],[-66.599798,-25.362251],[-66.587068,-25.37284],[-66.537099,-25.372483],[-66.518548,-25.44033],[-66.53525,-25.462264],[-66.532103,-25.500617],[-66.54281,-25.522389],[-66.534562,-25.536509],[-66.572765,-25.586724],[-66.563902,-25.621762],[-66.606458,-25.62867],[-66.633055,-25.662064],[-66.648577,-25.712032],[-66.79901,-25.698792],[-66.843331,-25.712626],[-66.873566,-25.766185],[-66.856185,-25.774136],[-66.847566,-25.796268],[-66.839257,-25.880661],[-66.852586,-25.917156],[-66.843463,-25.97734],[-66.805153,-26.018753],[-66.595391,-25.904422],[-66.371646,-25.98805],[-66.382369,-25.935254],[-66.362135,-25.883472],[-66.332434,-25.866601],[-66.348026,-25.785824],[-66.328364,-25.757467],[-66.319898,-25.659363],[-66.341198,-25.634599],[-66.348995,-25.56809],[-66.308386,-25.558708],[-66.29637,-25.536029],[-66.303773,-25.510853],[-66.277057,-25.495707],[-66.237865,-25.481943],[-66.190877,-25.482125],[-66.140388,-25.454408],[-66.026439,-25.452147],[-66.001562,-25.311373]]]},"properties":{"fid":48,"Entidad":0,"Objeto":"Departamento","FNA":"Departamento Molinos","GNA":"Departamento","NAM":"Molinos","SAG":"IDE Salta","FDC":null,"IN1":"66119","SHAPE_STAr":0.3338572621,"SHAPE_STLe":3.74568166112}},
{"type":"Feature","geometry":{"type":"Polygon","coordinates":[[[-65.791915,-25.305312],[-65.817218,-25.301173],[-65.828115,-25.286106],[-65.822735,-25.261481],[-65.838048,-25.197375],[-65.857427,-25.183597],[-65.867139,-25.241979],[-65.945989,-25.243696],[-65.95392,-25.28317],[-66.001562,-25.311373],[-66.026439,-25.452147],[-66.140388,-25.454408],[-66.190877,-25.482125],[-66.237865,-25.481943],[-66.277057,-25.495707],[-66.303773,-25.510853],[-66.29637,-25.536029],[-66.308386,-25.558708],[-66.348995,-25.56809],[-66.341198,-25.634599],[-66.319898,-25.659363],[-66.328364,-25.757467],[-66.348026,-25.785824],[-66.332434,-25.866601],[-66.362135,-25.883472],[-66.382369,-25.935254],[-66.371646,-25.98805],[-66.595391,-25.904422],[-66.805153,-26.018753],[-66.781068,-26.032929],[-66.781139,-26.046867],[-66.759677,-26.049095],[-66.724601,-26.075495],[-66.660868,-26.076655],[-66.661155,-26.106175],[-66.576786,-26.17288],[-66.568237,-26.249835],[-66.530556,-26.272871],[-66.50768,-26.273034],[-66.559466,-26.288575],[-66.539877,-26.353162],[-66.506285,-26.365075],[-66.4775,-26.359335],[-66.449425,-26.372989],[-66.374767,-26.412635],[-66.362393,-26.362667],[-66.301955,-26.2707],[-66.292958,-26.229306],[-66.230571,-26.149229],[-66.205349,-26.132573],[-66.18142,-26.13431],[-66.16631,-26.115463],[-66.159838,-26.043647],[-66.139525,-26.049786],[-66.123158,-26.033344],[-66.047483,-26.016299],[-65.855016,-26.025894],[-65.86912,-26.001544],[-65.865859,-25.98225],[-65.841014,-25.978692],[-65.794267,-25.936297],[-65.806841,-25.913304],[-65.797369,-25.882005],[-65.795965,-25.782739],[-65.870891,-25.777011],[-65.844062,-25.749274],[-65.852359,-25.698031],[-65.841317,-25.670112],[-65.804922,-25.636866],[-65.769923,-25.648617],[-65.763259,-25.608383],[-65.776798,-25.5736],[-65.750303,-25.554887],[-65.749898,-25.50141],[-65.78153,-25.461737],[-65.778924,-25.390081],[-65.797407,-25.343487],[-65.791915,-25.305312]]]},"properties":{"fid":52,"Entidad":0,"Objeto":"Departamento","FNA":"Departamento San Carlos","GNA":"Departamento","NAM":"San Carlos","SAG":"IDE Salta","FDC":null,"IN1":"66154","SHAPE_STAr":0.498039107816,"SHAPE_STLe":4.62064833484}},
{"type":"Feature","geometry":{"type":"Polygon","coordinates":[[[-66.134077,-27.247537],[-66.194072,-27.217007],[-66.255142,-27.151501],[-66.367675,-27.198709],[-66.451455,-27.130653],[-66.587557,-27.094848],[-66.537652,-27.251858],[-66.555184,-27.245624],[-66.624115,-27.279006],[-66.619164,-27.290803],[-66.6297,-27.297768],[-66.613584,-27.312331],[-66.62971,-27.333014],[-66.615087,-27.35489],[-66.631606,-27.367499],[-66.630431,-27.384524],[-66.604328,-27.406014],[-66.632804,-27.434387],[-66.650273,-27.492531],[-66.681839,-27.503042],[-66.736113,-27.549001],[-66.702339,-27.57802],[-66.743685,-27.638609],[-66.715109,-27.670506],[-66.715677,-27.686955],[-66.723886,-27.683665],[-66.711273,-27.701609],[-66.73455,-27.710567],[-66.748956,-27.743357],[-66.771391,-27.758405],[-66.739451,-27.787766],[-66.740941,-28.017508],[-66.491916,-28.018834],[-66.385193,-27.867161],[-66.265425,-27.867291],[-66.254033,-27.822265],[-66.183689,-27.827356],[-66.151892,-27.808153],[-66.106251,-27.802419],[-66.083401,-27.780436],[-66.043495,-27.755296],[-66.032592,-27.776873],[-65.983666,-27.753673],[-65.987881,-27.723619],[-65.971371,-27.718898],[-65.98253,-27.705438],[-65.969825,-27.681939],[-65.973643,-27.637439],[-65.942517,-27.628299],[-65.939777,-27.616677],[-65.97573,-27.493506],[-65.968529,-27.429043],[-65.96753,-27.399075],[-65.973092,-27.331617],[-66.027507,-27.298751],[-66.135751,-27.264223],[-66.134077,-27.247537]]]},"properties":{"fid":308,"Entidad":0,"Objeto":"Departamento","FNA":"Departamento Andalgalá","GNA":"Departamento","NAM":"Andalgalá","SAG":"IDE Catamarca","FDC":null,"IN1":"10021","SHAPE_STAr":0.496985542138,"SHAPE_STLe":3.68408847476}},
{"type":"Feature","geometry":{"type":"Polygon","coordinates":[[[-65.809015,-22.070327],[-65.924778,-21.93355],[-66.048167,-21.919017],[-66.043278,-21.871939],[-66.076306,-21.834975],[-66.221737,-21.781135],[-66.24269,-21.79331],[-66.235933,-21.852321],[-66.283484,-21.983572],[-66.277564,-22.022976],[-66.292392,-22.034607],[-66.291859,-22.051701],[-66.283579,-22.050425],[-66.293097,-22.062818],[-66.28415,-22.067881],[-66.288604,-22.086955],[-66.30769,-22.094781],[-66.325346,-22.088452],[-66.331639,-22.118599],[-66.347784,-22.120027],[-66.352281,-22.131841],[-66.623167,-22.197381],[-66.63825,-22.225486],[-66.68625,-22.209539],[-66.739278,-22.238458],[-66.766398,-22.357745],[-66.734316,-22.380372],[-66.68159,-22.377814],[-66.57052,-22.420228],[-66.492618,-22.376444],[-66.464004,-22.311949],[-66.414029,-22.246449],[-66.409076,-22.270935],[-66.349806,-22.282337],[-66.319327,-22.325579],[-66.059483,-22.258443],[-66.022874,-22.280149],[-65.986105,-22.403345],[-65.970122,-22.296096],[-65.947101,-22.245944],[-65.959124,-22.193969],[-65.948793,-22.184065],[-65.924417,-22.203522],[-65.90373,-22.195445],[-65.858655,-22.206993],[-65.825285,-22.187725],[-65.809015,-22.070327]]]},"properties":{"fid":360,"Entidad":0,"Objeto":"Departamento","FNA":"Departamento Santa Catalina","GNA":"Departamento","NAM":"Santa Catalina","SAG":"Direc. Grl. de Inmuebles","FDC":null,"IN1":"38077","SHAPE_STAr":0.256990959311,"SHAPE_STLe":3.31104729846}},
{"type":"Feature","geometry":{"type":"Polygon","coordinates":[[[-66.18142,-26.13431],[-66.205349,-26.132573],[-66.230571,-26.149229],[-66.292958,-26.229306],[-66.301955,-26.2707],[-66.362393,-26.362667],[-66.374767,-26.412635],[-66.449425,-26.372989],[-66.455889,-26.440138],[-66.483014,-26.494934],[-66.459287,-26.516769],[-66.462592,-26.532662],[-66.477596,-26.548392],[-66.511476,-26.525957],[-66.551818,-26.534446],[-66.553621,-26.554928],[-66.572727,-26.559297],[-66.579431,-26.580422],[-66.594801,-26.669278],[-66.584215,-26.683284],[-66.610411,-26.679067],[-66.61714,-26.694786],[-66.60475,-26.709354],[-66.616653,-26.725665],[-66.648478,-26.716292],[-66.659995,-26.727163],[-66.653183,-26.736964],[-66.670245,-26.744477],[-66.660575,-26.771195],[-66.646282,-26.775573],[-66.654699,-26.780738],[-66.60204,-26.831204],[-66.617319,-26.843757],[-66.611568,-26.8682],[-66.576593,-26.896105],[-66.589272,-26.927645],[-66.576846,-26.941976],[-66.579153,-26.977552],[-66.619457,-27.028682],[-66.587557,-27.094848],[-66.451455,-27.130653],[-66.367675,-27.198709],[-66.255142,-27.151501],[-66.194072,-27.217007],[-66.134077,-27.247537],[-66.110309,-27.215794],[-66.077912,-27.209193],[-66.082416,-27.198336],[-66.037349,-27.126217],[-65.98822,-27.103119],[-65.972872,-27.054032],[-65.964306,-27.033103],[-65.917123,-27.014876],[-65.913799,-26.982644],[-65.88983,-26.969776],[-65.874895,-26.932913],[-65.85779,-26.929196],[-65.857168,-26.904241],[-65.900475,-26.86379],[-65.874419,-26.818223],[-65.881452,-26.806165],[-65.865853,-26.7955],[-65.853861,-26.759659],[-65.831827,-26.749933],[-65.83266,-26.737917],[-66.04219,-26.600372],[-66.172311,-26.628952],[-66.164458,-26.502603],[-66.177664,-26.47167],[-66.154844,-26.443666],[-66.155773,-26.397311],[-66.11913,-26.376967],[-66.121152,-26.276078],[-66.098138,-26.251576],[-66.099757,-26.220486],[-66.155975,-26.144589],[-66.18142,-26.13431]]]},"properties":{"fid":72,"Entidad":0,"Objeto":"Departamento","FNA":"Departamento Santa María","GNA":"Departamento","NAM":"Santa María","SAG":"IDE Catamarca","FDC":null,"IN1":"10091","SHAPE_STAr":0.499749577296,"SHAPE_STLe":3.93003585222}},
{"type":"Feature","geometry":{"type":"Polygon","coordinates":[[[-65.85396,-25.071023],[-65.892339,-25.020012],[-65.887355,-24.939189],[-65.936076,-24.940246],[-65.955397,-24.918488],[-66.004563,-24.765538],[-66.025524,-24.753129],[-66.115883,-24.741516],[-66.119544,-24.754572],[-66.09717,-24.793776],[-66.107618,-24.863221],[-66.094145,-24.897646],[-66.128687,-24.929725],[-66.18911,-24.937279],[-66.260708,-24.857007],[-66.329834,-24.862694],[-66.350925,-24.848991],[-66.386789,-24.846091],[-66.403995,-24.823563],[-66.411758,-24.812579],[-66.524969,-24.844659],[-66.55599,-24.871009],[-66.596348,-24.936806],[-66.593334,-24.99694],[-66.614982,-25.019353],[-66.623626,-25.050215],[-66.609007,-25.063203],[-66.625702,-25.105998],[-66.578419,-25.101358],[-66.508422,-25.12786],[-66.460466,-25.11882],[-66.421801,-25.134687],[-66.399904,-25.127751],[-66.406626,-25.156343],[-66.37963,-25.18638],[-66.350818,-25.185047],[-66.356499,-25.148523],[-66.32821,-25.146482],[-66.308742,-25.175662],[-66.28085,-25.1811],[-66.244002,-25.211123],[-66.246998,-25.229724],[-66.23045,-25.254793],[-66.019826,-25.291707],[-66.001562,-25.311373],[-65.95392,-25.28317],[-65.945989,-25.243696],[-65.867139,-25.241979],[-65.857427,-25.183597],[-65.889218,-25.159348],[-65.862357,-25.145427],[-65.856674,-25.130412],[-65.834084,-25.126497],[-65.85396,-25.071023]]]},"properties":{"fid":43,"Entidad":0,"Objeto":"Departamento","FNA":"Departamento Cachi","GNA":"Departamento","NAM":"Cachi","SAG":"IDE Salta","FDC":null,"IN1":"66014","SHAPE_STAr":0.254670721239,"SHAPE_STLe":2.79733604236}},
{"type":"Feature","geometry":{"type":"Polygon","coordinates":[[[-65.752815,-24.058039],[-65.786631,-24.055384],[-65.804518,-24.033019],[-65.86737,-24.00333],[-65.947545,-24.007161],[-65.94163,-23.979492],[-66.007818,-24.002153],[-66.035747,-23.995562],[-66.023073,-24.042129],[-66.033022,-24.077541],[-66.105937,-24.147705],[-66.099827,-24.230654],[-66.112548,-24.253309],[-66.141579,-24.271227],[-66.155532,-24.309144],[-66.149917,-24.354005],[-66.193557,-24.433225],[-66.150867,-24.430809],[-66.127987,-24.495599],[-66.137313,-24.527457],[-66.121632,-24.597347],[-66.128239,-24.675222],[-66.115883,-24.741516],[-66.025524,-24.753129],[-66.004563,-24.765538],[-65.955397,-24.918488],[-65.936076,-24.940246],[-65.887355,-24.939189],[-65.892339,-25.020012],[-65.85396,-25.071023],[-65.821971,-25.079929],[-65.778085,-25.07103],[-65.740062,-25.102053],[-65.713287,-25.091255],[-65.691685,-25.054752],[-65.667062,-25.054702],[-65.613454,-25.020338],[-65.531706,-25.026899],[-65.514914,-24.988229],[-65.540861,-24.965982],[-65.520432,-24.934987],[-65.546709,-24.902518],[-65.54187,-24.879181],[-65.514299,-24.876309],[-65.520602,-24.845473],[-65.536078,-24.844495],[-65.5451,-24.814912],[-65.560805,-24.821344],[-65.599435,-24.806455],[-65.581356,-24.644548],[-65.582332,-24.573743],[-65.627137,-24.558347],[-65.633998,-24.534701],[-65.660772,-24.528912],[-65.657905,-24.372114],[-65.655908,-24.355101],[-65.682687,-24.307724],[-65.672471,-24.248699],[-65.725017,-24.186],[-65.715429,-24.166942],[-65.73077,-24.144211],[-65.720861,-24.109339],[-65.752815,-24.058039]]]},"properties":{"fid":356,"Entidad":0,"Objeto":"Departamento","FNA":"Departamento Rosario de Lerma","GNA":"Departamento","NAM":"Rosario de Lerma","SAG":"IDE Salta","FDC":null,"IN1":"66147","SHAPE_STAr":0.457696025669,"SHAPE_STLe":3.48785679364}},
{"type":"Feature","geometry":{"type":"Polygon","coordinates":[[[-65.726216,-25.87282],[-65.749533,-25.866855],[-65.797369,-25.882005],[-65.806841,-25.913304],[-65.794267,-25.936297],[-65.841014,-25.978692],[-65.865859,-25.98225],[-65.86912,-26.001544],[-65.855016,-26.025894],[-66.047483,-26.016299],[-66.123158,-26.033344],[-66.139525,-26.049786],[-66.159838,-26.043647],[-66.16631,-26.115463],[-66.18142,-26.13431],[-66.155975,-26.144589],[-66.099757,-26.220486],[-66.040109,-26.250901],[-65.719018,-26.352705],[-65.711451,-26.328698],[-65.72303,-26.312712],[-65.707182,-26.297444],[-65.722753,-26.2798],[-65.702825,-26.24164],[-65.711897,-26.208357],[-65.695193,-26.185867],[-65.688515,-26.117262],[-65.661828,-26.057727],[-65.636556,-26.038451],[-65.617324,-26.002101],[-65.619804,-25.971039],[-65.75486,-25.955604],[-65.723063,-25.935045],[-65.715112,-25.905218],[-65.726216,-25.87282]]]},"properties":{"fid":293,"Entidad":0,"Objeto":"Departamento","FNA":"Departamento Cafayate","GNA":"Departamento","NAM":"Cafayate","SAG":"IDE Salta","FDC":null,"IN1":"66021","SHAPE_STAr":0.139969132775,"SHAPE_STLe":1.97724334941}},
{"type":"Feature","geometry":{"type":"Polygon","coordinates":[[[-65.806421,-27.816344],[-65.820693,-27.820355],[-65.832314,-27.851193],[-65.828843,-27.814168],[-65.865487,-27.689008],[-65.875421,-27.672471],[-65.915396,-27.66914],[-65.939777,-27.616677],[-65.942517,-27.628299],[-65.973643,-27.637439],[-65.969825,-27.681939],[-65.98253,-27.705438],[-65.971371,-27.718898],[-65.987881,-27.723619],[-65.983666,-27.753673],[-66.032592,-27.776873],[-66.043495,-27.755296],[-66.083401,-27.780436],[-66.085996,-27.823454],[-66.069332,-27.835303],[-66.049054,-27.902748],[-66.095775,-27.974138],[-66.078809,-27.979724],[-66.086728,-28.012559],[-66.041565,-28.100116],[-66.045239,-28.12452],[-66.028912,-28.134048],[-66.039423,-28.173177],[-66.022074,-28.197917],[-66.055138,-28.309445],[-66.042626,-28.351465],[-65.984235,-28.349618],[-65.950951,-28.335538],[-65.893195,-28.328917],[-65.886924,-28.318142],[-65.875852,-28.332573],[-65.814338,-28.262277],[-65.797181,-28.244495],[-65.753049,-28.247192],[-65.729205,-28.231177],[-65.748837,-28.178835],[-65.755598,-28.10037],[-65.790832,-28.047411],[-65.79059,-28.031645],[-65.765705,-28.021256],[-65.765442,-28.007954],[-65.783901,-27.923401],[-65.806967,-27.881021],[-65.806421,-27.816344]]]},"properties":{"fid":309,"Entidad":0,"Objeto":"Departamento","FNA":"Departamento Ambato","GNA":"Departamento","NAM":"Ambato","SAG":"IDE Catamarca","FDC":null,"IN1":"10007","SHAPE_STAr":0.166971604502,"SHAPE_STLe":2.49288070753}},
{"type":"Feature","geometry":{"type":"Polygon","coordinates":[[[-65.186567,-22.08535],[-65.487427,-22.094987],[-65.573866,-22.076102],[-65.586418,-22.097863],[-65.675075,-22.111367],[-65.714915,-22.097352],[-65.747871,-22.109279],[-65.809015,-22.070327],[-65.825285,-22.187725],[-65.858655,-22.206993],[-65.90373,-22.195445],[-65.924417,-22.203522],[-65.948793,-22.184065],[-65.959124,-22.193969],[-65.947101,-22.245944],[-65.970122,-22.296096],[-65.986105,-22.403345],[-65.828482,-22.438667],[-65.547307,-22.479518],[-65.50771,-22.525873],[-65.446365,-22.554961],[-65.348637,-22.551182],[-65.345414,-22.528412],[-65.305689,-22.466615],[-65.294695,-22.41949],[-65.281721,-22.413425],[-65.284601,-22.390321],[-65.262733,-22.338258],[-65.22678,-22.320674],[-65.240295,-22.279248],[-65.22048,-22.169585],[-65.213788,-22.150007],[-65.194059,-22.144733],[-65.186567,-22.08535]]]},"properties":{"fid":359,"Entidad":0,"Objeto":"Departamento","FNA":"Departamento Yavi","GNA":"Departamento","NAM":"Yavi","SAG":"Direc. Grl. de Inmuebles","FDC":null,"IN1":"38112","SHAPE_STAr":0.263430917625,"SHAPE_STLe":2.53799872078}},
{"type":"Feature","geometry":{"type":"Polygon","coordinates":[[[-65.531706,-25.026899],[-65.613454,-25.020338],[-65.667062,-25.054702],[-65.691685,-25.054752],[-65.713287,-25.091255],[-65.740062,-25.102053],[-65.778085,-25.07103],[-65.821971,-25.079929],[-65.85396,-25.071023],[-65.834084,-25.126497],[-65.856674,-25.130412],[-65.862357,-25.145427],[-65.889218,-25.159348],[-65.857427,-25.183597],[-65.838048,-25.197375],[-65.822735,-25.261481],[-65.828115,-25.286106],[-65.817218,-25.301173],[-65.791915,-25.305312],[-65.748228,-25.317821],[-65.721434,-25.252043],[-65.67147,-25.26918],[-65.646898,-25.242976],[-65.607585,-25.234423],[-65.603863,-25.203457],[-65.574673,-25.169417],[-65.569788,-25.201695],[-65.549521,-25.210747],[-65.428055,-25.188514],[-65.421553,-25.158355],[-65.3696,-25.216692],[-65.271177,-25.221772],[-65.278812,-25.191576],[-65.258053,-25.161568],[-65.28728,-25.154857],[-65.356951,-25.098303],[-65.369368,-25.074472],[-65.387097,-25.078732],[-65.393714,-25.099199],[-65.467855,-25.061205],[-65.483226,-25.04231],[-65.531706,-25.026899]]]},"properties":{"fid":44,"Entidad":0,"Objeto":"Departamento","FNA":"Departamento Chicoana","GNA":"Departamento","NAM":"Chicoana","SAG":"IDE Salta","FDC":null,"IN1":"66042","SHAPE_STAr":0.0943290857615,"SHAPE_STLe":1.94788180688}},
{"type":"Feature","geometry":{"type":"Polygon","coordinates":[[[-65.271177,-25.221772],[-65.3696,-25.216692],[-65.421553,-25.158355],[-65.428055,-25.188514],[-65.549521,-25.210747],[-65.569788,-25.201695],[-65.574673,-25.169417],[-65.603863,-25.203457],[-65.607585,-25.234423],[-65.646898,-25.242976],[-65.67147,-25.26918],[-65.721434,-25.252043],[-65.748228,-25.317821],[-65.791915,-25.305312],[-65.797407,-25.343487],[-65.778924,-25.390081],[-65.78153,-25.461737],[-65.749898,-25.50141],[-65.750303,-25.554887],[-65.776798,-25.5736],[-65.763259,-25.608383],[-65.769923,-25.648617],[-65.804922,-25.636866],[-65.841317,-25.670112],[-65.852359,-25.698031],[-65.844062,-25.749274],[-65.870891,-25.777011],[-65.795965,-25.782739],[-65.797369,-25.882005],[-65.749533,-25.866855],[-65.726216,-25.87282],[-65.700461,-25.869019],[-65.704275,-25.827474],[-65.687116,-25.792769],[-65.683309,-25.763784],[-65.699671,-25.705967],[-65.649075,-25.631568],[-65.619142,-25.630062],[-65.602004,-25.604509],[-65.577774,-25.594303],[-65.514196,-25.491149],[-65.491744,-25.475563],[-65.475033,-25.398101],[-65.458205,-25.387634],[-65.413203,-25.299918],[-65.395067,-25.284752],[-65.340118,-25.297454],[-65.346735,-25.415414],[-65.335634,-25.42692],[-65.186565,-25.409541],[-65.180853,-25.38869],[-65.159245,-25.375278],[-65.176165,-25.300779],[-65.252632,-25.278385],[-65.298592,-25.298822],[-65.27842,-25.258065],[-65.287689,-25.240245],[-65.271177,-25.221772]]]},"properties":{"fid":45,"Entidad":0,"Objeto":"Departamento","FNA":"Departamento La Viña","GNA":"Departamento","NAM":"La Viña","SAG":"IDE Salta","FDC":null,"IN1":"66098","SHAPE_STAr":0.179898342007,"SHAPE_STLe":3.26996021454}},
{"type":"Feature","geometry":{"type":"Polygon","coordinates":[[[-65.186565,-25.409541],[-65.335634,-25.42692],[-65.346735,-25.415414],[-65.340118,-25.297454],[-65.395067,-25.284752],[-65.413203,-25.299918],[-65.458205,-25.387634],[-65.475033,-25.398101],[-65.491744,-25.475563],[-65.514196,-25.491149],[-65.577774,-25.594303],[-65.602004,-25.604509],[-65.619142,-25.630062],[-65.649075,-25.631568],[-65.699671,-25.705967],[-65.683309,-25.763784],[-65.687116,-25.792769],[-65.704275,-25.827474],[-65.700461,-25.869019],[-65.726216,-25.87282],[-65.715112,-25.905218],[-65.723063,-25.935045],[-65.75486,-25.955604],[-65.619804,-25.971039],[-65.617324,-26.002101],[-65.636556,-26.038451],[-65.661828,-26.057727],[-65.688515,-26.117262],[-65.64006,-26.111039],[-65.613633,-26.123473],[-65.551586,-26.087789],[-65.56301,-26.089346],[-65.563267,-26.07837],[-65.549213,-26.037146],[-65.530531,-26.045246],[-65.530628,-26.020698],[-65.47033,-26.014959],[-65.442243,-25.957733],[-65.38796,-25.946906],[-65.356612,-25.902379],[-65.360318,-25.884443],[-65.2984,-25.85984],[-65.278362,-25.80763],[-65.290289,-25.774757],[-65.258957,-25.776079],[-65.239472,-25.711998],[-65.196634,-25.69033],[-65.170553,-25.652118],[-65.163974,-25.619468],[-65.134066,-25.620948],[-65.164116,-25.587712],[-65.149327,-25.537793],[-65.163381,-25.517718],[-65.15375,-25.498837],[-65.166319,-25.48119],[-65.163652,-25.4433],[-65.179809,-25.434975],[-65.186565,-25.409541]]]},"properties":{"fid":290,"Entidad":0,"Objeto":"Departamento","FNA":"Departamento Guachipas","GNA":"Departamento","NAM":"Guachipas","SAG":"IDE Salta","FDC":null,"IN1":"66063","SHAPE_STAr":0.250892911122,"SHAPE_STLe":2.91897871639}},
{"type":"Feature","geometry":{"type":"Polygon","coordinates":[[[-65.067974,-23.044948],[-65.133765,-23.001884],[-65.188911,-22.998151],[-65.187484,-22.971799],[-65.201701,-22.969241],[-65.199024,-22.958057],[-65.218238,-22.95895],[-65.251689,-22.927957],[-65.249231,-22.890481],[-65.262793,-22.874003],[-65.274232,-22.790107],[-65.301993,-22.765022],[-65.306061,-22.7304],[-65.271662,-22.64823],[-65.344713,-22.606383],[-65.410521,-22.744693],[-65.442999,-22.763081],[-65.507649,-22.765339],[-65.522351,-22.824995],[-65.57749,-22.861199],[-65.606099,-22.918767],[-65.672724,-22.955179],[-65.693358,-22.993596],[-65.703107,-23.065006],[-65.692537,-23.086784],[-65.718807,-23.140658],[-65.72036,-23.200905],[-65.736331,-23.229009],[-65.721125,-23.273565],[-65.743954,-23.314307],[-65.730888,-23.354565],[-65.742715,-23.412583],[-65.689892,-23.375792],[-65.526151,-23.311748],[-65.490124,-23.32753],[-65.436049,-23.332132],[-65.395669,-23.367523],[-65.361162,-23.371548],[-65.338717,-23.39106],[-65.178899,-23.319711],[-65.121766,-23.261769],[-65.084494,-23.197085],[-65.069695,-23.19949],[-65.04502,-23.155738],[-65.071695,-23.137652],[-65.06221,-23.11878],[-65.067974,-23.044948]]]},"properties":{"fid":358,"Entidad":0,"Objeto":"Departamento","FNA":"Departamento Humahuaca","GNA":"Departamento","NAM":"Humahuaca","SAG":"Direc. Grl. de Inmuebles","FDC":null,"IN1":"38028","SHAPE_STAr":0.311180910096,"SHAPE_STLe":2.75359067502}},
{"type":"Feature","geometry":{"type":"Polygon","coordinates":[[[-65.234957,-24.276729],[-65.345795,-24.254992],[-65.379627,-24.277696],[-65.44591,-24.2692],[-65.488099,-24.295716],[-65.575466,-24.294425],[-65.628354,-24.277777],[-65.672471,-24.248699],[-65.682687,-24.307724],[-65.655908,-24.355101],[-65.657905,-24.372114],[-65.621362,-24.381766],[-65.600152,-24.41704],[-65.571266,-24.422249],[-65.54042,-24.451516],[-65.520418,-24.446322],[-65.506331,-24.455422],[-65.504364,-24.438091],[-65.48804,-24.427563],[-65.464285,-24.430577],[-65.434663,-24.462178],[-65.425286,-24.450446],[-65.357374,-24.462497],[-65.350647,-24.429042],[-65.367932,-24.410981],[-65.357192,-24.383036],[-65.269407,-24.362023],[-65.269488,-24.313825],[-65.140632,-24.332207],[-65.178695,-24.278348],[-65.203844,-24.28647],[-65.234957,-24.276729]]]},"properties":{"fid":306,"Entidad":0,"Objeto":"Departamento","FNA":"Departamento San Antonio","GNA":"Departamento","NAM":"San Antonio","SAG":"Direc. Grl. de Inmuebles","FDC":null,"IN1":"38056","SHAPE_STAr":0.0615953855785,"SHAPE_STLe":1.58754001279}},
{"type":"Feature","geometry":{"type":"Polygon","coordinates":[[[-65.357374,-24.462497],[-65.425286,-24.450446],[-65.434663,-24.462178],[-65.464285,-24.430577],[-65.48804,-24.427563],[-65.504364,-24.438091],[-65.506331,-24.455422],[-65.520418,-24.446322],[-65.54042,-24.451516],[-65.571266,-24.422249],[-65.600152,-24.41704],[-65.621362,-24.381766],[-65.657905,-24.372114],[-65.660772,-24.528912],[-65.633998,-24.534701],[-65.627137,-24.558347],[-65.582332,-24.573743],[-65.581356,-24.644548],[-65.450487,-24.712469],[-65.342592,-24.721616],[-65.258547,-24.710422],[-65.220124,-24.71597],[-65.222477,-24.705392],[-65.2747,-24.677425],[-65.276664,-24.628729],[-65.261442,-24.598276],[-65.199733,-24.585365],[-65.210172,-24.543632],[-65.154898,-24.488038],[-65.200583,-24.459862],[-65.229817,-24.469255],[-65.229272,-24.486217],[-65.317312,-24.502338],[-65.353539,-24.490916],[-65.357374,-24.462497]]]},"properties":{"fid":118,"Entidad":0,"Objeto":"Departamento","FNA":"Departamento La Caldera","GNA":"Departamento","NAM":"La Caldera","SAG":"IDE Salta","FDC":null,"IN1":"66077","SHAPE_STAr":0.0973111778778,"SHAPE_STLe":1.78915086489}},
{"type":"Feature","geometry":{"type":"Polygon","coordinates":[[[-65.220124,-24.71597],[-65.258547,-24.710422],[-65.342592,-24.721616],[-65.450487,-24.712469],[-65.581356,-24.644548],[-65.599435,-24.806455],[-65.560805,-24.821344],[-65.5451,-24.814912],[-65.536078,-24.844495],[-65.520602,-24.845473],[-65.514299,-24.876309],[-65.393352,-24.850377],[-65.343688,-24.860909],[-65.350515,-24.907036],[-65.317012,-24.951192],[-65.323554,-25.000424],[-65.303717,-25.032456],[-65.305691,-25.060156],[-65.280377,-25.073321],[-65.26641,-25.106839],[-65.244553,-25.115387],[-65.227657,-25.142766],[-65.228726,-25.155459],[-65.258053,-25.161568],[-65.278812,-25.191576],[-65.271177,-25.221772],[-65.287689,-25.240245],[-65.27842,-25.258065],[-65.298592,-25.298822],[-65.252632,-25.278385],[-65.214248,-25.239397],[-65.192353,-25.185502],[-65.169402,-25.17561],[-65.156152,-25.112276],[-65.081872,-25.100295],[-65.065473,-24.999102],[-65.097083,-24.976942],[-65.096125,-24.914314],[-65.08127,-24.88327],[-65.053285,-24.865612],[-65.03664,-24.81402],[-65.016767,-24.809992],[-65.081014,-24.747704],[-65.094195,-24.715499],[-65.1492,-24.704913],[-65.220124,-24.71597]]]},"properties":{"fid":286,"Entidad":0,"Objeto":"Departamento","FNA":"Departamento Capital","GNA":"Departamento","NAM":"Capital","SAG":"Direc. Grl. de Inmuebles","FDC":null,"IN1":"66028","SHAPE_STAr":0.153327958774,"SHAPE_STLe":2.48019194973}},
{"type":"Feature","geometry":{"type":"Polygon","coordinates":[[[-65.170798,-27.946465],[-65.364667,-27.845792],[-65.436222,-27.886613],[-65.507311,-27.929077],[-65.52129,-27.963044],[-65.545085,-27.97744],[-65.56088,-28.006262],[-65.561342,-28.047271],[-65.575802,-28.07691],[-65.561857,-28.120273],[-65.572185,-28.11973],[-65.585448,-28.145567],[-65.572866,-28.23153],[-65.507483,-28.229853],[-65.506737,-28.23947],[-65.4701,-28.186727],[-65.450671,-28.180596],[-65.42555,-28.190007],[-65.391059,-28.168387],[-65.40136,-28.206093],[-65.362674,-28.215755],[-65.335708,-28.198483],[-65.329726,-28.220962],[-65.308834,-28.205899],[-65.247363,-28.286153],[-65.195163,-28.281357],[-65.202798,-28.296852],[-65.177812,-28.30874],[-65.176857,-28.332474],[-65.145333,-28.332499],[-65.141639,-28.320059],[-65.104736,-28.322242],[-65.109036,-28.240917],[-65.111948,-28.185711],[-65.170798,-27.946465]]]},"properties":{"fid":74,"Entidad":0,"Objeto":"Departamento","FNA":"Departamento Santa Rosa","GNA":"Departamento","NAM":"Santa Rosa","SAG":"IDE Catamarca","FDC":null,"IN1":"10098","SHAPE_STAr":0.146279787734,"SHAPE_STLe":1.97400328686}},
{"type":"Feature","geometry":{"type":"Polygon","coordinates":[[[-64.941615,-26.302252],[-64.917338,-26.199506],[-64.891691,-26.179654],[-64.872917,-26.125312],[-64.875291,-26.104831],[-64.894394,-26.090939],[-64.884321,-26.044811],[-64.918379,-26.030841],[-64.962364,-26.034023],[-65.108008,-26.007916],[-65.113003,-26.039257],[-65.103239,-26.053936],[-65.194625,-26.025163],[-65.246782,-25.97209],[-65.254313,-25.889382],[-65.274796,-25.885184],[-65.2984,-25.85984],[-65.360318,-25.884443],[-65.356612,-25.902379],[-65.38796,-25.946906],[-65.442243,-25.957733],[-65.47033,-26.014959],[-65.530628,-26.020698],[-65.530531,-26.045246],[-65.549213,-26.037146],[-65.563267,-26.07837],[-65.56301,-26.089346],[-65.551586,-26.087789],[-65.465396,-26.091277],[-65.431453,-26.109954],[-65.362993,-26.058652],[-65.332252,-26.065819],[-65.315417,-26.082564],[-65.297906,-26.081736],[-65.275768,-26.171381],[-65.040725,-26.229933],[-65.037822,-26.29028],[-64.972518,-26.274381],[-64.96093,-26.303977],[-64.941615,-26.302252]]]},"properties":{"fid":288,"Entidad":0,"Objeto":"Departamento","FNA":"Departamento La Candelaria","GNA":"Departamento","NAM":"La Candelaria","SAG":"IDE Salta","FDC":null,"IN1":"66084","SHAPE_STAr":0.121560387104,"SHAPE_STLe":2.33053975658}},
{"type":"Feature","geometry":{"type":"Polygon","coordinates":[[[-65.258053,-25.161568],[-65.228726,-25.155459],[-65.227657,-25.142766],[-65.244553,-25.115387],[-65.26641,-25.106839],[-65.280377,-25.073321],[-65.305691,-25.060156],[-65.303717,-25.032456],[-65.323554,-25.000424],[-65.317012,-24.951192],[-65.350515,-24.907036],[-65.343688,-24.860909],[-65.393352,-24.850377],[-65.514299,-24.876309],[-65.54187,-24.879181],[-65.546709,-24.902518],[-65.520432,-24.934987],[-65.540861,-24.965982],[-65.514914,-24.988229],[-65.531706,-25.026899],[-65.483226,-25.04231],[-65.467855,-25.061205],[-65.393714,-25.099199],[-65.387097,-25.078732],[-65.369368,-25.074472],[-65.356951,-25.098303],[-65.28728,-25.154857],[-65.258053,-25.161568]]]},"properties":{"fid":96,"Entidad":0,"Objeto":"Departamento","FNA":"Departamento Cerrillos","GNA":"Departamento","NAM":"Cerrillos","SAG":"IDE Salta","FDC":null,"IN1":"66035","SHAPE_STAr":0.048323913851,"SHAPE_STLe":1.22193101161}},
{"type":"Feature","geometry":{"type":"Polygon","coordinates":[[[-65.140632,-24.332207],[-65.269488,-24.313825],[-65.269407,-24.362023],[-65.357192,-24.383036],[-65.367932,-24.410981],[-65.350647,-24.429042],[-65.357374,-24.462497],[-65.353539,-24.490916],[-65.317312,-24.502338],[-65.229272,-24.486217],[-65.229817,-24.469255],[-65.200583,-24.459862],[-65.154898,-24.488038],[-65.10516,-24.523038],[-65.079672,-24.562185],[-64.927407,-24.599773],[-64.896941,-24.591986],[-64.883711,-24.57188],[-64.893467,-24.560887],[-64.885479,-24.520845],[-64.85502,-24.472434],[-64.954036,-24.449699],[-64.899818,-24.383277],[-64.996986,-24.360138],[-65.02065,-24.36499],[-65.140632,-24.332207]]]},"properties":{"fid":71,"Entidad":0,"Objeto":"Departamento","FNA":"Departamento El Carmen","GNA":"Departamento","NAM":"El Carmen","SAG":"Direc. Grl. de Inmuebles","FDC":null,"IN1":"38014","SHAPE_STAr":0.0809249859498,"SHAPE_STLe":1.7540490469}},
{"type":"Feature","geometry":{"type":"Polygon","coordinates":[[[-66.584886,-22.999308],[-66.991219,-22.999306],[-67.213047,-23.694917],[-66.992836,-23.889907],[-66.941121,-23.984036],[-66.915152,-23.970241],[-66.880641,-23.974391],[-66.837372,-24.070739],[-66.797372,-24.09637],[-66.745738,-24.089232],[-66.726464,-24.122306],[-66.678637,-24.142056],[-66.646276,-24.172513],[-66.558712,-24.187266],[-66.543626,-24.207638],[-66.5058,-24.197396],[-66.483355,-24.212998],[-66.469006,-24.198449],[-66.478762,-24.183459],[-66.422488,-24.163947],[-66.414255,-24.128676],[-66.381775,-24.127784],[-66.362287,-24.087357],[-66.370175,-24.050094],[-66.339449,-23.984347],[-66.362882,-23.983465],[-66.368141,-23.971905],[-66.359835,-23.912194],[-66.354352,-23.883949],[-66.376481,-23.855098],[-66.380823,-23.827912],[-66.353303,-23.825257],[-66.376856,-23.750218],[-66.36758,-23.694625],[-66.330341,-23.656613],[-66.335495,-23.628513],[-66.317492,-23.607537],[-66.311127,-23.561375],[-66.283644,-23.5747],[-66.264192,-23.56548],[-66.249075,-23.508818],[-66.182925,-23.438445],[-66.184431,-23.416869],[-66.198332,-23.391699],[-66.105877,-23.223333],[-66.115284,-23.155745],[-66.281764,-22.999309],[-66.584886,-22.999308]]]},"properties":{"fid":365,"Entidad":0,"Objeto":"Departamento","FNA":"Departamento Susques","GNA":"Departamento","NAM":"Susques","SAG":"Direc. Grl. de Inmuebles","FDC":null,"IN1":"38084","SHAPE_STAr":0.90194473361,"SHAPE_STLe":4.16374741192}},
{"type":"Feature","geometry":{"type":"Polygon","coordinates":[[[-66.359835,-23.912194],[-66.368141,-23.971905],[-66.362882,-23.983465],[-66.339449,-23.984347],[-66.370175,-24.050094],[-66.362287,-24.087357],[-66.381775,-24.127784],[-66.414255,-24.128676],[-66.422488,-24.163947],[-66.478762,-24.183459],[-66.469006,-24.198449],[-66.483355,-24.212998],[-66.5058,-24.197396],[-66.543626,-24.207638],[-66.558712,-24.187266],[-66.646276,-24.172513],[-66.678637,-24.142056],[-66.726464,-24.122306],[-66.745738,-24.089232],[-66.797372,-24.09637],[-66.837372,-24.070739],[-66.880641,-23.974391],[-66.915152,-23.970241],[-66.941121,-23.984036],[-66.992836,-23.889907],[-67.213047,-23.694917],[-67.322617,-24.034158],[-68.259893,-24.402328],[-68.268435,-24.434891],[-68.297217,-24.455523],[-68.308513,-24.491796],[-68.387867,-24.484156],[-68.432269,-24.578132],[-68.434874,-24.606752],[-68.451459,-24.603086],[-68.467917,-24.623664],[-68.495706,-24.600081],[-68.503327,-24.618162],[-68.48772,-24.640089],[-68.492631,-24.665384],[-68.51577,-24.703735],[-68.544274,-24.72435],[-68.568755,-24.794125],[-68.538021,-24.817341],[-68.533274,-24.858169],[-68.519602,-24.873914],[-68.492946,-24.876056],[-68.484213,-24.897284],[-68.432594,-24.905871],[-68.439856,-24.91921],[-68.429385,-24.956464],[-68.408664,-24.972738],[-68.416797,-24.994089],[-68.407016,-25.030332],[-68.3782,-25.032446],[-68.367068,-25.082431],[-68.344244,-25.11077],[-68.410221,-25.145263],[-68.437704,-25.122791],[-68.445299,-25.133992],[-68.459747,-25.125661],[-68.471432,-25.150191],[-68.507172,-25.168313],[-67.864601,-25.2384],[-66.879266,-25.241731],[-66.561056,-25.300128],[-66.537045,-25.265645],[-66.551592,-25.227504],[-66.537308,-25.203123],[-66.557438,-25.170956],[-66.620646,-25.142169],[-66.625702,-25.105998],[-66.609007,-25.063203],[-66.623626,-25.050215],[-66.614982,-25.019353],[-66.593334,-24.99694],[-66.596348,-24.936806],[-66.55599,-24.871009],[-66.524969,-24.844659],[-66.411758,-24.812579],[-66.403995,-24.823563],[-66.426189,-24.731549],[-66.408601,-24.69963],[-66.415031,-24.667389],[-66.389262,-24.622122],[-66.367719,-24.607145],[-66.360639,-24.53866],[-66.401979,-24.474411],[-66.411315,-24.417259],[-66.487825,-24.377092],[-66.48742,-24.340543],[-66.50996,-24.295203],[-66.506632,-24.255032],[-66.502095,-24.242702],[-66.236525,-24.437775],[-66.154788,-24.016113],[-66.359835,-23.912194]]]},"properties":{"fid":368,"Entidad":0,"Objeto":"Departamento","FNA":"Departamento Los Andes","GNA":"Departamento","NAM":"Los Andes","SAG":"IDE Salta","FDC":null,"IN1":"66105","SHAPE_STAr":2.23933988603,"SHAPE_STLe":8.64179407879}},
{"type":"Feature","geometry":{"type":"Polygon","coordinates":[[[-65.178899,-23.319711],[-65.338717,-23.39106],[-65.361162,-23.371548],[-65.395669,-23.367523],[-65.436049,-23.332132],[-65.490124,-23.32753],[-65.526151,-23.311748],[-65.689892,-23.375792],[-65.63494,-23.383065],[-65.57959,-23.434295],[-65.559881,-23.520134],[-65.505043,-23.592684],[-65.511532,-23.647565],[-65.492087,-23.664058],[-65.488136,-23.684273],[-65.415337,-23.706772],[-65.405599,-23.72104],[-65.393262,-23.722724],[-65.380806,-23.705167],[-65.351938,-23.711975],[-65.375205,-23.784315],[-65.295915,-23.819497],[-65.271326,-23.828184],[-65.23274,-23.790473],[-65.20713,-23.786302],[-65.096747,-23.856643],[-65.10243,-23.786229],[-65.087896,-23.73797],[-65.037786,-23.702365],[-65.01789,-23.699953],[-65.070551,-23.636082],[-65.084799,-23.601817],[-65.106408,-23.598275],[-65.1266,-23.57723],[-65.131344,-23.530703],[-65.162373,-23.487141],[-65.160167,-23.449039],[-65.137437,-23.417315],[-65.14281,-23.389977],[-65.16654,-23.371413],[-65.178899,-23.319711]]]},"properties":{"fid":370,"Entidad":0,"Objeto":"Departamento","FNA":"Departamento Tilcara","GNA":"Departamento","NAM":"Tilcara","SAG":"Direc. Grl. de Inmuebles","FDC":null,"IN1":"38094","SHAPE_STAr":0.187512613952,"SHAPE_STLe":2.34749105376}},
{"type":"Feature","geometry":{"type":"Polygon","coordinates":[[[-65.02065,-24.36499],[-65.034814,-24.318778],[-65.063637,-24.292581],[-65.05393,-24.252603],[-65.075239,-24.199273],[-65.07429,-24.170844],[-65.048972,-24.180411],[-65.053876,-24.014425],[-65.073724,-24.015549],[-65.079168,-24.025864],[-65.094063,-24.018578],[-65.109873,-24.032541],[-65.131154,-24.086569],[-65.158354,-24.095359],[-65.200771,-24.082409],[-65.209135,-24.108155],[-65.240761,-24.129379],[-65.213408,-24.138855],[-65.218384,-24.208137],[-65.204266,-24.230209],[-65.234877,-24.217066],[-65.257119,-24.229782],[-65.228055,-24.254578],[-65.234957,-24.276729],[-65.203844,-24.28647],[-65.178695,-24.278348],[-65.140632,-24.332207],[-65.02065,-24.36499]]]},"properties":{"fid":371,"Entidad":0,"Objeto":"Departamento","FNA":"Departamento Palpalá","GNA":"Departamento","NAM":"Palpalá","SAG":"Direc. Grl. de Inmuebles","FDC":null,"IN1":"38042","SHAPE_STAr":0.0433415967527,"SHAPE_STLe":1.33287355915}},
{"type":"Feature","geometry":{"type":"Polygon","coordinates":[[[-65.348637,-22.551182],[-65.446365,-22.554961],[-65.50771,-22.525873],[-65.547307,-22.479518],[-65.828482,-22.438667],[-65.838585,-22.537606],[-65.868936,-22.5667],[-65.885808,-22.556695],[-65.92132,-22.620704],[-65.999455,-22.589581],[-66.039493,-22.648058],[-66.077892,-22.667846],[-66.136644,-22.682282],[-66.172112,-22.681666],[-66.181522,-22.671671],[-66.204209,-22.703686],[-66.223233,-22.710308],[-66.25836,-22.690794],[-66.312329,-22.694952],[-66.356664,-22.767515],[-66.431645,-22.72857],[-66.443871,-22.74118],[-66.436263,-22.767644],[-66.453809,-22.804357],[-66.490152,-22.80041],[-66.520097,-22.832782],[-66.567862,-22.832506],[-66.59148,-22.852128],[-66.584886,-22.999308],[-66.281764,-22.999309],[-66.115284,-23.155745],[-66.105877,-23.223333],[-66.198332,-23.391699],[-66.184431,-23.416869],[-66.119805,-23.430292],[-66.011199,-23.508777],[-65.987219,-23.509654],[-66.00193,-23.681883],[-65.970785,-23.670843],[-65.959481,-23.678577],[-65.958742,-23.661965],[-65.921016,-23.635913],[-65.873884,-23.555775],[-65.858053,-23.548224],[-65.843559,-23.481606],[-65.867024,-23.45432],[-65.839277,-23.419077],[-65.833369,-23.383472],[-65.820028,-23.372941],[-65.760181,-23.415745],[-65.742715,-23.412583],[-65.730888,-23.354565],[-65.743954,-23.314307],[-65.721125,-23.273565],[-65.736331,-23.229009],[-65.72036,-23.200905],[-65.718807,-23.140658],[-65.692537,-23.086784],[-65.703107,-23.065006],[-65.693358,-22.993596],[-65.672724,-22.955179],[-65.606099,-22.918767],[-65.57749,-22.861199],[-65.522351,-22.824995],[-65.507649,-22.765339],[-65.442999,-22.763081],[-65.410521,-22.744693],[-65.344713,-22.606383],[-65.348637,-22.551182]]]},"properties":{"fid":372,"Entidad":0,"Objeto":"Departamento","FNA":"Departamento Cochinoca","GNA":"Departamento","NAM":"Cochinoca","SAG":"Direc. Grl. de Inmuebles","FDC":null,"IN1":"38007","SHAPE_STAr":0.632801268955,"SHAPE_STLe":4.80012224537}},
{"type":"Feature","geometry":{"type":"Polygon","coordinates":[[[-65.742715,-23.412583],[-65.760181,-23.415745],[-65.820028,-23.372941],[-65.833369,-23.383472],[-65.839277,-23.419077],[-65.867024,-23.45432],[-65.843559,-23.481606],[-65.858053,-23.548224],[-65.873884,-23.555775],[-65.921016,-23.635913],[-65.958742,-23.661965],[-65.959481,-23.678577],[-65.970785,-23.670843],[-66.00193,-23.681883],[-66.021926,-23.861713],[-66.016548,-23.918078],[-65.999172,-23.936467],[-65.990907,-23.981739],[-65.956284,-23.966103],[-65.938481,-23.970168],[-65.94163,-23.979492],[-65.947545,-24.007161],[-65.86737,-24.00333],[-65.804518,-24.033019],[-65.786631,-24.055384],[-65.752815,-24.058039],[-65.705044,-23.983854],[-65.688173,-23.863836],[-65.675152,-23.84203],[-65.647585,-23.829945],[-65.594587,-23.886364],[-65.600402,-23.989266],[-65.546737,-24.021323],[-65.507634,-24.012833],[-65.433091,-24.026794],[-65.443455,-23.990448],[-65.419725,-23.978264],[-65.419307,-23.943213],[-65.382579,-23.938044],[-65.36145,-23.919082],[-65.345084,-23.927245],[-65.339242,-23.868573],[-65.353235,-23.856679],[-65.317712,-23.84586],[-65.305531,-23.864253],[-65.289482,-23.862408],[-65.295915,-23.819497],[-65.375205,-23.784315],[-65.351938,-23.711975],[-65.380806,-23.705167],[-65.393262,-23.722724],[-65.405599,-23.72104],[-65.415337,-23.706772],[-65.488136,-23.684273],[-65.492087,-23.664058],[-65.511532,-23.647565],[-65.505043,-23.592684],[-65.559881,-23.520134],[-65.57959,-23.434295],[-65.63494,-23.383065],[-65.689892,-23.375792],[-65.742715,-23.412583]]]},"properties":{"fid":373,"Entidad":0,"Objeto":"Departamento","FNA":"Departamento Tumbaya","GNA":"Departamento","NAM":"Tumbaya","SAG":"Direc. Grl. de Inmuebles","FDC":null,"IN1":"38098","SHAPE_STAr":0.29178810215,"SHAPE_STLe":3.15493397773}},
{"type":"Feature","geometry":{"type":"Polygon","coordinates":[[[-65.289482,-23.862408],[-65.305531,-23.864253],[-65.317712,-23.84586],[-65.353235,-23.856679],[-65.339242,-23.868573],[-65.345084,-23.927245],[-65.36145,-23.919082],[-65.382579,-23.938044],[-65.419307,-23.943213],[-65.419725,-23.978264],[-65.443455,-23.990448],[-65.433091,-24.026794],[-65.507634,-24.012833],[-65.546737,-24.021323],[-65.600402,-23.989266],[-65.594587,-23.886364],[-65.647585,-23.829945],[-65.675152,-23.84203],[-65.688173,-23.863836],[-65.705044,-23.983854],[-65.752815,-24.058039],[-65.720861,-24.109339],[-65.73077,-24.144211],[-65.715429,-24.166942],[-65.725017,-24.186],[-65.672471,-24.248699],[-65.628354,-24.277777],[-65.575466,-24.294425],[-65.488099,-24.295716],[-65.44591,-24.2692],[-65.379627,-24.277696],[-65.345795,-24.254992],[-65.234957,-24.276729],[-65.228055,-24.254578],[-65.257119,-24.229782],[-65.234877,-24.217066],[-65.204266,-24.230209],[-65.218384,-24.208137],[-65.213408,-24.138855],[-65.240761,-24.129379],[-65.209135,-24.108155],[-65.200771,-24.082409],[-65.158354,-24.095359],[-65.131154,-24.086569],[-65.109873,-24.032541],[-65.136601,-23.974286],[-65.179785,-23.97741],[-65.20704,-23.998961],[-65.223007,-23.998252],[-65.219119,-23.972495],[-65.18209,-23.951091],[-65.181792,-23.925106],[-65.289482,-23.862408]]]},"properties":{"fid":374,"Entidad":0,"Objeto":"Departamento","FNA":"Departamento Dr. Manuel Belgrano","GNA":"Departamento","NAM":"Dr. Manuel Belgrano","SAG":"Direc. Grl. de Inmuebles","FDC":null,"IN1":"38021","SHAPE_STAr":0.184092560984,"SHAPE_STLe":2.74855991412}},
{"type":"Feature","geometry":{"type":"Polygon","coordinates":[[[-65.986105,-22.403345],[-66.022874,-22.280149],[-66.059483,-22.258443],[-66.319327,-22.325579],[-66.349806,-22.282337],[-66.409076,-22.270935],[-66.414029,-22.246449],[-66.464004,-22.311949],[-66.492618,-22.376444],[-66.57052,-22.420228],[-66.68159,-22.377814],[-66.734316,-22.380372],[-66.766398,-22.357745],[-66.784306,-22.401769],[-66.782472,-22.438075],[-66.928556,-22.492228],[-66.972944,-22.540658],[-67.02725,-22.540883],[-67.014083,-22.654814],[-67.12775,-22.722114],[-67.1805,-22.814128],[-66.991219,-22.999306],[-66.584886,-22.999308],[-66.59148,-22.852128],[-66.567862,-22.832506],[-66.520097,-22.832782],[-66.490152,-22.80041],[-66.453809,-22.804357],[-66.436263,-22.767644],[-66.443871,-22.74118],[-66.431645,-22.72857],[-66.356664,-22.767515],[-66.312329,-22.694952],[-66.25836,-22.690794],[-66.223233,-22.710308],[-66.204209,-22.703686],[-66.181522,-22.671671],[-66.172112,-22.681666],[-66.136644,-22.682282],[-66.077892,-22.667846],[-66.039493,-22.648058],[-65.999455,-22.589581],[-65.92132,-22.620704],[-65.885808,-22.556695],[-65.868936,-22.5667],[-65.838585,-22.537606],[-65.828482,-22.438667],[-65.986105,-22.403345]]]},"properties":{"fid":376,"Entidad":0,"Objeto":"Departamento","FNA":"Departamento Rinconada","GNA":"Departamento","NAM":"Rinconada","SAG":"Direc. Grl. de Inmuebles","FDC":null,"IN1":"38049","SHAPE_STAr":0.541760271712,"SHAPE_STLe":3.99244692943}},
{"type":"Feature","geometry":{"type":"Polygon","coordinates":[[[-66.00193,-23.681883],[-65.987219,-23.509654],[-66.011199,-23.508777],[-66.119805,-23.430292],[-66.184431,-23.416869],[-66.182925,-23.438445],[-66.249075,-23.508818],[-66.264192,-23.56548],[-66.283644,-23.5747],[-66.311127,-23.561375],[-66.317492,-23.607537],[-66.335495,-23.628513],[-66.330341,-23.656613],[-66.36758,-23.694625],[-66.376856,-23.750218],[-66.353303,-23.825257],[-66.380823,-23.827912],[-66.376481,-23.855098],[-66.354352,-23.883949],[-66.359835,-23.912194],[-66.154788,-24.016113],[-66.236525,-24.437775],[-66.502095,-24.242702],[-66.506632,-24.255032],[-66.50996,-24.295203],[-66.48742,-24.340543],[-66.487825,-24.377092],[-66.411315,-24.417259],[-66.401979,-24.474411],[-66.360639,-24.53866],[-66.367719,-24.607145],[-66.389262,-24.622122],[-66.415031,-24.667389],[-66.408601,-24.69963],[-66.426189,-24.731549],[-66.403995,-24.823563],[-66.386789,-24.846091],[-66.350925,-24.848991],[-66.329834,-24.862694],[-66.260708,-24.857007],[-66.18911,-24.937279],[-66.128687,-24.929725],[-66.094145,-24.897646],[-66.107618,-24.863221],[-66.09717,-24.793776],[-66.119544,-24.754572],[-66.115883,-24.741516],[-66.128239,-24.675222],[-66.121632,-24.597347],[-66.137313,-24.527457],[-66.127987,-24.495599],[-66.150867,-24.430809],[-66.193557,-24.433225],[-66.149917,-24.354005],[-66.155532,-24.309144],[-66.141579,-24.271227],[-66.112548,-24.253309],[-66.099827,-24.230654],[-66.105937,-24.147705],[-66.033022,-24.077541],[-66.023073,-24.042129],[-66.035747,-23.995562],[-66.007818,-24.002153],[-65.94163,-23.979492],[-65.938481,-23.970168],[-65.956284,-23.966103],[-65.990907,-23.981739],[-65.999172,-23.936467],[-66.016548,-23.918078],[-66.021926,-23.861713],[-66.00193,-23.681883]]]},"properties":{"fid":378,"Entidad":0,"Objeto":"Departamento","FNA":"Departamento La Poma","GNA":"Departamento","NAM":"La Poma","SAG":"IDE Salta","FDC":null,"IN1":"66091","SHAPE_STAr":0.355685305156,"SHAPE_STLe":4.77352026182}},
{"type":"Feature","geometry":{"type":"Polygon","coordinates":[[[-65.535172,-27.621489],[-65.549641,-27.608981],[-65.585724,-27.6233],[-65.596477,-27.614828],[-65.618744,-27.632158],[-65.672107,-27.636182],[-65.710238,-27.60972],[-65.732364,-27.611408],[-65.752689,-27.65699],[-65.741542,-27.679254],[-65.770008,-27.741272],[-65.753235,-27.76997],[-65.721351,-27.797512],[-65.719804,-27.816072],[-65.703914,-27.808094],[-65.698865,-27.889597],[-65.674713,-27.928501],[-65.666266,-27.973235],[-65.618142,-27.97145],[-65.605066,-27.996353],[-65.576553,-28.013679],[-65.56088,-28.006262],[-65.545085,-27.97744],[-65.52129,-27.963044],[-65.507311,-27.929077],[-65.436222,-27.886613],[-65.414937,-27.796494],[-65.47282,-27.788324],[-65.464014,-27.760696],[-65.483231,-27.756305],[-65.480255,-27.742563],[-65.503933,-27.738183],[-65.494144,-27.694303],[-65.505275,-27.692214],[-65.499428,-27.667152],[-65.520292,-27.663544],[-65.512626,-27.627395],[-65.522189,-27.621593],[-65.511271,-27.614121],[-65.535172,-27.621489]]]},"properties":{"fid":382,"Entidad":0,"Objeto":"Departamento","FNA":"Departamento La Cocha","GNA":"Departamento","NAM":"La Cocha","SAG":"IDE Tucuman","FDC":null,"IN1":"90049","SHAPE_STAr":0.087526780581,"SHAPE_STLe":1.54810959878}},
{"type":"Feature","geometry":{"type":"Polygon","coordinates":[[[-65.01196,-27.56603],[-65.024248,-27.559542],[-65.030716,-27.582221],[-65.057324,-27.574468],[-65.071057,-27.586969],[-65.115061,-27.568189],[-65.152378,-27.587832],[-65.168706,-27.565586],[-65.259813,-27.564024],[-65.281932,-27.546074],[-65.341667,-27.537119],[-65.348071,-27.524316],[-65.407263,-27.540375],[-65.516831,-27.543184],[-65.535172,-27.621489],[-65.511271,-27.614121],[-65.522189,-27.621593],[-65.512626,-27.627395],[-65.520292,-27.663544],[-65.499428,-27.667152],[-65.505275,-27.692214],[-65.494144,-27.694303],[-65.503933,-27.738183],[-65.480255,-27.742563],[-65.483231,-27.756305],[-65.464014,-27.760696],[-65.47282,-27.788324],[-65.414937,-27.796494],[-65.436222,-27.886613],[-65.364667,-27.845792],[-65.170798,-27.946465],[-65.17823,-27.916016],[-65.169482,-27.917429],[-65.159074,-27.877204],[-65.10714,-27.893158],[-65.038968,-27.879238],[-65.016482,-27.791139],[-65.028142,-27.752711],[-64.986025,-27.741646],[-64.990972,-27.724142],[-65.027115,-27.587145],[-65.01196,-27.56603]]]},"properties":{"fid":383,"Entidad":0,"Objeto":"Departamento","FNA":"Departamento Graneros","GNA":"Departamento","NAM":"Graneros","SAG":"IDE Tucuman","FDC":null,"IN1":"90035","SHAPE_STAr":0.154762904114,"SHAPE_STLe":2.20467881365}},
{"type":"Feature","geometry":{"type":"Polygon","coordinates":[[[-65.545089,-27.541513],[-65.593165,-27.516422],[-65.643802,-27.517651],[-65.64983,-27.527187],[-65.662725,-27.520273],[-65.683813,-27.535807],[-65.726669,-27.541539],[-65.758568,-27.526786],[-65.774046,-27.533274],[-65.878695,-27.514593],[-65.926822,-27.476666],[-65.931572,-27.438435],[-65.968529,-27.429043],[-65.97573,-27.493506],[-65.939777,-27.616677],[-65.915396,-27.66914],[-65.875421,-27.672471],[-65.865487,-27.689008],[-65.828843,-27.814168],[-65.832314,-27.851193],[-65.820693,-27.820355],[-65.806421,-27.816344],[-65.794638,-27.806613],[-65.797791,-27.785734],[-65.753235,-27.76997],[-65.770008,-27.741272],[-65.741542,-27.679254],[-65.752689,-27.65699],[-65.732364,-27.611408],[-65.710238,-27.60972],[-65.672107,-27.636182],[-65.618744,-27.632158],[-65.596477,-27.614828],[-65.585724,-27.6233],[-65.549641,-27.608981],[-65.535172,-27.621489],[-65.516831,-27.543184],[-65.545089,-27.541513]]]},"properties":{"fid":384,"Entidad":0,"Objeto":"Departamento","FNA":"Departamento Juan Bautista Alberdi","GNA":"Departamento","NAM":"Juan Bautista Alberdi","SAG":"IDE Tucuman","FDC":null,"IN1":"90042","SHAPE_STAr":0.067378312339,"SHAPE_STLe":1.9127452529}},
{"type":"Feature","geometry":{"type":"Polygon","coordinates":[[[-65.548926,-27.430832],[-65.555247,-27.416074],[-65.642061,-27.413552],[-65.643624,-27.40169],[-65.655019,-27.407547],[-65.727965,-27.355347],[-65.900548,-27.367221],[-65.930335,-27.383345],[-65.934386,-27.403203],[-65.96753,-27.399075],[-65.968529,-27.429043],[-65.931572,-27.438435],[-65.926822,-27.476666],[-65.878695,-27.514593],[-65.774046,-27.533274],[-65.758568,-27.526786],[-65.726669,-27.541539],[-65.683813,-27.535807],[-65.662725,-27.520273],[-65.64983,-27.527187],[-65.643802,-27.517651],[-65.593165,-27.516422],[-65.545089,-27.541513],[-65.532191,-27.484938],[-65.540819,-27.490698],[-65.558428,-27.47997],[-65.548926,-27.430832]]]},"properties":{"fid":385,"Entidad":0,"Objeto":"Departamento","FNA":"Departamento Río Chico","GNA":"Departamento","NAM":"Río Chico","SAG":"IDE Tucuman","FDC":null,"IN1":"90077","SHAPE_STAr":0.0558979125347,"SHAPE_STLe":1.44572055273}},
{"type":"Feature","geometry":{"type":"Polygon","coordinates":[[[-65.364371,-27.180039],[-65.400063,-27.174589],[-65.42257,-27.217265],[-65.436256,-27.209303],[-65.446047,-27.216926],[-65.470073,-27.299977],[-65.460919,-27.327029],[-65.4783,-27.381684],[-65.461667,-27.393857],[-65.471464,-27.421672],[-65.482442,-27.422014],[-65.487186,-27.404635],[-65.498179,-27.432725],[-65.548926,-27.430832],[-65.558428,-27.47997],[-65.540819,-27.490698],[-65.532191,-27.484938],[-65.545089,-27.541513],[-65.516831,-27.543184],[-65.407263,-27.540375],[-65.348071,-27.524316],[-65.341667,-27.537119],[-65.281932,-27.546074],[-65.259813,-27.564024],[-65.168706,-27.565586],[-65.152378,-27.587832],[-65.115061,-27.568189],[-65.071057,-27.586969],[-65.057324,-27.574468],[-65.030716,-27.582221],[-65.024248,-27.559542],[-65.01196,-27.56603],[-64.978351,-27.566518],[-64.965502,-27.54772],[-64.96812,-27.505366],[-65.001369,-27.488861],[-65.040438,-27.477667],[-65.063131,-27.44233],[-65.063288,-27.46163],[-65.104219,-27.446913],[-65.088642,-27.438572],[-65.092711,-27.421001],[-65.111454,-27.426428],[-65.157239,-27.371957],[-65.189931,-27.363899],[-65.213438,-27.342411],[-65.217565,-27.315126],[-65.230668,-27.316654],[-65.300805,-27.267266],[-65.300024,-27.225433],[-65.335006,-27.216514],[-65.334688,-27.20224],[-65.364371,-27.180039]]]},"properties":{"fid":386,"Entidad":0,"Objeto":"Departamento","FNA":"Departamento Simoca","GNA":"Departamento","NAM":"Simoca","SAG":"IDE Tucuman","FDC":null,"IN1":"90091","SHAPE_STAr":0.122148178656,"SHAPE_STLe":2.38446924144}},
{"type":"Feature","geometry":{"type":"Polygon","coordinates":[[[-65.470073,-27.299977],[-65.517313,-27.292433],[-65.532877,-27.2758],[-65.543131,-27.285463],[-65.582086,-27.277347],[-65.683597,-27.226452],[-65.696915,-27.20156],[-65.795946,-27.195064],[-65.797561,-27.164082],[-65.823072,-27.136887],[-65.922897,-27.095654],[-65.972872,-27.054032],[-65.98822,-27.103119],[-66.037349,-27.126217],[-66.082416,-27.198336],[-66.077912,-27.209193],[-66.110309,-27.215794],[-66.134077,-27.247537],[-66.135751,-27.264223],[-66.027507,-27.298751],[-65.973092,-27.331617],[-65.96753,-27.399075],[-65.934386,-27.403203],[-65.930335,-27.383345],[-65.900548,-27.367221],[-65.727965,-27.355347],[-65.655019,-27.407547],[-65.643624,-27.40169],[-65.642061,-27.413552],[-65.555247,-27.416074],[-65.548926,-27.430832],[-65.498179,-27.432725],[-65.487186,-27.404635],[-65.482442,-27.422014],[-65.471464,-27.421672],[-65.461667,-27.393857],[-65.4783,-27.381684],[-65.460919,-27.327029],[-65.470073,-27.299977]]]},"properties":{"fid":387,"Entidad":0,"Objeto":"Departamento","FNA":"Departamento Chicligasta","GNA":"Departamento","NAM":"Chicligasta","SAG":"IDE Tucuman","FDC":null,"IN1":"90021","SHAPE_STAr":0.11780301967,"SHAPE_STLe":2.19078042168}},
{"type":"Feature","geometry":{"type":"Polygon","coordinates":[[[-65.426517,-27.127741],[-65.485043,-27.09576],[-65.478598,-27.043634],[-65.490398,-27.019647],[-65.527576,-27.001784],[-65.543427,-26.968317],[-65.592359,-26.933541],[-65.639854,-26.922239],[-65.645553,-26.932601],[-65.656217,-26.927838],[-65.651885,-26.944948],[-65.681247,-26.952163],[-65.72403,-26.985789],[-65.74243,-27.035228],[-65.780106,-27.047235],[-65.770541,-27.092383],[-65.782481,-27.100127],[-65.799684,-27.06632],[-65.818322,-27.063192],[-65.822889,-27.039701],[-65.854179,-27.016446],[-65.856114,-26.989651],[-65.88983,-26.969776],[-65.913799,-26.982644],[-65.917123,-27.014876],[-65.964306,-27.033103],[-65.972872,-27.054032],[-65.922897,-27.095654],[-65.823072,-27.136887],[-65.797561,-27.164082],[-65.795946,-27.195064],[-65.696915,-27.20156],[-65.683597,-27.226452],[-65.582086,-27.277347],[-65.543131,-27.285463],[-65.532877,-27.2758],[-65.517313,-27.292433],[-65.470073,-27.299977],[-65.446047,-27.216926],[-65.436256,-27.209303],[-65.42257,-27.217265],[-65.400063,-27.174589],[-65.364371,-27.180039],[-65.368866,-27.162067],[-65.414286,-27.14579],[-65.409378,-27.137503],[-65.426517,-27.127741]]]},"properties":{"fid":388,"Entidad":0,"Objeto":"Departamento","FNA":"Departamento Monteros","GNA":"Departamento","NAM":"Monteros","SAG":"IDE Tucuman","FDC":null,"IN1":"90070","SHAPE_STAr":0.108425998143,"SHAPE_STLe":2.26994155345}},
{"type":"Feature","geometry":{"type":"Polygon","coordinates":[[[-65.246031,-26.997526],[-65.256637,-27.022441],[-65.269785,-27.02052],[-65.257202,-27.007386],[-65.265046,-26.987004],[-65.251082,-26.973261],[-65.294798,-26.921271],[-65.30357,-26.979154],[-65.314031,-26.986476],[-65.297554,-26.994522],[-65.294829,-26.984149],[-65.283825,-26.986356],[-65.300534,-27.02012],[-65.29858,-27.011258],[-65.314751,-27.010012],[-65.309309,-27.024379],[-65.324202,-27.03314],[-65.322169,-27.048801],[-65.351351,-27.087395],[-65.3441,-27.104527],[-65.3528,-27.109184],[-65.389996,-27.088708],[-65.4027,-27.115628],[-65.421944,-27.112146],[-65.426517,-27.127741],[-65.409378,-27.137503],[-65.414286,-27.14579],[-65.368866,-27.162067],[-65.364371,-27.180039],[-65.334688,-27.20224],[-65.335006,-27.216514],[-65.300024,-27.225433],[-65.300805,-27.267266],[-65.230668,-27.316654],[-65.217565,-27.315126],[-65.213438,-27.342411],[-65.189931,-27.363899],[-65.157239,-27.371957],[-65.111454,-27.426428],[-65.092711,-27.421001],[-65.088642,-27.438572],[-65.104219,-27.446913],[-65.063288,-27.46163],[-65.063131,-27.44233],[-65.040438,-27.477667],[-65.001369,-27.488861],[-65.008868,-27.483713],[-64.974286,-27.350621],[-64.937524,-27.357879],[-64.934367,-27.344429],[-64.854064,-27.317309],[-64.811187,-27.148667],[-64.798789,-27.150521],[-64.781173,-27.076613],[-65.046546,-27.015125],[-65.049651,-27.029449],[-65.119073,-27.016216],[-65.121313,-27.025949],[-65.246031,-26.997526]]]},"properties":{"fid":389,"Entidad":0,"Objeto":"Departamento","FNA":"Departamento Leales","GNA":"Departamento","NAM":"Leales","SAG":"IDE Tucuman","FDC":null,"IN1":"90056","SHAPE_STAr":0.17961672881,"SHAPE_STLe":2.81881634409}},
{"type":"Feature","geometry":{"type":"Polygon","coordinates":[[[-65.324202,-27.03314],[-65.364846,-27.00096],[-65.374996,-26.966169],[-65.408198,-26.956032],[-65.433452,-26.924249],[-65.441792,-26.928922],[-65.466172,-26.882512],[-65.555448,-26.849475],[-65.604991,-26.843741],[-65.623968,-26.825262],[-65.628707,-26.87629],[-65.663151,-26.910211],[-65.656217,-26.927838],[-65.645553,-26.932601],[-65.639854,-26.922239],[-65.592359,-26.933541],[-65.543427,-26.968317],[-65.527576,-27.001784],[-65.490398,-27.019647],[-65.478598,-27.043634],[-65.485043,-27.09576],[-65.426517,-27.127741],[-65.421944,-27.112146],[-65.4027,-27.115628],[-65.389996,-27.088708],[-65.3528,-27.109184],[-65.3441,-27.104527],[-65.351351,-27.087395],[-65.322169,-27.048801],[-65.324202,-27.03314]]]},"properties":{"fid":390,"Entidad":0,"Objeto":"Departamento","FNA":"Departamento Famaillá","GNA":"Departamento","NAM":"Famaillá","SAG":"IDE Tucuman","FDC":null,"IN1":"90028","SHAPE_STAr":0.0418345155514,"SHAPE_STLe":1.46693313955}},
{"type":"Feature","geometry":{"type":"Polygon","coordinates":[[[-65.160966,-26.790937],[-65.249537,-26.783921],[-65.270578,-26.836108],[-65.273105,-26.854241],[-65.230027,-26.868452],[-65.209248,-26.914211],[-65.208076,-26.893121],[-65.159546,-26.814934],[-65.160966,-26.790937]]]},"properties":{"fid":391,"Entidad":0,"Objeto":"Departamento","FNA":"Departamento Capital","GNA":"Departamento","NAM":"Capital","SAG":"IDE Tucuman","FDC":null,"IN1":"90084","SHAPE_STAr":0.00828161221568,"SHAPE_STLe":0.455782946341}},
{"type":"Feature","geometry":{"type":"Polygon","coordinates":[[[-65.444312,-26.799842],[-65.459967,-26.772024],[-65.515817,-26.748104],[-65.545185,-26.764145],[-65.606816,-26.728685],[-65.651388,-26.756759],[-65.675285,-26.741275],[-65.707288,-26.738589],[-65.680012,-26.812889],[-65.633837,-26.811309],[-65.623968,-26.825262],[-65.604991,-26.843741],[-65.555448,-26.849475],[-65.466172,-26.882512],[-65.441792,-26.928922],[-65.433452,-26.924249],[-65.408198,-26.956032],[-65.374996,-26.966169],[-65.364846,-27.00096],[-65.324202,-27.03314],[-65.309309,-27.024379],[-65.314751,-27.010012],[-65.29858,-27.011258],[-65.300534,-27.02012],[-65.283825,-26.986356],[-65.294829,-26.984149],[-65.297554,-26.994522],[-65.314031,-26.986476],[-65.30357,-26.979154],[-65.294798,-26.921271],[-65.251082,-26.973261],[-65.265046,-26.987004],[-65.257202,-27.007386],[-65.269785,-27.02052],[-65.256637,-27.022441],[-65.246031,-26.997526],[-65.241837,-26.976964],[-65.232836,-26.97946],[-65.234749,-26.968312],[-65.214858,-26.95162],[-65.209248,-26.914211],[-65.230027,-26.868452],[-65.273105,-26.854241],[-65.270578,-26.836108],[-65.424909,-26.817021],[-65.444312,-26.799842]]]},"properties":{"fid":393,"Entidad":0,"Objeto":"Departamento","FNA":"Departamento Lules","GNA":"Departamento","NAM":"Lules","SAG":"IDE Tucuman","FDC":null,"IN1":"90063","SHAPE_STAr":0.0560735862725,"SHAPE_STLe":2.12310546076}},
{"type":"Feature","geometry":{"type":"Polygon","coordinates":[[[-65.249537,-26.783921],[-65.270404,-26.776274],[-65.258597,-26.751374],[-65.270082,-26.743629],[-65.359718,-26.725498],[-65.355474,-26.763455],[-65.396307,-26.786624],[-65.429553,-26.705564],[-65.427162,-26.767596],[-65.444312,-26.799842],[-65.424909,-26.817021],[-65.270578,-26.836108],[-65.249537,-26.783921]]]},"properties":{"fid":394,"Entidad":0,"Objeto":"Departamento","FNA":"Departamento Yerba Buena","GNA":"Departamento","NAM":"Yerba Buena","SAG":"IDE Tucuman","FDC":null,"IN1":"90119","SHAPE_STAr":0.0135512651604,"SHAPE_STLe":0.752907510829}},
{"type":"Feature","geometry":{"type":"Polygon","coordinates":[[[-65.708936,-26.517528],[-65.722338,-26.521405],[-65.746456,-26.506422],[-65.721542,-26.542421],[-65.730354,-26.602755],[-65.755589,-26.601056],[-65.77567,-26.639944],[-65.758539,-26.667909],[-65.704812,-26.697375],[-65.694986,-26.717768],[-65.707288,-26.738589],[-65.675285,-26.741275],[-65.651388,-26.756759],[-65.606816,-26.728685],[-65.545185,-26.764145],[-65.515817,-26.748104],[-65.459967,-26.772024],[-65.444312,-26.799842],[-65.427162,-26.767596],[-65.429553,-26.705564],[-65.396307,-26.786624],[-65.355474,-26.763455],[-65.359718,-26.725498],[-65.270082,-26.743629],[-65.258597,-26.751374],[-65.270404,-26.776274],[-65.249537,-26.783921],[-65.160966,-26.790937],[-65.157264,-26.756392],[-65.154548,-26.72673],[-65.176531,-26.685197],[-65.173136,-26.656429],[-65.191804,-26.640974],[-65.186616,-26.618024],[-65.16542,-26.599382],[-65.171896,-26.578423],[-65.191423,-26.580735],[-65.191156,-26.553675],[-65.183405,-26.533293],[-65.21794,-26.521915],[-65.228364,-26.559221],[-65.221235,-26.571436],[-65.233956,-26.5794],[-65.226293,-26.601168],[-65.384173,-26.622683],[-65.458948,-26.584947],[-65.473382,-26.603266],[-65.495778,-26.56631],[-65.465898,-26.519171],[-65.497068,-26.5243],[-65.502586,-26.548028],[-65.55989,-26.534774],[-65.621795,-26.555138],[-65.650987,-26.524504],[-65.708936,-26.517528]]]},"properties":{"fid":395,"Entidad":0,"Objeto":"Departamento","FNA":"Departamento Tafí Viejo","GNA":"Departamento","NAM":"Tafí Viejo","SAG":"IDE Tucuman","FDC":null,"IN1":"90105","SHAPE_STAr":0.10643538335,"SHAPE_STLe":2.73578609036}},
{"type":"Feature","geometry":{"type":"Polygon","coordinates":[[[-65.037822,-26.29028],[-65.040725,-26.229933],[-65.275768,-26.171381],[-65.297906,-26.081736],[-65.315417,-26.082564],[-65.332252,-26.065819],[-65.362993,-26.058652],[-65.431453,-26.109954],[-65.465396,-26.091277],[-65.551586,-26.087789],[-65.613633,-26.123473],[-65.64006,-26.111039],[-65.688515,-26.117262],[-65.695193,-26.185867],[-65.711897,-26.208357],[-65.702825,-26.24164],[-65.722753,-26.2798],[-65.707182,-26.297444],[-65.72303,-26.312712],[-65.711451,-26.328698],[-65.719018,-26.352705],[-65.710922,-26.356503],[-65.725266,-26.38498],[-65.714004,-26.410057],[-65.720306,-26.422755],[-65.699585,-26.483192],[-65.708936,-26.517528],[-65.650987,-26.524504],[-65.621795,-26.555138],[-65.55989,-26.534774],[-65.502586,-26.548028],[-65.497068,-26.5243],[-65.465898,-26.519171],[-65.495778,-26.56631],[-65.473382,-26.603266],[-65.458948,-26.584947],[-65.384173,-26.622683],[-65.226293,-26.601168],[-65.233956,-26.5794],[-65.221235,-26.571436],[-65.228364,-26.559221],[-65.21794,-26.521915],[-65.183405,-26.533293],[-65.191156,-26.553675],[-65.167333,-26.553633],[-65.140916,-26.507789],[-65.114446,-26.508748],[-65.103048,-26.400048],[-65.044727,-26.320317],[-65.037822,-26.29028]]]},"properties":{"fid":397,"Entidad":0,"Objeto":"Departamento","FNA":"Departamento Trancas","GNA":"Departamento","NAM":"Trancas","SAG":"IDE Tucuman","FDC":null,"IN1":"90112","SHAPE_STAr":0.272688001564,"SHAPE_STLe":2.86168466449}},
{"type":"Feature","geometry":{"type":"Polygon","coordinates":[[[-65.719018,-26.352705],[-66.040109,-26.250901],[-66.099757,-26.220486],[-66.098138,-26.251576],[-66.121152,-26.276078],[-66.11913,-26.376967],[-66.155773,-26.397311],[-66.154844,-26.443666],[-66.177664,-26.47167],[-66.164458,-26.502603],[-66.172311,-26.628952],[-66.04219,-26.600372],[-65.83266,-26.737917],[-65.831827,-26.749933],[-65.853861,-26.759659],[-65.865853,-26.7955],[-65.881452,-26.806165],[-65.874419,-26.818223],[-65.900475,-26.86379],[-65.857168,-26.904241],[-65.85779,-26.929196],[-65.874895,-26.932913],[-65.88983,-26.969776],[-65.856114,-26.989651],[-65.854179,-27.016446],[-65.822889,-27.039701],[-65.818322,-27.063192],[-65.799684,-27.06632],[-65.782481,-27.100127],[-65.770541,-27.092383],[-65.780106,-27.047235],[-65.74243,-27.035228],[-65.72403,-26.985789],[-65.681247,-26.952163],[-65.651885,-26.944948],[-65.656217,-26.927838],[-65.663151,-26.910211],[-65.628707,-26.87629],[-65.623968,-26.825262],[-65.633837,-26.811309],[-65.680012,-26.812889],[-65.707288,-26.738589],[-65.694986,-26.717768],[-65.704812,-26.697375],[-65.758539,-26.667909],[-65.77567,-26.639944],[-65.755589,-26.601056],[-65.730354,-26.602755],[-65.721542,-26.542421],[-65.746456,-26.506422],[-65.722338,-26.521405],[-65.708936,-26.517528],[-65.699585,-26.483192],[-65.720306,-26.422755],[-65.714004,-26.410057],[-65.725266,-26.38498],[-65.710922,-26.356503],[-65.719018,-26.352705]]]},"properties":{"fid":398,"Entidad":0,"Objeto":"Departamento","FNA":"Departamento Tafí del Valle","GNA":"Departamento","NAM":"Tafí del Valle","SAG":"IDE Tucuman","FDC":null,"IN1":"90098","SHAPE_STAr":0.222341599051,"SHAPE_STLe":3.0196509222}},
{"type":"Feature","geometry":{"type":"Polygon","coordinates":[[[-63.20373,-36.033076],[-63.38547,-35.883677],[-63.385435,-35.905471],[-63.385556,-36.356316],[-63.385393,-36.524924],[-63.282763,-36.607562],[-63.127556,-36.479504],[-63.048637,-36.415414],[-63.067976,-36.399478],[-63.028399,-36.368805],[-63.03995,-36.359075],[-62.959267,-36.296075],[-62.978901,-36.280138],[-62.939748,-36.248841],[-63.20373,-36.033076]]]},"properties":{"fid":111,"Entidad":0,"Objeto":"Departamento","FNA":"Partido de Pellegrini","GNA":"Partido","NAM":"Pellegrini","SAG":"ARBA - Gerencia de Servicios Catastrales","FDC":null,"IN1":"06616","SHAPE_STAr":0.182637233445,"SHAPE_STLe":1.92246354351}},
{"type":"Feature","geometry":{"type":"Polygon","coordinates":[[[-63.282763,-36.607562],[-62.970025,-36.863033],[-62.815859,-36.731801],[-63.127556,-36.479504],[-63.282763,-36.607562]]]},"properties":{"fid":49,"Entidad":0,"Objeto":"Departamento","FNA":"Partido de Salliqueló","GNA":"Partido","NAM":"Salliqueló","SAG":"ARBA - Gerencia de Servicios Catastrales","FDC":null,"IN1":"06721","SHAPE_STAr":0.0802786025757,"SHAPE_STLe":1.21362238722}},
{"type":"Feature","geometry":{"type":"Polygon","coordinates":[[[-62.338553,-35.784075],[-62.623811,-35.550743],[-62.932454,-35.798306],[-62.923601,-35.805193],[-63.20373,-36.033076],[-62.939748,-36.248841],[-62.625748,-36.50236],[-62.607583,-36.561423],[-62.473292,-36.457208],[-62.205482,-36.249592],[-62.082437,-36.152301],[-62.431086,-35.858839],[-62.338553,-35.784075]]]},"properties":{"fid":208,"Entidad":0,"Objeto":"Departamento","FNA":"Partido de Trenque Lauquen","GNA":"Partido","NAM":"Trenque Lauquen","SAG":"ARBA - Gerencia de Servicios Catastrales","FDC":null,"IN1":"06826","SHAPE_STAr":0.549973362898,"SHAPE_STLe":3.19238184259}},
{"type":"Feature","geometry":{"type":"Polygon","coordinates":[[[-62.270612,-35.151768],[-62.285185,-35.163819],[-62.471445,-35.010657],[-62.548554,-35.073872],[-62.610627,-35.022719],[-62.68835,-35.085097],[-62.657181,-35.110819],[-62.676893,-35.126607],[-62.707517,-35.101156],[-62.899558,-35.259279],[-62.864144,-35.288502],[-62.893164,-35.311318],[-62.846541,-35.350452],[-62.873097,-35.371607],[-62.803814,-35.429501],[-62.777689,-35.408695],[-62.623811,-35.550743],[-62.338553,-35.784075],[-62.098286,-35.591606],[-62.129988,-35.56537],[-62.050169,-35.501227],[-61.988144,-35.552205],[-61.906309,-35.485611],[-62.149282,-35.28393],[-62.225018,-35.214139],[-62.210043,-35.201858],[-62.270612,-35.151768]]]},"properties":{"fid":204,"Entidad":0,"Objeto":"Departamento","FNA":"Partido de Carlos Tejedor","GNA":"Partido","NAM":"Carlos Tejedor","SAG":"ARBA - Gerencia de Servicios Catastrales","FDC":null,"IN1":"06154","SHAPE_STAr":0.388076070603,"SHAPE_STLe":2.95196221092}},
{"type":"Feature","geometry":{"type":"Polygon","coordinates":[[[-61.906309,-35.485611],[-61.988144,-35.552205],[-62.050169,-35.501227],[-62.129988,-35.56537],[-62.098286,-35.591606],[-62.338553,-35.784075],[-62.431086,-35.858839],[-62.082437,-36.152301],[-62.205482,-36.249592],[-62.178949,-36.271882],[-62.144315,-36.245472],[-62.048248,-36.325905],[-62.014961,-36.300641],[-61.974442,-36.333632],[-61.944325,-36.314924],[-61.921176,-36.288428],[-61.944752,-36.268559],[-61.772554,-36.138559],[-61.742437,-36.16208],[-61.702618,-36.129266],[-61.689081,-36.14031],[-61.616375,-36.091585],[-61.596724,-36.107283],[-61.491487,-36.019098],[-61.450383,-36.051444],[-61.436136,-36.039237],[-61.560046,-35.942756],[-61.543683,-35.928989],[-61.636117,-35.852744],[-61.502767,-35.745416],[-61.601187,-35.664503],[-61.574373,-35.643079],[-61.724739,-35.537384],[-61.783275,-35.585449],[-61.906309,-35.485611]]]},"properties":{"fid":207,"Entidad":0,"Objeto":"Departamento","FNA":"Partido de Pehuajó","GNA":"Partido","NAM":"Pehuajó","SAG":"ARBA - Gerencia de Servicios Catastrales","FDC":null,"IN1":"06609","SHAPE_STAr":0.451465320825,"SHAPE_STLe":3.50449541819}},
{"type":"Feature","geometry":{"type":"Polygon","coordinates":[[[-61.151165,-34.777206],[-61.222551,-34.717368],[-61.204736,-34.702486],[-61.338484,-34.592169],[-61.436411,-34.671162],[-61.516405,-34.603201],[-61.597606,-34.668713],[-61.611618,-34.656699],[-61.644585,-34.683654],[-61.711613,-34.628025],[-61.772899,-34.676405],[-61.673472,-34.760952],[-61.902716,-34.952754],[-61.9832,-34.886031],[-62.104559,-34.984689],[-62.185372,-35.0507],[-62.166223,-35.067128],[-62.270612,-35.151768],[-62.210043,-35.201858],[-62.225018,-35.214139],[-62.149282,-35.28393],[-61.906309,-35.485611],[-61.783275,-35.585449],[-61.724739,-35.537384],[-61.53188,-35.378576],[-61.300941,-35.185202],[-61.419742,-35.087908],[-61.127689,-34.847407],[-61.182368,-34.802214],[-61.151165,-34.777206]]]},"properties":{"fid":232,"Entidad":0,"Objeto":"Departamento","FNA":"Partido de Lincoln","GNA":"Partido","NAM":"Lincoln","SAG":"ARBA - Gerencia de Servicios Catastrales","FDC":null,"IN1":"06469","SHAPE_STAr":0.571042214435,"SHAPE_STLe":3.76983908826}},
{"type":"Feature","geometry":{"type":"Polygon","coordinates":[[[-61.53188,-35.378576],[-61.724739,-35.537384],[-61.574373,-35.643079],[-61.601187,-35.664503],[-61.502767,-35.745416],[-61.636117,-35.852744],[-61.543683,-35.928989],[-61.560046,-35.942756],[-61.436136,-36.039237],[-61.393404,-36.071812],[-61.333186,-36.021412],[-61.269755,-36.071098],[-61.035297,-35.876663],[-61.101731,-35.824756],[-61.031898,-35.765554],[-61.196765,-35.635467],[-61.187467,-35.627378],[-61.272599,-35.560077],[-61.288021,-35.572824],[-61.53188,-35.378576]]]},"properties":{"fid":203,"Entidad":0,"Objeto":"Departamento","FNA":"Partido de Carlos Casares","GNA":"Partido","NAM":"Carlos Casares","SAG":"ARBA - Gerencia de Servicios Catastrales","FDC":null,"IN1":"06147","SHAPE_STAr":0.252278103752,"SHAPE_STLe":2.43583348943}},
{"type":"Feature","geometry":{"type":"Polygon","coordinates":[[[-60.531116,-36.000522],[-60.638071,-35.921069],[-60.695447,-35.968815],[-60.867915,-35.840008],[-60.969673,-35.926616],[-61.035297,-35.876663],[-61.269755,-36.071098],[-61.439692,-36.214419],[-61.406099,-36.240961],[-61.724667,-36.494265],[-61.685623,-36.535906],[-61.676978,-36.530082],[-61.616876,-36.569896],[-61.664098,-36.606887],[-61.497217,-36.744068],[-61.36885,-36.640992],[-61.254822,-36.734982],[-60.896234,-36.451336],[-60.929622,-36.424551],[-60.866119,-36.372189],[-60.906005,-36.341574],[-60.860253,-36.322509],[-60.806085,-36.253046],[-60.799079,-36.231555],[-60.810806,-36.211075],[-60.776992,-36.18494],[-60.779759,-36.175302],[-60.727343,-36.13721],[-60.698885,-36.135771],[-60.612882,-36.092406],[-60.615338,-36.080594],[-60.594511,-36.069687],[-60.57241,-36.028751],[-60.531116,-36.000522]]]},"properties":{"fid":254,"Entidad":0,"Objeto":"Departamento","FNA":"Partido de Bolívar","GNA":"Partido","NAM":"Bolívar","SAG":"ARBA - Gerencia de Servicios Catastrales","FDC":null,"IN1":"06105","SHAPE_STAr":0.495108311849,"SHAPE_STLe":3.62176014434}},
{"type":"Feature","geometry":{"type":"Polygon","coordinates":[[[-60.528049,-35.410299],[-60.870007,-35.145761],[-60.984631,-35.2466],[-61.062511,-35.186779],[-61.155019,-35.264171],[-61.278178,-35.165851],[-61.300941,-35.185202],[-61.53188,-35.378576],[-61.288021,-35.572824],[-61.272599,-35.560077],[-61.187467,-35.627378],[-61.196765,-35.635467],[-61.031898,-35.765554],[-61.101731,-35.824756],[-61.035297,-35.876663],[-60.969673,-35.926616],[-60.867915,-35.840008],[-60.444882,-35.473321],[-60.528049,-35.410299]]]},"properties":{"fid":206,"Entidad":0,"Objeto":"Departamento","FNA":"Partido de 9 de Julio","GNA":"Partido","NAM":"9 de Julio","SAG":"ARBA - Gerencia de Servicios Catastrales","FDC":null,"IN1":"06588","SHAPE_STAr":0.426158791958,"SHAPE_STLe":3.02164725008}},
{"type":"Feature","geometry":{"type":"Polygon","coordinates":[[[-60.815683,-34.789652],[-60.849248,-34.763019],[-60.903991,-34.810841],[-61.048176,-34.692906],[-61.151165,-34.777206],[-61.182368,-34.802214],[-61.127689,-34.847407],[-61.419742,-35.087908],[-61.300941,-35.185202],[-61.278178,-35.165851],[-61.155019,-35.264171],[-61.062511,-35.186779],[-60.984631,-35.2466],[-60.870007,-35.145761],[-60.754227,-35.041402],[-60.847692,-34.968081],[-60.723956,-34.861231],[-60.815683,-34.789652]]]},"properties":{"fid":243,"Entidad":0,"Objeto":"Departamento","FNA":"Partido de General Viamonte","GNA":"Partido","NAM":"General Viamonte","SAG":"ARBA - Gerencia de Servicios Catastrales","FDC":null,"IN1":"06385","SHAPE_STAr":0.211314560422,"SHAPE_STLe":2.19840096364}},
{"type":"Feature","geometry":{"type":"Polygon","coordinates":[[[-59.553214,-36.006791],[-59.592439,-36.040529],[-59.613864,-36.023856],[-59.718057,-36.105853],[-59.797111,-36.043748],[-59.858654,-36.09567],[-59.838673,-36.111349],[-59.947544,-36.202106],[-59.966942,-36.248596],[-60.090175,-36.16134],[-60.245918,-36.303369],[-60.296924,-36.267072],[-60.35968,-36.326405],[-60.523546,-36.214032],[-60.565185,-36.236201],[-60.698885,-36.135771],[-60.727343,-36.13721],[-60.779759,-36.175302],[-60.776992,-36.18494],[-60.810806,-36.211075],[-60.799079,-36.231555],[-60.806085,-36.253046],[-60.860253,-36.322509],[-60.906005,-36.341574],[-60.866119,-36.372189],[-60.929622,-36.424551],[-60.896234,-36.451336],[-60.87544,-36.467829],[-60.762831,-36.378607],[-60.728799,-36.402691],[-60.649975,-36.342881],[-60.532234,-36.412521],[-60.438413,-36.497765],[-60.478052,-36.529731],[-60.326504,-36.652525],[-60.285566,-36.619947],[-60.161412,-36.719657],[-60.135004,-36.674827],[-60.062826,-36.731805],[-59.918892,-36.614812],[-60.023689,-36.531839],[-59.931181,-36.466614],[-59.823915,-36.358538],[-59.727204,-36.288222],[-59.634577,-36.35887],[-59.488195,-36.227053],[-59.382453,-36.135384],[-59.553214,-36.006791]]]},"properties":{"fid":256,"Entidad":0,"Objeto":"Departamento","FNA":"Partido de Tapalqué","GNA":"Partido","NAM":"Tapalqué","SAG":"ARBA - Gerencia de Servicios Catastrales","FDC":null,"IN1":"06798","SHAPE_STAr":0.418482438011,"SHAPE_STLe":4.69889455287}},
{"type":"Feature","geometry":{"type":"Polygon","coordinates":[[[-60.460279,-34.862375],[-60.494684,-34.838491],[-60.529283,-34.84162],[-60.540809,-34.821518],[-60.558273,-34.829572],[-60.588055,-34.816749],[-60.627629,-34.759647],[-60.625764,-34.743357],[-60.657707,-34.709275],[-60.686373,-34.707647],[-60.685321,-34.657039],[-60.713957,-34.647131],[-60.795509,-34.717472],[-60.764489,-34.741034],[-60.815683,-34.789652],[-60.723956,-34.861231],[-60.847692,-34.968081],[-60.754227,-35.041402],[-60.870007,-35.145761],[-60.528049,-35.410299],[-60.323097,-35.22972],[-60.315787,-35.223135],[-60.353836,-35.193833],[-60.33853,-35.17974],[-60.36504,-35.15958],[-60.328936,-35.127661],[-60.388695,-35.088229],[-60.440024,-35.036784],[-60.434912,-35.016392],[-60.473912,-34.997613],[-60.487762,-34.974801],[-60.474599,-34.939912],[-60.453038,-34.930413],[-60.448711,-34.879315],[-60.460279,-34.862375]]]},"properties":{"fid":240,"Entidad":0,"Objeto":"Departamento","FNA":"Partido de Bragado","GNA":"Partido","NAM":"Bragado","SAG":"ARBA - Gerencia de Servicios Catastrales","FDC":null,"IN1":"06112","SHAPE_STAr":0.217241082694,"SHAPE_STLe":2.51641218599}},
{"type":"Feature","geometry":{"type":"Polygon","coordinates":[[[-60.021089,-35.108035],[-60.235044,-35.295857],[-60.323097,-35.22972],[-60.528049,-35.410299],[-60.444882,-35.473321],[-60.867915,-35.840008],[-60.695447,-35.968815],[-60.638071,-35.921069],[-60.531116,-36.000522],[-60.518639,-35.98565],[-60.495405,-35.995126],[-60.470953,-35.981062],[-60.461554,-35.949308],[-60.417136,-35.928244],[-60.385516,-35.890038],[-60.375986,-35.89274],[-60.213913,-35.756165],[-60.116733,-35.664442],[-60.059248,-35.709464],[-60.024369,-35.695618],[-60.025754,-35.672353],[-60.00544,-35.661698],[-60.033955,-35.656241],[-60.039969,-35.624195],[-60.010605,-35.597099],[-60.009792,-35.575656],[-60.028733,-35.555252],[-60.004894,-35.528916],[-59.906036,-35.48093],[-59.830348,-35.496935],[-59.775005,-35.478474],[-59.768671,-35.451043],[-59.825442,-35.407354],[-59.755477,-35.346744],[-59.712899,-35.378775],[-59.642508,-35.31661],[-59.585763,-35.35996],[-59.506062,-35.289257],[-59.535748,-35.28189],[-59.552533,-35.254941],[-59.543009,-35.204349],[-59.575205,-35.177622],[-59.663883,-35.210011],[-59.670413,-35.22315],[-59.699119,-35.210947],[-59.721389,-35.222676],[-59.746382,-35.195982],[-59.761425,-35.197138],[-59.775288,-35.173362],[-59.792305,-35.182687],[-59.822241,-35.176824],[-59.835731,-35.157783],[-59.870386,-35.15261],[-59.878646,-35.131709],[-59.905571,-35.114872],[-59.973643,-35.132792],[-60.021089,-35.108035]]]},"properties":{"fid":205,"Entidad":0,"Objeto":"Departamento","FNA":"Partido de 25 de Mayo","GNA":"Partido","NAM":"25 de Mayo","SAG":"ARBA - Gerencia de Servicios Catastrales","FDC":null,"IN1":"06854","SHAPE_STAr":0.475909173796,"SHAPE_STLe":4.34082573124}},
{"type":"Feature","geometry":{"type":"Polygon","coordinates":[[[-60.698885,-36.135771],[-60.565185,-36.236201],[-60.523546,-36.214032],[-60.35968,-36.326405],[-60.296924,-36.267072],[-60.245918,-36.303369],[-60.090175,-36.16134],[-59.966942,-36.248596],[-59.947544,-36.202106],[-59.838673,-36.111349],[-59.858654,-36.09567],[-59.797111,-36.043748],[-59.718057,-36.105853],[-59.613864,-36.023856],[-59.592439,-36.040529],[-59.553214,-36.006791],[-59.516484,-35.975994],[-59.70006,-35.831667],[-59.752262,-35.83455],[-59.774311,-35.847173],[-59.792017,-35.841034],[-59.814612,-35.854275],[-59.835428,-35.849285],[-59.872342,-35.876673],[-59.871154,-35.899253],[-59.885596,-35.912586],[-60.05608,-35.780529],[-60.117957,-35.833675],[-60.213913,-35.756165],[-60.375986,-35.89274],[-60.385516,-35.890038],[-60.417136,-35.928244],[-60.461554,-35.949308],[-60.470953,-35.981062],[-60.495405,-35.995126],[-60.518639,-35.98565],[-60.531116,-36.000522],[-60.57241,-36.028751],[-60.594511,-36.069687],[-60.615338,-36.080594],[-60.612882,-36.092406],[-60.698885,-36.135771]]]},"properties":{"fid":250,"Entidad":0,"Objeto":"Departamento","FNA":"Partido de General Alvear","GNA":"Partido","NAM":"General Alvear","SAG":"ARBA - Gerencia de Servicios Catastrales","FDC":null,"IN1":"06287","SHAPE_STAr":0.336636758204,"SHAPE_STLe":3.23091430023}},
{"type":"Feature","geometry":{"type":"Polygon","coordinates":[[[-60.243552,-34.829956],[-60.32251,-34.761526],[-60.362228,-34.795799],[-60.372562,-34.787641],[-60.460279,-34.862375],[-60.448711,-34.879315],[-60.453038,-34.930413],[-60.474599,-34.939912],[-60.487762,-34.974801],[-60.473912,-34.997613],[-60.434912,-35.016392],[-60.440024,-35.036784],[-60.388695,-35.088229],[-60.328936,-35.127661],[-60.36504,-35.15958],[-60.33853,-35.17974],[-60.353836,-35.193833],[-60.315787,-35.223135],[-60.323097,-35.22972],[-60.235044,-35.295857],[-60.021089,-35.108035],[-60.054286,-35.090754],[-60.132718,-35.082419],[-60.15125,-35.065639],[-60.118753,-35.035158],[-60.304147,-34.881095],[-60.243552,-34.829956]]]},"properties":{"fid":239,"Entidad":0,"Objeto":"Departamento","FNA":"Partido de Alberti","GNA":"Partido","NAM":"Alberti","SAG":"ARBA - Gerencia de Servicios Catastrales","FDC":null,"IN1":"06021","SHAPE_STAr":0.110898844282,"SHAPE_STLe":1.79374308533}},
{"type":"Feature","geometry":{"type":"Polygon","coordinates":[[[-59.944678,-34.671979],[-59.967868,-34.691848],[-59.992965,-34.674013],[-60.006599,-34.641007],[-60.063518,-34.691134],[-60.106846,-34.657499],[-60.191843,-34.728741],[-60.174138,-34.743048],[-60.190756,-34.756772],[-60.172989,-34.770245],[-60.243552,-34.829956],[-60.304147,-34.881095],[-60.118753,-35.035158],[-60.15125,-35.065639],[-60.132718,-35.082419],[-60.054286,-35.090754],[-60.021089,-35.108035],[-59.973643,-35.132792],[-59.905571,-35.114872],[-59.878646,-35.131709],[-59.870386,-35.15261],[-59.835731,-35.157783],[-59.822241,-35.176824],[-59.605175,-34.997713],[-59.635369,-34.957987],[-59.798118,-34.82566],[-59.809136,-34.805412],[-59.790053,-34.788481],[-59.944678,-34.671979]]]},"properties":{"fid":238,"Entidad":0,"Objeto":"Departamento","FNA":"Partido de Chivilcoy","GNA":"Partido","NAM":"Chivilcoy","SAG":"ARBA - Gerencia de Servicios Catastrales","FDC":null,"IN1":"06224","SHAPE_STAr":0.20309393464,"SHAPE_STLe":2.13240600782}},
{"type":"Feature","geometry":{"type":"Polygon","coordinates":[[[-59.181445,-35.755506],[-59.41261,-35.586127],[-59.349668,-35.529441],[-59.376959,-35.536879],[-59.470937,-35.493483],[-59.495521,-35.493084],[-59.524477,-35.456402],[-59.599757,-35.462708],[-59.620522,-35.45138],[-59.647722,-35.469241],[-59.775005,-35.478474],[-59.830348,-35.496935],[-59.906036,-35.48093],[-60.004894,-35.528916],[-60.028733,-35.555252],[-60.009792,-35.575656],[-60.010605,-35.597099],[-60.039969,-35.624195],[-60.033955,-35.656241],[-60.00544,-35.661698],[-60.025754,-35.672353],[-60.024369,-35.695618],[-60.059248,-35.709464],[-60.116733,-35.664442],[-60.213913,-35.756165],[-60.117957,-35.833675],[-60.05608,-35.780529],[-59.885596,-35.912586],[-59.871154,-35.899253],[-59.872342,-35.876673],[-59.835428,-35.849285],[-59.814612,-35.854275],[-59.792017,-35.841034],[-59.774311,-35.847173],[-59.752262,-35.83455],[-59.70006,-35.831667],[-59.676141,-35.833325],[-59.647116,-35.861637],[-59.569427,-35.853817],[-59.505701,-35.817001],[-59.481366,-35.820212],[-59.479543,-35.81092],[-59.416425,-35.8022],[-59.37936,-35.817387],[-59.347269,-35.803595],[-59.318452,-35.809448],[-59.30299,-35.795039],[-59.240944,-35.793172],[-59.181445,-35.755506]]]},"properties":{"fid":10,"Entidad":0,"Objeto":"Departamento","FNA":"Partido de Saladillo","GNA":"Partido","NAM":"Saladillo","SAG":"ARBA - Gerencia de Servicios Catastrales","FDC":null,"IN1":"06707","SHAPE_STAr":0.269443881114,"SHAPE_STLe":3.10732477865}},
{"type":"Feature","geometry":{"type":"Polygon","coordinates":[[[-59.12028,-35.430767],[-59.128302,-35.436353],[-59.164602,-35.420572],[-59.16658,-35.406192],[-59.182514,-35.409005],[-59.204477,-35.395002],[-59.26286,-35.390682],[-59.292608,-35.365397],[-59.322525,-35.374677],[-59.322086,-35.359155],[-59.348988,-35.344178],[-59.360155,-35.350862],[-59.38007,-35.333449],[-59.393378,-35.290948],[-59.44177,-35.308122],[-59.462413,-35.298735],[-59.468508,-35.307371],[-59.480783,-35.287147],[-59.506062,-35.289257],[-59.585763,-35.35996],[-59.642508,-35.31661],[-59.712899,-35.378775],[-59.755477,-35.346744],[-59.825442,-35.407354],[-59.768671,-35.451043],[-59.775005,-35.478474],[-59.647722,-35.469241],[-59.620522,-35.45138],[-59.599757,-35.462708],[-59.524477,-35.456402],[-59.495521,-35.493084],[-59.470937,-35.493483],[-59.376959,-35.536879],[-59.349668,-35.529441],[-59.41261,-35.586127],[-59.181445,-35.755506],[-59.174878,-35.712006],[-59.131081,-35.698178],[-59.139757,-35.666246],[-59.143014,-35.625621],[-59.081544,-35.616297],[-59.080043,-35.60683],[-59.036087,-35.611699],[-59.025423,-35.580258],[-59.034365,-35.564892],[-59.036654,-35.551626],[-59.049396,-35.551613],[-59.047814,-35.529157],[-59.011809,-35.511304],[-59.009343,-35.479711],[-59.034427,-35.460381],[-59.084701,-35.447066],[-59.105369,-35.426747],[-59.12028,-35.430767]]]},"properties":{"fid":212,"Entidad":0,"Objeto":"Departamento","FNA":"Partido de Roque Pérez","GNA":"Partido","NAM":"Roque Pérez","SAG":"ARBA - Gerencia de Servicios Catastrales","FDC":null,"IN1":"06693","SHAPE_STAr":0.154555404208,"SHAPE_STLe":2.70116704084}},
{"type":"Feature","geometry":{"type":"Polygon","coordinates":[[[-59.168089,-34.799421],[-59.192192,-34.812103],[-59.204517,-34.796227],[-59.278714,-34.834349],[-59.289444,-34.821684],[-59.320538,-34.836852],[-59.373171,-34.891129],[-59.408729,-34.842423],[-59.466512,-34.87259],[-59.635369,-34.957987],[-59.605175,-34.997713],[-59.822241,-35.176824],[-59.792305,-35.182687],[-59.775288,-35.173362],[-59.761425,-35.197138],[-59.746382,-35.195982],[-59.721389,-35.222676],[-59.699119,-35.210947],[-59.670413,-35.22315],[-59.663883,-35.210011],[-59.575205,-35.177622],[-59.543009,-35.204349],[-59.552533,-35.254941],[-59.251455,-35.098279],[-59.247686,-35.064788],[-59.221344,-35.085086],[-59.071107,-34.961328],[-59.218728,-34.852572],[-59.164978,-34.803469],[-59.168089,-34.799421]]]},"properties":{"fid":246,"Entidad":0,"Objeto":"Departamento","FNA":"Partido de Navarro","GNA":"Partido","NAM":"Navarro","SAG":"ARBA - Gerencia de Servicios Catastrales","FDC":null,"IN1":"06574","SHAPE_STAr":0.159965620834,"SHAPE_STLe":2.23795692347}},
{"type":"Feature","geometry":{"type":"Polygon","coordinates":[[[-58.70753,-36.01728],[-58.749021,-35.98472],[-58.729174,-35.967546],[-58.891825,-35.840171],[-58.90058,-35.847452],[-58.956746,-35.803191],[-58.974425,-35.816928],[-59.139757,-35.666246],[-59.131081,-35.698178],[-59.174878,-35.712006],[-59.181445,-35.755506],[-59.240944,-35.793172],[-59.30299,-35.795039],[-59.318452,-35.809448],[-59.347269,-35.803595],[-59.37936,-35.817387],[-59.416425,-35.8022],[-59.479543,-35.81092],[-59.481366,-35.820212],[-59.505701,-35.817001],[-59.569427,-35.853817],[-59.647116,-35.861637],[-59.676141,-35.833325],[-59.70006,-35.831667],[-59.516484,-35.975994],[-59.553214,-36.006791],[-59.382453,-36.135384],[-59.488195,-36.227053],[-59.289162,-36.374724],[-59.218405,-36.321212],[-59.105968,-36.274767],[-59.103079,-36.247003],[-59.081017,-36.239487],[-59.071032,-36.221616],[-59.028677,-36.216834],[-58.841322,-36.141395],[-58.828857,-36.110816],[-58.809197,-36.105666],[-58.70753,-36.01728]]]},"properties":{"fid":11,"Entidad":0,"Objeto":"Departamento","FNA":"Partido de Las Flores","GNA":"Partido","NAM":"Las Flores","SAG":"ARBA - Gerencia de Servicios Catastrales","FDC":null,"IN1":"06455","SHAPE_STAr":0.334016324637,"SHAPE_STLe":3.13651105212}},
{"type":"Feature","geometry":{"type":"Polygon","coordinates":[[[-58.934096,-35.103508],[-59.014807,-35.041293],[-58.992581,-35.021429],[-59.071107,-34.961328],[-59.221344,-35.085086],[-59.247686,-35.064788],[-59.251455,-35.098279],[-59.552533,-35.254941],[-59.535748,-35.28189],[-59.506062,-35.289257],[-59.480783,-35.287147],[-59.468508,-35.307371],[-59.462413,-35.298735],[-59.44177,-35.308122],[-59.393378,-35.290948],[-59.38007,-35.333449],[-59.360155,-35.350862],[-59.348988,-35.344178],[-59.322086,-35.359155],[-59.322525,-35.374677],[-59.292608,-35.365397],[-59.26286,-35.390682],[-59.204477,-35.395002],[-59.182514,-35.409005],[-59.16658,-35.406192],[-59.164602,-35.420572],[-59.128302,-35.436353],[-59.12028,-35.430767],[-59.02541,-35.352275],[-59.005844,-35.366918],[-58.9795,-35.342344],[-58.935755,-35.334129],[-58.925107,-35.341701],[-58.81185,-35.242429],[-58.894852,-35.176187],[-58.868975,-35.15357],[-58.934096,-35.103508]]]},"properties":{"fid":249,"Entidad":0,"Objeto":"Departamento","FNA":"Partido de Lobos","GNA":"Partido","NAM":"Lobos","SAG":"ARBA - Gerencia de Servicios Catastrales","FDC":null,"IN1":"06483","SHAPE_STAr":0.170830675822,"SHAPE_STLe":2.1324299631}},
{"type":"Feature","geometry":{"type":"Polygon","coordinates":[[[-59.09013,-37.062779],[-59.040746,-37.026078],[-59.021495,-36.960095],[-59.002666,-36.94465],[-58.936877,-36.936046],[-58.911209,-36.876419],[-58.873094,-36.860756],[-58.866825,-36.838371],[-58.837012,-36.836249],[-58.795175,-36.805997],[-58.790869,-36.789113],[-58.719956,-36.752577],[-58.666852,-36.742926],[-58.720954,-36.700227],[-58.43724,-36.452101],[-58.579097,-36.347371],[-58.597506,-36.363679],[-58.781514,-36.226881],[-58.763092,-36.208308],[-58.841322,-36.141395],[-59.028677,-36.216834],[-59.071032,-36.221616],[-59.081017,-36.239487],[-59.103079,-36.247003],[-59.105968,-36.274767],[-59.218405,-36.321212],[-59.289162,-36.374724],[-59.229713,-36.42085],[-59.249996,-36.437525],[-59.1909,-36.483087],[-59.202807,-36.49323],[-59.13842,-36.542876],[-59.195539,-36.590875],[-59.2219,-36.574394],[-59.226557,-36.616874],[-59.255322,-36.646878],[-59.281526,-36.764637],[-59.347678,-36.817041],[-59.359311,-36.84514],[-59.09013,-37.062779]]]},"properties":{"fid":46,"Entidad":0,"Objeto":"Departamento","FNA":"Partido de Rauch","GNA":"Partido","NAM":"Rauch","SAG":"ARBA - Gerencia de Servicios Catastrales","FDC":null,"IN1":"06672","SHAPE_STAr":0.434206113856,"SHAPE_STLe":3.39485079002}},
{"type":"Feature","geometry":{"type":"Polygon","coordinates":[[[-58.934096,-35.103508],[-58.777483,-34.964965],[-58.791083,-34.955266],[-58.859086,-34.904052],[-58.84527,-34.891708],[-58.925109,-34.826312],[-58.936187,-34.817828],[-58.951498,-34.831176],[-59.03175,-34.763825],[-59.091209,-34.719233],[-59.164978,-34.803469],[-59.218728,-34.852572],[-59.071107,-34.961328],[-58.992581,-35.021429],[-59.014807,-35.041293],[-58.934096,-35.103508]]]},"properties":{"fid":241,"Entidad":0,"Objeto":"Departamento","FNA":"Partido de General Las Heras","GNA":"Partido","NAM":"General Las Heras","SAG":"ARBA - Gerencia de Servicios Catastrales","FDC":null,"IN1":"06329","SHAPE_STAr":0.0741011631895,"SHAPE_STLe":1.26243887881}},
{"type":"Feature","geometry":{"type":"Polygon","coordinates":[[[-59.034365,-35.564892],[-59.025423,-35.580258],[-59.036087,-35.611699],[-59.080043,-35.60683],[-59.081544,-35.616297],[-59.143014,-35.625621],[-59.139757,-35.666246],[-58.974425,-35.816928],[-58.956746,-35.803191],[-58.90058,-35.847452],[-58.891825,-35.840171],[-58.729174,-35.967546],[-58.749021,-35.98472],[-58.70753,-36.01728],[-58.571854,-36.120966],[-58.282452,-35.860708],[-58.296258,-35.853406],[-58.312094,-35.867809],[-58.336947,-35.862761],[-58.342751,-35.843587],[-58.383631,-35.819053],[-58.41355,-35.814737],[-58.41757,-35.790222],[-58.453639,-35.769544],[-58.451663,-35.741193],[-58.436248,-35.733051],[-58.441379,-35.702871],[-58.462586,-35.686593],[-58.486524,-35.706937],[-58.504062,-35.7538],[-58.52453,-35.722479],[-58.53678,-35.725661],[-58.54136,-35.746301],[-58.595093,-35.750099],[-58.608627,-35.741114],[-58.629061,-35.751081],[-58.658104,-35.744163],[-58.661706,-35.724581],[-58.716016,-35.721729],[-58.761715,-35.756635],[-58.787997,-35.700971],[-58.843138,-35.681851],[-58.839198,-35.656305],[-58.876571,-35.640096],[-58.888299,-35.621122],[-58.881857,-35.593128],[-58.907598,-35.594087],[-58.903755,-35.605515],[-58.947424,-35.62297],[-58.973941,-35.58998],[-59.003031,-35.594943],[-59.034365,-35.564892]]]},"properties":{"fid":209,"Entidad":0,"Objeto":"Departamento","FNA":"Partido de General Belgrano","GNA":"Partido","NAM":"General Belgrano","SAG":"ARBA - Gerencia de Servicios Catastrales","FDC":null,"IN1":"06301","SHAPE_STAr":0.185287076352,"SHAPE_STLe":2.74905512573}},
{"type":"Feature","geometry":{"type":"Polygon","coordinates":[[[-58.582085,-35.421434],[-58.663133,-35.354955],[-58.674154,-35.360382],[-58.707434,-35.335093],[-58.678324,-35.304472],[-58.746748,-35.252702],[-58.770771,-35.273978],[-58.81185,-35.242429],[-58.925107,-35.341701],[-58.935755,-35.334129],[-58.9795,-35.342344],[-59.005844,-35.366918],[-59.02541,-35.352275],[-59.12028,-35.430767],[-59.105369,-35.426747],[-59.084701,-35.447066],[-59.034427,-35.460381],[-59.009343,-35.479711],[-59.011809,-35.511304],[-59.047814,-35.529157],[-59.049396,-35.551613],[-59.036654,-35.551626],[-59.034365,-35.564892],[-59.003031,-35.594943],[-58.973941,-35.58998],[-58.947424,-35.62297],[-58.903755,-35.605515],[-58.907598,-35.594087],[-58.881857,-35.593128],[-58.888299,-35.621122],[-58.876571,-35.640096],[-58.839198,-35.656305],[-58.843138,-35.681851],[-58.787997,-35.700971],[-58.761715,-35.756635],[-58.716016,-35.721729],[-58.661706,-35.724581],[-58.658104,-35.744163],[-58.629061,-35.751081],[-58.608627,-35.741114],[-58.595093,-35.750099],[-58.54136,-35.746301],[-58.53678,-35.725661],[-58.52453,-35.722479],[-58.504062,-35.7538],[-58.486524,-35.706937],[-58.499362,-35.645138],[-58.568715,-35.595902],[-58.470486,-35.511942],[-58.582085,-35.421434]]]},"properties":{"fid":211,"Entidad":0,"Objeto":"Departamento","FNA":"Partido de Monte","GNA":"Partido","NAM":"Monte","SAG":"ARBA - Gerencia de Servicios Catastrales","FDC":null,"IN1":"06547","SHAPE_STAr":0.186342025821,"SHAPE_STLe":2.41990955769}},
{"type":"Feature","geometry":{"type":"Polygon","coordinates":[[[-58.860294,-34.685206],[-58.863696,-34.683365],[-58.935344,-34.703731],[-58.998289,-34.762792],[-59.03175,-34.763825],[-58.951498,-34.831176],[-58.936187,-34.817828],[-58.925109,-34.826312],[-58.84527,-34.891708],[-58.859086,-34.904052],[-58.791083,-34.955266],[-58.76408,-34.958485],[-58.727694,-34.924213],[-58.694106,-34.912195],[-58.762494,-34.858422],[-58.749862,-34.847367],[-58.773244,-34.827613],[-58.707051,-34.811268],[-58.750247,-34.777588],[-58.860894,-34.701334],[-58.860294,-34.685206]]]},"properties":{"fid":242,"Entidad":0,"Objeto":"Departamento","FNA":"Partido de Marcos Paz","GNA":"Partido","NAM":"Marcos Paz","SAG":"ARBA - Gerencia de Servicios Catastrales","FDC":null,"IN1":"06525","SHAPE_STAr":0.0415915427163,"SHAPE_STLe":1.10497793517}},
{"type":"Feature","geometry":{"type":"Polygon","coordinates":[[[-58.46797,-35.238425],[-58.577919,-35.151662],[-58.57932,-35.068346],[-58.600439,-35.052424],[-58.556271,-35.007048],[-58.620151,-34.960741],[-58.599054,-34.942952],[-58.650331,-34.891087],[-58.694106,-34.912195],[-58.727694,-34.924213],[-58.76408,-34.958485],[-58.791083,-34.955266],[-58.777483,-34.964965],[-58.934096,-35.103508],[-58.868975,-35.15357],[-58.894852,-35.176187],[-58.81185,-35.242429],[-58.770771,-35.273978],[-58.746748,-35.252702],[-58.678324,-35.304472],[-58.707434,-35.335093],[-58.674154,-35.360382],[-58.663133,-35.354955],[-58.582085,-35.421434],[-58.525111,-35.366574],[-58.571654,-35.328204],[-58.46797,-35.238425]]]},"properties":{"fid":247,"Entidad":0,"Objeto":"Departamento","FNA":"Partido de Cañuelas","GNA":"Partido","NAM":"Cañuelas","SAG":"ARBA - Gerencia de Servicios Catastrales","FDC":null,"IN1":"06134","SHAPE_STAr":0.11733186506,"SHAPE_STLe":1.79903546774}},
{"type":"Feature","geometry":{"type":"Polygon","coordinates":[[[-58.667381,-34.685988],[-58.729025,-34.634784],[-58.757549,-34.660482],[-58.817952,-34.685484],[-58.860294,-34.685206],[-58.860894,-34.701334],[-58.750247,-34.777588],[-58.728396,-34.759307],[-58.703884,-34.778711],[-58.681935,-34.7595],[-58.67361,-34.766327],[-58.657915,-34.753297],[-58.675462,-34.739295],[-58.636154,-34.715029],[-58.640974,-34.704543],[-58.667381,-34.685988]]]},"properties":{"fid":214,"Entidad":0,"Objeto":"Departamento","FNA":"Partido de Merlo","GNA":"Partido","NAM":"Merlo","SAG":"ARBA - Gerencia de Servicios Catastrales","FDC":null,"IN1":"06539","SHAPE_STAr":0.0171276633516,"SHAPE_STLe":0.632400497267}},
{"type":"Feature","geometry":{"type":"Polygon","coordinates":[[[-58.164955,-35.867561],[-58.185232,-35.863478],[-58.204319,-35.825715],[-58.222413,-35.819436],[-58.263821,-35.823052],[-58.27113,-35.857918],[-58.282452,-35.860708],[-58.571854,-36.120966],[-58.70753,-36.01728],[-58.809197,-36.105666],[-58.828857,-36.110816],[-58.841322,-36.141395],[-58.763092,-36.208308],[-58.781514,-36.226881],[-58.597506,-36.363679],[-58.579097,-36.347371],[-58.43724,-36.452101],[-58.213044,-36.615471],[-58.226176,-36.627666],[-58.226189,-36.627681],[-58.217629,-36.635137],[-58.226176,-36.627666],[-58.203701,-36.607915],[-58.129355,-36.540596],[-58.101463,-36.521294],[-58.189421,-36.452361],[-57.987317,-36.277397],[-57.971748,-36.263965],[-57.959721,-36.252922],[-58.093219,-36.154813],[-57.966803,-36.064632],[-58.004343,-36.042141],[-58.025426,-36.032048],[-58.034742,-36.002286],[-58.008142,-35.960545],[-58.016239,-35.945352],[-58.09209,-35.949852],[-58.090674,-35.939232],[-58.111201,-35.933429],[-58.102518,-35.921674],[-58.137536,-35.905452],[-58.147228,-35.866575],[-58.164955,-35.867561]]]},"properties":{"fid":252,"Entidad":0,"Objeto":"Departamento","FNA":"Partido de Pila","GNA":"Partido","NAM":"Pila","SAG":"ARBA - Gerencia de Servicios Catastrales","FDC":null,"IN1":"06630","SHAPE_STAr":0.345675114984,"SHAPE_STLe":3.17917989112}},
{"type":"Feature","geometry":{"type":"Polygon","coordinates":[[[-58.529211,-34.65464],[-58.556107,-34.634703],[-58.581876,-34.64317],[-58.640974,-34.704543],[-58.636154,-34.715029],[-58.675462,-34.739295],[-58.657915,-34.753297],[-58.67361,-34.766327],[-58.681935,-34.7595],[-58.703884,-34.778711],[-58.728396,-34.759307],[-58.750247,-34.777588],[-58.707051,-34.811268],[-58.773244,-34.827613],[-58.749862,-34.847367],[-58.762494,-34.858422],[-58.694106,-34.912195],[-58.650331,-34.891087],[-58.615506,-34.818527],[-58.594479,-34.805573],[-58.568155,-34.758829],[-58.537507,-34.756953],[-58.538749,-34.746805],[-58.520507,-34.741056],[-58.500797,-34.722992],[-58.484116,-34.73256],[-58.464497,-34.703206],[-58.50262,-34.674594],[-58.529211,-34.65464]]]},"properties":{"fid":19,"Entidad":0,"Objeto":"Departamento","FNA":"Partido de La Matanza","GNA":"Partido","NAM":"La Matanza","SAG":"ARBA - Gerencia de Servicios Catastrales","FDC":null,"IN1":"06427","SHAPE_STAr":0.0322424202618,"SHAPE_STLe":1.13488053237}},
{"type":"Feature","geometry":{"type":"Polygon","coordinates":[[[-58.653486,-34.631612],[-58.693934,-34.593742],[-58.713374,-34.605638],[-58.729025,-34.634784],[-58.667381,-34.685988],[-58.653486,-34.631612]]]},"properties":{"fid":233,"Entidad":0,"Objeto":"Departamento","FNA":"Partido de Ituzaingó","GNA":"Partido","NAM":"Ituzaingó","SAG":"ARBA - Gerencia de Servicios Catastrales","FDC":null,"IN1":"06410","SHAPE_STAr":0.00374253458089,"SHAPE_STLe":0.256839368298}},
{"type":"Feature","geometry":{"type":"Polygon","coordinates":[[[-58.49186,-34.927632],[-58.510333,-34.901681],[-58.502852,-34.854959],[-58.524458,-34.779966],[-58.520507,-34.741056],[-58.538749,-34.746805],[-58.537507,-34.756953],[-58.568155,-34.758829],[-58.594479,-34.805573],[-58.615506,-34.818527],[-58.650331,-34.891087],[-58.599054,-34.942952],[-58.620151,-34.960741],[-58.556271,-35.007048],[-58.55317,-34.976277],[-58.491914,-34.930168],[-58.49186,-34.927632]]]},"properties":{"fid":244,"Entidad":0,"Objeto":"Departamento","FNA":"Partido de Ezeiza","GNA":"Partido","NAM":"Ezeiza","SAG":"ARBA - Gerencia de Servicios Catastrales","FDC":null,"IN1":"06270","SHAPE_STAr":0.0234829157615,"SHAPE_STLe":0.780911927873}},
{"type":"Feature","geometry":{"type":"Polygon","coordinates":[[[-58.46797,-35.238425],[-58.442963,-35.216238],[-58.35271,-35.137863],[-58.338844,-35.148527],[-58.273432,-35.092866],[-58.236268,-35.058275],[-58.246584,-35.048285],[-58.288398,-35.017265],[-58.277172,-35.009418],[-58.300786,-34.971682],[-58.288205,-34.965044],[-58.316317,-34.926331],[-58.394616,-34.958878],[-58.408331,-34.97787],[-58.430381,-34.978061],[-58.468702,-35.011275],[-58.463054,-34.951454],[-58.491914,-34.930168],[-58.55317,-34.976277],[-58.556271,-35.007048],[-58.600439,-35.052424],[-58.57932,-35.068346],[-58.577919,-35.151662],[-58.46797,-35.238425]]]},"properties":{"fid":248,"Entidad":0,"Objeto":"Departamento","FNA":"Partido de San Vicente","GNA":"Partido","NAM":"San Vicente","SAG":"ARBA - Gerencia de Servicios Catastrales","FDC":null,"IN1":"06778","SHAPE_STAr":0.0653057173252,"SHAPE_STLe":1.25168477961}},
{"type":"Feature","geometry":{"type":"Polygon","coordinates":[[[-58.154988,-35.408258],[-58.18685,-35.382581],[-58.219269,-35.408038],[-58.259555,-35.377109],[-58.246816,-35.365325],[-58.442963,-35.216238],[-58.46797,-35.238425],[-58.571654,-35.328204],[-58.525111,-35.366574],[-58.582085,-35.421434],[-58.470486,-35.511942],[-58.568715,-35.595902],[-58.499362,-35.645138],[-58.486524,-35.706937],[-58.462586,-35.686593],[-58.441379,-35.702871],[-58.436248,-35.733051],[-58.152389,-35.472373],[-58.193911,-35.440953],[-58.154988,-35.408258]]]},"properties":{"fid":20,"Entidad":0,"Objeto":"Departamento","FNA":"Partido de General Paz","GNA":"Partido","NAM":"General Paz","SAG":"ARBA - Gerencia de Servicios Catastrales","FDC":null,"IN1":"06343","SHAPE_STAr":0.119152712351,"SHAPE_STLe":1.74176605679}},
{"type":"Feature","geometry":{"type":"Polygon","coordinates":[[[-58.500797,-34.722992],[-58.520507,-34.741056],[-58.524458,-34.779966],[-58.502852,-34.854959],[-58.510333,-34.901681],[-58.49186,-34.927632],[-58.413042,-34.873576],[-58.447753,-34.825989],[-58.430528,-34.817248],[-58.500797,-34.722992]]]},"properties":{"fid":215,"Entidad":0,"Objeto":"Departamento","FNA":"Partido de Esteban Echeverría","GNA":"Partido","NAM":"Esteban Echeverría","SAG":"ARBA - Gerencia de Servicios Catastrales","FDC":null,"IN1":"06260","SHAPE_STAr":0.0119530189391,"SHAPE_STLe":0.529402090395}},
{"type":"Feature","geometry":{"type":"Polygon","coordinates":[[[-61.436136,-36.039237],[-61.450383,-36.051444],[-61.491487,-36.019098],[-61.596724,-36.107283],[-61.616375,-36.091585],[-61.689081,-36.14031],[-61.702618,-36.129266],[-61.742437,-36.16208],[-61.772554,-36.138559],[-61.944752,-36.268559],[-61.921176,-36.288428],[-61.944325,-36.314924],[-61.974442,-36.333632],[-62.014961,-36.300641],[-62.048248,-36.325905],[-61.954532,-36.404129],[-61.912066,-36.385782],[-61.763409,-36.524946],[-61.724667,-36.494265],[-61.406099,-36.240961],[-61.439692,-36.214419],[-61.269755,-36.071098],[-61.333186,-36.021412],[-61.393404,-36.071812],[-61.436136,-36.039237]]]},"properties":{"fid":257,"Entidad":0,"Objeto":"Departamento","FNA":"Partido de Hipólito Yrigoyen","GNA":"Partido","NAM":"Hipólito Yrigoyen","SAG":"ARBA - Gerencia de Servicios Catastrales","FDC":null,"IN1":"06406","SHAPE_STAr":0.16499115635,"SHAPE_STLe":2.20755778239}},
{"type":"Feature","geometry":{"type":"Polygon","coordinates":[[[-62.048248,-36.325905],[-62.144315,-36.245472],[-62.178949,-36.271882],[-62.205482,-36.249592],[-62.473292,-36.457208],[-62.411544,-36.50918],[-62.384667,-36.488435],[-62.223998,-36.622638],[-62.248976,-36.645955],[-62.201791,-36.684577],[-62.175476,-36.663314],[-62.000052,-36.811648],[-61.983549,-36.804705],[-61.996182,-36.820489],[-62.016622,-36.822298],[-61.993256,-36.854244],[-62.019701,-36.849688],[-61.859765,-36.992546],[-61.778158,-36.930425],[-61.760025,-36.945973],[-61.70785,-36.907189],[-61.60463,-36.994425],[-61.423479,-36.864583],[-61.254822,-36.734982],[-61.36885,-36.640992],[-61.497217,-36.744068],[-61.664098,-36.606887],[-61.616876,-36.569896],[-61.676978,-36.530082],[-61.685623,-36.535906],[-61.724667,-36.494265],[-61.763409,-36.524946],[-61.912066,-36.385782],[-61.954532,-36.404129],[-62.048248,-36.325905]]]},"properties":{"fid":260,"Entidad":0,"Objeto":"Departamento","FNA":"Partido de Daireaux","GNA":"Partido","NAM":"Daireaux","SAG":"ARBA - Gerencia de Servicios Catastrales","FDC":null,"IN1":"06231","SHAPE_STAr":0.385208770164,"SHAPE_STLe":3.5507465487}},
{"type":"Feature","geometry":{"type":"Polygon","coordinates":[[[-62.607583,-36.561423],[-62.625748,-36.50236],[-62.939748,-36.248841],[-62.978901,-36.280138],[-62.959267,-36.296075],[-63.03995,-36.359075],[-63.028399,-36.368805],[-63.067976,-36.399478],[-63.048637,-36.415414],[-63.127556,-36.479504],[-62.815859,-36.731801],[-62.607583,-36.561423]]]},"properties":{"fid":261,"Entidad":0,"Objeto":"Departamento","FNA":"Partido de Tres Lomas","GNA":"Partido","NAM":"Tres Lomas","SAG":"ARBA - Gerencia de Servicios Catastrales","FDC":null,"IN1":"06847","SHAPE_STAr":0.125932100859,"SHAPE_STLe":1.51467428792}},
{"type":"Feature","geometry":{"type":"Polygon","coordinates":[[[-62.899558,-35.259279],[-62.964607,-35.311894],[-63.115413,-35.188868],[-63.090385,-35.168254],[-63.139051,-35.128403],[-63.235514,-35.208572],[-63.211173,-35.22897],[-63.285144,-35.288491],[-63.310018,-35.267808],[-63.347169,-35.300041],[-63.329475,-35.323156],[-63.385671,-35.36969],[-63.385613,-35.455484],[-63.38547,-35.883677],[-63.20373,-36.033076],[-62.923601,-35.805193],[-62.932454,-35.798306],[-62.623811,-35.550743],[-62.777689,-35.408695],[-62.803814,-35.429501],[-62.873097,-35.371607],[-62.846541,-35.350452],[-62.893164,-35.311318],[-62.864144,-35.288502],[-62.899558,-35.259279]]]},"properties":{"fid":328,"Entidad":0,"Objeto":"Departamento","FNA":"Partido de Rivadavia","GNA":"Partido","NAM":"Rivadavia","SAG":"ARBA - Gerencia de Servicios Catastrales","FDC":null,"IN1":"06679","SHAPE_STAr":0.393286115105,"SHAPE_STLe":2.85135288945}},
{"type":"Feature","geometry":{"type":"Polygon","coordinates":[[[-62.348165,-34.653782],[-62.584849,-34.61069],[-62.59472,-34.650188],[-62.622173,-34.632497],[-62.606722,-34.99671],[-62.642162,-34.996989],[-62.610627,-35.022719],[-62.548554,-35.073872],[-62.471445,-35.010657],[-62.285185,-35.163819],[-62.270612,-35.151768],[-62.166223,-35.067128],[-62.185372,-35.0507],[-62.104559,-34.984689],[-62.205554,-34.890125],[-62.220666,-34.891339],[-62.22259,-34.854785],[-62.28306,-34.856773],[-62.28561,-34.813533],[-62.305054,-34.812823],[-62.240236,-34.76204],[-62.263804,-34.743064],[-62.188183,-34.682722],[-62.348165,-34.653782]]]},"properties":{"fid":380,"Entidad":0,"Objeto":"Departamento","FNA":"Partido de Florentino Ameghino","GNA":"Partido","NAM":"Florentino Ameghino","SAG":"ARBA - Gerencia de Servicios Catastrales","FDC":null,"IN1":"06277","SHAPE_STAr":0.178723994424,"SHAPE_STLe":2.15010439372}},
{"type":"Feature","geometry":{"type":"Polygon","coordinates":[[[-61.329167,-34.453145],[-61.416972,-34.392317],[-61.395408,-34.373502],[-61.471675,-34.307407],[-61.508861,-34.336846],[-61.549084,-34.303386],[-61.610784,-34.352721],[-61.648571,-34.319323],[-61.717601,-34.383607],[-61.813759,-34.383597],[-61.983941,-34.518249],[-61.84537,-34.637413],[-61.769608,-34.576422],[-61.711613,-34.628025],[-61.644585,-34.683654],[-61.611618,-34.656699],[-61.597606,-34.668713],[-61.516405,-34.603201],[-61.436411,-34.671162],[-61.338484,-34.592169],[-61.275199,-34.541214],[-61.355509,-34.473947],[-61.329167,-34.453145]]]},"properties":{"fid":322,"Entidad":0,"Objeto":"Departamento","FNA":"Partido de Leandro N. Alem","GNA":"Partido","NAM":"Leandro N. Alem","SAG":"ARBA - Gerencia de Servicios Catastrales","FDC":null,"IN1":"06462","SHAPE_STAr":0.157656360177,"SHAPE_STLe":1.94309163002}},
{"type":"Feature","geometry":{"type":"Polygon","coordinates":[[[-63.385613,-35.455484],[-63.93738,-35.452207],[-63.939771,-35.814017],[-63.940406,-35.90445],[-63.385435,-35.905471],[-63.38547,-35.883677],[-63.385613,-35.455484]]]},"properties":{"fid":420,"Entidad":0,"Objeto":"Departamento","FNA":"Departamento Maracó","GNA":"Departamento","NAM":"Maracó","SAG":"Direc. Grl. de Catastro","FDC":null,"IN1":"42105","SHAPE_STAr":0.249578904405,"SHAPE_STLe":2.00904393147}},
{"type":"Feature","geometry":{"type":"Polygon","coordinates":[[[-63.9385,-35.452205],[-64.487673,-35.449911],[-64.4932,-35.810673],[-63.939771,-35.814017],[-63.93738,-35.452207],[-63.9385,-35.452205]]]},"properties":{"fid":421,"Entidad":0,"Objeto":"Departamento","FNA":"Departamento Trenel","GNA":"Departamento","NAM":"Trenel","SAG":"Direc. Grl. de Catastro","FDC":null,"IN1":"42147","SHAPE_STAr":0.199390365614,"SHAPE_STLe":1.82635968396}},
{"type":"Feature","geometry":{"type":"Polygon","coordinates":[[[-63.385435,-35.905471],[-63.940406,-35.90445],[-63.942909,-36.265613],[-63.943343,-36.35557],[-63.385556,-36.356316],[-63.385435,-35.905471]]]},"properties":{"fid":422,"Entidad":0,"Objeto":"Departamento","FNA":"Departamento Quemú Quemú","GNA":"Departamento","NAM":"Quemú Quemú","SAG":"Direc. Grl. de Catastro","FDC":null,"IN1":"42119","SHAPE_STAr":0.250961812792,"SHAPE_STLe":2.01483916477}},
{"type":"Feature","geometry":{"type":"Polygon","coordinates":[[[-64.499617,-36.260164],[-63.942909,-36.265613],[-63.940406,-35.90445],[-63.939771,-35.814017],[-64.4932,-35.810673],[-65.117054,-35.801066],[-65.116957,-35.978898],[-65.050417,-35.980454],[-65.056547,-36.254714],[-64.499617,-36.260164]]]},"properties":{"fid":424,"Entidad":0,"Objeto":"Departamento","FNA":"Departamento Conhelo","GNA":"Departamento","NAM":"Conhelo","SAG":"Direc. Grl. de Catastro","FDC":null,"IN1":"42035","SHAPE_STAr":0.512730232489,"SHAPE_STLe":3.26138417965}},
{"type":"Feature","geometry":{"type":"Polygon","coordinates":[[[-63.942909,-36.265613],[-64.499617,-36.260164],[-64.505383,-36.622327],[-64.356967,-36.624948],[-64.28265,-36.686817],[-64.282981,-36.715189],[-64.170455,-36.716355],[-64.169899,-36.805552],[-63.945801,-36.806208],[-63.943343,-36.35557],[-63.942909,-36.265613]]]},"properties":{"fid":425,"Entidad":0,"Objeto":"Departamento","FNA":"Departamento Capital","GNA":"Departamento","NAM":"Capital","SAG":"Direc. Grl. de Catastro","FDC":null,"IN1":"42021","SHAPE_STAr":0.255303190985,"SHAPE_STLe":2.1590748301}},
{"type":"Feature","geometry":{"type":"Polygon","coordinates":[[[-63.385315,-36.807844],[-63.385393,-36.524924],[-63.385556,-36.356316],[-63.943343,-36.35557],[-63.945801,-36.806208],[-63.385315,-36.807844]]]},"properties":{"fid":426,"Entidad":0,"Objeto":"Departamento","FNA":"Departamento Catriló","GNA":"Departamento","NAM":"Catriló","SAG":"Direc. Grl. de Catastro","FDC":null,"IN1":"42028","SHAPE_STAr":0.2523090981,"SHAPE_STLe":2.02057201643}},
{"type":"Feature","geometry":{"type":"Polygon","coordinates":[[[-64.499617,-36.260164],[-65.056547,-36.254714],[-65.071335,-36.977222],[-64.172098,-36.986759],[-64.169899,-36.805552],[-64.170455,-36.716355],[-64.282981,-36.715189],[-64.28265,-36.686817],[-64.356967,-36.624948],[-64.505383,-36.622327],[-64.499617,-36.260164]]]},"properties":{"fid":429,"Entidad":0,"Objeto":"Departamento","FNA":"Departamento Toay","GNA":"Departamento","NAM":"Toay","SAG":"Direc. Grl. de Catastro","FDC":null,"IN1":"42140","SHAPE_STAr":0.513007743081,"SHAPE_STLe":3.19758169346}},
{"type":"Feature","geometry":{"type":"Polygon","coordinates":[[[-58.279639,-34.678642],[-58.341887,-34.631097],[-58.374052,-34.657194],[-58.402539,-34.659987],[-58.333505,-34.726984],[-58.279639,-34.678642]]]},"properties":{"fid":501,"Entidad":0,"Objeto":"Departamento","FNA":"Partido de Avellaneda","GNA":"Partido","NAM":"Avellaneda","SAG":"ARBA - Gerencia de Servicios Catastrales","FDC":null,"IN1":"06035","SHAPE_STAr":0.00553081824272,"SHAPE_STLe":0.345276277338}},
{"type":"Feature","geometry":{"type":"Polygon","coordinates":[[[-70.957896,-39.522636],[-70.987854,-39.53293],[-71.001621,-39.519468],[-71.018063,-39.529018],[-71.065232,-39.514159],[-71.076153,-39.525698],[-71.086046,-39.516943],[-71.129373,-39.517351],[-71.157844,-39.528969],[-71.174652,-39.521128],[-71.202142,-39.465833],[-71.231012,-39.46603],[-71.239015,-39.449103],[-71.283848,-39.480529],[-71.303313,-39.468615],[-71.333374,-39.482665],[-71.362364,-39.465636],[-71.380378,-39.469649],[-71.390298,-39.455825],[-71.447873,-39.451317],[-71.465052,-39.458316],[-71.472945,-39.493267],[-71.517404,-39.504169],[-71.534296,-39.529454],[-71.503986,-39.56038],[-71.467198,-39.557859],[-71.474496,-39.574213],[-71.461119,-39.582861],[-71.501742,-39.637683],[-71.541032,-39.624339],[-71.576638,-39.63625],[-71.610089,-39.628199],[-71.623946,-39.592163],[-71.656062,-39.587477],[-71.674175,-39.563639],[-71.698683,-39.587356],[-71.694881,-39.624544],[-71.716013,-39.63442],[-71.717225,-39.649529],[-71.669482,-39.683012],[-71.671219,-39.692304],[-71.704063,-39.695778],[-71.693721,-39.707251],[-71.712425,-39.72442],[-71.680874,-39.768616],[-71.683621,-39.801904],[-71.666969,-39.807206],[-71.692105,-39.824528],[-71.69154,-39.841421],[-71.670075,-39.862937],[-71.642913,-39.853395],[-71.633514,-39.881747],[-71.61267,-39.87437],[-71.592495,-39.901158],[-71.59819,-39.929282],[-71.625177,-39.937874],[-71.619905,-39.972494],[-71.651132,-39.971381],[-71.674652,-40.02406],[-71.646852,-40.039078],[-71.61313,-40.040614],[-71.590336,-40.028024],[-71.520715,-40.038741],[-71.376999,-40.024086],[-71.329373,-40.065494],[-71.279353,-40.092315],[-71.245501,-40.089015],[-71.240277,-40.099453],[-71.178821,-40.097727],[-71.132099,-40.067035],[-71.070068,-40.056756],[-71.018998,-40.092511],[-70.947946,-40.107359],[-70.876929,-40.066101],[-70.815345,-40.062216],[-70.839293,-40.026043],[-70.827,-40.005036],[-70.845422,-39.987402],[-70.847689,-39.954484],[-70.829941,-39.949241],[-70.847588,-39.916319],[-70.839628,-39.888839],[-70.834772,-39.876317],[-70.862122,-39.86119],[-70.873756,-39.795832],[-70.922745,-39.778501],[-70.935747,-39.75976],[-70.911497,-39.740264],[-70.881952,-39.736228],[-70.901131,-39.712517],[-70.880704,-39.668027],[-70.934346,-39.663436],[-70.945688,-39.646667],[-70.935105,-39.594358],[-70.957728,-39.585113],[-70.971336,-39.55963],[-70.955067,-39.550282],[-70.957896,-39.522636]]]},"properties":{"fid":179,"Entidad":0,"Objeto":"Departamento","FNA":"Departamento Huiliches","GNA":"Departamento","NAM":"Huiliches","SAG":"Direc. Pcial. de Catastro e Inf. Territorial","FDC":null,"IN1":"58049","SHAPE_STAr":0.423455390083,"SHAPE_STLe":3.96192136425}},
{"type":"Feature","geometry":{"type":"Polygon","coordinates":[[[-70.890548,-38.720686],[-70.9285,-38.763897],[-70.981192,-38.759919],[-71.001254,-38.770106],[-71.052182,-38.757491],[-71.070047,-38.769724],[-71.093818,-38.754878],[-71.117365,-38.781516],[-71.133796,-38.780764],[-71.149265,-38.799429],[-71.17988,-38.801563],[-71.185317,-38.814866],[-71.212588,-38.815827],[-71.237836,-38.802516],[-71.268035,-38.827296],[-71.267944,-38.853171],[-71.296536,-38.873354],[-71.33583,-38.876193],[-71.375461,-38.907128],[-71.433604,-38.928944],[-71.441512,-38.981027],[-71.413551,-39.008095],[-71.421398,-39.025244],[-71.396008,-39.045635],[-71.417732,-39.069662],[-71.40737,-39.095779],[-71.421186,-39.151075],[-71.401036,-39.165006],[-71.381073,-39.211327],[-71.391909,-39.215804],[-71.382365,-39.23765],[-71.392545,-39.250254],[-71.373911,-39.279886],[-71.392484,-39.295551],[-71.385637,-39.318154],[-71.400365,-39.350604],[-71.433572,-39.372116],[-71.457023,-39.37057],[-71.44448,-39.403475],[-71.464174,-39.419533],[-71.450236,-39.42626],[-71.447873,-39.451317],[-71.390298,-39.455825],[-71.380378,-39.469649],[-71.362364,-39.465636],[-71.333374,-39.482665],[-71.303313,-39.468615],[-71.283848,-39.480529],[-71.239015,-39.449103],[-71.231012,-39.46603],[-71.202142,-39.465833],[-71.174652,-39.521128],[-71.157844,-39.528969],[-71.129373,-39.517351],[-71.086046,-39.516943],[-71.076153,-39.525698],[-71.065232,-39.514159],[-71.018063,-39.529018],[-71.001621,-39.519468],[-70.987854,-39.53293],[-70.957896,-39.522636],[-70.930653,-39.539735],[-70.881152,-39.538651],[-70.877934,-39.524952],[-70.833224,-39.522083],[-70.830195,-39.481038],[-70.799971,-39.465096],[-70.751533,-39.464939],[-70.754547,-39.436011],[-70.769525,-39.436271],[-70.779111,-39.417171],[-70.765171,-39.395723],[-70.792615,-39.392664],[-70.813988,-39.374014],[-70.785832,-39.360391],[-70.778374,-39.310358],[-70.759798,-39.286516],[-70.727076,-39.275037],[-70.748485,-39.239272],[-70.727426,-39.138659],[-70.737104,-39.111424],[-70.727227,-39.0791],[-70.741992,-39.049669],[-70.717051,-39.036001],[-70.706843,-39.013573],[-70.682014,-39.049065],[-70.624778,-39.062613],[-70.610306,-39.037734],[-70.62745,-39.008875],[-70.60282,-38.991622],[-70.660311,-38.923139],[-70.650153,-38.849582],[-70.699994,-38.808583],[-70.697995,-38.788661],[-70.740736,-38.789888],[-70.767252,-38.772862],[-70.781853,-38.732405],[-70.81776,-38.743427],[-70.849029,-38.723661],[-70.890548,-38.720686]]]},"properties":{"fid":336,"Entidad":0,"Objeto":"Departamento","FNA":"Departamento Aluminé","GNA":"Departamento","NAM":"Aluminé","SAG":"Direc. Pcial. de Catastro e Inf. Territorial","FDC":null,"IN1":"58007","SHAPE_STAr":0.493722172455,"SHAPE_STLe":3.86976360177}},
{"type":"Feature","geometry":{"type":"Polygon","coordinates":[[[-70.475292,-36.173573],[-70.49132,-36.178856],[-70.52343,-36.14715],[-70.569452,-36.132659],[-70.582858,-36.147299],[-70.570909,-36.175553],[-70.633233,-36.21716],[-70.632115,-36.239011],[-70.666451,-36.243432],[-70.706203,-36.272585],[-70.685459,-36.283764],[-70.684848,-36.304747],[-70.712428,-36.344968],[-70.681813,-36.372657],[-70.679276,-36.389966],[-70.712979,-36.427768],[-70.73942,-36.429809],[-70.735122,-36.415668],[-70.747786,-36.405874],[-70.773182,-36.42883],[-70.790897,-36.428747],[-70.817692,-36.395373],[-70.849166,-36.41867],[-70.869068,-36.411146],[-70.864833,-36.397248],[-70.883775,-36.396241],[-70.893884,-36.471272],[-70.927976,-36.47438],[-70.956368,-36.50358],[-71.010865,-36.48761],[-71.021657,-36.472594],[-71.038351,-36.477352],[-71.057176,-36.618662],[-71.027377,-36.663179],[-71.012001,-36.663912],[-71.009206,-36.691237],[-71.064871,-36.714651],[-71.085886,-36.678203],[-71.113255,-36.679445],[-71.131936,-36.814671],[-71.153066,-36.827913],[-71.16275,-36.819109],[-71.180011,-36.841421],[-71.163145,-36.86138],[-71.13844,-36.853286],[-71.119116,-36.869184],[-71.149266,-36.901357],[-71.144005,-36.929341],[-71.095621,-36.925336],[-71.088013,-36.938019],[-71.10596,-36.970886],[-71.148462,-36.980817],[-71.184866,-36.968202],[-71.222396,-36.978246],[-71.167303,-36.996985],[-71.143666,-37.032563],[-71.141774,-37.069539],[-71.12,-37.074144],[-71.12282,-37.091633],[-71.092386,-37.114238],[-71.135304,-37.147754],[-71.114244,-37.205987],[-71.170419,-37.225392],[-71.15977,-37.241042],[-71.163519,-37.308099],[-71.147135,-37.333088],[-71.094951,-37.366021],[-71.069295,-37.361199],[-71.049768,-37.37144],[-71.007896,-37.35822],[-70.97968,-37.365389],[-70.882435,-37.341731],[-70.795739,-37.349924],[-70.727683,-37.331182],[-70.712474,-37.34465],[-70.701259,-37.334971],[-70.62122,-37.358271],[-70.61149,-37.378857],[-70.594899,-37.368871],[-70.584606,-37.3828],[-70.578205,-37.371944],[-70.563764,-37.377986],[-70.5568,-37.365184],[-70.535651,-37.379267],[-70.534165,-37.366823],[-70.511758,-37.365044],[-70.475292,-36.173573]]]},"properties":{"fid":141,"Entidad":0,"Objeto":"Departamento","FNA":"Departamento Minas","GNA":"Departamento","NAM":"Minas","SAG":"Direc. Pcial. de Catastro e Inf. Territorial","FDC":null,"IN1":"58077","SHAPE_STAr":0.611621026094,"SHAPE_STLe":4.8790906068}},
{"type":"Feature","geometry":{"type":"Polygon","coordinates":[[[-70.511758,-37.365044],[-70.534165,-37.366823],[-70.535651,-37.379267],[-70.5568,-37.365184],[-70.563764,-37.377986],[-70.578205,-37.371944],[-70.584606,-37.3828],[-70.594899,-37.368871],[-70.61149,-37.378857],[-70.62122,-37.358271],[-70.701259,-37.334971],[-70.712474,-37.34465],[-70.727683,-37.331182],[-70.795739,-37.349924],[-70.882435,-37.341731],[-70.97968,-37.365389],[-71.007896,-37.35822],[-71.049768,-37.37144],[-71.069295,-37.361199],[-71.094951,-37.366021],[-71.147135,-37.333088],[-71.163519,-37.308099],[-71.15977,-37.241042],[-71.187988,-37.275906],[-71.221042,-37.275106],[-71.20778,-37.338298],[-71.185676,-37.354768],[-71.201666,-37.365126],[-71.197326,-37.383857],[-71.157564,-37.396688],[-71.142498,-37.440166],[-71.120064,-37.458078],[-71.122482,-37.503414],[-71.15153,-37.539287],[-71.136965,-37.545711],[-71.125972,-37.581575],[-71.146205,-37.608059],[-71.196321,-37.629197],[-71.212728,-37.688182],[-71.183816,-37.736935],[-71.156233,-37.757189],[-71.169848,-37.785361],[-71.126438,-37.82073],[-71.182994,-37.85843],[-71.134215,-37.863032],[-71.107213,-37.892145],[-71.111808,-37.91904],[-71.040392,-37.942539],[-71.023885,-37.958339],[-70.950558,-37.959665],[-70.897367,-37.94368],[-70.684083,-37.960337],[-70.602604,-38.004522],[-70.03175,-37.633959],[-70.046067,-37.556725],[-70.084932,-37.530271],[-70.095523,-37.501193],[-70.172546,-37.476028],[-70.222928,-37.410031],[-70.270302,-37.397422],[-70.316741,-37.3672],[-70.333596,-37.373056],[-70.366911,-37.36352],[-70.411305,-37.385756],[-70.448577,-37.344013],[-70.459142,-37.365182],[-70.511758,-37.365044]]]},"properties":{"fid":137,"Entidad":0,"Objeto":"Departamento","FNA":"Departamento Ñorquín","GNA":"Departamento","NAM":"Ñorquín","SAG":"Direc. Pcial. de Catastro e Inf. Territorial","FDC":null,"IN1":"58084","SHAPE_STAr":0.567044230207,"SHAPE_STLe":4.07414747462}},
{"type":"Feature","geometry":{"type":"Polygon","coordinates":[[[-69.88569,-37.691361],[-69.908911,-37.667349],[-69.943122,-37.670918],[-70.030862,-37.654394],[-70.03175,-37.633959],[-70.602604,-38.004522],[-70.684083,-37.960337],[-70.897367,-37.94368],[-70.950558,-37.959665],[-71.023885,-37.958339],[-71.040392,-37.942539],[-71.111808,-37.91904],[-71.113907,-37.952057],[-71.064338,-37.968785],[-71.06765,-37.989462],[-71.05126,-37.99207],[-71.062597,-38.016417],[-71.054798,-38.043733],[-70.98799,-38.087752],[-70.988577,-38.110265],[-71.017335,-38.113214],[-70.927463,-38.26091],[-70.908414,-38.277048],[-70.844355,-38.295855],[-70.81781,-38.323526],[-70.768136,-38.329394],[-70.709308,-38.309255],[-70.647438,-38.268972],[-70.613555,-38.267081],[-70.589345,-38.312135],[-69.901798,-38.321778],[-69.883764,-38.306195],[-69.804907,-38.317369],[-69.762611,-38.337757],[-69.75722,-38.328691],[-69.705664,-38.37041],[-69.710441,-38.345242],[-69.694813,-38.326954],[-69.717704,-38.329825],[-69.739715,-38.300104],[-69.72071,-38.29579],[-69.732327,-38.275075],[-69.717543,-38.242323],[-69.741342,-38.231333],[-69.73849,-38.20805],[-69.757324,-38.1931],[-69.733525,-38.180175],[-69.741149,-38.164464],[-69.76042,-38.16698],[-69.764483,-38.122904],[-69.785679,-38.121895],[-69.776721,-38.105243],[-69.81444,-38.087961],[-69.800432,-38.064781],[-69.821715,-38.060292],[-69.839787,-38.035178],[-69.824308,-38.022951],[-69.802282,-38.034189],[-69.813733,-38.020592],[-69.806004,-37.999074],[-69.821255,-37.992508],[-69.794241,-37.971599],[-69.816491,-37.943583],[-69.839541,-37.947874],[-69.828178,-37.928878],[-69.852218,-37.914386],[-69.851744,-37.872342],[-69.864116,-37.851203],[-69.887505,-37.84388],[-69.872777,-37.825922],[-69.843615,-37.830185],[-69.861602,-37.816973],[-69.85217,-37.780591],[-69.870483,-37.768897],[-69.865482,-37.722546],[-69.885482,-37.714625],[-69.88569,-37.691361]]]},"properties":{"fid":136,"Entidad":0,"Objeto":"Departamento","FNA":"Departamento Loncopué","GNA":"Departamento","NAM":"Loncopué","SAG":"Direc. Pcial. de Catastro e Inf. Territorial","FDC":null,"IN1":"58063","SHAPE_STAr":0.565187413577,"SHAPE_STLe":4.68160782659}},
{"type":"Feature","geometry":{"type":"Polygon","coordinates":[[[-71.017335,-38.113214],[-71.042905,-38.12321],[-70.996652,-38.170985],[-70.997004,-38.20234],[-71.020758,-38.213369],[-71.017891,-38.23869],[-71.031711,-38.249729],[-71.008986,-38.261689],[-71.010409,-38.282709],[-70.997618,-38.291988],[-70.984018,-38.430662],[-70.951766,-38.450228],[-70.910659,-38.503798],[-70.866744,-38.513648],[-70.843061,-38.537524],[-70.826446,-38.591014],[-70.837009,-38.612522],[-70.904512,-38.666862],[-70.900524,-38.689673],[-70.884588,-38.697997],[-70.890548,-38.720686],[-70.849029,-38.723661],[-70.81776,-38.743427],[-70.781853,-38.732405],[-70.767252,-38.772862],[-70.740736,-38.789888],[-70.697995,-38.788661],[-70.699994,-38.808583],[-70.650153,-38.849582],[-70.660311,-38.923139],[-70.60282,-38.991622],[-70.62745,-39.008875],[-70.610306,-39.037734],[-70.624778,-39.062613],[-70.612816,-39.121765],[-70.600062,-39.122939],[-70.486552,-39.038677],[-70.140058,-38.782845],[-70.060524,-38.775752],[-70.000634,-38.710009],[-69.945192,-38.685271],[-69.902261,-38.640733],[-69.778053,-38.604619],[-69.748891,-38.524352],[-69.724293,-38.512669],[-69.661406,-38.509097],[-69.617461,-38.478127],[-69.558434,-38.469071],[-69.543504,-38.48078],[-69.574209,-38.437223],[-69.609529,-38.420834],[-69.637473,-38.424271],[-69.651617,-38.401135],[-69.671333,-38.394376],[-69.669606,-38.37808],[-69.705664,-38.37041],[-69.75722,-38.328691],[-69.762611,-38.337757],[-69.804907,-38.317369],[-69.883764,-38.306195],[-69.901798,-38.321778],[-70.589345,-38.312135],[-70.613555,-38.267081],[-70.647438,-38.268972],[-70.709308,-38.309255],[-70.768136,-38.329394],[-70.81781,-38.323526],[-70.844355,-38.295855],[-70.908414,-38.277048],[-70.927463,-38.26091],[-71.017335,-38.113214]]]},"properties":{"fid":134,"Entidad":0,"Objeto":"Departamento","FNA":"Departamento Picunches","GNA":"Departamento","NAM":"Picunches","SAG":"Direc. Pcial. de Catastro e Inf. Territorial","FDC":null,"IN1":"58105","SHAPE_STAr":0.624817094109,"SHAPE_STLe":4.97305652841}},
{"type":"Feature","geometry":{"type":"Polygon","coordinates":[[[-70.624778,-39.062613],[-70.682014,-39.049065],[-70.706843,-39.013573],[-70.717051,-39.036001],[-70.741992,-39.049669],[-70.727227,-39.0791],[-70.737104,-39.111424],[-70.727426,-39.138659],[-70.748485,-39.239272],[-70.727076,-39.275037],[-70.759798,-39.286516],[-70.778374,-39.310358],[-70.785832,-39.360391],[-70.813988,-39.374014],[-70.792615,-39.392664],[-70.765171,-39.395723],[-70.779111,-39.417171],[-70.769525,-39.436271],[-70.754547,-39.436011],[-70.751533,-39.464939],[-70.799971,-39.465096],[-70.830195,-39.481038],[-70.833224,-39.522083],[-70.877934,-39.524952],[-70.881152,-39.538651],[-70.930653,-39.539735],[-70.957896,-39.522636],[-70.955067,-39.550282],[-70.971336,-39.55963],[-70.957728,-39.585113],[-70.935105,-39.594358],[-70.945688,-39.646667],[-70.934346,-39.663436],[-70.880704,-39.668027],[-70.901131,-39.712517],[-70.881952,-39.736228],[-70.911497,-39.740264],[-70.935747,-39.75976],[-70.922745,-39.778501],[-70.873756,-39.795832],[-70.862122,-39.86119],[-70.834772,-39.876317],[-70.839628,-39.888839],[-70.810101,-39.874161],[-70.822292,-39.852334],[-70.813853,-39.824896],[-70.731384,-39.889565],[-70.688838,-39.858695],[-70.643986,-39.895142],[-70.347735,-39.678175],[-70.174336,-39.81789],[-69.836933,-39.567984],[-70.028095,-39.415426],[-69.898468,-39.318261],[-69.944274,-39.283323],[-69.979322,-39.279842],[-70.051526,-39.245395],[-70.058292,-39.215381],[-70.076372,-39.206589],[-70.150027,-39.190773],[-70.24119,-39.197142],[-70.275195,-39.179983],[-70.317268,-39.131235],[-70.364722,-39.11922],[-70.378126,-39.127888],[-70.486552,-39.038677],[-70.600062,-39.122939],[-70.612816,-39.121765],[-70.624778,-39.062613]]]},"properties":{"fid":180,"Entidad":0,"Objeto":"Departamento","FNA":"Departamento Catán Lil","GNA":"Departamento","NAM":"Catán Lil","SAG":"Direc. Pcial. de Catastro e Inf. Territorial","FDC":null,"IN1":"58021","SHAPE_STAr":0.576045672086,"SHAPE_STLe":4.48719511767}},
{"type":"Feature","geometry":{"type":"Polygon","coordinates":[[[-69.528097,-39.814447],[-69.836933,-39.567984],[-70.174336,-39.81789],[-70.347735,-39.678175],[-70.643986,-39.895142],[-70.688838,-39.858695],[-70.731384,-39.889565],[-70.813853,-39.824896],[-70.822292,-39.852334],[-70.810101,-39.874161],[-70.839628,-39.888839],[-70.847588,-39.916319],[-70.829941,-39.949241],[-70.847689,-39.954484],[-70.845422,-39.987402],[-70.827,-40.005036],[-70.839293,-40.026043],[-70.815345,-40.062216],[-70.781879,-40.096974],[-70.753178,-40.103753],[-70.737164,-40.1449],[-70.709699,-40.158317],[-70.698475,-40.186299],[-70.66716,-40.201613],[-70.66314,-40.225972],[-70.638776,-40.237754],[-70.672631,-40.275071],[-70.657375,-40.306898],[-70.693192,-40.357843],[-70.664429,-40.37556],[-70.676546,-40.398302],[-70.651029,-40.454446],[-70.60794,-40.49558],[-70.57287,-40.489921],[-70.532227,-40.504517],[-70.465088,-40.512207],[-70.424927,-40.536316],[-70.298375,-40.504391],[-70.24735,-40.505363],[-70.17883,-40.489812],[-70.168139,-40.474261],[-70.174942,-40.42761],[-70.103021,-40.405741],[-70.062686,-40.37464],[-70.049565,-40.317783],[-70.058823,-40.248955],[-70.002085,-40.203202],[-69.992035,-40.179968],[-69.950278,-40.178985],[-69.97069,-40.121037],[-69.994794,-40.103134],[-70.005372,-40.047434],[-69.970888,-39.977742],[-69.931229,-39.943263],[-69.880453,-39.930083],[-69.865938,-39.910899],[-69.75495,-39.87597],[-69.696568,-39.846311],[-69.671156,-39.849845],[-69.650723,-39.836207],[-69.628676,-39.842549],[-69.58468,-39.814557],[-69.528097,-39.814447]]]},"properties":{"fid":183,"Entidad":0,"Objeto":"Departamento","FNA":"Departamento Collón Curá","GNA":"Departamento","NAM":"Collón Curá","SAG":"Direc. Pcial. de Catastro e Inf. Territorial","FDC":null,"IN1":"58028","SHAPE_STAr":0.608714248813,"SHAPE_STLe":4.34089207419}},
{"type":"Feature","geometry":{"type":"Polygon","coordinates":[[[-70.042544,-36.659048],[-70.075919,-36.606619],[-70.122784,-36.570776],[-70.138399,-36.526799],[-70.182854,-36.490786],[-70.201683,-36.453621],[-70.195654,-36.423378],[-70.220129,-36.332172],[-70.266651,-36.322405],[-70.303577,-36.340558],[-70.338949,-36.336924],[-70.351494,-36.324274],[-70.372183,-36.280165],[-70.370616,-36.223792],[-70.394986,-36.194329],[-70.397378,-36.119489],[-70.415075,-36.109908],[-70.421437,-36.156434],[-70.449231,-36.173159],[-70.475292,-36.173573],[-70.511758,-37.365044],[-70.459142,-37.365182],[-70.448577,-37.344013],[-70.411305,-37.385756],[-70.366911,-37.36352],[-70.333596,-37.373056],[-70.316741,-37.3672],[-70.270302,-37.397422],[-70.222928,-37.410031],[-70.172546,-37.476028],[-70.095523,-37.501193],[-70.083831,-37.475139],[-70.104959,-37.434576],[-70.099832,-37.406018],[-70.020431,-37.28517],[-70.057805,-37.257971],[-70.042544,-36.659048]]]},"properties":{"fid":142,"Entidad":0,"Objeto":"Departamento","FNA":"Departamento Chos Malal","GNA":"Departamento","NAM":"Chos Malal","SAG":"Direc. Pcial. de Catastro e Inf. Territorial","FDC":null,"IN1":"58042","SHAPE_STAr":0.462744142218,"SHAPE_STLe":3.74296705147}},
{"type":"Feature","geometry":{"type":"Polygon","coordinates":[[[-69.543504,-38.48078],[-69.558434,-38.469071],[-69.617461,-38.478127],[-69.661406,-38.509097],[-69.724293,-38.512669],[-69.748891,-38.524352],[-69.778053,-38.604619],[-69.902261,-38.640733],[-69.945192,-38.685271],[-70.000634,-38.710009],[-70.060524,-38.775752],[-70.140058,-38.782845],[-70.486552,-39.038677],[-70.378126,-39.127888],[-70.364722,-39.11922],[-70.317268,-39.131235],[-70.275195,-39.179983],[-70.24119,-39.197142],[-70.150027,-39.190773],[-70.076372,-39.206589],[-70.058292,-39.215381],[-70.051526,-39.245395],[-69.979322,-39.279842],[-69.944274,-39.283323],[-69.898468,-39.318261],[-69.713348,-39.178849],[-69.620834,-39.253027],[-69.285972,-38.999886],[-69.547513,-38.79324],[-69.317298,-38.61432],[-69.328701,-38.594547],[-69.347826,-38.59905],[-69.397282,-38.55904],[-69.412236,-38.507149],[-69.46455,-38.485815],[-69.484873,-38.508447],[-69.484966,-38.493218],[-69.536367,-38.492266],[-69.543504,-38.48078]]]},"properties":{"fid":335,"Entidad":0,"Objeto":"Departamento","FNA":"Departamento Zapala","GNA":"Departamento","NAM":"Zapala","SAG":"Direc. Pcial. de Catastro e Inf. Territorial","FDC":null,"IN1":"58112","SHAPE_STAr":0.542097087304,"SHAPE_STLe":3.97458818503}},
{"type":"Feature","geometry":{"type":"Polygon","coordinates":[[[-68.249979,-37.574814],[-68.289886,-37.559042],[-68.349099,-37.556651],[-68.354952,-37.547228],[-68.401176,-37.558733],[-68.436663,-37.544564],[-68.504908,-37.454093],[-68.569917,-37.456282],[-68.613669,-37.438625],[-68.634087,-37.4475],[-68.69658,-37.442344],[-68.721642,-37.388937],[-68.766087,-37.366485],[-68.865168,-37.401251],[-68.884681,-37.381995],[-68.942997,-37.371829],[-68.97713,-37.379296],[-69.026041,-37.364793],[-69.049299,-37.314666],[-69.038293,-37.255636],[-69.064131,-37.223647],[-69.172879,-37.177907],[-69.219642,-37.17739],[-69.268318,-37.144501],[-69.299175,-37.155066],[-69.334915,-37.151425],[-69.351547,-37.163989],[-69.377674,-37.159563],[-69.396988,-37.171903],[-69.430074,-37.159493],[-69.464976,-37.172555],[-69.529573,-37.174436],[-69.627498,-37.143722],[-69.711541,-37.101483],[-69.755634,-37.068641],[-69.764594,-37.000288],[-69.776257,-36.991224],[-69.778998,-36.916821],[-69.752076,-36.886167],[-69.759652,-36.87152],[-69.850603,-36.846272],[-69.873573,-36.811398],[-69.921746,-36.794819],[-69.920033,-36.762267],[-69.943926,-36.744923],[-69.94753,-36.721607],[-69.987484,-36.692897],[-70.012165,-36.695526],[-70.02208,-36.665844],[-70.042544,-36.659048],[-70.057805,-37.257971],[-70.020431,-37.28517],[-70.099832,-37.406018],[-70.104959,-37.434576],[-70.083831,-37.475139],[-70.095523,-37.501193],[-70.084932,-37.530271],[-70.046067,-37.556725],[-70.03175,-37.633959],[-70.030862,-37.654394],[-69.943122,-37.670918],[-69.908911,-37.667349],[-69.88569,-37.691361],[-68.25,-37.704528],[-68.249979,-37.576686],[-68.249979,-37.574814]]]},"properties":{"fid":140,"Entidad":0,"Objeto":"Departamento","FNA":"Departamento Pehuenches","GNA":"Departamento","NAM":"Pehuenches","SAG":"Direc. Pcial. de Catastro e Inf. Territorial","FDC":null,"IN1":"58091","SHAPE_STAr":0.848135979775,"SHAPE_STLe":5.76930054686}},
{"type":"Feature","geometry":{"type":"Polygon","coordinates":[[[-68.819756,-39.368852],[-69.285972,-38.999886],[-69.620834,-39.253027],[-69.713348,-39.178849],[-69.898468,-39.318261],[-70.028095,-39.415426],[-69.836933,-39.567984],[-69.528097,-39.814447],[-69.506997,-39.815423],[-69.473113,-39.78445],[-69.421918,-39.768063],[-69.390251,-39.731626],[-69.348962,-39.712095],[-69.343,-39.680379],[-69.313956,-39.653913],[-69.289971,-39.652989],[-69.272278,-39.629028],[-69.2771,-39.596375],[-69.177124,-39.560608],[-69.112793,-39.514709],[-69.047485,-39.526672],[-68.999878,-39.515198],[-68.930725,-39.460999],[-68.920987,-39.424764],[-68.819756,-39.368852]]]},"properties":{"fid":334,"Entidad":0,"Objeto":"Departamento","FNA":"Departamento Picún Leufú","GNA":"Departamento","NAM":"Picún Leufú","SAG":"Direc. Pcial. de Catastro e Inf. Territorial","FDC":null,"IN1":"58098","SHAPE_STAr":0.480527490609,"SHAPE_STLe":3.14200238885}},
{"type":"Feature","geometry":{"type":"Polygon","coordinates":[[[-68.25,-37.704528],[-69.88569,-37.691361],[-69.885482,-37.714625],[-69.865482,-37.722546],[-69.870483,-37.768897],[-69.85217,-37.780591],[-69.861602,-37.816973],[-69.843615,-37.830185],[-69.872777,-37.825922],[-69.887505,-37.84388],[-69.864116,-37.851203],[-69.851744,-37.872342],[-69.852218,-37.914386],[-69.828178,-37.928878],[-69.839541,-37.947874],[-69.816491,-37.943583],[-69.794241,-37.971599],[-69.821255,-37.992508],[-69.806004,-37.999074],[-69.813733,-38.020592],[-69.802282,-38.034189],[-69.824308,-38.022951],[-69.839787,-38.035178],[-69.821715,-38.060292],[-69.800432,-38.064781],[-69.81444,-38.087961],[-69.776721,-38.105243],[-69.785679,-38.121895],[-69.764483,-38.122904],[-69.76042,-38.16698],[-69.741149,-38.164464],[-69.733525,-38.180175],[-69.757324,-38.1931],[-69.73849,-38.20805],[-69.741342,-38.231333],[-69.717543,-38.242323],[-69.732327,-38.275075],[-69.72071,-38.29579],[-69.739715,-38.300104],[-69.717704,-38.329825],[-69.694813,-38.326954],[-69.710441,-38.345242],[-69.705664,-38.37041],[-69.669606,-38.37808],[-69.671333,-38.394376],[-69.651617,-38.401135],[-69.637473,-38.424271],[-69.609529,-38.420834],[-69.574209,-38.437223],[-69.543504,-38.48078],[-69.536367,-38.492266],[-69.484966,-38.493218],[-69.484873,-38.508447],[-69.46455,-38.485815],[-69.412236,-38.507149],[-69.397282,-38.55904],[-69.347826,-38.59905],[-69.328701,-38.594547],[-69.317298,-38.61432],[-69.266237,-38.59903],[-69.237561,-38.6066],[-69.245364,-38.618727],[-69.228337,-38.629059],[-69.176638,-38.60468],[-69.143409,-38.612473],[-69.113253,-38.602745],[-69.108919,-38.580804],[-69.083921,-38.579372],[-69.064417,-38.563042],[-69.051183,-38.569737],[-69.047197,-38.538238],[-69.030712,-38.53727],[-68.994608,-38.491608],[-68.959162,-38.483846],[-68.937224,-38.439023],[-68.860485,-38.373824],[-68.787504,-38.379478],[-68.758489,-38.371577],[-68.724911,-38.405011],[-68.686203,-38.403175],[-68.676975,-38.416933],[-68.621789,-38.43465],[-68.606025,-38.469097],[-68.54428,-38.488773],[-68.544321,-38.500475],[-68.491171,-38.543902],[-68.413098,-38.567458],[-68.390829,-38.597121],[-68.333997,-38.619156],[-68.313199,-38.648051],[-68.285253,-38.647375],[-68.282496,-38.66955],[-68.249581,-38.684237],[-68.25,-37.704528]]]},"properties":{"fid":135,"Entidad":0,"Objeto":"Departamento","FNA":"Departamento Añelo","GNA":"Departamento","NAM":"Añelo","SAG":"Direc. Pcial. de Catastro e Inf. Territorial","FDC":null,"IN1":"58014","SHAPE_STAr":1.24431061698,"SHAPE_STLe":6.04493450692}},
{"type":"Feature","geometry":{"type":"Polygon","coordinates":[[[-68.00256,-38.988958],[-67.998617,-38.996148],[-68.017755,-38.977875],[-68.046795,-38.977938],[-68.078748,-38.995056],[-68.148435,-38.974983],[-68.165354,-38.979809],[-68.177666,-38.967226],[-68.207788,-38.971322],[-68.231018,-38.991326],[-68.301592,-38.97543],[-68.307448,-38.990468],[-68.354973,-39.001899],[-68.412275,-39.034393],[-68.426571,-39.028625],[-68.469232,-39.045746],[-68.504806,-39.071477],[-68.559874,-39.075827],[-68.660803,-39.172344],[-68.653254,-39.199185],[-68.6655,-39.217303],[-68.810107,-39.293465],[-68.819756,-39.368852],[-68.920987,-39.424764],[-68.930725,-39.460999],[-68.999878,-39.515198],[-69.047485,-39.526672],[-69.112793,-39.514709],[-69.177124,-39.560608],[-69.2771,-39.596375],[-69.272278,-39.629028],[-69.289971,-39.652989],[-69.313956,-39.653913],[-69.343,-39.680379],[-69.348962,-39.712095],[-69.390251,-39.731626],[-69.421918,-39.768063],[-69.473113,-39.78445],[-69.506997,-39.815423],[-69.528097,-39.814447],[-69.58468,-39.814557],[-69.628676,-39.842549],[-69.650723,-39.836207],[-69.671156,-39.849845],[-69.696568,-39.846311],[-69.75495,-39.87597],[-69.807944,-40.665131],[-69.386675,-40.468816],[-68.786251,-40.428447],[-68.594784,-40.132606],[-68.231467,-40.073122],[-67.8722,-39.810904],[-67.362833,-39.466944],[-66.571576,-39.282893],[-66.565483,-39.091969],[-66.639069,-39.10162],[-66.67957,-39.104347],[-66.731283,-39.139269],[-66.839971,-39.134535],[-66.86158,-39.157125],[-66.930858,-39.152765],[-67.022376,-39.178145],[-67.13111,-39.156659],[-67.165269,-39.135685],[-67.162103,-39.122341],[-67.189288,-39.123069],[-67.209486,-39.101351],[-67.222408,-39.112784],[-67.254358,-39.112628],[-67.278106,-39.09571],[-67.328562,-39.103223],[-67.433572,-39.076134],[-67.480668,-39.084489],[-67.528648,-39.073283],[-67.605995,-39.108487],[-67.649095,-39.109013],[-67.794633,-39.039789],[-68.00256,-38.988958]]]},"properties":{"fid":171,"Entidad":0,"Objeto":"Departamento","FNA":"Departamento El Cuy","GNA":"Departamento","NAM":"El Cuy","SAG":"IDE Rio Negro","FDC":null,"IN1":"62035","SHAPE_STAr":2.26020774169,"SHAPE_STLe":8.65460907213}},
{"type":"Feature","geometry":{"type":"Polygon","coordinates":[[[-68.00256,-38.988958],[-68.007384,-38.959383],[-68.039411,-38.941885],[-68.050363,-38.912071],[-68.069227,-38.902937],[-68.071509,-38.871511],[-68.094049,-38.858649],[-68.081176,-38.848291],[-68.118261,-38.793257],[-68.120608,-38.74728],[-68.163124,-38.73789],[-68.249581,-38.684237],[-68.282496,-38.66955],[-68.285253,-38.647375],[-68.313199,-38.648051],[-68.333997,-38.619156],[-68.390829,-38.597121],[-68.413098,-38.567458],[-68.491171,-38.543902],[-68.544321,-38.500475],[-68.54428,-38.488773],[-68.606025,-38.469097],[-68.621789,-38.43465],[-68.676975,-38.416933],[-68.686203,-38.403175],[-68.724911,-38.405011],[-68.758489,-38.371577],[-68.787504,-38.379478],[-68.860485,-38.373824],[-68.937224,-38.439023],[-68.959162,-38.483846],[-68.994608,-38.491608],[-69.030712,-38.53727],[-69.047197,-38.538238],[-69.051183,-38.569737],[-69.064417,-38.563042],[-69.083921,-38.579372],[-69.108919,-38.580804],[-69.113253,-38.602745],[-69.143409,-38.612473],[-69.176638,-38.60468],[-69.228337,-38.629059],[-69.245364,-38.618727],[-69.237561,-38.6066],[-69.266237,-38.59903],[-69.317298,-38.61432],[-69.547513,-38.79324],[-69.285972,-38.999886],[-68.819756,-39.368852],[-68.810107,-39.293465],[-68.6655,-39.217303],[-68.653254,-39.199185],[-68.660803,-39.172344],[-68.559874,-39.075827],[-68.504806,-39.071477],[-68.469232,-39.045746],[-68.426571,-39.028625],[-68.412275,-39.034393],[-68.354973,-39.001899],[-68.307448,-38.990468],[-68.301592,-38.97543],[-68.231018,-38.991326],[-68.207788,-38.971322],[-68.177666,-38.967226],[-68.165354,-38.979809],[-68.148435,-38.974983],[-68.078748,-38.995056],[-68.046795,-38.977938],[-68.017755,-38.977875],[-67.998617,-38.996148],[-68.00256,-38.988958]]]},"properties":{"fid":133,"Entidad":0,"Objeto":"Departamento","FNA":"Departamento Confluencia","GNA":"Departamento","NAM":"Confluencia","SAG":"Direc. Pcial. de Catastro e Inf. Territorial","FDC":null,"IN1":"58035","SHAPE_STAr":0.747212824738,"SHAPE_STLe":4.4347683548}},
{"type":"Feature","geometry":{"type":"Polygon","coordinates":[[[-67.102727,-38.378668],[-67.118609,-38.356795],[-67.155372,-38.354297],[-67.152771,-38.292603],[-67.172385,-38.279225],[-67.170481,-38.260903],[-67.196594,-38.253784],[-67.187613,-38.214503],[-67.261108,-38.217102],[-67.344177,-38.25177],[-67.547913,-38.256287],[-67.656494,-38.201782],[-67.687012,-38.135803],[-67.70752,-38.124023],[-67.718628,-38.130371],[-67.730103,-38.114807],[-67.729919,-38.078796],[-67.751221,-38.07428],[-67.748718,-38.058105],[-67.766113,-38.068787],[-67.784263,-38.053414],[-67.809961,-38.071855],[-67.835876,-38.056519],[-67.851196,-38.065796],[-67.850769,-38.05188],[-67.862793,-38.053589],[-67.88313,-38.018793],[-67.894908,-38.01796],[-67.889435,-38.000471],[-67.90395,-37.983577],[-67.867004,-37.931396],[-67.780456,-37.89399],[-67.727513,-37.845568],[-67.72229,-37.799927],[-67.741882,-37.784912],[-67.768616,-37.673584],[-67.793396,-37.646301],[-67.870728,-37.61261],[-67.917297,-37.618408],[-67.944163,-37.60322],[-68.0672,-37.601685],[-68.152544,-37.580318],[-68.217837,-37.58835],[-68.249979,-37.576686],[-68.25,-37.704528],[-68.249581,-38.684237],[-68.163124,-38.73789],[-68.120608,-38.74728],[-68.118261,-38.793257],[-68.081176,-38.848291],[-68.094049,-38.858649],[-68.071509,-38.871511],[-68.069227,-38.902937],[-68.050363,-38.912071],[-68.039411,-38.941885],[-68.007384,-38.959383],[-68.00256,-38.988958],[-67.794633,-39.039789],[-67.649095,-39.109013],[-67.605995,-39.108487],[-67.528648,-39.073283],[-67.480668,-39.084489],[-67.433572,-39.076134],[-67.328562,-39.103223],[-67.278106,-39.09571],[-67.254358,-39.112628],[-67.222408,-39.112784],[-67.209486,-39.101351],[-67.189288,-39.123069],[-67.162103,-39.122341],[-67.165269,-39.135685],[-67.13111,-39.156659],[-67.022376,-39.178145],[-66.930858,-39.152765],[-66.86158,-39.157125],[-66.839971,-39.134535],[-66.731283,-39.139269],[-66.67957,-39.104347],[-66.639069,-39.10162],[-66.644778,-38.537944],[-66.711364,-38.532518],[-66.714783,-38.520996],[-66.76633,-38.504322],[-66.786072,-38.48053],[-66.812012,-38.484802],[-66.889709,-38.463623],[-66.896973,-38.443726],[-66.948792,-38.452881],[-66.994385,-38.446472],[-67.007019,-38.424316],[-67.09184,-38.399625],[-67.102727,-38.378668]]]},"properties":{"fid":128,"Entidad":0,"Objeto":"Departamento","FNA":"Departamento General Roca","GNA":"Departamento","NAM":"General Roca","SAG":"IDE Rio Negro","FDC":null,"IN1":"62042","SHAPE_STAr":1.5041714966,"SHAPE_STLe":6.74454180509}},
{"type":"Feature","geometry":{"type":"Polygon","coordinates":[[[-65.684913,-38.831339],[-65.701782,-38.816528],[-65.712585,-38.825012],[-65.779602,-38.810181],[-65.787598,-38.79541],[-65.805969,-38.806091],[-65.8172,-38.788818],[-65.820679,-38.798889],[-65.841076,-38.786645],[-65.863892,-38.7995],[-65.864014,-38.789978],[-65.882019,-38.789307],[-65.874878,-38.77771],[-65.909485,-38.782776],[-65.910676,-38.765706],[-65.92638,-38.774985],[-65.925547,-38.764159],[-65.946249,-38.76749],[-65.951008,-38.747265],[-66.019714,-38.741272],[-66.033875,-38.750916],[-66.031195,-38.739413],[-66.061296,-38.751667],[-66.084778,-38.725586],[-66.108093,-38.727905],[-66.1203,-38.743469],[-66.121277,-38.733826],[-66.135986,-38.739319],[-66.155212,-38.729187],[-66.177185,-38.745422],[-66.18042,-38.731384],[-66.220276,-38.741089],[-66.246826,-38.735596],[-66.288513,-38.75592],[-66.309082,-38.743103],[-66.315002,-38.761597],[-66.321777,-38.748596],[-66.341834,-38.757734],[-66.357605,-38.7453],[-66.404419,-38.74408],[-66.409054,-38.730965],[-66.417419,-38.744324],[-66.442007,-38.745694],[-66.446768,-38.736081],[-66.474976,-38.73877],[-66.498759,-38.717997],[-66.538615,-38.720853],[-66.553368,-38.698367],[-66.575928,-38.701599],[-66.607144,-38.679093],[-66.592391,-38.670884],[-66.597507,-38.649112],[-66.577995,-38.621391],[-66.599768,-38.599738],[-66.60988,-38.557979],[-66.633794,-38.556789],[-66.644778,-38.537944],[-66.639069,-39.10162],[-66.565483,-39.091969],[-66.571576,-39.282893],[-67.362833,-39.466944],[-67.8722,-39.810904],[-66.825668,-39.910592],[-65.774248,-39.918656],[-65.283417,-39.92531],[-65.213659,-39.870856],[-65.245728,-39.865877],[-65.245524,-39.850678],[-65.21842,-38.837348],[-65.280518,-38.821411],[-65.374512,-38.855713],[-65.390808,-38.830505],[-65.502502,-38.798096],[-65.523193,-38.779175],[-65.569519,-38.784607],[-65.58252,-38.774292],[-65.622986,-38.786316],[-65.608704,-38.798401],[-65.617004,-38.808411],[-65.63208,-38.80249],[-65.631775,-38.818115],[-65.643311,-38.808411],[-65.648621,-38.824402],[-65.684913,-38.831339]]]},"properties":{"fid":127,"Entidad":0,"Objeto":"Departamento","FNA":"Departamento Avellaneda","GNA":"Departamento","NAM":"Avellaneda","SAG":"IDE Rio Negro","FDC":null,"IN1":"62014","SHAPE_STAr":2.07544445306,"SHAPE_STLe":8.22516991021}},
{"type":"Feature","geometry":{"type":"Polygon","coordinates":[[[-64.536732,-38.85875],[-64.596375,-38.859192],[-64.604675,-38.847717],[-64.630407,-38.852675],[-64.672791,-38.833191],[-64.693481,-38.843689],[-64.737958,-38.840659],[-64.809509,-38.815796],[-64.845034,-38.826977],[-64.877319,-38.814392],[-64.92427,-38.833163],[-65.111389,-38.7995],[-65.140076,-38.818176],[-65.171204,-38.802612],[-65.192911,-38.811748],[-65.190175,-38.835424],[-65.21842,-38.837348],[-65.245524,-39.850678],[-63.382415,-39.871918],[-63.383269,-39.328492],[-63.430873,-39.330685],[-63.451574,-39.320275],[-63.457404,-39.328841],[-63.489467,-39.306533],[-63.512012,-39.31266],[-63.54122,-39.296658],[-63.53772,-39.280823],[-63.557678,-39.261902],[-63.566101,-39.266296],[-63.593872,-39.245911],[-63.614377,-39.251829],[-63.617187,-39.235901],[-63.631714,-39.247803],[-63.634583,-39.22699],[-63.675053,-39.221015],[-63.67077,-39.204478],[-63.693494,-39.205668],[-63.729614,-39.184387],[-63.742392,-39.188893],[-63.744771,-39.163789],[-63.763428,-39.153992],[-63.75708,-39.129211],[-63.776917,-39.128906],[-63.788208,-39.109192],[-63.793193,-39.122982],[-63.834953,-39.136307],[-63.841797,-39.109192],[-63.858272,-39.11037],[-63.871277,-39.095276],[-63.879578,-39.100403],[-63.869202,-39.106689],[-63.895508,-39.107727],[-63.913574,-39.086304],[-63.9328,-39.093506],[-63.933463,-39.061592],[-63.99823,-39.035278],[-63.990112,-39.013428],[-64.013611,-39.018127],[-64.014526,-39.000977],[-64.049377,-39],[-64.062683,-39.010376],[-64.064575,-38.991821],[-64.230896,-38.923706],[-64.279602,-38.914001],[-64.295776,-38.897095],[-64.32536,-38.906451],[-64.348694,-38.883484],[-64.379211,-38.891602],[-64.397888,-38.885925],[-64.3974,-38.87323],[-64.413269,-38.883606],[-64.420657,-38.87183],[-64.430889,-38.879206],[-64.476379,-38.859985],[-64.515198,-38.868408],[-64.536732,-38.85875]]]},"properties":{"fid":175,"Entidad":0,"Objeto":"Departamento","FNA":"Departamento Pichi Mahuida","GNA":"Departamento","NAM":"Pichi Mahuida","SAG":"IDE Rio Negro","FDC":null,"IN1":"62063","SHAPE_STAr":1.6388738147,"SHAPE_STLe":5.9955394317}},
{"type":"Feature","geometry":{"type":"Polygon","coordinates":[[[-63.38534,-37.258935],[-64.174235,-37.25687],[-64.180216,-37.707772],[-63.385486,-37.709886],[-63.38534,-37.258935]]]},"properties":{"fid":428,"Entidad":0,"Objeto":"Departamento","FNA":"Departamento Guatraché","GNA":"Departamento","NAM":"Guatraché","SAG":"Direc. Grl. de Catastro","FDC":null,"IN1":"42070","SHAPE_STAr":0.35706301271,"SHAPE_STLe":2.48553679231}},
{"type":"Feature","geometry":{"type":"Polygon","coordinates":[[[-63.945801,-36.806208],[-64.169899,-36.805552],[-64.172098,-36.986759],[-64.174235,-37.25687],[-63.38534,-37.258935],[-63.385315,-36.807844],[-63.945801,-36.806208]]]},"properties":{"fid":427,"Entidad":0,"Objeto":"Departamento","FNA":"Departamento Atreucó","GNA":"Departamento","NAM":"Atreucó","SAG":"Direc. Grl. de Catastro","FDC":null,"IN1":"42007","SHAPE_STAr":0.355053368935,"SHAPE_STLe":2.47593980193}},
{"type":"Feature","geometry":{"type":"Polygon","coordinates":[[[-65.071335,-36.977222],[-65.634782,-36.965811],[-65.634373,-36.951567],[-65.999749,-36.961395],[-65.977724,-37.683216],[-65.654886,-37.675961],[-65.654651,-37.690144],[-64.520222,-37.705344],[-64.180216,-37.707772],[-64.174235,-37.25687],[-64.172098,-36.986759],[-65.071335,-36.977222]]]},"properties":{"fid":430,"Entidad":0,"Objeto":"Departamento","FNA":"Departamento Utracán","GNA":"Departamento","NAM":"Utracán","SAG":"Direc. Grl. de Catastro","FDC":null,"IN1":"42154","SHAPE_STAr":1.30967207006,"SHAPE_STLe":5.09753584018}},
{"type":"Feature","geometry":{"type":"Polygon","coordinates":[[[-64.180216,-37.707772],[-64.520222,-37.705344],[-64.528231,-38.246398],[-63.385312,-38.252924],[-63.385682,-37.808789],[-63.385486,-37.709886],[-64.180216,-37.707772]]]},"properties":{"fid":432,"Entidad":0,"Objeto":"Departamento","FNA":"Departamento Hucal","GNA":"Departamento","NAM":"Hucal","SAG":"Direc. Grl. de Catastro","FDC":null,"IN1":"42077","SHAPE_STAr":0.61662503004,"SHAPE_STLe":3.36183683417}},
{"type":"Feature","geometry":{"type":"Polygon","coordinates":[[[-63.385312,-38.252924],[-64.528231,-38.246398],[-64.536732,-38.85875],[-64.515198,-38.868408],[-64.476379,-38.859985],[-64.430889,-38.879206],[-64.420657,-38.87183],[-64.413269,-38.883606],[-64.3974,-38.87323],[-64.397888,-38.885925],[-64.379211,-38.891602],[-64.348694,-38.883484],[-64.32536,-38.906451],[-64.295776,-38.897095],[-64.279602,-38.914001],[-64.230896,-38.923706],[-64.064575,-38.991821],[-64.062683,-39.010376],[-64.049377,-39],[-64.014526,-39.000977],[-64.013611,-39.018127],[-63.990112,-39.013428],[-63.99823,-39.035278],[-63.933463,-39.061592],[-63.9328,-39.093506],[-63.913574,-39.086304],[-63.895508,-39.107727],[-63.869202,-39.106689],[-63.879578,-39.100403],[-63.871277,-39.095276],[-63.858272,-39.11037],[-63.841797,-39.109192],[-63.834953,-39.136307],[-63.793193,-39.122982],[-63.788208,-39.109192],[-63.776917,-39.128906],[-63.75708,-39.129211],[-63.763428,-39.153992],[-63.744771,-39.163789],[-63.742392,-39.188893],[-63.729614,-39.184387],[-63.693494,-39.205668],[-63.67077,-39.204478],[-63.675053,-39.221015],[-63.634583,-39.22699],[-63.631714,-39.247803],[-63.617187,-39.235901],[-63.614377,-39.251829],[-63.593872,-39.245911],[-63.566101,-39.266296],[-63.557678,-39.261902],[-63.53772,-39.280823],[-63.54122,-39.296658],[-63.512012,-39.31266],[-63.489467,-39.306533],[-63.457404,-39.328841],[-63.451574,-39.320275],[-63.430873,-39.330685],[-63.383269,-39.328492],[-63.384239,-38.828938],[-63.385312,-38.252924]]]},"properties":{"fid":433,"Entidad":0,"Objeto":"Departamento","FNA":"Departamento Caleu Caleu","GNA":"Departamento","NAM":"Caleu Caleu","SAG":"Direc. Grl. de Catastro","FDC":null,"IN1":"42014","SHAPE_STAr":0.942918468727,"SHAPE_STLe":4.59726978516}},
{"type":"Feature","geometry":{"type":"Polygon","coordinates":[[[-64.520222,-37.705344],[-65.654651,-37.690144],[-65.684913,-38.831339],[-65.648621,-38.824402],[-65.643311,-38.808411],[-65.631775,-38.818115],[-65.63208,-38.80249],[-65.617004,-38.808411],[-65.608704,-38.798401],[-65.622986,-38.786316],[-65.58252,-38.774292],[-65.569519,-38.784607],[-65.523193,-38.779175],[-65.502502,-38.798096],[-65.390808,-38.830505],[-65.374512,-38.855713],[-65.280518,-38.821411],[-65.21842,-38.837348],[-65.190175,-38.835424],[-65.192911,-38.811748],[-65.171204,-38.802612],[-65.140076,-38.818176],[-65.111389,-38.7995],[-64.92427,-38.833163],[-64.877319,-38.814392],[-64.845034,-38.826977],[-64.809509,-38.815796],[-64.737958,-38.840659],[-64.693481,-38.843689],[-64.672791,-38.833191],[-64.630407,-38.852675],[-64.604675,-38.847717],[-64.596375,-38.859192],[-64.536732,-38.85875],[-64.528231,-38.246398],[-64.520222,-37.705344]]]},"properties":{"fid":434,"Entidad":0,"Objeto":"Departamento","FNA":"Departamento Lihuel Calel","GNA":"Departamento","NAM":"Lihuel Calel","SAG":"Direc. Grl. de Catastro","FDC":null,"IN1":"42084","SHAPE_STAr":1.28446763034,"SHAPE_STLe":4.86246695663}},
{"type":"Feature","geometry":{"type":"Polygon","coordinates":[[[-65.654651,-37.690144],[-65.654886,-37.675961],[-65.977724,-37.683216],[-67.111685,-37.700194],[-67.102727,-38.378668],[-67.09184,-38.399625],[-67.007019,-38.424316],[-66.994385,-38.446472],[-66.948792,-38.452881],[-66.896973,-38.443726],[-66.889709,-38.463623],[-66.812012,-38.484802],[-66.786072,-38.48053],[-66.76633,-38.504322],[-66.714783,-38.520996],[-66.711364,-38.532518],[-66.644778,-38.537944],[-66.633794,-38.556789],[-66.60988,-38.557979],[-66.599768,-38.599738],[-66.577995,-38.621391],[-66.597507,-38.649112],[-66.592391,-38.670884],[-66.607144,-38.679093],[-66.575928,-38.701599],[-66.553368,-38.698367],[-66.538615,-38.720853],[-66.498759,-38.717997],[-66.474976,-38.73877],[-66.446768,-38.736081],[-66.442007,-38.745694],[-66.417419,-38.744324],[-66.409054,-38.730965],[-66.404419,-38.74408],[-66.357605,-38.7453],[-66.341834,-38.757734],[-66.321777,-38.748596],[-66.315002,-38.761597],[-66.309082,-38.743103],[-66.288513,-38.75592],[-66.246826,-38.735596],[-66.220276,-38.741089],[-66.18042,-38.731384],[-66.177185,-38.745422],[-66.155212,-38.729187],[-66.135986,-38.739319],[-66.121277,-38.733826],[-66.1203,-38.743469],[-66.108093,-38.727905],[-66.084778,-38.725586],[-66.061296,-38.751667],[-66.031195,-38.739413],[-66.033875,-38.750916],[-66.019714,-38.741272],[-65.951008,-38.747265],[-65.946249,-38.76749],[-65.925547,-38.764159],[-65.92638,-38.774985],[-65.910676,-38.765706],[-65.909485,-38.782776],[-65.874878,-38.77771],[-65.882019,-38.789307],[-65.864014,-38.789978],[-65.863892,-38.7995],[-65.841076,-38.786645],[-65.820679,-38.798889],[-65.8172,-38.788818],[-65.805969,-38.806091],[-65.787598,-38.79541],[-65.779602,-38.810181],[-65.712585,-38.825012],[-65.701782,-38.816528],[-65.684913,-38.831339],[-65.654651,-37.690144]]]},"properties":{"fid":435,"Entidad":0,"Objeto":"Departamento","FNA":"Departamento Curacó","GNA":"Departamento","NAM":"Curacó","SAG":"Direc. Grl. de Catastro","FDC":null,"IN1":"42042","SHAPE_STAr":1.38952787095,"SHAPE_STLe":5.44186086181}},
{"type":"Feature","geometry":{"type":"Polygon","coordinates":[[[-65.999749,-36.961395],[-66.005425,-36.781418],[-67.126857,-36.799484],[-67.111685,-37.700194],[-65.977724,-37.683216],[-65.999749,-36.961395]]]},"properties":{"fid":436,"Entidad":0,"Objeto":"Departamento","FNA":"Departamento Limay Mahuida","GNA":"Departamento","NAM":"Limay Mahuida","SAG":"Direc. Grl. de Catastro","FDC":null,"IN1":"42091","SHAPE_STAr":1.01678303714,"SHAPE_STLe":4.05872670868}},
{"type":"Feature","geometry":{"type":"Polygon","coordinates":[[[-67.111685,-37.700194],[-67.126857,-36.799484],[-68.250091,-36.802768],[-68.249979,-37.574814],[-68.249979,-37.576686],[-68.217837,-37.58835],[-68.152544,-37.580318],[-68.0672,-37.601685],[-67.944163,-37.60322],[-67.917297,-37.618408],[-67.870728,-37.61261],[-67.793396,-37.646301],[-67.768616,-37.673584],[-67.741882,-37.784912],[-67.72229,-37.799927],[-67.727513,-37.845568],[-67.780456,-37.89399],[-67.867004,-37.931396],[-67.90395,-37.983577],[-67.889435,-38.000471],[-67.894908,-38.01796],[-67.88313,-38.018793],[-67.862793,-38.053589],[-67.850769,-38.05188],[-67.851196,-38.065796],[-67.835876,-38.056519],[-67.809961,-38.071855],[-67.784263,-38.053414],[-67.766113,-38.068787],[-67.748718,-38.058105],[-67.751221,-38.07428],[-67.729919,-38.078796],[-67.730103,-38.114807],[-67.718628,-38.130371],[-67.70752,-38.124023],[-67.687012,-38.135803],[-67.656494,-38.201782],[-67.547913,-38.256287],[-67.344177,-38.25177],[-67.261108,-38.217102],[-67.187613,-38.214503],[-67.196594,-38.253784],[-67.170481,-38.260903],[-67.172385,-38.279225],[-67.152771,-38.292603],[-67.155372,-38.354297],[-67.118609,-38.356795],[-67.102727,-38.378668],[-67.111685,-37.700194]]]},"properties":{"fid":437,"Entidad":0,"Objeto":"Departamento","FNA":"Departamento Puelén","GNA":"Departamento","NAM":"Puelén","SAG":"Direc. Grl. de Catastro","FDC":null,"IN1":"42112","SHAPE_STAr":1.33432225537,"SHAPE_STLe":5.86611013191}},
{"type":"Feature","geometry":{"type":"Polygon","coordinates":[[[-64.620992,-28.165944],[-64.757391,-28.141792],[-64.760815,-28.156276],[-64.783277,-28.151748],[-64.785272,-28.162214],[-64.832009,-28.152719],[-64.854453,-28.247287],[-64.93777,-28.230875],[-64.948262,-28.273075],[-65.109036,-28.240917],[-65.104736,-28.322242],[-65.096898,-28.471008],[-65.125563,-28.611528],[-65.184617,-28.60057],[-65.188125,-28.618111],[-65.17257,-28.61797],[-65.173463,-28.63296],[-65.136522,-28.64688],[-65.127177,-28.716152],[-65.016627,-28.737805],[-64.977271,-28.789202],[-64.938604,-28.805739],[-64.901128,-28.841312],[-64.911954,-28.886641],[-64.906601,-28.932445],[-64.859844,-29.035],[-64.85449,-29.197398],[-64.837596,-29.228569],[-64.780965,-29.267592],[-64.824747,-29.273779],[-64.842294,-29.312748],[-64.838072,-29.342545],[-64.785969,-29.405497],[-64.825937,-29.473654],[-64.824628,-29.574305],[-64.588485,-29.538132],[-64.513644,-29.034437],[-64.511834,-29.024096],[-64.559023,-29.01582],[-64.523049,-28.783223],[-64.497934,-28.787552],[-64.493814,-28.769302],[-64.523506,-28.764114],[-64.5133,-28.71708],[-64.542582,-28.711926],[-64.534749,-28.678501],[-64.566792,-28.672791],[-64.54927,-28.567269],[-64.52348,-28.571932],[-64.512528,-28.524291],[-64.554206,-28.516211],[-64.545945,-28.47761],[-64.600486,-28.467636],[-64.589599,-28.419823],[-64.57488,-28.422251],[-64.557605,-28.385824],[-64.453467,-28.404285],[-64.448644,-28.383514],[-64.490714,-28.371333],[-64.481627,-28.331162],[-64.551091,-28.318785],[-64.549394,-28.310334],[-64.512373,-28.316551],[-64.484102,-28.189785],[-64.620992,-28.165944]]]},"properties":{"fid":41,"Entidad":0,"Objeto":"Departamento","FNA":"Departamento Choya","GNA":"Departamento","NAM":"Choya","SAG":"Catastro Provinciales","FDC":null,"IN1":"86063","SHAPE_STAr":0.572451679693,"SHAPE_STLe":4.70659699485}},
{"type":"Feature","geometry":{"type":"Polygon","coordinates":[[[-63.977397,-32.737687],[-63.973419,-32.723217],[-64.044013,-32.750363],[-63.977936,-32.475562],[-63.944125,-32.458715],[-63.920394,-32.374521],[-63.988602,-32.360896],[-63.986211,-32.327626],[-64.043773,-32.324467],[-64.089423,-32.308126],[-64.245859,-32.308223],[-64.245641,-32.326942],[-64.24569,-32.39011],[-64.32199,-32.37637],[-64.324948,-32.398812],[-64.426096,-32.379883],[-64.445591,-32.461041],[-64.45907,-32.481558],[-64.487503,-32.476552],[-64.526789,-32.6177],[-64.538968,-32.626577],[-64.575969,-32.631443],[-64.594496,-32.616848],[-64.663192,-32.632053],[-64.744725,-32.60594],[-64.888354,-32.579887],[-64.924121,-32.614751],[-64.916185,-32.679177],[-64.948189,-32.72284],[-64.944619,-32.767336],[-64.974244,-32.826703],[-64.965166,-32.865161],[-64.991495,-32.944487],[-65.012235,-32.961801],[-65.021476,-32.977085],[-64.999704,-33.002665],[-65.048126,-33.068814],[-65.054848,-33.11557],[-65.142729,-33.194528],[-65.117472,-33.950662],[-65.076244,-33.988993],[-65.062561,-33.980243],[-65.061434,-34.006216],[-65.023581,-34.00826],[-64.997334,-34.037393],[-64.980277,-34.031264],[-64.912602,-34.042349],[-64.893805,-34.053941],[-64.86945,-34.051834],[-64.85904,-34.067441],[-64.851284,-34.05594],[-64.814435,-34.060749],[-64.805818,-34.083955],[-64.787158,-34.094082],[-64.759759,-34.08386],[-64.733772,-34.108803],[-64.7117,-34.112498],[-64.705857,-34.127965],[-64.68715,-34.115715],[-64.644936,-34.142371],[-64.653359,-34.154751],[-64.623322,-34.160715],[-64.621804,-34.170319],[-64.578263,-34.170807],[-64.547654,-34.19141],[-64.520832,-34.182079],[-64.472702,-34.197249],[-64.466784,-34.210577],[-64.425229,-34.205585],[-64.410519,-34.222304],[-64.398373,-34.206714],[-64.387815,-34.216709],[-64.341691,-34.213007],[-64.317639,-34.226332],[-64.294315,-34.213948],[-64.277933,-34.231012],[-64.208543,-34.2391],[-64.160196,-34.208415],[-64.088287,-34.198678],[-64.076739,-34.179032],[-64.031712,-34.174234],[-64.034826,-33.832831],[-64.039213,-33.643104],[-63.88538,-33.643289],[-63.890153,-33.199488],[-63.903763,-33.192828],[-63.906416,-33.205207],[-63.919081,-33.198882],[-63.926919,-33.206954],[-63.944311,-33.191492],[-63.955486,-33.201601],[-63.962347,-33.19099],[-63.995784,-33.196298],[-64.022837,-33.179626],[-64.026835,-33.192457],[-64.047937,-33.192644],[-64.04883,-33.109682],[-63.992059,-33.111329],[-63.976576,-33.054285],[-64.075178,-33.046281],[-64.063841,-33.000518],[-64.048031,-33.001873],[-63.977397,-32.737687]]]},"properties":{"fid":97,"Entidad":0,"Objeto":"Departamento","FNA":"Departamento Río Cuarto","GNA":"Departamento","NAM":"Río Cuarto","SAG":"IDE Cordoba","FDC":"Catastro","IN1":"14098","SHAPE_STAr":1.80002267425,"SHAPE_STLe":7.07881970292}},
{"type":"Feature","geometry":{"type":"Polygon","coordinates":[[[-64.208543,-34.2391],[-64.277933,-34.231012],[-64.294315,-34.213948],[-64.317639,-34.226332],[-64.341691,-34.213007],[-64.387815,-34.216709],[-64.398373,-34.206714],[-64.410519,-34.222304],[-64.425229,-34.205585],[-64.466784,-34.210577],[-64.472702,-34.197249],[-64.520832,-34.182079],[-64.547654,-34.19141],[-64.578263,-34.170807],[-64.621804,-34.170319],[-64.623322,-34.160715],[-64.653359,-34.154751],[-64.644936,-34.142371],[-64.68715,-34.115715],[-64.705857,-34.127965],[-64.7117,-34.112498],[-64.733772,-34.108803],[-64.759759,-34.08386],[-64.787158,-34.094082],[-64.805818,-34.083955],[-64.814435,-34.060749],[-64.851284,-34.05594],[-64.85904,-34.067441],[-64.86945,-34.051834],[-64.893805,-34.053941],[-64.912602,-34.042349],[-64.980277,-34.031264],[-64.997334,-34.037393],[-65.023581,-34.00826],[-65.061434,-34.006216],[-65.062561,-33.980243],[-65.076244,-33.988993],[-65.117472,-33.950662],[-65.117486,-34.652174],[-65.117493,-35.000002],[-64.480767,-35.000051],[-63.934867,-35.000093],[-63.38575,-35.000135],[-63.385306,-34.529635],[-63.502404,-34.52105],[-63.501539,-34.544843],[-63.82982,-34.545433],[-63.834941,-34.36424],[-64.162196,-34.370459],[-64.165508,-34.257347],[-64.208543,-34.2391]]]},"properties":{"fid":116,"Entidad":0,"Objeto":"Departamento","FNA":"Departamento General Roca","GNA":"Departamento","NAM":"General Roca","SAG":"IDE Cordoba","FDC":"Catastro","IN1":"14035","SHAPE_STAr":1.24264173089,"SHAPE_STLe":5.80068895552}},
{"type":"Feature","geometry":{"type":"Polygon","coordinates":[[[-63.937819,-30.083643],[-64.173645,-30.063036],[-64.210689,-29.978071],[-64.410106,-29.930095],[-64.405181,-29.827615],[-64.49218,-29.82076],[-64.489209,-29.522925],[-64.588485,-29.538132],[-64.824628,-29.574305],[-64.964052,-29.596091],[-64.937932,-29.847511],[-64.985964,-29.891056],[-64.989395,-30.01506],[-64.296149,-30.086319],[-64.298706,-30.114072],[-64.269874,-30.116013],[-64.28324,-30.201891],[-64.356526,-30.197403],[-64.386299,-30.340263],[-64.374801,-30.37859],[-64.283718,-30.388761],[-64.298264,-30.463715],[-64.139263,-30.47224],[-64.083312,-30.465693],[-64.005592,-30.483223],[-63.994194,-30.455375],[-63.979223,-30.45868],[-63.963569,-30.414911],[-63.847102,-30.416595],[-63.845505,-30.510824],[-63.802384,-30.51026],[-63.795702,-30.569191],[-63.615454,-30.571916],[-63.60433,-30.526146],[-63.565038,-30.534026],[-63.35698,-30.575861],[-63.365042,-30.609435],[-63.20751,-30.639009],[-63.213639,-30.662078],[-63.030021,-30.695348],[-63.001286,-30.695767],[-63.011271,-30.686929],[-62.985848,-30.677344],[-62.963617,-30.687309],[-62.937315,-30.683516],[-62.951639,-30.674808],[-62.926614,-30.664994],[-62.914432,-30.639805],[-62.912341,-30.658733],[-62.876661,-30.662021],[-62.884612,-30.635283],[-62.772417,-30.602171],[-62.685271,-30.592664],[-62.679787,-30.567233],[-62.704314,-30.548807],[-62.657687,-30.512825],[-62.629177,-30.532577],[-62.556539,-30.52585],[-62.545132,-30.544183],[-62.55396,-30.548038],[-62.514314,-30.564141],[-62.444728,-30.568582],[-62.428588,-30.554489],[-62.335278,-30.579779],[-62.325088,-30.511575],[-62.550465,-30.47011],[-62.526984,-30.378497],[-63.325437,-30.230403],[-63.34848,-30.323659],[-63.380905,-30.321469],[-63.380968,-30.270413],[-63.492529,-30.272179],[-63.493704,-30.188682],[-63.858591,-30.12477],[-63.886361,-30.097073],[-63.930116,-30.094787],[-63.937819,-30.083643]]]},"properties":{"fid":85,"Entidad":0,"Objeto":"Departamento","FNA":"Departamento Tulumba","GNA":"Departamento","NAM":"Tulumba","SAG":"IDE Cordoba","FDC":"Catastro","IN1":"14175","SHAPE_STAr":0.91239019527,"SHAPE_STLe":7.97380759348}},
{"type":"Feature","geometry":{"type":"Polygon","coordinates":[[[-64.309786,-31.363288],[-64.351087,-31.371337],[-64.419847,-31.355237],[-64.431029,-31.373022],[-64.441901,-31.394898],[-64.480424,-31.42081],[-64.522142,-31.518014],[-64.548435,-31.551054],[-64.548032,-31.690979],[-64.598098,-31.709847],[-64.59981,-31.693904],[-64.619074,-31.68714],[-64.633124,-31.694429],[-64.639495,-31.678307],[-64.648561,-31.6922],[-64.664012,-31.692375],[-64.677756,-31.675796],[-64.715811,-31.676249],[-64.726859,-31.735373],[-64.759967,-31.759867],[-64.783517,-31.826652],[-64.887326,-31.828063],[-64.884703,-31.846709],[-64.928818,-31.909292],[-64.89494,-31.906931],[-64.834533,-31.865261],[-64.760439,-31.866575],[-64.732768,-31.886248],[-64.731191,-31.877181],[-64.713744,-31.888474],[-64.691477,-31.880335],[-64.67529,-31.882822],[-64.677589,-31.894543],[-64.65357,-31.895567],[-64.639228,-31.884624],[-64.634255,-31.896946],[-64.609143,-31.896601],[-64.606367,-31.88526],[-64.582164,-31.878414],[-64.547318,-31.88088],[-64.552841,-31.86903],[-64.527435,-31.852062],[-64.520127,-31.817791],[-64.503903,-31.8167],[-64.500825,-31.831464],[-64.49455,-31.822916],[-64.489988,-31.839865],[-64.499326,-31.84242],[-64.485574,-31.851034],[-64.475634,-31.837268],[-64.459561,-31.852536],[-64.445467,-31.838376],[-64.432131,-31.84],[-64.426511,-31.857202],[-64.405386,-31.837297],[-64.378596,-31.845669],[-64.381342,-31.828629],[-64.369375,-31.817098],[-64.346258,-31.817143],[-64.328439,-31.791204],[-64.315097,-31.802406],[-64.31553,-31.832902],[-64.286469,-31.832404],[-64.288253,-31.949969],[-64.274768,-31.944975],[-64.274289,-31.912658],[-64.223441,-31.912441],[-64.241408,-32.004467],[-64.084512,-32.004653],[-64.084101,-31.950586],[-63.973794,-31.951751],[-63.974445,-31.998014],[-63.919287,-32.009833],[-63.918954,-31.986993],[-63.918089,-31.874603],[-63.946874,-31.874439],[-63.947788,-31.752862],[-64.010555,-31.749957],[-64.027267,-31.768685],[-64.029106,-31.677457],[-64.014614,-31.656003],[-63.985282,-31.651136],[-64.016609,-31.620398],[-63.934107,-31.558247],[-63.954347,-31.535376],[-63.952104,-31.439694],[-63.973583,-31.451898],[-64.002284,-31.447027],[-64.057381,-31.419291],[-64.057384,-31.524984],[-64.309786,-31.524984],[-64.309786,-31.363288]]]},"properties":{"fid":88,"Entidad":0,"Objeto":"Departamento","FNA":"Departamento Santa María","GNA":"Departamento","NAM":"Santa María","SAG":"IDE Cordoba","FDC":"Catastro","IN1":"14147","SHAPE_STAr":0.309476416992,"SHAPE_STLe":4.68839719966}},
{"type":"Feature","geometry":{"type":"Polygon","coordinates":[[[-64.425396,-30.77757],[-64.514024,-30.771493],[-64.514821,-30.703033],[-64.544228,-30.703803],[-64.5447,-30.690607],[-64.6243,-30.690109],[-64.619745,-30.771219],[-64.670992,-30.828783],[-64.664859,-30.846636],[-64.644693,-30.856235],[-64.648173,-30.922249],[-64.674526,-30.92191],[-64.674555,-30.943649],[-64.699863,-30.949416],[-64.676111,-30.971892],[-64.687378,-31.017817],[-64.647978,-31.010402],[-64.642722,-31.045223],[-64.677418,-31.071487],[-64.677519,-31.137265],[-64.70407,-31.178787],[-64.696258,-31.223967],[-64.711166,-31.261876],[-64.700515,-31.277615],[-64.721161,-31.289006],[-64.749169,-31.354294],[-64.761382,-31.422426],[-64.792956,-31.424687],[-64.783774,-31.504626],[-64.751365,-31.516125],[-64.772442,-31.560105],[-64.727739,-31.676529],[-64.715811,-31.676249],[-64.677756,-31.675796],[-64.664012,-31.692375],[-64.648561,-31.6922],[-64.639495,-31.678307],[-64.633124,-31.694429],[-64.619074,-31.68714],[-64.59981,-31.693904],[-64.598098,-31.709847],[-64.548032,-31.690979],[-64.548435,-31.551054],[-64.522142,-31.518014],[-64.480424,-31.42081],[-64.441901,-31.394898],[-64.431029,-31.373022],[-64.432147,-31.282643],[-64.416739,-31.249364],[-64.414736,-31.175595],[-64.449223,-31.060553],[-64.429648,-30.972589],[-64.438753,-30.913773],[-64.447189,-30.833415],[-64.425396,-30.77757]]]},"properties":{"fid":87,"Entidad":0,"Objeto":"Departamento","FNA":"Departamento Punilla","GNA":"Departamento","NAM":"Punilla","SAG":"IDE Cordoba","FDC":"Catastro","IN1":"14091","SHAPE_STAr":0.234528177868,"SHAPE_STLe":3.11923509155}},
{"type":"Feature","geometry":{"type":"Polygon","coordinates":[[[-63.851277,-28.391108],[-63.87522,-28.385613],[-63.875878,-28.37654],[-63.880197,-28.389629],[-63.889445,-28.37872],[-63.902198,-28.392886],[-63.927064,-28.367457],[-63.934141,-28.381173],[-63.948241,-28.3814],[-63.957217,-28.361419],[-63.971107,-28.359054],[-63.968951,-28.343362],[-63.986192,-28.347287],[-64.008348,-28.328827],[-64.030555,-28.335462],[-64.017115,-28.307711],[-64.049354,-28.330137],[-64.054957,-28.304509],[-64.081952,-28.278227],[-64.08257,-28.248904],[-64.178114,-28.282591],[-64.188603,-28.306292],[-64.263101,-28.340789],[-64.490714,-28.371333],[-64.448644,-28.383514],[-64.453467,-28.404285],[-64.557605,-28.385824],[-64.57488,-28.422251],[-64.589599,-28.419823],[-64.600486,-28.467636],[-64.545945,-28.47761],[-64.554206,-28.516211],[-64.512528,-28.524291],[-64.52348,-28.571932],[-64.54927,-28.567269],[-64.566792,-28.672791],[-64.534749,-28.678501],[-64.542582,-28.711926],[-64.5133,-28.71708],[-64.523506,-28.764114],[-64.493814,-28.769302],[-64.497934,-28.787552],[-64.523049,-28.783223],[-64.559023,-29.01582],[-64.511834,-29.024096],[-64.513644,-29.034437],[-64.266086,-29.037323],[-64.194029,-28.759608],[-64.23441,-28.682425],[-64.217019,-28.605144],[-64.206275,-28.596173],[-64.160773,-28.60337],[-64.155318,-28.57746],[-64.043499,-28.593775],[-64.019708,-28.488065],[-63.851277,-28.391108]]]},"properties":{"fid":188,"Entidad":0,"Objeto":"Departamento","FNA":"Departamento Loreto","GNA":"Departamento","NAM":"Loreto","SAG":"Catastro Provinciales","FDC":null,"IN1":"86105","SHAPE_STAr":0.287621915371,"SHAPE_STLe":3.28716871028}},
{"type":"Feature","geometry":{"type":"Polygon","coordinates":[[[-63.880658,-28.910411],[-63.95628,-28.87133],[-64.005723,-28.877485],[-64.107463,-28.834846],[-64.138749,-28.794371],[-64.194029,-28.759608],[-64.266086,-29.037323],[-64.513644,-29.034437],[-64.588485,-29.538132],[-64.489209,-29.522925],[-64.342311,-29.500423],[-63.977046,-29.555414],[-63.958635,-29.6213],[-63.869589,-29.623895],[-63.841749,-29.581779],[-63.811649,-29.579161],[-63.784047,-29.584039],[-63.784982,-29.598932],[-63.816391,-29.614696],[-63.763711,-29.617063],[-63.73494,-29.639179],[-63.723673,-29.659162],[-63.705227,-29.66274],[-63.625389,-29.655288],[-63.465199,-29.664822],[-63.480666,-29.725736],[-63.459251,-29.725736],[-63.459013,-29.757145],[-63.270474,-29.774123],[-63.278525,-29.634957],[-63.344584,-29.614261],[-63.329398,-29.537482],[-63.462408,-29.510499],[-63.46087,-29.500073],[-63.532693,-29.483329],[-63.538507,-29.519039],[-63.574883,-29.500256],[-63.580942,-29.452956],[-63.642222,-29.439622],[-63.678221,-29.412697],[-63.653165,-29.392495],[-63.647259,-29.306298],[-63.705055,-29.334885],[-63.670601,-29.181853],[-63.738303,-29.170156],[-63.750408,-29.225509],[-63.794508,-29.217592],[-63.774111,-29.101051],[-63.730067,-29.108787],[-63.718758,-29.059204],[-63.835717,-29.036487],[-63.831217,-29.016794],[-63.845921,-29.003684],[-63.795997,-28.962081],[-63.807545,-28.953035],[-63.819433,-28.962508],[-63.851909,-28.938052],[-63.919445,-28.937661],[-63.880658,-28.910411]]]},"properties":{"fid":40,"Entidad":0,"Objeto":"Departamento","FNA":"Departamento Ojo de Agua","GNA":"Departamento","NAM":"Ojo de Agua","SAG":"Catastro Provinciales","FDC":null,"IN1":"86126","SHAPE_STAr":0.594354303874,"SHAPE_STLe":4.98352736968}},
{"type":"Feature","geometry":{"type":"Polygon","coordinates":[[[-64.489209,-29.522925],[-64.49218,-29.82076],[-64.405181,-29.827615],[-64.410106,-29.930095],[-64.210689,-29.978071],[-64.173645,-30.063036],[-63.937819,-30.083643],[-63.944549,-30.027272],[-63.887379,-29.956485],[-63.885728,-29.908737],[-63.859409,-29.883139],[-63.834954,-29.876897],[-63.806024,-29.793955],[-63.791335,-29.795028],[-63.765368,-29.706078],[-63.792224,-29.70425],[-63.791468,-29.662501],[-63.77921,-29.639345],[-63.748484,-29.652124],[-63.73494,-29.639179],[-63.763711,-29.617063],[-63.816391,-29.614696],[-63.784982,-29.598932],[-63.784047,-29.584039],[-63.811649,-29.579161],[-63.841749,-29.581779],[-63.869589,-29.623895],[-63.958635,-29.6213],[-63.977046,-29.555414],[-64.342311,-29.500423],[-64.489209,-29.522925]]]},"properties":{"fid":148,"Entidad":0,"Objeto":"Departamento","FNA":"Departamento Sobremonte","GNA":"Departamento","NAM":"Sobremonte","SAG":"IDE Cordoba","FDC":"Catastro","IN1":"14154","SHAPE_STAr":0.301005031845,"SHAPE_STLe":2.60185579862}},
{"type":"Feature","geometry":{"type":"Polygon","coordinates":[[[-64.309786,-31.363288],[-64.309786,-31.524984],[-64.057384,-31.524984],[-64.057381,-31.419291],[-64.057382,-31.308528],[-64.309786,-31.308532],[-64.309786,-31.363288]]]},"properties":{"fid":163,"Entidad":0,"Objeto":"Departamento","FNA":"Departamento Capital","GNA":"Departamento","NAM":"Capital","SAG":"IDE Cordoba","FDC":"Catastro","IN1":"14014","SHAPE_STAr":0.0546337579954,"SHAPE_STLe":0.937713292071}},
{"type":"Feature","geometry":{"type":"Polygon","coordinates":[[[-64.241408,-32.004467],[-64.277539,-32.141073],[-64.263722,-32.158587],[-64.293957,-32.188195],[-64.293479,-32.31822],[-64.245641,-32.326942],[-64.245859,-32.308223],[-64.089423,-32.308126],[-64.043773,-32.324467],[-63.986211,-32.327626],[-63.988602,-32.360896],[-63.920394,-32.374521],[-63.944125,-32.458715],[-63.977936,-32.475562],[-64.044013,-32.750363],[-63.973419,-32.723217],[-63.977397,-32.737687],[-63.907448,-32.700379],[-63.699917,-32.709768],[-63.721518,-32.79069],[-63.55025,-32.822659],[-63.576772,-32.769391],[-63.560294,-32.707101],[-63.581384,-32.70314],[-63.498892,-32.392853],[-63.572437,-32.37882],[-63.542777,-32.261906],[-63.525838,-32.258214],[-63.516175,-32.22239],[-63.459315,-32.24741],[-63.371241,-32.191024],[-63.447724,-32.103726],[-63.407282,-32.084362],[-63.358698,-32.087908],[-63.201319,-32.048267],[-63.18592,-32.095959],[-63.115947,-32.000937],[-63.097012,-32.005467],[-63.083484,-31.952208],[-63.111484,-31.958938],[-63.12563,-31.947396],[-63.182589,-32.001558],[-63.211614,-32.010699],[-63.244447,-31.924843],[-63.342522,-31.941777],[-63.348104,-31.963838],[-63.421731,-31.974198],[-63.424388,-31.983983],[-63.554991,-31.981376],[-63.570012,-31.964225],[-63.658898,-32.020755],[-63.677613,-31.999059],[-63.677878,-32.035054],[-63.699694,-32.035457],[-63.699783,-31.98838],[-63.918954,-31.986993],[-63.919287,-32.009833],[-63.974445,-31.998014],[-63.973794,-31.951751],[-64.084101,-31.950586],[-64.084512,-32.004653],[-64.241408,-32.004467]]]},"properties":{"fid":95,"Entidad":0,"Objeto":"Departamento","FNA":"Departamento Tercero Arriba","GNA":"Departamento","NAM":"Tercero Arriba","SAG":"IDE Cordoba","FDC":"Catastro","IN1":"14161","SHAPE_STAr":0.491969362746,"SHAPE_STLe":4.87376939488}},
{"type":"Feature","geometry":{"type":"Polygon","coordinates":[[[-62.805151,-33.895996],[-63.22471,-33.815259],[-63.22851,-33.830576],[-64.034826,-33.832831],[-64.031712,-34.174234],[-64.076739,-34.179032],[-64.088287,-34.198678],[-64.160196,-34.208415],[-64.208543,-34.2391],[-64.165508,-34.257347],[-64.162196,-34.370459],[-63.834941,-34.36424],[-63.82982,-34.545433],[-63.501539,-34.544843],[-63.502404,-34.52105],[-63.385306,-34.529635],[-63.38508,-34.383325],[-62.87973,-34.383488],[-62.543173,-33.943443],[-62.805151,-33.895996]]]},"properties":{"fid":114,"Entidad":0,"Objeto":"Departamento","FNA":"Departamento Presidente Roque Sáenz Peña","GNA":"Departamento","NAM":"Presidente Roque Sáenz Peña","SAG":"IDE Cordoba","FDC":"Catastro","IN1":"14084","SHAPE_STAr":0.805183238214,"SHAPE_STLe":4.43065951859}},
{"type":"Feature","geometry":{"type":"Polygon","coordinates":[[[-63.2631,-31.333906],[-63.365609,-31.315061],[-63.358429,-31.367609],[-63.44962,-31.375354],[-63.485605,-31.390624],[-63.489523,-31.402365],[-63.530627,-31.403284],[-63.530545,-31.41371],[-63.54748,-31.414087],[-63.557905,-31.457903],[-63.57222,-31.469999],[-63.618982,-31.494092],[-63.646303,-31.486378],[-63.680767,-31.492909],[-63.690876,-31.522256],[-63.735254,-31.515785],[-63.898267,-31.542972],[-63.954347,-31.535376],[-63.934107,-31.558247],[-64.016609,-31.620398],[-63.985282,-31.651136],[-64.014614,-31.656003],[-64.029106,-31.677457],[-64.027267,-31.768685],[-64.010555,-31.749957],[-63.947788,-31.752862],[-63.946874,-31.874439],[-63.918089,-31.874603],[-63.918954,-31.986993],[-63.699783,-31.98838],[-63.699694,-32.035457],[-63.677878,-32.035054],[-63.677613,-31.999059],[-63.658898,-32.020755],[-63.570012,-31.964225],[-63.554991,-31.981376],[-63.424388,-31.983983],[-63.421731,-31.974198],[-63.348104,-31.963838],[-63.342522,-31.941777],[-63.244447,-31.924843],[-63.211614,-32.010699],[-63.182589,-32.001558],[-63.12563,-31.947396],[-63.111484,-31.958938],[-63.083484,-31.952208],[-63.097012,-32.005467],[-63.006308,-32.0215],[-63.006235,-32.036614],[-62.951164,-32.03643],[-62.954107,-32.048133],[-62.851179,-32.06053],[-62.838592,-32.011336],[-62.881045,-32.012825],[-62.881762,-31.966106],[-62.899865,-31.965953],[-62.925888,-31.931059],[-62.949415,-31.919725],[-62.949582,-31.86744],[-62.96393,-31.867453],[-62.968616,-31.836101],[-62.98247,-31.833589],[-62.982919,-31.798874],[-63.00971,-31.799976],[-63.014717,-31.723432],[-63.035539,-31.723428],[-63.035379,-31.692379],[-63.052426,-31.692466],[-63.052725,-31.665689],[-63.111665,-31.665275],[-63.111357,-31.622787],[-63.152691,-31.622962],[-63.163775,-31.563705],[-63.186795,-31.563674],[-63.181261,-31.543468],[-63.206737,-31.553095],[-63.186002,-31.470013],[-63.203423,-31.459038],[-63.229869,-31.472363],[-63.259776,-31.464652],[-63.2631,-31.333906]]]},"properties":{"fid":92,"Entidad":0,"Objeto":"Departamento","FNA":"Departamento Río Segundo","GNA":"Departamento","NAM":"Río Segundo","SAG":"IDE Cordoba","FDC":"Catastro","IN1":"14119","SHAPE_STAr":0.490315491603,"SHAPE_STLe":4.20519329173}},
{"type":"Feature","geometry":{"type":"Polygon","coordinates":[[[-63.270474,-29.774123],[-63.459013,-29.757145],[-63.459251,-29.725736],[-63.480666,-29.725736],[-63.465199,-29.664822],[-63.625389,-29.655288],[-63.705227,-29.66274],[-63.723673,-29.659162],[-63.73494,-29.639179],[-63.748484,-29.652124],[-63.77921,-29.639345],[-63.791468,-29.662501],[-63.792224,-29.70425],[-63.765368,-29.706078],[-63.791335,-29.795028],[-63.806024,-29.793955],[-63.834954,-29.876897],[-63.859409,-29.883139],[-63.885728,-29.908737],[-63.887379,-29.956485],[-63.944549,-30.027272],[-63.937819,-30.083643],[-63.930116,-30.094787],[-63.886361,-30.097073],[-63.858591,-30.12477],[-63.493704,-30.188682],[-63.492529,-30.272179],[-63.380968,-30.270413],[-63.380905,-30.321469],[-63.34848,-30.323659],[-63.325437,-30.230403],[-62.526984,-30.378497],[-62.550465,-30.47011],[-62.325088,-30.511575],[-62.321448,-30.367885],[-62.157475,-30.396173],[-62.173794,-30.345314],[-62.520077,-30.341898],[-62.534531,-30.31202],[-62.593618,-30.259583],[-62.596801,-30.165742],[-62.567665,-30.123067],[-62.556483,-30.062787],[-62.608507,-30.056461],[-62.663797,-30.048748],[-62.674742,-30.035185],[-62.654993,-30.007345],[-62.663797,-29.998303],[-62.723878,-29.990808],[-62.753622,-29.966419],[-62.791931,-29.959994],[-62.785844,-29.942748],[-62.800529,-29.908045],[-62.820308,-29.903973],[-62.838676,-29.865761],[-62.829266,-29.842397],[-62.805715,-29.834132],[-62.808651,-29.81571],[-63.270474,-29.774123]]]},"properties":{"fid":126,"Entidad":0,"Objeto":"Departamento","FNA":"Departamento Río Seco","GNA":"Departamento","NAM":"Río Seco","SAG":"IDE Cordoba","FDC":"Catastro","IN1":"14112","SHAPE_STAr":0.638704331342,"SHAPE_STLe":5.34668832413}},
{"type":"Feature","geometry":{"type":"Polygon","coordinates":[[[-62.87973,-34.383488],[-63.38508,-34.383325],[-63.385306,-34.529635],[-63.38575,-35.000135],[-63.385671,-35.36969],[-63.329475,-35.323156],[-63.347169,-35.300041],[-63.310018,-35.267808],[-63.285144,-35.288491],[-63.211173,-35.22897],[-63.235514,-35.208572],[-63.139051,-35.128403],[-63.090385,-35.168254],[-63.115413,-35.188868],[-62.964607,-35.311894],[-62.899558,-35.259279],[-62.707517,-35.101156],[-62.676893,-35.126607],[-62.657181,-35.110819],[-62.68835,-35.085097],[-62.610627,-35.022719],[-62.642162,-34.996989],[-62.606722,-34.99671],[-62.622173,-34.632497],[-62.59472,-34.650188],[-62.584849,-34.61069],[-62.348165,-34.653782],[-62.268194,-34.383551],[-62.87973,-34.383488]]]},"properties":{"fid":115,"Entidad":0,"Objeto":"Departamento","FNA":"Partido de General Villegas","GNA":"Partido","NAM":"General Villegas","SAG":"ARBA - Gerencia de Servicios Catastrales","FDC":null,"IN1":"06392","SHAPE_STAr":0.71505221182,"SHAPE_STLe":4.41207278096}},
{"type":"Feature","geometry":{"type":"Polygon","coordinates":[[[-62.157475,-30.396173],[-62.321448,-30.367885],[-62.325088,-30.511575],[-62.335278,-30.579779],[-62.428588,-30.554489],[-62.444728,-30.568582],[-62.514314,-30.564141],[-62.55396,-30.548038],[-62.545132,-30.544183],[-62.556539,-30.52585],[-62.629177,-30.532577],[-62.657687,-30.512825],[-62.704314,-30.548807],[-62.679787,-30.567233],[-62.685271,-30.592664],[-62.772417,-30.602171],[-62.884612,-30.635283],[-62.876661,-30.662021],[-62.912341,-30.658733],[-62.914432,-30.639805],[-62.926614,-30.664994],[-62.951639,-30.674808],[-62.937315,-30.683516],[-62.963617,-30.687309],[-62.985848,-30.677344],[-63.011271,-30.686929],[-63.001286,-30.695767],[-63.030021,-30.695348],[-63.040427,-30.712933],[-63.026161,-30.703344],[-63.013641,-30.713786],[-62.979426,-30.716524],[-62.971263,-30.707232],[-62.957618,-30.720908],[-62.932417,-30.719941],[-62.922014,-30.730591],[-62.929432,-30.752213],[-62.905775,-30.78579],[-62.84227,-30.805007],[-62.843774,-30.82079],[-62.815217,-30.850703],[-62.83405,-30.932506],[-62.933761,-30.967461],[-62.955167,-31.079796],[-63.009941,-31.071885],[-63.032442,-31.098046],[-63.04031,-31.131524],[-63.119631,-31.117219],[-63.131243,-31.163375],[-63.153925,-31.159465],[-63.177584,-31.283441],[-63.245916,-31.264816],[-63.2631,-31.333906],[-63.259776,-31.464652],[-63.229869,-31.472363],[-63.203423,-31.459038],[-63.186002,-31.470013],[-63.206737,-31.553095],[-63.181261,-31.543468],[-63.186795,-31.563674],[-63.163775,-31.563705],[-63.152691,-31.622962],[-63.111357,-31.622787],[-63.111665,-31.665275],[-63.052725,-31.665689],[-63.052426,-31.692466],[-63.035379,-31.692379],[-63.035539,-31.723428],[-63.014717,-31.723432],[-63.00971,-31.799976],[-62.982919,-31.798874],[-62.98247,-31.833589],[-62.968616,-31.836101],[-62.96393,-31.867453],[-62.949582,-31.86744],[-62.949415,-31.919725],[-62.925888,-31.931059],[-62.899865,-31.965953],[-62.881762,-31.966106],[-62.881045,-32.012825],[-62.838592,-32.011336],[-62.63563,-32.04721],[-62.619373,-31.98329],[-62.528958,-31.998895],[-62.520826,-31.967241],[-62.31627,-32.004362],[-62.324623,-32.038982],[-62.282458,-32.046516],[-62.182143,-32.063679],[-62.167609,-31.986186],[-62.188548,-31.922298],[-62.223348,-31.883453],[-62.217875,-31.740685],[-62.241075,-31.700175],[-62.132352,-31.620366],[-61.843368,-30.750751],[-62.130603,-30.479928],[-62.157475,-30.396173]]]},"properties":{"fid":93,"Entidad":0,"Objeto":"Departamento","FNA":"Departamento San Justo","GNA":"Departamento","NAM":"San Justo","SAG":"IDE Cordoba","FDC":"Catastro","IN1":"14140","SHAPE_STAr":1.47321772153,"SHAPE_STLe":6.6552998985}},
{"type":"Feature","geometry":{"type":"Polygon","coordinates":[[[-62.282458,-32.046516],[-62.324623,-32.038982],[-62.31627,-32.004362],[-62.520826,-31.967241],[-62.528958,-31.998895],[-62.619373,-31.98329],[-62.63563,-32.04721],[-62.838592,-32.011336],[-62.851179,-32.06053],[-62.878124,-32.157171],[-62.861468,-32.160552],[-62.927381,-32.391462],[-63.017426,-32.370295],[-63.020428,-32.382017],[-63.053155,-32.376423],[-63.065907,-32.426728],[-63.092369,-32.417904],[-63.097697,-32.438324],[-63.126476,-32.422326],[-63.163394,-32.472298],[-63.146575,-32.506083],[-63.089754,-32.512888],[-63.081047,-32.525885],[-63.101128,-32.547964],[-63.118061,-32.616096],[-63.0588,-32.632842],[-63.103318,-32.811029],[-63.054823,-32.819732],[-63.05585,-32.85705],[-63.090611,-32.850247],[-63.109799,-32.923186],[-63.131754,-32.919097],[-63.180192,-33.102497],[-63.190967,-33.1006],[-63.218448,-33.247014],[-63.08166,-33.272762],[-63.22471,-33.815259],[-62.805151,-33.895996],[-62.776693,-33.779326],[-62.75337,-33.783466],[-62.645663,-33.358522],[-62.603344,-33.301353],[-62.688415,-33.285673],[-62.574896,-33.211518],[-62.520812,-33.127526],[-62.625234,-33.107962],[-62.530603,-33.043449],[-62.507803,-32.952754],[-62.542888,-32.946712],[-62.515902,-32.83704],[-62.451134,-32.848266],[-62.487389,-32.764303],[-62.492634,-32.789194],[-62.503805,-32.78216],[-62.486305,-32.679132],[-62.456273,-32.684691],[-62.390519,-32.438148],[-62.354479,-32.444628],[-62.347193,-32.414842],[-62.266009,-32.429051],[-62.245026,-32.32905],[-62.299082,-32.319533],[-62.294682,-32.301349],[-62.375949,-32.287481],[-62.339387,-32.136807],[-62.306504,-32.142082],[-62.282458,-32.046516]]]},"properties":{"fid":94,"Entidad":0,"Objeto":"Departamento","FNA":"Departamento Unión","GNA":"Departamento","NAM":"Unión","SAG":"IDE Cordoba","FDC":"Catastro","IN1":"14182","SHAPE_STAr":1.04923271682,"SHAPE_STLe":6.3985334019}},
{"type":"Feature","geometry":{"type":"Polygon","coordinates":[[[-61.771723,-28.35709],[-61.871039,-28.357689],[-61.864083,-28.318843],[-63.110697,-28.316552],[-63.109666,-28.327234],[-63.040787,-28.407598],[-62.914354,-28.460493],[-62.878939,-28.507301],[-62.882227,-28.565129],[-62.753373,-28.632442],[-62.714213,-28.709124],[-62.697971,-28.793796],[-62.672356,-28.809711],[-62.682336,-28.815657],[-62.658376,-28.8103],[-62.675952,-28.81985],[-62.659896,-28.832435],[-62.666222,-28.846711],[-62.655158,-28.847073],[-62.654512,-28.862734],[-62.644652,-28.865516],[-61.857832,-28.86644],[-61.771723,-28.35709]]]},"properties":{"fid":38,"Entidad":0,"Objeto":"Departamento","FNA":"Departamento General Taboada","GNA":"Departamento","NAM":"General Taboada","SAG":"Catastro Provinciales","FDC":null,"IN1":"86077","SHAPE_STAr":0.558545991351,"SHAPE_STLe":3.67011841794}},
{"type":"Feature","geometry":{"type":"Polygon","coordinates":[[[-62.644652,-28.865516],[-62.654512,-28.862734],[-62.894551,-28.862979],[-62.894522,-28.891657],[-63.06807,-28.891836],[-63.068116,-28.970097],[-62.980219,-28.966661],[-62.980707,-29.20199],[-62.891542,-29.202104],[-62.891456,-29.283612],[-62.802218,-29.284285],[-62.802176,-29.306419],[-62.752747,-29.306957],[-62.752611,-29.363374],[-62.616519,-29.364141],[-62.617114,-29.442529],[-62.497828,-29.442757],[-62.497812,-29.482183],[-62.558011,-29.482397],[-62.558375,-29.520889],[-62.545013,-29.521155],[-62.533618,-29.596851],[-62.437844,-29.596778],[-62.43751,-29.666602],[-61.992844,-29.66506],[-61.992258,-29.661597],[-61.95067,-29.415593],[-61.991863,-29.425395],[-62.003585,-29.409745],[-62.025878,-29.404767],[-62.043795,-29.372797],[-62.08117,-29.371033],[-62.110311,-29.354557],[-62.129844,-29.358425],[-62.128147,-29.369791],[-62.142833,-29.379235],[-62.146466,-29.370376],[-62.157376,-29.384938],[-62.168505,-29.372853],[-62.174447,-29.386136],[-62.181868,-29.370286],[-62.199997,-29.372578],[-62.199219,-29.358237],[-62.246867,-29.361631],[-62.248754,-29.371148],[-62.260458,-29.351734],[-62.310081,-29.325819],[-62.301777,-29.317829],[-62.312472,-29.313988],[-62.300905,-29.31533],[-62.285455,-29.287042],[-62.303192,-29.292746],[-62.321879,-29.26261],[-62.37049,-29.247419],[-62.358607,-29.243778],[-62.367782,-29.225433],[-62.390011,-29.221485],[-62.400967,-29.200963],[-62.41836,-29.203378],[-62.41385,-29.184501],[-62.427704,-29.184094],[-62.427219,-29.175365],[-62.416012,-29.178901],[-62.437105,-29.153432],[-62.479693,-29.157345],[-62.47462,-29.142364],[-62.490763,-29.144608],[-62.489389,-29.135253],[-62.500173,-29.144332],[-62.505397,-29.128455],[-62.535354,-29.137134],[-62.560787,-29.125376],[-62.556572,-29.11492],[-62.571124,-29.115124],[-62.570279,-29.104835],[-62.590508,-29.104742],[-62.608491,-29.0889],[-62.619999,-29.095635],[-62.615781,-29.084869],[-62.631751,-29.083979],[-62.640862,-29.065925],[-62.628548,-29.03706],[-62.651629,-29.029018],[-62.66578,-28.984793],[-62.674816,-28.986062],[-62.665276,-28.976065],[-62.673131,-28.957849],[-62.653669,-28.948917],[-62.673558,-28.93494],[-62.657458,-28.928044],[-62.659112,-28.909969],[-62.641406,-28.908208],[-62.651145,-28.909169],[-62.640379,-28.898231],[-62.644652,-28.865516]]]},"properties":{"fid":160,"Entidad":0,"Objeto":"Departamento","FNA":"Departamento Aguirre","GNA":"Departamento","NAM":"Aguirre","SAG":"Catastro Provinciales","FDC":null,"IN1":"86007","SHAPE_STAr":0.380688166866,"SHAPE_STLe":4.86154107477}},
{"type":"Feature","geometry":{"type":"Polygon","coordinates":[[[-62.130603,-30.479928],[-61.992844,-29.66506],[-62.43751,-29.666602],[-62.436146,-29.949579],[-62.453356,-29.969174],[-62.608507,-30.056461],[-62.556483,-30.062787],[-62.567665,-30.123067],[-62.596801,-30.165742],[-62.593618,-30.259583],[-62.534531,-30.31202],[-62.520077,-30.341898],[-62.173794,-30.345314],[-62.157475,-30.396173],[-62.130603,-30.479928]]]},"properties":{"fid":39,"Entidad":0,"Objeto":"Departamento","FNA":"Departamento Rivadavia","GNA":"Departamento","NAM":"Rivadavia","SAG":"Catastro Provinciales","FDC":null,"IN1":"86154","SHAPE_STAr":0.314547192312,"SHAPE_STLe":2.66307059376}},
{"type":"Feature","geometry":{"type":"Polygon","coordinates":[[[-61.813759,-34.383597],[-62.268194,-34.383551],[-62.348165,-34.653782],[-62.188183,-34.682722],[-62.263804,-34.743064],[-62.240236,-34.76204],[-62.305054,-34.812823],[-62.28561,-34.813533],[-62.28306,-34.856773],[-62.22259,-34.854785],[-62.220666,-34.891339],[-62.205554,-34.890125],[-62.104559,-34.984689],[-61.9832,-34.886031],[-61.902716,-34.952754],[-61.673472,-34.760952],[-61.772899,-34.676405],[-61.711613,-34.628025],[-61.769608,-34.576422],[-61.84537,-34.637413],[-61.983941,-34.518249],[-61.813759,-34.383597]]]},"properties":{"fid":59,"Entidad":0,"Objeto":"Departamento","FNA":"Partido de General Pinto","GNA":"Partido","NAM":"General Pinto","SAG":"ARBA - Gerencia de Servicios Catastrales","FDC":null,"IN1":"06351","SHAPE_STAr":0.251592756511,"SHAPE_STLe":2.78659697309}},
{"type":"Feature","geometry":{"type":"Polygon","coordinates":[[[-61.857832,-28.86644],[-62.644652,-28.865516],[-62.640379,-28.898231],[-62.651145,-28.909169],[-62.641406,-28.908208],[-62.659112,-28.909969],[-62.657458,-28.928044],[-62.673558,-28.93494],[-62.653669,-28.948917],[-62.673131,-28.957849],[-62.665276,-28.976065],[-62.674816,-28.986062],[-62.66578,-28.984793],[-62.651629,-29.029018],[-62.628548,-29.03706],[-62.640862,-29.065925],[-62.631751,-29.083979],[-62.615781,-29.084869],[-62.619999,-29.095635],[-62.608491,-29.0889],[-62.590508,-29.104742],[-62.570279,-29.104835],[-62.571124,-29.115124],[-62.556572,-29.11492],[-62.560787,-29.125376],[-62.535354,-29.137134],[-62.505397,-29.128455],[-62.500173,-29.144332],[-62.489389,-29.135253],[-62.490763,-29.144608],[-62.47462,-29.142364],[-62.479693,-29.157345],[-62.437105,-29.153432],[-62.416012,-29.178901],[-62.427219,-29.175365],[-62.427704,-29.184094],[-62.41385,-29.184501],[-62.41836,-29.203378],[-62.400967,-29.200963],[-62.390011,-29.221485],[-62.367782,-29.225433],[-62.358607,-29.243778],[-62.37049,-29.247419],[-62.321879,-29.26261],[-62.303192,-29.292746],[-62.285455,-29.287042],[-62.300905,-29.31533],[-62.312472,-29.313988],[-62.301777,-29.317829],[-62.310081,-29.325819],[-62.260458,-29.351734],[-62.248754,-29.371148],[-62.246867,-29.361631],[-62.199219,-29.358237],[-62.199997,-29.372578],[-62.181868,-29.370286],[-62.174447,-29.386136],[-62.168505,-29.372853],[-62.157376,-29.384938],[-62.146466,-29.370376],[-62.142833,-29.379235],[-62.128147,-29.369791],[-62.129844,-29.358425],[-62.110311,-29.354557],[-62.08117,-29.371033],[-62.043795,-29.372797],[-62.025878,-29.404767],[-62.003585,-29.409745],[-61.991863,-29.425395],[-61.95067,-29.415593],[-61.857832,-28.86644]]]},"properties":{"fid":159,"Entidad":0,"Objeto":"Departamento","FNA":"Departamento Belgrano","GNA":"Departamento","NAM":"Belgrano","SAG":"Catastro Provinciales","FDC":null,"IN1":"86042","SHAPE_STAr":0.309328281275,"SHAPE_STLe":3.5180225478}},
{"type":"Feature","geometry":{"type":"Polygon","coordinates":[[[-63.06807,-28.891836],[-63.067841,-28.811572],[-63.110841,-28.811699],[-63.110833,-28.765397],[-63.24243,-28.740576],[-63.22701,-28.637161],[-63.313403,-28.636989],[-63.313372,-28.607076],[-63.353969,-28.606976],[-63.353903,-28.587212],[-63.392604,-28.60456],[-63.38374,-28.555586],[-63.467014,-28.542477],[-63.475132,-28.57644],[-63.523658,-28.568908],[-63.530798,-28.595145],[-63.601377,-28.626493],[-63.581536,-28.648223],[-63.622469,-28.67323],[-63.58399,-28.724242],[-63.563889,-28.712926],[-63.552603,-28.728759],[-63.658616,-28.793683],[-63.592891,-28.876249],[-63.663376,-28.938613],[-63.649933,-28.929705],[-63.626202,-28.949516],[-63.595766,-28.948369],[-63.578892,-28.978204],[-63.565932,-28.967982],[-63.550919,-28.98346],[-63.542322,-28.96915],[-63.538928,-29.019051],[-63.475874,-29.026998],[-63.44698,-29.048937],[-63.448973,-29.059207],[-63.414656,-29.069595],[-63.395459,-29.084641],[-63.381514,-29.13671],[-63.361975,-29.128414],[-63.322018,-29.139436],[-63.295638,-29.210153],[-63.279332,-29.226888],[-63.263938,-29.220068],[-63.214187,-29.238999],[-63.185224,-29.287431],[-63.158121,-29.29132],[-63.157838,-29.312376],[-62.994243,-29.21857],[-62.995894,-29.202019],[-62.980707,-29.20199],[-62.980219,-28.966661],[-63.068116,-28.970097],[-63.06807,-28.891836]]]},"properties":{"fid":279,"Entidad":0,"Objeto":"Departamento","FNA":"Departamento Salavina","GNA":"Departamento","NAM":"Salavina","SAG":"Catastro Provinciales","FDC":null,"IN1":"86168","SHAPE_STAr":0.293470330271,"SHAPE_STLe":3.09464465589}},
{"type":"Feature","geometry":{"type":"Polygon","coordinates":[[[-63.109666,-28.327234],[-63.228288,-28.327328],[-63.230934,-28.349338],[-63.333949,-28.329882],[-63.332992,-28.322134],[-63.361578,-28.317031],[-63.459686,-28.212365],[-63.467341,-28.255242],[-63.512873,-28.256584],[-63.578636,-28.242104],[-63.580861,-28.205036],[-63.61683,-28.198956],[-63.628522,-28.251809],[-63.611537,-28.25462],[-63.635769,-28.351238],[-63.709886,-28.348399],[-63.711098,-28.371615],[-63.694057,-28.379496],[-63.78646,-28.435725],[-63.781809,-28.450558],[-63.766964,-28.446122],[-63.776906,-28.479419],[-63.744391,-28.495966],[-63.714804,-28.529789],[-63.68985,-28.518852],[-63.697282,-28.548738],[-63.601377,-28.626493],[-63.530798,-28.595145],[-63.523658,-28.568908],[-63.475132,-28.57644],[-63.467014,-28.542477],[-63.38374,-28.555586],[-63.392604,-28.60456],[-63.353903,-28.587212],[-63.353969,-28.606976],[-63.313372,-28.607076],[-63.313403,-28.636989],[-63.22701,-28.637161],[-63.24243,-28.740576],[-63.110833,-28.765397],[-63.110841,-28.811699],[-63.067841,-28.811572],[-63.06807,-28.891836],[-62.894522,-28.891657],[-62.894551,-28.862979],[-62.654512,-28.862734],[-62.655158,-28.847073],[-62.666222,-28.846711],[-62.659896,-28.832435],[-62.675952,-28.81985],[-62.658376,-28.8103],[-62.682336,-28.815657],[-62.672356,-28.809711],[-62.697971,-28.793796],[-62.714213,-28.709124],[-62.753373,-28.632442],[-62.882227,-28.565129],[-62.878939,-28.507301],[-62.914354,-28.460493],[-63.040787,-28.407598],[-63.109666,-28.327234]]]},"properties":{"fid":281,"Entidad":0,"Objeto":"Departamento","FNA":"Departamento Avellaneda","GNA":"Departamento","NAM":"Avellaneda","SAG":"Catastro Provinciales","FDC":null,"IN1":"86028","SHAPE_STAr":0.351468122005,"SHAPE_STLe":3.79334726425}},
{"type":"Feature","geometry":{"type":"Polygon","coordinates":[[[-63.55025,-32.822659],[-63.721518,-32.79069],[-63.699917,-32.709768],[-63.907448,-32.700379],[-63.977397,-32.737687],[-64.048031,-33.001873],[-64.063841,-33.000518],[-64.075178,-33.046281],[-63.976576,-33.054285],[-63.992059,-33.111329],[-64.04883,-33.109682],[-64.047937,-33.192644],[-64.026835,-33.192457],[-64.022837,-33.179626],[-63.995784,-33.196298],[-63.962347,-33.19099],[-63.955486,-33.201601],[-63.944311,-33.191492],[-63.926919,-33.206954],[-63.919081,-33.198882],[-63.906416,-33.205207],[-63.903763,-33.192828],[-63.890153,-33.199488],[-63.88538,-33.643289],[-64.039213,-33.643104],[-64.034826,-33.832831],[-63.22851,-33.830576],[-63.22471,-33.815259],[-63.08166,-33.272762],[-63.218448,-33.247014],[-63.190967,-33.1006],[-63.30033,-33.081448],[-63.316603,-33.143264],[-63.339485,-33.145392],[-63.481338,-33.118902],[-63.458683,-33.033244],[-63.393004,-33.045808],[-63.345376,-32.861307],[-63.40479,-32.850128],[-63.420808,-32.909828],[-63.524451,-32.872076],[-63.513141,-32.829309],[-63.55025,-32.822659]]]},"properties":{"fid":285,"Entidad":0,"Objeto":"Departamento","FNA":"Departamento Juárez Celman","GNA":"Departamento","NAM":"Juárez Celman","SAG":"IDE Cordoba","FDC":"Catastro","IN1":"14056","SHAPE_STAr":0.767827144091,"SHAPE_STLe":4.95452189842}},
{"type":"Feature","geometry":{"type":"Polygon","coordinates":[[[-63.823101,-31.018142],[-63.8957,-31.018725],[-63.887989,-30.952974],[-63.991177,-30.918199],[-63.990618,-30.943702],[-64.009603,-30.942127],[-64.039374,-30.960103],[-64.179288,-30.976253],[-64.205668,-30.960743],[-64.241729,-30.968767],[-64.282071,-30.957882],[-64.306789,-30.933518],[-64.344229,-30.938237],[-64.37709,-30.908977],[-64.385197,-30.917273],[-64.438753,-30.913773],[-64.429648,-30.972589],[-64.449223,-31.060553],[-64.414736,-31.175595],[-64.416739,-31.249364],[-64.432147,-31.282643],[-64.431029,-31.373022],[-64.419847,-31.355237],[-64.351087,-31.371337],[-64.309786,-31.363288],[-64.309786,-31.308532],[-64.057382,-31.308528],[-64.057381,-31.419291],[-64.002284,-31.447027],[-63.973583,-31.451898],[-63.952104,-31.439694],[-63.953326,-31.346072],[-63.93627,-31.349608],[-63.937217,-31.321036],[-63.950772,-31.320824],[-63.950885,-31.273619],[-63.863346,-31.272767],[-63.864404,-31.111935],[-63.844538,-31.111973],[-63.830986,-31.093424],[-63.839491,-31.069722],[-63.823204,-31.073393],[-63.823101,-31.018142]]]},"properties":{"fid":300,"Entidad":0,"Objeto":"Departamento","FNA":"Departamento Colón","GNA":"Departamento","NAM":"Colón","SAG":"IDE Cordoba","FDC":"Catastro","IN1":"14021","SHAPE_STAr":0.223998775653,"SHAPE_STLe":2.78043636059}},
{"type":"Feature","geometry":{"type":"Polygon","coordinates":[[[-64.298264,-30.463715],[-64.283718,-30.388761],[-64.374801,-30.37859],[-64.386299,-30.340263],[-64.356526,-30.197403],[-64.28324,-30.201891],[-64.269874,-30.116013],[-64.298706,-30.114072],[-64.296149,-30.086319],[-64.989395,-30.01506],[-65.004077,-30.226115],[-65.001871,-30.418516],[-65.065265,-30.418669],[-65.059239,-30.430188],[-65.033472,-30.475059],[-64.87529,-30.634227],[-64.714851,-30.634132],[-64.714701,-30.689944],[-64.6243,-30.690109],[-64.5447,-30.690607],[-64.544228,-30.703803],[-64.514821,-30.703033],[-64.514024,-30.771493],[-64.425396,-30.77757],[-64.412157,-30.772244],[-64.350336,-30.787911],[-64.336702,-30.801522],[-64.262014,-30.812758],[-64.238841,-30.809228],[-64.217356,-30.790248],[-64.173191,-30.795412],[-64.142502,-30.783419],[-64.10155,-30.79989],[-64.117433,-30.750223],[-64.185152,-30.649249],[-64.229003,-30.546101],[-64.298264,-30.463715]]]},"properties":{"fid":315,"Entidad":0,"Objeto":"Departamento","FNA":"Departamento Ischilín","GNA":"Departamento","NAM":"Ischilín","SAG":"IDE Cordoba","FDC":"Catastro","IN1":"14049","SHAPE_STAr":0.47347265393,"SHAPE_STLe":3.4808488049}},
{"type":"Feature","geometry":{"type":"Polygon","coordinates":[[[-63.565038,-30.534026],[-63.60433,-30.526146],[-63.615454,-30.571916],[-63.795702,-30.569191],[-63.802384,-30.51026],[-63.845505,-30.510824],[-63.847102,-30.416595],[-63.963569,-30.414911],[-63.979223,-30.45868],[-63.994194,-30.455375],[-64.005592,-30.483223],[-64.083312,-30.465693],[-64.139263,-30.47224],[-64.298264,-30.463715],[-64.229003,-30.546101],[-64.185152,-30.649249],[-64.117433,-30.750223],[-64.10155,-30.79989],[-64.142502,-30.783419],[-64.173191,-30.795412],[-64.217356,-30.790248],[-64.238841,-30.809228],[-64.262014,-30.812758],[-64.336702,-30.801522],[-64.350336,-30.787911],[-64.412157,-30.772244],[-64.425396,-30.77757],[-64.447189,-30.833415],[-64.438753,-30.913773],[-64.385197,-30.917273],[-64.37709,-30.908977],[-64.344229,-30.938237],[-64.306789,-30.933518],[-64.282071,-30.957882],[-64.241729,-30.968767],[-64.205668,-30.960743],[-64.179288,-30.976253],[-64.039374,-30.960103],[-64.009603,-30.942127],[-63.990618,-30.943702],[-63.991177,-30.918199],[-63.887989,-30.952974],[-63.8957,-31.018725],[-63.823101,-31.018142],[-63.820109,-30.971573],[-63.76427,-30.97132],[-63.764422,-30.927782],[-63.728235,-30.93437],[-63.662385,-30.667025],[-63.59851,-30.672191],[-63.565038,-30.534026]]]},"properties":{"fid":316,"Entidad":0,"Objeto":"Departamento","FNA":"Departamento Totoral","GNA":"Departamento","NAM":"Totoral","SAG":"IDE Cordoba","FDC":"Catastro","IN1":"14168","SHAPE_STAr":0.287308489362,"SHAPE_STLe":3.63132944436}},
{"type":"Feature","geometry":{"type":"Polygon","coordinates":[[[-63.097012,-32.005467],[-63.115947,-32.000937],[-63.18592,-32.095959],[-63.201319,-32.048267],[-63.358698,-32.087908],[-63.407282,-32.084362],[-63.447724,-32.103726],[-63.371241,-32.191024],[-63.459315,-32.24741],[-63.516175,-32.22239],[-63.525838,-32.258214],[-63.542777,-32.261906],[-63.572437,-32.37882],[-63.498892,-32.392853],[-63.581384,-32.70314],[-63.560294,-32.707101],[-63.576772,-32.769391],[-63.55025,-32.822659],[-63.513141,-32.829309],[-63.524451,-32.872076],[-63.420808,-32.909828],[-63.40479,-32.850128],[-63.345376,-32.861307],[-63.393004,-33.045808],[-63.458683,-33.033244],[-63.481338,-33.118902],[-63.339485,-33.145392],[-63.316603,-33.143264],[-63.30033,-33.081448],[-63.190967,-33.1006],[-63.180192,-33.102497],[-63.131754,-32.919097],[-63.109799,-32.923186],[-63.090611,-32.850247],[-63.05585,-32.85705],[-63.054823,-32.819732],[-63.103318,-32.811029],[-63.0588,-32.632842],[-63.118061,-32.616096],[-63.101128,-32.547964],[-63.081047,-32.525885],[-63.089754,-32.512888],[-63.146575,-32.506083],[-63.163394,-32.472298],[-63.126476,-32.422326],[-63.097697,-32.438324],[-63.092369,-32.417904],[-63.065907,-32.426728],[-63.053155,-32.376423],[-63.020428,-32.382017],[-63.017426,-32.370295],[-62.927381,-32.391462],[-62.861468,-32.160552],[-62.878124,-32.157171],[-62.851179,-32.06053],[-62.954107,-32.048133],[-62.951164,-32.03643],[-63.006235,-32.036614],[-63.006308,-32.0215],[-63.097012,-32.005467]]]},"properties":{"fid":317,"Entidad":0,"Objeto":"Departamento","FNA":"Departamento General San Martín","GNA":"Departamento","NAM":"General San Martín","SAG":"Catastro","FDC":"Catastro","IN1":"14042","SHAPE_STAr":0.478981689276,"SHAPE_STLe":4.36383081874}},
{"type":"Feature","geometry":{"type":"Polygon","coordinates":[[[-63.030021,-30.695348],[-63.213639,-30.662078],[-63.20751,-30.639009],[-63.365042,-30.609435],[-63.35698,-30.575861],[-63.565038,-30.534026],[-63.59851,-30.672191],[-63.662385,-30.667025],[-63.728235,-30.93437],[-63.764422,-30.927782],[-63.76427,-30.97132],[-63.820109,-30.971573],[-63.823101,-31.018142],[-63.823204,-31.073393],[-63.839491,-31.069722],[-63.830986,-31.093424],[-63.844538,-31.111973],[-63.864404,-31.111935],[-63.863346,-31.272767],[-63.950885,-31.273619],[-63.950772,-31.320824],[-63.937217,-31.321036],[-63.93627,-31.349608],[-63.953326,-31.346072],[-63.952104,-31.439694],[-63.954347,-31.535376],[-63.898267,-31.542972],[-63.735254,-31.515785],[-63.690876,-31.522256],[-63.680767,-31.492909],[-63.646303,-31.486378],[-63.618982,-31.494092],[-63.57222,-31.469999],[-63.557905,-31.457903],[-63.54748,-31.414087],[-63.530545,-31.41371],[-63.530627,-31.403284],[-63.489523,-31.402365],[-63.485605,-31.390624],[-63.44962,-31.375354],[-63.358429,-31.367609],[-63.365609,-31.315061],[-63.2631,-31.333906],[-63.245916,-31.264816],[-63.177584,-31.283441],[-63.153925,-31.159465],[-63.131243,-31.163375],[-63.119631,-31.117219],[-63.04031,-31.131524],[-63.032442,-31.098046],[-63.009941,-31.071885],[-62.955167,-31.079796],[-62.933761,-30.967461],[-62.83405,-30.932506],[-62.815217,-30.850703],[-62.843774,-30.82079],[-62.84227,-30.805007],[-62.905775,-30.78579],[-62.929432,-30.752213],[-62.922014,-30.730591],[-62.932417,-30.719941],[-62.957618,-30.720908],[-62.971263,-30.707232],[-62.979426,-30.716524],[-63.013641,-30.713786],[-63.026161,-30.703344],[-63.040427,-30.712933],[-63.030021,-30.695348]]]},"properties":{"fid":319,"Entidad":0,"Objeto":"Departamento","FNA":"Departamento Río Primero","GNA":"Departamento","NAM":"Río Primero","SAG":"IDE Cordoba","FDC":"Catastro","IN1":"14105","SHAPE_STAr":0.635766898738,"SHAPE_STLe":4.23965001983}},
{"type":"Feature","geometry":{"type":"Polygon","coordinates":[[[-62.182143,-32.063679],[-62.282458,-32.046516],[-62.306504,-32.142082],[-62.339387,-32.136807],[-62.375949,-32.287481],[-62.294682,-32.301349],[-62.299082,-32.319533],[-62.245026,-32.32905],[-62.266009,-32.429051],[-62.347193,-32.414842],[-62.354479,-32.444628],[-62.390519,-32.438148],[-62.456273,-32.684691],[-62.486305,-32.679132],[-62.503805,-32.78216],[-62.492634,-32.789194],[-62.487389,-32.764303],[-62.451134,-32.848266],[-62.515902,-32.83704],[-62.542888,-32.946712],[-62.507803,-32.952754],[-62.530603,-33.043449],[-62.625234,-33.107962],[-62.520812,-33.127526],[-62.574896,-33.211518],[-62.688415,-33.285673],[-62.603344,-33.301353],[-62.645663,-33.358522],[-62.75337,-33.783466],[-62.776693,-33.779326],[-62.805151,-33.895996],[-62.543173,-33.943443],[-62.138196,-33.407668],[-61.920324,-33.120158],[-61.896648,-33.112544],[-61.794866,-33.014173],[-61.770893,-32.901664],[-61.792546,-32.873428],[-61.777972,-32.831252],[-61.786003,-32.795441],[-61.800756,-32.768415],[-61.828476,-32.753562],[-61.857625,-32.694611],[-61.907415,-32.69596],[-61.946438,-32.678431],[-61.946081,-32.650472],[-61.889985,-32.614483],[-61.890461,-32.592116],[-61.922405,-32.592651],[-61.92645,-32.583193],[-61.902477,-32.568619],[-61.904262,-32.552776],[-61.930674,-32.544051],[-61.91259,-32.526978],[-61.914315,-32.494558],[-62.011695,-32.345366],[-62.038761,-32.260955],[-62.12805,-32.208547],[-62.180636,-32.156199],[-62.196757,-32.11432],[-62.182143,-32.063679]]]},"properties":{"fid":321,"Entidad":0,"Objeto":"Departamento","FNA":"Departamento Marcos Juárez","GNA":"Departamento","NAM":"Marcos Juárez","SAG":"IDE Cordoba","FDC":"Catastro","IN1":"14063","SHAPE_STAr":0.888379330439,"SHAPE_STLe":5.66869912911}},
{"type":"Feature","geometry":{"type":"Polygon","coordinates":[[[-64.241408,-32.004467],[-64.223441,-31.912441],[-64.274289,-31.912658],[-64.274768,-31.944975],[-64.288253,-31.949969],[-64.286469,-31.832404],[-64.31553,-31.832902],[-64.315097,-31.802406],[-64.328439,-31.791204],[-64.346258,-31.817143],[-64.369375,-31.817098],[-64.381342,-31.828629],[-64.378596,-31.845669],[-64.405386,-31.837297],[-64.426511,-31.857202],[-64.432131,-31.84],[-64.445467,-31.838376],[-64.459561,-31.852536],[-64.475634,-31.837268],[-64.485574,-31.851034],[-64.499326,-31.84242],[-64.489988,-31.839865],[-64.49455,-31.822916],[-64.500825,-31.831464],[-64.503903,-31.8167],[-64.520127,-31.817791],[-64.527435,-31.852062],[-64.552841,-31.86903],[-64.547318,-31.88088],[-64.582164,-31.878414],[-64.606367,-31.88526],[-64.609143,-31.896601],[-64.634255,-31.896946],[-64.639228,-31.884624],[-64.65357,-31.895567],[-64.677589,-31.894543],[-64.67529,-31.882822],[-64.691477,-31.880335],[-64.713744,-31.888474],[-64.731191,-31.877181],[-64.732768,-31.886248],[-64.760439,-31.866575],[-64.834533,-31.865261],[-64.89494,-31.906931],[-64.928818,-31.909292],[-64.94272,-32.015849],[-64.933564,-32.04772],[-64.962229,-32.226814],[-64.951558,-32.237534],[-64.961366,-32.281971],[-64.9528,-32.308596],[-64.941407,-32.298344],[-64.925346,-32.32547],[-64.919397,-32.401375],[-64.929272,-32.418507],[-64.919782,-32.466738],[-64.900647,-32.479845],[-64.888354,-32.579887],[-64.744725,-32.60594],[-64.663192,-32.632053],[-64.594496,-32.616848],[-64.575969,-32.631443],[-64.538968,-32.626577],[-64.526789,-32.6177],[-64.487503,-32.476552],[-64.45907,-32.481558],[-64.445591,-32.461041],[-64.426096,-32.379883],[-64.324948,-32.398812],[-64.32199,-32.37637],[-64.24569,-32.39011],[-64.245641,-32.326942],[-64.293479,-32.31822],[-64.293957,-32.188195],[-64.263722,-32.158587],[-64.277539,-32.141073],[-64.241408,-32.004467]]]},"properties":{"fid":327,"Entidad":0,"Objeto":"Departamento","FNA":"Departamento Calamuchita","GNA":"Departamento","NAM":"Calamuchita","SAG":"IDE Cordoba","FDC":"Catastro","IN1":"14007","SHAPE_STAr":0.448858483636,"SHAPE_STLe":3.6972526}},
{"type":"Feature","geometry":{"type":"Polygon","coordinates":[[[-62.43751,-29.666602],[-62.437844,-29.596778],[-62.533618,-29.596851],[-62.545013,-29.521155],[-62.558375,-29.520889],[-62.558011,-29.482397],[-62.497812,-29.482183],[-62.497828,-29.442757],[-62.617114,-29.442529],[-62.616519,-29.364141],[-62.752611,-29.363374],[-62.752747,-29.306957],[-62.802176,-29.306419],[-62.802218,-29.284285],[-62.891456,-29.283612],[-62.891542,-29.202104],[-62.980707,-29.20199],[-62.995894,-29.202019],[-62.994243,-29.21857],[-63.157838,-29.312376],[-63.133464,-29.317827],[-63.119776,-29.350634],[-63.128039,-29.405347],[-63.109644,-29.403423],[-63.097689,-29.415075],[-63.05495,-29.480297],[-63.031444,-29.481664],[-63.039658,-29.503782],[-63.012376,-29.519505],[-62.992185,-29.558119],[-62.96533,-29.562577],[-62.965323,-29.583339],[-62.935108,-29.621942],[-62.905334,-29.638417],[-62.883792,-29.636459],[-62.844875,-29.668436],[-62.848975,-29.748771],[-62.805775,-29.781894],[-62.808651,-29.81571],[-62.805715,-29.834132],[-62.829266,-29.842397],[-62.838676,-29.865761],[-62.820308,-29.903973],[-62.800529,-29.908045],[-62.785844,-29.942748],[-62.791931,-29.959994],[-62.753622,-29.966419],[-62.723878,-29.990808],[-62.663797,-29.998303],[-62.654993,-30.007345],[-62.674742,-30.035185],[-62.663797,-30.048748],[-62.608507,-30.056461],[-62.453356,-29.969174],[-62.436146,-29.949579],[-62.43751,-29.666602]]]},"properties":{"fid":347,"Entidad":0,"Objeto":"Departamento","FNA":"Departamento Mitre","GNA":"Departamento","NAM":"Mitre","SAG":"Catastro Provinciales","FDC":null,"IN1":"86112","SHAPE_STAr":0.315891934289,"SHAPE_STLe":3.15872553856}},
{"type":"Feature","geometry":{"type":"Polygon","coordinates":[[[-63.78646,-28.435725],[-63.816247,-28.41549],[-63.817017,-28.395553],[-63.838894,-28.40506],[-63.851277,-28.391108],[-64.019708,-28.488065],[-64.043499,-28.593775],[-64.155318,-28.57746],[-64.160773,-28.60337],[-64.206275,-28.596173],[-64.217019,-28.605144],[-64.23441,-28.682425],[-64.194029,-28.759608],[-64.138749,-28.794371],[-64.107463,-28.834846],[-64.005723,-28.877485],[-63.95628,-28.87133],[-63.880658,-28.910411],[-63.859267,-28.912325],[-63.835488,-28.894183],[-63.816142,-28.914221],[-63.739373,-28.930951],[-63.731771,-28.943521],[-63.663376,-28.938613],[-63.592891,-28.876249],[-63.658616,-28.793683],[-63.552603,-28.728759],[-63.563889,-28.712926],[-63.58399,-28.724242],[-63.622469,-28.67323],[-63.581536,-28.648223],[-63.601377,-28.626493],[-63.697282,-28.548738],[-63.68985,-28.518852],[-63.714804,-28.529789],[-63.744391,-28.495966],[-63.776906,-28.479419],[-63.766964,-28.446122],[-63.781809,-28.450558],[-63.78646,-28.435725]]]},"properties":{"fid":348,"Entidad":0,"Objeto":"Departamento","FNA":"Departamento Atamisqui","GNA":"Departamento","NAM":"Atamisqui","SAG":"Catastro Provinciales","FDC":null,"IN1":"86021","SHAPE_STAr":0.223017247164,"SHAPE_STLe":2.34719931145}},
{"type":"Feature","geometry":{"type":"Polygon","coordinates":[[[-61.495218,-32.38325],[-61.912431,-32.307208],[-61.903751,-32.32745],[-62.011695,-32.345366],[-61.914315,-32.494558],[-61.91259,-32.526978],[-61.930674,-32.544051],[-61.904262,-32.552776],[-61.902477,-32.568619],[-61.92645,-32.583193],[-61.922405,-32.592651],[-61.890461,-32.592116],[-61.889985,-32.614483],[-61.946081,-32.650472],[-61.946438,-32.678431],[-61.907415,-32.69596],[-61.857625,-32.694611],[-61.828476,-32.753562],[-61.800756,-32.768415],[-61.786003,-32.795441],[-61.777972,-32.831252],[-61.792546,-32.873428],[-61.770893,-32.901664],[-61.794866,-33.014173],[-61.768845,-33.051912],[-61.712884,-33.090497],[-61.642431,-32.883241],[-61.51829,-32.849087],[-61.532836,-32.846619],[-61.471295,-32.579551],[-61.484789,-32.57708],[-61.437693,-32.393785],[-61.495218,-32.38325]]]},"properties":{"fid":405,"Entidad":0,"Objeto":"Departamento","FNA":"Departamento Belgrano","GNA":"Departamento","NAM":"Belgrano","SAG":"Servicio de Catastro e Información Territorial","FDC":null,"IN1":"82007","SHAPE_STAr":0.235208139853,"SHAPE_STLe":2.58721596308}},
{"type":"Feature","geometry":{"type":"Polygon","coordinates":[[[-61.712884,-33.090497],[-61.768845,-33.051912],[-61.794866,-33.014173],[-61.896648,-33.112544],[-61.920324,-33.120158],[-62.138196,-33.407668],[-61.522043,-33.398096],[-61.361107,-33.395093],[-61.383054,-33.366705],[-61.313782,-33.329084],[-61.188837,-33.491621],[-61.074989,-33.419047],[-61.129567,-33.349297],[-61.099097,-33.332651],[-61.168606,-33.243838],[-61.132567,-33.231363],[-61.154842,-33.164672],[-61.106761,-33.156095],[-61.06195,-33.090011],[-61.207199,-32.902701],[-61.246233,-32.943183],[-61.236295,-32.95119],[-61.296765,-32.986913],[-61.543062,-33.041291],[-61.565237,-33.063719],[-61.635657,-33.066655],[-61.649399,-33.088897],[-61.676304,-33.082097],[-61.686225,-33.092221],[-61.712884,-33.090497]]]},"properties":{"fid":401,"Entidad":0,"Objeto":"Departamento","FNA":"Departamento Caseros","GNA":"Departamento","NAM":"Caseros","SAG":"Servicio de Catastro e Información Territorial","FDC":null,"IN1":"82014","SHAPE_STAr":0.336056969775,"SHAPE_STLe":3.30708951025}},
{"type":"Feature","geometry":{"type":"Polygon","coordinates":[[[-61.125939,-33.833149],[-61.422264,-33.443157],[-61.468318,-33.467977],[-61.522043,-33.398096],[-62.138196,-33.407668],[-62.543173,-33.943443],[-62.87973,-34.383488],[-62.268194,-34.383551],[-61.813759,-34.383597],[-61.717601,-34.383607],[-61.648571,-34.319323],[-61.332347,-34.02508],[-61.125939,-33.833149]]]},"properties":{"fid":399,"Entidad":0,"Objeto":"Departamento","FNA":"Departamento General López","GNA":"Departamento","NAM":"General López","SAG":"Servicio de Catastro e Información Territorial","FDC":null,"IN1":"82042","SHAPE_STAr":1.11716774709,"SHAPE_STLe":4.46388144188}},
{"type":"Feature","geometry":{"type":"Polygon","coordinates":[[[-61.392776,-31.857951],[-61.397582,-31.878353],[-61.558839,-31.850133],[-61.541434,-31.767575],[-61.613253,-31.754531],[-61.613747,-31.767674],[-61.712692,-31.749632],[-61.708165,-31.731012],[-62.030284,-31.673633],[-62.022062,-31.639974],[-62.132352,-31.620366],[-62.241075,-31.700175],[-62.217875,-31.740685],[-62.223348,-31.883453],[-62.188548,-31.922298],[-62.167609,-31.986186],[-62.182143,-32.063679],[-62.196757,-32.11432],[-62.180636,-32.156199],[-62.12805,-32.208547],[-62.038761,-32.260955],[-62.011695,-32.345366],[-61.903751,-32.32745],[-61.912431,-32.307208],[-61.495218,-32.38325],[-61.448043,-32.19996],[-61.391942,-32.210239],[-61.355358,-32.082715],[-61.378058,-31.989121],[-61.34776,-31.866572],[-61.392776,-31.857951]]]},"properties":{"fid":407,"Entidad":0,"Objeto":"Departamento","FNA":"Departamento San Martín","GNA":"Departamento","NAM":"San Martín","SAG":"Servicio de Catastro e Información Territorial","FDC":null,"IN1":"82126","SHAPE_STAr":0.471026139324,"SHAPE_STLe":3.04602404444}},
{"type":"Feature","geometry":{"type":"Polygon","coordinates":[[[-61.209783,-30.747944],[-61.42313,-30.711694],[-61.438066,-30.77608],[-61.65528,-30.737504],[-61.666156,-30.782457],[-61.843368,-30.750751],[-62.132352,-31.620366],[-62.022062,-31.639974],[-62.030284,-31.673633],[-61.708165,-31.731012],[-61.712692,-31.749632],[-61.613747,-31.767674],[-61.613253,-31.754531],[-61.541434,-31.767575],[-61.499352,-31.588328],[-61.449993,-31.596947],[-61.429259,-31.532857],[-61.391599,-31.539274],[-61.209783,-30.747944]]]},"properties":{"fid":409,"Entidad":0,"Objeto":"Departamento","FNA":"Departamento Castellanos","GNA":"Departamento","NAM":"Castellanos","SAG":"Servicio de Catastro e Información Territorial","FDC":null,"IN1":"82021","SHAPE_STAr":0.63651886789,"SHAPE_STLe":3.49769875118}},
{"type":"Feature","geometry":{"type":"Polygon","coordinates":[[[-61.082809,-29.635043],[-61.103436,-29.619057],[-61.092724,-29.615159],[-61.104772,-29.607333],[-61.096427,-29.605304],[-61.10907,-29.592714],[-61.104666,-29.579949],[-61.122822,-29.567631],[-61.135265,-29.572632],[-61.148181,-29.555341],[-61.169304,-29.558051],[-61.180347,-29.548431],[-61.201707,-29.551972],[-61.193022,-29.544713],[-61.20216,-29.539993],[-61.236707,-29.545887],[-61.282401,-29.516354],[-61.353688,-29.839635],[-61.747212,-29.775347],[-61.748965,-29.783464],[-61.906989,-29.778501],[-61.942139,-29.740619],[-61.927923,-29.662062],[-61.992258,-29.661597],[-61.992844,-29.66506],[-62.130603,-30.479928],[-61.843368,-30.750751],[-61.666156,-30.782457],[-61.65528,-30.737504],[-61.438066,-30.77608],[-61.42313,-30.711694],[-61.209783,-30.747944],[-61.178514,-30.60969],[-61.076446,-30.627057],[-61.079032,-30.638484],[-60.892471,-30.669304],[-60.924807,-30.706385],[-60.903808,-30.712209],[-60.891425,-30.763084],[-60.869628,-30.764806],[-60.822835,-30.802141],[-60.794664,-30.782878],[-60.760275,-30.807793],[-60.727788,-30.780337],[-60.718124,-30.786481],[-60.7233,-30.776664],[-60.710855,-30.772342],[-60.725041,-30.768913],[-60.701489,-30.74757],[-60.688046,-30.758281],[-60.679045,-30.744716],[-60.654969,-30.741269],[-60.64618,-30.75486],[-60.622487,-30.746862],[-60.626187,-30.731605],[-60.598667,-30.714464],[-60.608211,-30.70327],[-60.592901,-30.690256],[-60.601858,-30.687936],[-60.590904,-30.66633],[-60.614561,-30.660897],[-60.601757,-30.651993],[-60.618763,-30.651359],[-60.622325,-30.640809],[-60.609042,-30.63401],[-60.623762,-30.632647],[-60.617075,-30.621652],[-60.627862,-30.618435],[-60.615284,-30.609563],[-60.619086,-30.594165],[-60.627399,-30.603735],[-60.646321,-30.586126],[-60.63945,-30.579445],[-60.664123,-30.570904],[-60.653564,-30.565316],[-60.660998,-30.550125],[-60.689703,-30.543408],[-60.674972,-30.518738],[-60.685352,-30.509197],[-60.674102,-30.51333],[-60.665781,-30.501976],[-60.655551,-30.510231],[-60.650848,-30.474708],[-60.63802,-30.479392],[-60.659127,-30.429786],[-60.646613,-30.427138],[-60.664038,-30.423258],[-60.653704,-30.417458],[-60.666086,-30.399445],[-60.652517,-30.39785],[-60.666487,-30.38832],[-60.674696,-30.395055],[-60.668631,-30.380055],[-60.682599,-30.379214],[-60.668997,-30.360962],[-60.679782,-30.360906],[-60.672629,-30.342216],[-60.649948,-30.342165],[-60.656796,-30.303746],[-60.640499,-30.299662],[-60.648644,-30.266491],[-60.697807,-30.254012],[-60.701622,-30.2375],[-60.718459,-30.235976],[-60.735823,-30.210265],[-60.701266,-30.143381],[-60.752072,-30.079677],[-60.738902,-30.022751],[-60.72864,-30.028553],[-60.7181,-30.009248],[-60.726739,-29.981553],[-60.693082,-29.96201],[-60.704747,-29.95728],[-60.697481,-29.945802],[-60.720537,-29.910136],[-60.699319,-29.87534],[-60.708475,-29.861709],[-60.719082,-29.86736],[-60.744309,-29.807707],[-60.766441,-29.790353],[-60.764761,-29.754404],[-60.803125,-29.746422],[-60.81792,-29.765778],[-60.835193,-29.749266],[-60.82619,-29.737219],[-60.845244,-29.721301],[-60.84382,-29.701739],[-60.877411,-29.701043],[-60.911128,-29.673313],[-60.969467,-29.677418],[-60.969658,-29.668721],[-60.986636,-29.672074],[-61.000025,-29.660054],[-61.040459,-29.664613],[-61.038385,-29.653025],[-61.059519,-29.646777],[-61.066707,-29.654232],[-61.071139,-29.644285],[-61.075407,-29.651227],[-61.082809,-29.635043]]]},"properties":{"fid":413,"Entidad":0,"Objeto":"Departamento","FNA":"Departamento San Cristóbal","GNA":"Departamento","NAM":"San Cristóbal","SAG":"Servicio de Catastro e Información Territorial","FDC":null,"IN1":"82091","SHAPE_STAr":1.37425412998,"SHAPE_STLe":7.48084938191}},
{"type":"Feature","geometry":{"type":"Polygon","coordinates":[[[-60.909991,-27.999427],[-61.711256,-27.999421],[-61.771723,-28.35709],[-61.857832,-28.86644],[-61.95067,-29.415593],[-61.992258,-29.661597],[-61.927923,-29.662062],[-61.942139,-29.740619],[-61.906989,-29.778501],[-61.748965,-29.783464],[-61.747212,-29.775347],[-61.353688,-29.839635],[-61.282401,-29.516354],[-61.236707,-29.545887],[-61.20216,-29.539993],[-61.193022,-29.544713],[-61.201707,-29.551972],[-61.180347,-29.548431],[-61.169304,-29.558051],[-61.148181,-29.555341],[-61.135265,-29.572632],[-61.122822,-29.567631],[-61.104666,-29.579949],[-61.10907,-29.592714],[-61.096427,-29.605304],[-61.104772,-29.607333],[-61.092724,-29.615159],[-61.103436,-29.619057],[-61.082809,-29.635043],[-61.081435,-29.574173],[-60.898399,-28.582098],[-60.829865,-28.273558],[-60.748573,-28.221641],[-60.747744,-28.099319],[-60.644589,-28.100226],[-60.644413,-28.000666],[-60.909991,-27.999427]]]},"properties":{"fid":417,"Entidad":0,"Objeto":"Departamento","FNA":"Departamento 9 de Julio","GNA":"Departamento","NAM":"9 de Julio","SAG":"Servicio de Catastro e Información Territorial","FDC":null,"IN1":"82077","SHAPE_STAr":1.60048709976,"SHAPE_STLe":6.07311365468}},
{"type":"Feature","geometry":{"type":"Polygon","coordinates":[[[-63.38575,-35.000135],[-63.934867,-35.000093],[-63.9385,-35.452205],[-63.93738,-35.452207],[-63.385613,-35.455484],[-63.385671,-35.36969],[-63.38575,-35.000135]]]},"properties":{"fid":418,"Entidad":0,"Objeto":"Departamento","FNA":"Departamento Chapaleufú","GNA":"Departamento","NAM":"Chapaleufú","SAG":"Direc. Grl. de Catastro","FDC":null,"IN1":"42056","SHAPE_STAr":0.249957993131,"SHAPE_STLe":2.00952681812}},
{"type":"Feature","geometry":{"type":"Polygon","coordinates":[[[-63.934867,-35.000093],[-64.480767,-35.000051],[-64.487673,-35.449911],[-63.9385,-35.452205],[-63.934867,-35.000093]]]},"properties":{"fid":419,"Entidad":0,"Objeto":"Departamento","FNA":"Departamento Realicó","GNA":"Departamento","NAM":"Realicó","SAG":"Direc. Grl. de Catastro","FDC":null,"IN1":"42133","SHAPE_STAr":0.246937512994,"SHAPE_STLe":1.99711770901}},
{"type":"Feature","geometry":{"type":"Polygon","coordinates":[[[-64.480767,-35.000051],[-65.117493,-35.000002],[-65.117054,-35.801066],[-64.4932,-35.810673],[-64.487673,-35.449911],[-64.480767,-35.000051]]]},"properties":{"fid":423,"Entidad":0,"Objeto":"Departamento","FNA":"Departamento Rancul","GNA":"Departamento","NAM":"Rancul","SAG":"Direc. Grl. de Catastro","FDC":null,"IN1":"42126","SHAPE_STAr":0.50794107066,"SHAPE_STLe":2.87249254814}},
{"type":"Feature","geometry":{"type":"Polygon","coordinates":[[[-63.663376,-28.938613],[-63.731771,-28.943521],[-63.739373,-28.930951],[-63.816142,-28.914221],[-63.835488,-28.894183],[-63.859267,-28.912325],[-63.880658,-28.910411],[-63.919445,-28.937661],[-63.851909,-28.938052],[-63.819433,-28.962508],[-63.807545,-28.953035],[-63.795997,-28.962081],[-63.845921,-29.003684],[-63.831217,-29.016794],[-63.835717,-29.036487],[-63.718758,-29.059204],[-63.730067,-29.108787],[-63.774111,-29.101051],[-63.794508,-29.217592],[-63.750408,-29.225509],[-63.738303,-29.170156],[-63.670601,-29.181853],[-63.705055,-29.334885],[-63.647259,-29.306298],[-63.653165,-29.392495],[-63.678221,-29.412697],[-63.642222,-29.439622],[-63.580942,-29.452956],[-63.574883,-29.500256],[-63.538507,-29.519039],[-63.532693,-29.483329],[-63.46087,-29.500073],[-63.462408,-29.510499],[-63.329398,-29.537482],[-63.344584,-29.614261],[-63.278525,-29.634957],[-63.270474,-29.774123],[-62.808651,-29.81571],[-62.805775,-29.781894],[-62.848975,-29.748771],[-62.844875,-29.668436],[-62.883792,-29.636459],[-62.905334,-29.638417],[-62.935108,-29.621942],[-62.965323,-29.583339],[-62.96533,-29.562577],[-62.992185,-29.558119],[-63.012376,-29.519505],[-63.039658,-29.503782],[-63.031444,-29.481664],[-63.05495,-29.480297],[-63.097689,-29.415075],[-63.109644,-29.403423],[-63.128039,-29.405347],[-63.119776,-29.350634],[-63.133464,-29.317827],[-63.157838,-29.312376],[-63.158121,-29.29132],[-63.185224,-29.287431],[-63.214187,-29.238999],[-63.263938,-29.220068],[-63.279332,-29.226888],[-63.295638,-29.210153],[-63.322018,-29.139436],[-63.361975,-29.128414],[-63.381514,-29.13671],[-63.395459,-29.084641],[-63.414656,-29.069595],[-63.448973,-29.059207],[-63.44698,-29.048937],[-63.475874,-29.026998],[-63.538928,-29.019051],[-63.542322,-28.96915],[-63.550919,-28.98346],[-63.565932,-28.967982],[-63.578892,-28.978204],[-63.595766,-28.948369],[-63.626202,-28.949516],[-63.649933,-28.929705],[-63.663376,-28.938613]]]},"properties":{"fid":440,"Entidad":0,"Objeto":"Departamento","FNA":"Departamento Quebrachos","GNA":"Departamento","NAM":"Quebrachos","SAG":"Catastro Provinciales","FDC":null,"IN1":"86140","SHAPE_STAr":0.367510444428,"SHAPE_STLe":4.45501630061}},
{"type":"Feature","geometry":{"type":"Polygon","coordinates":[[[-60.822835,-30.802141],[-60.869628,-30.764806],[-60.891425,-30.763084],[-60.903808,-30.712209],[-60.924807,-30.706385],[-60.892471,-30.669304],[-61.079032,-30.638484],[-61.076446,-30.627057],[-61.178514,-30.60969],[-61.209783,-30.747944],[-61.391599,-31.539274],[-61.429259,-31.532857],[-61.449993,-31.596947],[-61.499352,-31.588328],[-61.541434,-31.767575],[-61.558839,-31.850133],[-61.397582,-31.878353],[-61.392776,-31.857951],[-61.354726,-31.829804],[-61.298309,-31.840136],[-61.300788,-31.831866],[-61.195946,-31.851804],[-61.183371,-31.882387],[-61.17021,-31.831338],[-60.99311,-31.864302],[-60.978236,-31.800252],[-60.94998,-31.729764],[-60.914484,-31.737595],[-60.904621,-31.697208],[-60.812768,-31.654533],[-60.82886,-31.589726],[-60.767397,-31.601959],[-60.756925,-31.581334],[-60.765814,-31.58107],[-60.762323,-31.5642],[-60.778141,-31.569023],[-60.768096,-31.545783],[-60.793793,-31.536643],[-60.792099,-31.520173],[-60.802186,-31.519122],[-60.787765,-31.51373],[-60.796872,-31.503833],[-60.776285,-31.496661],[-60.783346,-31.485176],[-60.768641,-31.473063],[-60.780762,-31.470362],[-60.768789,-31.467497],[-60.772911,-31.450074],[-60.783696,-31.451396],[-60.789951,-31.424858],[-60.805397,-31.427625],[-60.812101,-31.406173],[-60.798909,-31.402232],[-60.808065,-31.383426],[-60.785906,-31.378353],[-60.789072,-31.353955],[-60.808306,-31.35073],[-60.810225,-31.359739],[-60.829325,-31.350004],[-60.836376,-31.366777],[-60.864396,-31.379366],[-60.869983,-31.367535],[-60.884818,-31.369928],[-60.884519,-31.381802],[-60.900405,-31.384458],[-60.89485,-31.369588],[-60.912263,-31.371496],[-60.920105,-31.356407],[-60.939874,-31.352041],[-60.902902,-31.307581],[-60.918117,-31.274072],[-60.896406,-31.265847],[-60.901362,-31.25368],[-60.885274,-31.252086],[-60.893328,-31.243292],[-60.857864,-31.242565],[-60.83595,-31.209606],[-60.848769,-31.182422],[-60.83054,-31.177341],[-60.838165,-31.171628],[-60.833283,-31.154929],[-60.820795,-31.153975],[-60.825721,-31.144086],[-60.813119,-31.147983],[-60.812159,-31.132144],[-60.779894,-31.127738],[-60.791878,-31.118545],[-60.776111,-31.108733],[-60.785172,-31.107884],[-60.78161,-31.094512],[-60.802025,-31.089158],[-60.810988,-31.101166],[-60.819561,-31.087867],[-60.827665,-31.095331],[-60.820227,-31.08148],[-60.845177,-31.063387],[-60.841175,-31.041826],[-60.804108,-31.027629],[-60.814067,-31.015093],[-60.859604,-30.997298],[-60.852147,-30.990765],[-60.843467,-30.998546],[-60.842984,-30.984545],[-60.833106,-30.989941],[-60.838568,-30.980494],[-60.825705,-30.980242],[-60.836216,-30.935053],[-60.821681,-30.919212],[-60.839711,-30.918487],[-60.852844,-30.900658],[-60.833425,-30.886496],[-60.813487,-30.897368],[-60.811463,-30.888535],[-60.776054,-30.887527],[-60.810849,-30.844243],[-60.804208,-30.835033],[-60.833799,-30.824306],[-60.822835,-30.802141]]]},"properties":{"fid":411,"Entidad":0,"Objeto":"Departamento","FNA":"Departamento Las Colonias","GNA":"Departamento","NAM":"Las Colonias","SAG":"Servicio de Catastro e Información Territorial","FDC":null,"IN1":"82070","SHAPE_STAr":0.597048799375,"SHAPE_STLe":5.73684609697}},
{"type":"Feature","geometry":{"type":"Polygon","coordinates":[[[-59.22272,-33.813425],[-59.254822,-33.793884],[-59.235413,-33.73999],[-59.247009,-33.724976],[-59.377686,-33.736511],[-59.437012,-33.729004],[-59.467773,-33.704285],[-59.489098,-33.643329],[-59.562577,-33.759372],[-59.510109,-33.778837],[-59.5675,-33.772466],[-59.588148,-33.789921],[-59.604431,-33.865861],[-59.628758,-33.878891],[-59.653019,-33.917206],[-59.7139,-33.945259],[-59.747376,-33.997656],[-59.754392,-34.013563],[-59.740386,-34.048472],[-59.707232,-34.09359],[-59.722274,-34.13107],[-59.676093,-34.166664],[-59.627532,-34.158325],[-59.594586,-34.17173],[-59.562088,-34.167967],[-59.510907,-34.0994],[-59.463094,-34.135008],[-59.395542,-34.074512],[-59.406464,-34.06095],[-59.334429,-34.038578],[-59.317856,-34.019295],[-59.323887,-33.996327],[-59.345587,-33.952398],[-59.340883,-33.92538],[-59.308674,-33.924322],[-59.260541,-33.941577],[-59.22838,-33.925027],[-59.240136,-33.896258],[-59.302739,-33.852853],[-59.293022,-33.829253],[-59.22272,-33.813425]]]},"properties":{"fid":351,"Entidad":0,"Objeto":"Departamento","FNA":"Partido de Baradero","GNA":"Partido","NAM":"Baradero","SAG":"ARBA - Gerencia de Servicios Catastrales","FDC":null,"IN1":"06070","SHAPE_STAr":0.149157492967,"SHAPE_STLe":2.41729812489}},
{"type":"Feature","geometry":{"type":"Polygon","coordinates":[[[-60.906517,-33.887309],[-60.942796,-33.85686],[-60.861294,-33.780965],[-60.901024,-33.749352],[-60.810809,-33.674801],[-60.911107,-33.580993],[-60.930737,-33.652019],[-61.125939,-33.833149],[-61.332347,-34.02508],[-61.209891,-34.125642],[-61.177554,-34.096818],[-61.122081,-34.07195],[-61.051527,-34.030173],[-60.906517,-33.887309]]]},"properties":{"fid":268,"Entidad":0,"Objeto":"Departamento","FNA":"Partido de Colón","GNA":"Partido","NAM":"Colón","SAG":"ARBA - Gerencia de Servicios Catastrales","FDC":null,"IN1":"06175","SHAPE_STAr":0.0975471448533,"SHAPE_STLe":1.66209132771}},
{"type":"Feature","geometry":{"type":"Polygon","coordinates":[[[-58.438407,-33.517614],[-58.578862,-33.441011],[-58.597759,-33.475957],[-58.601986,-33.459838],[-58.625399,-33.458454],[-58.658913,-33.43668],[-58.683377,-33.436833],[-58.746507,-33.476439],[-58.792923,-33.440024],[-58.801774,-33.458401],[-58.840324,-33.442364],[-58.861261,-33.481302],[-58.834341,-33.497215],[-58.845122,-33.498984],[-58.952482,-33.480759],[-59.094203,-33.421311],[-59.146955,-33.409715],[-59.222751,-33.323493],[-59.251852,-33.206646],[-59.271309,-33.164181],[-59.291095,-33.153787],[-59.308311,-33.178561],[-59.296371,-33.177429],[-59.298909,-33.188427],[-59.321291,-33.178046],[-59.336621,-33.18375],[-59.314285,-33.209377],[-59.352691,-33.202904],[-59.332774,-33.223943],[-59.347537,-33.231859],[-59.394692,-33.232973],[-59.415755,-33.21389],[-59.422205,-33.228528],[-59.49728,-33.227062],[-59.522445,-33.199355],[-59.548819,-33.198997],[-59.643752,-33.302197],[-59.606584,-33.325642],[-59.630075,-33.342874],[-59.617077,-33.35714],[-59.5394,-33.376471],[-59.522247,-33.432301],[-59.427543,-33.460417],[-59.360462,-33.54264],[-59.316103,-33.543163],[-59.301988,-33.591844],[-59.25358,-33.63971],[-59.230748,-33.709434],[-59.178046,-33.74394],[-59.168091,-33.809387],[-59.130676,-33.847717],[-59.055481,-33.832397],[-59.020482,-33.848942],[-58.992881,-33.841804],[-58.97789,-33.870357],[-58.933594,-33.87439],[-58.89978,-33.890991],[-58.868435,-33.936506],[-58.837201,-33.953751],[-58.763739,-33.94531],[-58.6753,-34.025467],[-58.60717,-34.037871],[-58.477295,-34.002625],[-58.42698,-34.00406],[-58.38739,-33.985413],[-58.423585,-33.916347],[-58.434369,-33.721887],[-58.475353,-33.650237],[-58.494773,-33.585579],[-58.445011,-33.541052],[-58.438407,-33.517614]]]},"properties":{"fid":5,"Entidad":0,"Objeto":"Departamento","FNA":"Departamento Islas del Ibicuy","GNA":"Departamento","NAM":"Islas del Ibicuy","SAG":"ATER - Direc. de Catastro","FDC":null,"IN1":"30063","SHAPE_STAr":0.479076169024,"SHAPE_STLe":4.21364089754}},
{"type":"Feature","geometry":{"type":"Polygon","coordinates":[[[-59.809472,-33.583418],[-59.814011,-33.593024],[-59.831377,-33.579813],[-60.041144,-33.768819],[-60.051722,-33.76128],[-60.072709,-33.778856],[-60.024354,-33.826632],[-59.779343,-34.013386],[-59.747376,-33.997656],[-59.7139,-33.945259],[-59.653019,-33.917206],[-59.628758,-33.878891],[-59.604431,-33.865861],[-59.588148,-33.789921],[-59.5675,-33.772466],[-59.510109,-33.778837],[-59.562577,-33.759372],[-59.489098,-33.643329],[-59.531311,-33.635376],[-59.608093,-33.695007],[-59.627075,-33.684509],[-59.636414,-33.642517],[-59.664429,-33.617493],[-59.693394,-33.61052],[-59.718854,-33.622893],[-59.749787,-33.619324],[-59.809472,-33.583418]]]},"properties":{"fid":352,"Entidad":0,"Objeto":"Departamento","FNA":"Partido de San Pedro","GNA":"Partido","NAM":"San Pedro","SAG":"ARBA - Gerencia de Servicios Catastrales","FDC":null,"IN1":"06770","SHAPE_STAr":0.132038797824,"SHAPE_STLe":2.00295432345}},
{"type":"Feature","geometry":{"type":"Polygon","coordinates":[[[-60.456914,-33.598485],[-60.456598,-33.581972],[-60.418408,-33.557939],[-60.42394,-33.527958],[-60.409431,-33.46677],[-60.33543,-33.412328],[-60.323963,-33.350753],[-60.282946,-33.313725],[-60.264612,-33.281316],[-60.272375,-33.263486],[-60.252392,-33.275415],[-60.259537,-33.26185],[-60.263186,-33.259892],[-60.297829,-33.242284],[-60.284504,-33.209924],[-60.294259,-33.19184],[-60.342881,-33.177891],[-60.333292,-33.21455],[-60.40258,-33.202726],[-60.459129,-33.257341],[-60.49149,-33.315064],[-60.513191,-33.317794],[-60.579358,-33.361794],[-60.682594,-33.335377],[-60.711278,-33.307414],[-60.761215,-33.310173],[-60.804328,-33.265988],[-60.888991,-33.290054],[-60.92414,-33.339684],[-60.989688,-33.394571],[-61.066813,-33.429335],[-61.074989,-33.419047],[-61.188837,-33.491621],[-61.313782,-33.329084],[-61.383054,-33.366705],[-61.361107,-33.395093],[-61.522043,-33.398096],[-61.468318,-33.467977],[-61.422264,-33.443157],[-61.125939,-33.833149],[-60.930737,-33.652019],[-60.911107,-33.580993],[-60.862625,-33.546669],[-60.818633,-33.54045],[-60.781811,-33.57876],[-60.746654,-33.588337],[-60.684582,-33.585157],[-60.619175,-33.628669],[-60.527922,-33.648894],[-60.468138,-33.637711],[-60.456914,-33.598485]]]},"properties":{"fid":400,"Entidad":0,"Objeto":"Departamento","FNA":"Departamento Constitución","GNA":"Departamento","NAM":"Constitución","SAG":"Servicio de Catastro e Información Territorial","FDC":null,"IN1":"82028","SHAPE_STAr":0.313045793573,"SHAPE_STLe":3.95811299597}},
{"type":"Feature","geometry":{"type":"Polygon","coordinates":[[[-60.165553,-33.350769],[-60.194469,-33.444784],[-60.160033,-33.473753],[-60.165609,-33.499347],[-60.244439,-33.615686],[-60.280919,-33.62046],[-60.313175,-33.651123],[-60.239394,-33.664507],[-60.242539,-33.648841],[-60.17224,-33.661924],[-60.159765,-33.689957],[-60.141242,-33.693094],[-60.156379,-33.745477],[-60.107407,-33.816943],[-60.082667,-33.809326],[-60.04859,-33.827056],[-60.024354,-33.826632],[-60.072709,-33.778856],[-60.051722,-33.76128],[-60.041144,-33.768819],[-59.831377,-33.579813],[-59.814011,-33.593024],[-59.809472,-33.583418],[-59.809387,-33.544006],[-59.823181,-33.530029],[-59.899292,-33.50708],[-59.933006,-33.474891],[-59.999393,-33.470132],[-60.035323,-33.452524],[-60.111084,-33.372986],[-60.165553,-33.350769]]]},"properties":{"fid":277,"Entidad":0,"Objeto":"Departamento","FNA":"Partido de Ramallo","GNA":"Partido","NAM":"Ramallo","SAG":"ARBA - Gerencia de Servicios Catastrales","FDC":null,"IN1":"06665","SHAPE_STAr":0.101747627742,"SHAPE_STLe":1.84102459634}},
{"type":"Feature","geometry":{"type":"Polygon","coordinates":[[[-59.455266,-32.556833],[-59.600732,-32.551966],[-59.607136,-32.632006],[-59.636261,-32.61592],[-59.705247,-32.609703],[-59.752674,-32.581773],[-59.771585,-32.58791],[-59.782584,-32.590107],[-59.779786,-32.613674],[-59.798079,-32.64195],[-59.775849,-32.662581],[-59.78899,-32.710653],[-59.779104,-32.729562],[-59.794048,-32.736336],[-59.810094,-32.797547],[-59.84523,-32.824488],[-59.843418,-32.840411],[-59.857384,-32.83876],[-59.85656,-32.868727],[-59.871039,-32.88811],[-59.841616,-32.91189],[-59.838665,-32.934835],[-59.903761,-32.93124],[-59.930493,-32.904991],[-59.9549,-32.898398],[-60.022185,-32.950538],[-60.011348,-32.975636],[-59.977005,-32.966751],[-59.982708,-32.99521],[-60.044235,-32.995781],[-60.017621,-33.016678],[-59.975503,-33.010284],[-59.963796,-33.029601],[-59.968556,-33.009309],[-59.957572,-33.006178],[-59.935612,-33.040566],[-59.922951,-33.027705],[-59.892958,-33.037218],[-59.848192,-33.100858],[-59.838817,-33.076139],[-59.815072,-33.078526],[-59.804679,-33.125747],[-59.777261,-33.122881],[-59.766084,-33.137109],[-59.781788,-33.16902],[-59.801376,-33.174274],[-59.818312,-33.200515],[-59.792222,-33.239513],[-59.834092,-33.269291],[-59.85638,-33.272062],[-59.882255,-33.263067],[-59.88639,-33.23572],[-59.906134,-33.220701],[-59.909697,-33.277456],[-59.939824,-33.275533],[-59.949158,-33.235843],[-60.013328,-33.283924],[-60.035694,-33.228896],[-60.057179,-33.234769],[-60.036603,-33.245989],[-60.069119,-33.257187],[-60.11663,-33.219698],[-60.151419,-33.231469],[-60.14961,-33.252703],[-60.179128,-33.247535],[-60.194119,-33.221867],[-60.215435,-33.233522],[-60.220596,-33.25391],[-60.234274,-33.212008],[-60.294259,-33.19184],[-60.284504,-33.209924],[-60.297829,-33.242284],[-60.263186,-33.259892],[-60.254211,-33.264709],[-60.200684,-33.292175],[-60.165553,-33.350769],[-60.111084,-33.372986],[-60.035323,-33.452524],[-59.999393,-33.470132],[-59.933006,-33.474891],[-59.899292,-33.50708],[-59.823181,-33.530029],[-59.809387,-33.544006],[-59.809472,-33.583418],[-59.749787,-33.619324],[-59.718854,-33.622893],[-59.693394,-33.61052],[-59.664429,-33.617493],[-59.636414,-33.642517],[-59.627075,-33.684509],[-59.608093,-33.695007],[-59.531311,-33.635376],[-59.489098,-33.643329],[-59.467773,-33.704285],[-59.437012,-33.729004],[-59.377686,-33.736511],[-59.247009,-33.724976],[-59.235413,-33.73999],[-59.254822,-33.793884],[-59.22272,-33.813425],[-59.168091,-33.809387],[-59.178046,-33.74394],[-59.230748,-33.709434],[-59.25358,-33.63971],[-59.301988,-33.591844],[-59.316103,-33.543163],[-59.360462,-33.54264],[-59.427543,-33.460417],[-59.522247,-33.432301],[-59.5394,-33.376471],[-59.617077,-33.35714],[-59.630075,-33.342874],[-59.606584,-33.325642],[-59.643752,-33.302197],[-59.548819,-33.198997],[-59.522445,-33.199355],[-59.49728,-33.227062],[-59.422205,-33.228528],[-59.415755,-33.21389],[-59.394692,-33.232973],[-59.347537,-33.231859],[-59.332774,-33.223943],[-59.352691,-33.202904],[-59.314285,-33.209377],[-59.336621,-33.18375],[-59.321291,-33.178046],[-59.298909,-33.188427],[-59.296371,-33.177429],[-59.308311,-33.178561],[-59.291095,-33.153787],[-59.250511,-33.1171],[-59.267461,-33.117785],[-59.252446,-33.105329],[-59.269651,-33.104847],[-59.27685,-33.091372],[-59.261843,-33.078186],[-59.265463,-33.06002],[-59.233423,-33.034889],[-59.216466,-32.984893],[-59.199663,-32.985871],[-59.186853,-32.935142],[-59.140086,-32.911865],[-59.161248,-32.873737],[-59.145913,-32.873946],[-59.141495,-32.849409],[-59.125461,-32.848213],[-59.123556,-32.835153],[-59.141048,-32.825868],[-59.112082,-32.805579],[-59.130469,-32.777352],[-59.11346,-32.773709],[-59.121989,-32.767709],[-59.110721,-32.750536],[-59.134516,-32.74966],[-59.126726,-32.725703],[-59.143025,-32.713144],[-59.23619,-32.697101],[-59.269256,-32.677651],[-59.414683,-32.639831],[-59.404734,-32.599745],[-59.455266,-32.556833]]]},"properties":{"fid":196,"Entidad":0,"Objeto":"Departamento","FNA":"Departamento Gualeguay","GNA":"Departamento","NAM":"Gualeguay","SAG":"ATER - Direc. de Catastro","FDC":null,"IN1":"30049","SHAPE_STAr":0.638631173031,"SHAPE_STLe":7.36905246542}},
{"type":"Feature","geometry":{"type":"Polygon","coordinates":[[[-60.259537,-33.26185],[-60.252392,-33.275415],[-60.272375,-33.263486],[-60.264612,-33.281316],[-60.282946,-33.313725],[-60.323963,-33.350753],[-60.33543,-33.412328],[-60.409431,-33.46677],[-60.42394,-33.527958],[-60.418408,-33.557939],[-60.456598,-33.581972],[-60.456914,-33.598485],[-60.326792,-33.68327],[-60.313175,-33.651123],[-60.280919,-33.62046],[-60.244439,-33.615686],[-60.165609,-33.499347],[-60.160033,-33.473753],[-60.194469,-33.444784],[-60.165553,-33.350769],[-60.200684,-33.292175],[-60.254211,-33.264709],[-60.259537,-33.26185]]]},"properties":{"fid":278,"Entidad":0,"Objeto":"Departamento","FNA":"Partido de San Nicolás","GNA":"Partido","NAM":"San Nicolás","SAG":"ARBA - Gerencia de Servicios Catastrales","FDC":null,"IN1":"06763","SHAPE_STAr":0.0660227402755,"SHAPE_STLe":1.3565202827}},
{"type":"Feature","geometry":{"type":"Polygon","coordinates":[[[-58.114053,-33.030174],[-58.262689,-33.027644],[-58.262235,-32.875935],[-58.497998,-32.874226],[-58.493957,-32.860449],[-58.484329,-32.864323],[-58.495338,-32.836343],[-58.488298,-32.811087],[-58.501029,-32.800988],[-58.492982,-32.774659],[-58.504947,-32.756541],[-58.489322,-32.745359],[-58.518393,-32.697772],[-58.513261,-32.674372],[-58.532728,-32.669756],[-58.519409,-32.655719],[-58.530646,-32.610656],[-58.511051,-32.596774],[-58.520892,-32.561934],[-58.581669,-32.553772],[-58.640018,-32.511532],[-58.725458,-32.55247],[-58.776729,-32.560435],[-58.838503,-32.548881],[-58.881118,-32.517406],[-58.911338,-32.510467],[-58.921216,-32.491556],[-58.970466,-32.522806],[-59.077478,-32.478977],[-59.099074,-32.487503],[-59.105647,-32.533385],[-59.116778,-32.530918],[-59.095659,-32.543252],[-59.09546,-32.558238],[-59.108928,-32.564508],[-59.087649,-32.574298],[-59.108396,-32.589028],[-59.093727,-32.592217],[-59.102171,-32.615328],[-59.090958,-32.624005],[-59.105041,-32.633847],[-59.10761,-32.666269],[-59.12589,-32.663936],[-59.116425,-32.683424],[-59.134586,-32.70733],[-59.125552,-32.707664],[-59.143025,-32.713144],[-59.126726,-32.725703],[-59.134516,-32.74966],[-59.110721,-32.750536],[-59.121989,-32.767709],[-59.11346,-32.773709],[-59.130469,-32.777352],[-59.112082,-32.805579],[-59.141048,-32.825868],[-59.123556,-32.835153],[-59.125461,-32.848213],[-59.141495,-32.849409],[-59.145913,-32.873946],[-59.161248,-32.873737],[-59.140086,-32.911865],[-59.186853,-32.935142],[-59.199663,-32.985871],[-59.216466,-32.984893],[-59.233423,-33.034889],[-59.265463,-33.06002],[-59.261843,-33.078186],[-59.27685,-33.091372],[-59.269651,-33.104847],[-59.252446,-33.105329],[-59.267461,-33.117785],[-59.250511,-33.1171],[-59.291095,-33.153787],[-59.271309,-33.164181],[-59.251852,-33.206646],[-59.222751,-33.323493],[-59.146955,-33.409715],[-59.094203,-33.421311],[-58.952482,-33.480759],[-58.845122,-33.498984],[-58.834341,-33.497215],[-58.861261,-33.481302],[-58.840324,-33.442364],[-58.801774,-33.458401],[-58.792923,-33.440024],[-58.746507,-33.476439],[-58.683377,-33.436833],[-58.658913,-33.43668],[-58.625399,-33.458454],[-58.601986,-33.459838],[-58.597759,-33.475957],[-58.578862,-33.441011],[-58.438407,-33.517614],[-58.431714,-33.363329],[-58.397185,-33.313767],[-58.39047,-33.279121],[-58.409933,-33.234937],[-58.402716,-33.176333],[-58.360793,-33.120466],[-58.178162,-33.077742],[-58.114053,-33.030174]]]},"properties":{"fid":4,"Entidad":0,"Objeto":"Departamento","FNA":"Departamento Gualeguaychú","GNA":"Departamento","NAM":"Gualeguaychú","SAG":"ATER - Direc. de Catastro","FDC":null,"IN1":"30056","SHAPE_STAr":0.72682084218,"SHAPE_STLe":5.31842227487}},
{"type":"Feature","geometry":{"type":"Polygon","coordinates":[[[-60.769142,-32.496755],[-60.794975,-32.497452],[-60.8017,-32.442105],[-60.827822,-32.458238],[-60.855669,-32.47447],[-60.860205,-32.502068],[-60.846946,-32.523121],[-60.842397,-32.590679],[-60.812569,-32.637767],[-60.874438,-32.680302],[-60.888647,-32.668882],[-60.995131,-32.694171],[-61.054691,-32.77002],[-61.062543,-32.802532],[-61.171025,-32.852357],[-61.19927,-32.877995],[-61.207199,-32.902701],[-61.06195,-33.090011],[-61.106761,-33.156095],[-61.154842,-33.164672],[-61.132567,-33.231363],[-61.168606,-33.243838],[-61.099097,-33.332651],[-61.129567,-33.349297],[-61.074989,-33.419047],[-61.066813,-33.429335],[-60.989688,-33.394571],[-60.92414,-33.339684],[-61.001614,-33.247383],[-60.982059,-33.245004],[-60.995778,-33.232385],[-60.981662,-33.192161],[-60.944365,-33.198206],[-60.94569,-33.161065],[-60.924568,-33.145726],[-60.861081,-32.885527],[-60.805383,-32.85466],[-60.819943,-32.835452],[-60.809084,-32.829402],[-60.781536,-32.838679],[-60.658922,-32.833918],[-60.716003,-32.773621],[-60.725894,-32.663599],[-60.752075,-32.622192],[-60.745117,-32.564697],[-60.774719,-32.514404],[-60.769142,-32.496755]]]},"properties":{"fid":403,"Entidad":0,"Objeto":"Departamento","FNA":"Departamento San Lorenzo","GNA":"Departamento","NAM":"San Lorenzo","SAG":"Servicio de Catastro e Información Territorial","FDC":null,"IN1":"82119","SHAPE_STAr":0.193425867198,"SHAPE_STLe":3.14556863971}},
{"type":"Feature","geometry":{"type":"Polygon","coordinates":[[[-60.658922,-32.833918],[-60.781536,-32.838679],[-60.809084,-32.829402],[-60.819943,-32.835452],[-60.805383,-32.85466],[-60.861081,-32.885527],[-60.924568,-33.145726],[-60.94569,-33.161065],[-60.944365,-33.198206],[-60.981662,-33.192161],[-60.995778,-33.232385],[-60.982059,-33.245004],[-61.001614,-33.247383],[-60.92414,-33.339684],[-60.888991,-33.290054],[-60.804328,-33.265988],[-60.761215,-33.310173],[-60.711278,-33.307414],[-60.682594,-33.335377],[-60.579358,-33.361794],[-60.513191,-33.317794],[-60.49149,-33.315064],[-60.459129,-33.257341],[-60.40258,-33.202726],[-60.333292,-33.21455],[-60.342881,-33.177891],[-60.398004,-33.186843],[-60.513184,-33.112915],[-60.605493,-32.999817],[-60.620246,-32.947945],[-60.676208,-32.899597],[-60.681398,-32.871564],[-60.658922,-32.833918]]]},"properties":{"fid":402,"Entidad":0,"Objeto":"Departamento","FNA":"Departamento Rosario","GNA":"Departamento","NAM":"Rosario","SAG":"Servicio de Catastro e Información Territorial","FDC":null,"IN1":"82084","SHAPE_STAr":0.18042506371,"SHAPE_STLe":2.26575130407}},
{"type":"Feature","geometry":{"type":"Polygon","coordinates":[[[-59.771585,-32.58791],[-59.773023,-32.546939],[-59.942033,-32.521952],[-59.97837,-32.493107],[-59.99958,-32.491505],[-59.99964,-32.453342],[-59.976817,-32.42167],[-60.03674,-32.388798],[-60.046404,-32.349299],[-60.115864,-32.303441],[-60.131232,-32.268972],[-60.189603,-32.269261],[-60.177029,-32.242347],[-60.18922,-32.234519],[-60.173321,-32.219063],[-60.278828,-32.232608],[-60.277799,-32.246457],[-60.338873,-32.300054],[-60.374831,-32.290499],[-60.421521,-32.302738],[-60.440891,-32.340756],[-60.425557,-32.385038],[-60.397904,-32.401423],[-60.394411,-32.42013],[-60.415724,-32.442914],[-60.440599,-32.443542],[-60.441584,-32.432242],[-60.458147,-32.440934],[-60.447395,-32.458421],[-60.458258,-32.486216],[-60.477209,-32.491488],[-60.474148,-32.534968],[-60.516915,-32.552097],[-60.524955,-32.544922],[-60.511152,-32.537737],[-60.52412,-32.536532],[-60.530366,-32.516844],[-60.542181,-32.526036],[-60.529314,-32.529958],[-60.522914,-32.57433],[-60.575383,-32.579324],[-60.559613,-32.583062],[-60.574157,-32.595371],[-60.557198,-32.601677],[-60.587876,-32.634214],[-60.625448,-32.641504],[-60.623727,-32.627755],[-60.66913,-32.630388],[-60.683956,-32.680175],[-60.725894,-32.663599],[-60.716003,-32.773621],[-60.658922,-32.833918],[-60.681398,-32.871564],[-60.676208,-32.899597],[-60.620246,-32.947945],[-60.605493,-32.999817],[-60.513184,-33.112915],[-60.398004,-33.186843],[-60.342881,-33.177891],[-60.294259,-33.19184],[-60.234274,-33.212008],[-60.220596,-33.25391],[-60.215435,-33.233522],[-60.194119,-33.221867],[-60.179128,-33.247535],[-60.14961,-33.252703],[-60.151419,-33.231469],[-60.11663,-33.219698],[-60.069119,-33.257187],[-60.036603,-33.245989],[-60.057179,-33.234769],[-60.035694,-33.228896],[-60.013328,-33.283924],[-59.949158,-33.235843],[-59.939824,-33.275533],[-59.909697,-33.277456],[-59.906134,-33.220701],[-59.88639,-33.23572],[-59.882255,-33.263067],[-59.85638,-33.272062],[-59.834092,-33.269291],[-59.792222,-33.239513],[-59.818312,-33.200515],[-59.801376,-33.174274],[-59.781788,-33.16902],[-59.766084,-33.137109],[-59.777261,-33.122881],[-59.804679,-33.125747],[-59.815072,-33.078526],[-59.838817,-33.076139],[-59.848192,-33.100858],[-59.892958,-33.037218],[-59.922951,-33.027705],[-59.935612,-33.040566],[-59.957572,-33.006178],[-59.968556,-33.009309],[-59.963796,-33.029601],[-59.975503,-33.010284],[-60.017621,-33.016678],[-60.044235,-32.995781],[-59.982708,-32.99521],[-59.977005,-32.966751],[-60.011348,-32.975636],[-60.022185,-32.950538],[-59.9549,-32.898398],[-59.930493,-32.904991],[-59.903761,-32.93124],[-59.838665,-32.934835],[-59.841616,-32.91189],[-59.871039,-32.88811],[-59.85656,-32.868727],[-59.857384,-32.83876],[-59.843418,-32.840411],[-59.84523,-32.824488],[-59.810094,-32.797547],[-59.794048,-32.736336],[-59.779104,-32.729562],[-59.78899,-32.710653],[-59.775849,-32.662581],[-59.798079,-32.64195],[-59.779786,-32.613674],[-59.782584,-32.590107],[-59.771585,-32.58791]]]},"properties":{"fid":6,"Entidad":0,"Objeto":"Departamento","FNA":"Departamento Victoria","GNA":"Departamento","NAM":"Victoria","SAG":"ATER - Direc. de Catastro","FDC":null,"IN1":"30105","SHAPE_STAr":0.639021253089,"SHAPE_STLe":5.55712510809}},
{"type":"Feature","geometry":{"type":"Polygon","coordinates":[[[-60.827822,-32.458238],[-60.867643,-32.451598],[-60.896693,-32.467448],[-61.190918,-32.431416],[-61.192769,-32.438832],[-61.437693,-32.393785],[-61.484789,-32.57708],[-61.471295,-32.579551],[-61.532836,-32.846619],[-61.51829,-32.849087],[-61.642431,-32.883241],[-61.712884,-33.090497],[-61.686225,-33.092221],[-61.676304,-33.082097],[-61.649399,-33.088897],[-61.635657,-33.066655],[-61.565237,-33.063719],[-61.543062,-33.041291],[-61.296765,-32.986913],[-61.236295,-32.95119],[-61.246233,-32.943183],[-61.207199,-32.902701],[-61.19927,-32.877995],[-61.171025,-32.852357],[-61.062543,-32.802532],[-61.054691,-32.77002],[-60.995131,-32.694171],[-60.888647,-32.668882],[-60.874438,-32.680302],[-60.812569,-32.637767],[-60.842397,-32.590679],[-60.846946,-32.523121],[-60.860205,-32.502068],[-60.855669,-32.47447],[-60.827822,-32.458238]]]},"properties":{"fid":404,"Entidad":0,"Objeto":"Departamento","FNA":"Departamento Iriondo","GNA":"Departamento","NAM":"Iriondo","SAG":"Servicio de Catastro e Información Territorial","FDC":null,"IN1":"82056","SHAPE_STAr":0.30970366439,"SHAPE_STLe":3.02890778084}},
{"type":"Feature","geometry":{"type":"Polygon","coordinates":[[[-58.184578,-32.380634],[-58.197152,-32.356819],[-58.224329,-32.366999],[-58.235994,-32.346052],[-58.285918,-32.331519],[-58.340015,-32.264409],[-58.417098,-32.249675],[-58.411753,-32.184262],[-58.528946,-32.190713],[-58.5423,-32.204381],[-58.539535,-32.228378],[-58.562357,-32.243677],[-58.556765,-32.228578],[-58.586271,-32.196261],[-58.62679,-32.194043],[-58.647459,-32.173424],[-58.656435,-32.086028],[-58.671789,-32.073904],[-58.677106,-32.041906],[-58.697342,-32.028799],[-58.698959,-31.978152],[-58.707505,-31.964822],[-58.731447,-31.976796],[-58.773108,-32.01457],[-58.86081,-32.026687],[-58.870935,-32.046695],[-58.917712,-32.065713],[-58.96787,-32.05199],[-59.003156,-32.083612],[-59.062617,-32.069607],[-59.081,-32.070822],[-59.09888,-32.089683],[-59.077642,-32.098927],[-59.085846,-32.1114],[-59.070815,-32.119376],[-59.095339,-32.12882],[-59.076921,-32.177828],[-59.102462,-32.198095],[-59.112485,-32.235505],[-59.10427,-32.250465],[-59.083996,-32.25065],[-59.073624,-32.311963],[-59.095917,-32.329667],[-59.08376,-32.342277],[-59.102581,-32.347769],[-59.082153,-32.362118],[-59.093657,-32.373699],[-59.083446,-32.385897],[-59.105056,-32.40382],[-59.087174,-32.427343],[-59.113659,-32.455431],[-59.095461,-32.465822],[-59.099074,-32.487503],[-59.077478,-32.478977],[-58.970466,-32.522806],[-58.921216,-32.491556],[-58.911338,-32.510467],[-58.881118,-32.517406],[-58.838503,-32.548881],[-58.776729,-32.560435],[-58.725458,-32.55247],[-58.640018,-32.511532],[-58.581669,-32.553772],[-58.520892,-32.561934],[-58.511051,-32.596774],[-58.530646,-32.610656],[-58.519409,-32.655719],[-58.532728,-32.669756],[-58.513261,-32.674372],[-58.518393,-32.697772],[-58.489322,-32.745359],[-58.504947,-32.756541],[-58.492982,-32.774659],[-58.501029,-32.800988],[-58.488298,-32.811087],[-58.495338,-32.836343],[-58.484329,-32.864323],[-58.493957,-32.860449],[-58.497998,-32.874226],[-58.262235,-32.875935],[-58.262689,-33.027644],[-58.114053,-33.030174],[-58.084932,-33.004061],[-58.086799,-32.960806],[-58.115733,-32.919112],[-58.119798,-32.815234],[-58.150086,-32.731981],[-58.145047,-32.671127],[-58.160583,-32.57078],[-58.187387,-32.532869],[-58.204448,-32.463299],[-58.184578,-32.380634]]]},"properties":{"fid":8,"Entidad":0,"Objeto":"Departamento","FNA":"Departamento Uruguay","GNA":"Departamento","NAM":"Uruguay","SAG":"ATER - Direc. de Catastro","FDC":null,"IN1":"30098","SHAPE_STAr":0.493688262351,"SHAPE_STLe":5.24421227349}},
{"type":"Feature","geometry":{"type":"Polygon","coordinates":[[[-59.062617,-32.069607],[-59.064063,-32.033639],[-59.076614,-32.033334],[-59.084016,-32.015357],[-59.072765,-32.009277],[-59.08035,-31.9912],[-59.151231,-31.985556],[-59.177463,-31.959365],[-59.213673,-31.953437],[-59.273643,-31.91417],[-59.314439,-31.923572],[-59.341905,-31.941177],[-59.342994,-31.971842],[-59.370446,-32.02303],[-59.402056,-32.043168],[-59.407533,-32.063608],[-59.474854,-32.126417],[-59.456606,-32.140536],[-59.482912,-32.268686],[-59.462562,-32.28486],[-59.495835,-32.338839],[-59.441411,-32.355171],[-59.475839,-32.426955],[-59.448368,-32.454882],[-59.439349,-32.489498],[-59.442373,-32.512219],[-59.460325,-32.523893],[-59.455266,-32.556833],[-59.404734,-32.599745],[-59.414683,-32.639831],[-59.269256,-32.677651],[-59.23619,-32.697101],[-59.143025,-32.713144],[-59.125552,-32.707664],[-59.134586,-32.70733],[-59.116425,-32.683424],[-59.12589,-32.663936],[-59.10761,-32.666269],[-59.105041,-32.633847],[-59.090958,-32.624005],[-59.102171,-32.615328],[-59.093727,-32.592217],[-59.108396,-32.589028],[-59.087649,-32.574298],[-59.108928,-32.564508],[-59.09546,-32.558238],[-59.095659,-32.543252],[-59.116778,-32.530918],[-59.105647,-32.533385],[-59.099074,-32.487503],[-59.095461,-32.465822],[-59.113659,-32.455431],[-59.087174,-32.427343],[-59.105056,-32.40382],[-59.083446,-32.385897],[-59.093657,-32.373699],[-59.082153,-32.362118],[-59.102581,-32.347769],[-59.08376,-32.342277],[-59.095917,-32.329667],[-59.073624,-32.311963],[-59.083996,-32.25065],[-59.10427,-32.250465],[-59.112485,-32.235505],[-59.102462,-32.198095],[-59.076921,-32.177828],[-59.095339,-32.12882],[-59.070815,-32.119376],[-59.085846,-32.1114],[-59.077642,-32.098927],[-59.09888,-32.089683],[-59.081,-32.070822],[-59.062617,-32.069607]]]},"properties":{"fid":195,"Entidad":0,"Objeto":"Departamento","FNA":"Departamento Tala","GNA":"Departamento","NAM":"Tala","SAG":"ATER - Direc. de Catastro","FDC":null,"IN1":"30091","SHAPE_STAr":0.253125717486,"SHAPE_STLe":3.42792579896}},
{"type":"Feature","geometry":{"type":"Polygon","coordinates":[[[-60.257844,-32.051696],[-60.286025,-32.045173],[-60.302967,-32.082885],[-60.317212,-32.073081],[-60.324311,-32.079317],[-60.353084,-32.039219],[-60.34377,-32.017617],[-60.365997,-32.003451],[-60.366117,-31.995125],[-60.34431,-31.994976],[-60.343847,-31.978123],[-60.328656,-31.987986],[-60.342575,-31.948425],[-60.366548,-31.948198],[-60.384701,-31.932555],[-60.416544,-31.959608],[-60.462802,-31.951019],[-60.459275,-31.93914],[-60.51688,-31.925731],[-60.513169,-31.891917],[-60.537052,-31.888274],[-60.5222,-31.852713],[-60.541754,-31.848779],[-60.539075,-31.835743],[-60.561431,-31.829402],[-60.570759,-31.808917],[-60.603142,-31.825191],[-60.674486,-31.809722],[-60.652893,-31.897095],[-60.660095,-31.918274],[-60.719707,-31.958803],[-60.722742,-31.972309],[-60.663696,-32.038391],[-60.656006,-32.067078],[-60.700382,-32.149769],[-60.672607,-32.232605],[-60.679018,-32.319529],[-60.718993,-32.334044],[-60.711617,-32.393055],[-60.723816,-32.456116],[-60.769142,-32.496755],[-60.774719,-32.514404],[-60.745117,-32.564697],[-60.752075,-32.622192],[-60.725894,-32.663599],[-60.683956,-32.680175],[-60.66913,-32.630388],[-60.623727,-32.627755],[-60.625448,-32.641504],[-60.587876,-32.634214],[-60.557198,-32.601677],[-60.574157,-32.595371],[-60.559613,-32.583062],[-60.575383,-32.579324],[-60.522914,-32.57433],[-60.529314,-32.529958],[-60.542181,-32.526036],[-60.530366,-32.516844],[-60.52412,-32.536532],[-60.511152,-32.537737],[-60.524955,-32.544922],[-60.516915,-32.552097],[-60.474148,-32.534968],[-60.477209,-32.491488],[-60.458258,-32.486216],[-60.447395,-32.458421],[-60.458147,-32.440934],[-60.441584,-32.432242],[-60.440599,-32.443542],[-60.415724,-32.442914],[-60.394411,-32.42013],[-60.397904,-32.401423],[-60.425557,-32.385038],[-60.440891,-32.340756],[-60.421521,-32.302738],[-60.374831,-32.290499],[-60.338873,-32.300054],[-60.277799,-32.246457],[-60.278828,-32.232608],[-60.173321,-32.219063],[-60.181177,-32.19252],[-60.140632,-32.158468],[-60.182146,-32.12311],[-60.208932,-32.145196],[-60.22552,-32.116187],[-60.214162,-32.114773],[-60.257844,-32.051696]]]},"properties":{"fid":7,"Entidad":0,"Objeto":"Departamento","FNA":"Departamento Diamante","GNA":"Departamento","NAM":"Diamante","SAG":"ATER - Direc. de Catastro","FDC":null,"IN1":"30021","SHAPE_STAr":0.256237952673,"SHAPE_STLe":3.60657190305}},
{"type":"Feature","geometry":{"type":"Polygon","coordinates":[[[-59.314439,-31.923572],[-59.401673,-31.934119],[-59.439503,-31.970575],[-59.486168,-31.949904],[-59.518399,-31.961043],[-59.537731,-31.951282],[-59.571991,-31.95567],[-59.534421,-31.924866],[-59.611631,-31.869267],[-59.762686,-31.928935],[-59.856721,-31.892441],[-59.919225,-31.883327],[-59.921177,-31.918131],[-59.935318,-31.915708],[-59.944043,-31.926896],[-59.943785,-31.951719],[-59.968371,-31.951999],[-59.983977,-31.968274],[-60.012845,-31.974981],[-60.025991,-32.031074],[-60.140157,-31.982437],[-60.181919,-32.023486],[-60.257844,-32.051696],[-60.214162,-32.114773],[-60.22552,-32.116187],[-60.208932,-32.145196],[-60.182146,-32.12311],[-60.140632,-32.158468],[-60.181177,-32.19252],[-60.173321,-32.219063],[-60.18922,-32.234519],[-60.177029,-32.242347],[-60.189603,-32.269261],[-60.131232,-32.268972],[-60.115864,-32.303441],[-60.046404,-32.349299],[-60.03674,-32.388798],[-59.976817,-32.42167],[-59.99964,-32.453342],[-59.99958,-32.491505],[-59.97837,-32.493107],[-59.942033,-32.521952],[-59.773023,-32.546939],[-59.771585,-32.58791],[-59.752674,-32.581773],[-59.705247,-32.609703],[-59.636261,-32.61592],[-59.607136,-32.632006],[-59.600732,-32.551966],[-59.455266,-32.556833],[-59.460325,-32.523893],[-59.442373,-32.512219],[-59.439349,-32.489498],[-59.448368,-32.454882],[-59.475839,-32.426955],[-59.441411,-32.355171],[-59.495835,-32.338839],[-59.462562,-32.28486],[-59.482912,-32.268686],[-59.456606,-32.140536],[-59.474854,-32.126417],[-59.407533,-32.063608],[-59.402056,-32.043168],[-59.370446,-32.02303],[-59.342994,-31.971842],[-59.341905,-31.941177],[-59.314439,-31.923572]]]},"properties":{"fid":194,"Entidad":0,"Objeto":"Departamento","FNA":"Departamento Nogoyá","GNA":"Departamento","NAM":"Nogoyá","SAG":"ATER - Direc. de Catastro","FDC":null,"IN1":"30077","SHAPE_STAr":0.418867785589,"SHAPE_STLe":3.89240497087}},
{"type":"Feature","geometry":{"type":"Polygon","coordinates":[[[-60.722742,-31.972309],[-60.747598,-31.908525],[-60.731258,-31.865699],[-60.753015,-31.878071],[-60.762017,-31.869223],[-60.819373,-31.882125],[-60.837156,-31.867356],[-60.835387,-31.811968],[-60.819972,-31.791278],[-60.83278,-31.78679],[-60.853048,-31.821076],[-60.978236,-31.800252],[-60.99311,-31.864302],[-61.17021,-31.831338],[-61.183371,-31.882387],[-61.195946,-31.851804],[-61.300788,-31.831866],[-61.298309,-31.840136],[-61.354726,-31.829804],[-61.392776,-31.857951],[-61.34776,-31.866572],[-61.378058,-31.989121],[-61.355358,-32.082715],[-61.391942,-32.210239],[-61.448043,-32.19996],[-61.495218,-32.38325],[-61.437693,-32.393785],[-61.192769,-32.438832],[-61.190918,-32.431416],[-60.896693,-32.467448],[-60.867643,-32.451598],[-60.827822,-32.458238],[-60.8017,-32.442105],[-60.794975,-32.497452],[-60.769142,-32.496755],[-60.723816,-32.456116],[-60.711617,-32.393055],[-60.718993,-32.334044],[-60.679018,-32.319529],[-60.672607,-32.232605],[-60.700382,-32.149769],[-60.656006,-32.067078],[-60.663696,-32.038391],[-60.722742,-31.972309]]]},"properties":{"fid":406,"Entidad":0,"Objeto":"Departamento","FNA":"Departamento San Jerónimo","GNA":"Departamento","NAM":"San Jerónimo","SAG":"Servicio de Catastro e Información Territorial","FDC":null,"IN1":"82105","SHAPE_STAr":0.424082679024,"SHAPE_STLe":3.20567482664}},
{"type":"Feature","geometry":{"type":"Polygon","coordinates":[[[-58.036985,-31.727222],[-58.063604,-31.738105],[-58.082169,-31.720195],[-58.086878,-31.734295],[-58.122385,-31.721151],[-58.162585,-31.744295],[-58.228509,-31.73537],[-58.240279,-31.71703],[-58.278983,-31.698534],[-58.288202,-31.668704],[-58.373415,-31.721549],[-58.378803,-31.743797],[-58.430794,-31.741356],[-58.415134,-31.797412],[-58.39967,-31.810611],[-58.460268,-31.816118],[-58.50713,-31.787599],[-58.543208,-31.822279],[-58.536793,-31.843208],[-58.564755,-31.861723],[-58.594144,-31.845614],[-58.627774,-31.882961],[-58.607473,-31.902392],[-58.708577,-31.888191],[-58.698352,-31.860863],[-58.729327,-31.856571],[-58.742734,-31.921089],[-58.723691,-31.969719],[-58.731447,-31.976796],[-58.707505,-31.964822],[-58.698959,-31.978152],[-58.697342,-32.028799],[-58.677106,-32.041906],[-58.671789,-32.073904],[-58.656435,-32.086028],[-58.647459,-32.173424],[-58.62679,-32.194043],[-58.586271,-32.196261],[-58.556765,-32.228578],[-58.562357,-32.243677],[-58.539535,-32.228378],[-58.5423,-32.204381],[-58.528946,-32.190713],[-58.411753,-32.184262],[-58.417098,-32.249675],[-58.340015,-32.264409],[-58.285918,-32.331519],[-58.235994,-32.346052],[-58.224329,-32.366999],[-58.197152,-32.356819],[-58.184578,-32.380634],[-58.169063,-32.361009],[-58.123567,-32.340766],[-58.101527,-32.305598],[-58.099083,-32.27013],[-58.104918,-32.244511],[-58.183326,-32.1592],[-58.167404,-32.091382],[-58.143142,-32.060556],[-58.1383,-32.001843],[-58.168715,-31.932089],[-58.191344,-31.920347],[-58.20681,-31.871645],[-58.190237,-31.852978],[-58.083943,-31.819573],[-58.038505,-31.759885],[-58.036985,-31.727222]]]},"properties":{"fid":189,"Entidad":0,"Objeto":"Departamento","FNA":"Departamento Colón","GNA":"Departamento","NAM":"Colón","SAG":"ATER - Direc. de Catastro","FDC":null,"IN1":"30008","SHAPE_STAr":0.263524452439,"SHAPE_STLe":3.50342675907}},
{"type":"Feature","geometry":{"type":"Polygon","coordinates":[[[-60.456914,-33.598485],[-60.468138,-33.637711],[-60.527922,-33.648894],[-60.619175,-33.628669],[-60.684582,-33.585157],[-60.746654,-33.588337],[-60.781811,-33.57876],[-60.818633,-33.54045],[-60.862625,-33.546669],[-60.911107,-33.580993],[-60.810809,-33.674801],[-60.901024,-33.749352],[-60.861294,-33.780965],[-60.942796,-33.85686],[-60.906517,-33.887309],[-60.798068,-33.9519],[-60.705401,-34.025122],[-60.715401,-34.035737],[-60.655302,-34.093142],[-60.624474,-34.112153],[-60.578423,-34.11637],[-60.515503,-34.14378],[-60.496387,-34.17646],[-60.3124,-34.001454],[-60.237539,-34.011095],[-60.231469,-33.869787],[-60.156379,-33.745477],[-60.141242,-33.693094],[-60.159765,-33.689957],[-60.17224,-33.661924],[-60.242539,-33.648841],[-60.239394,-33.664507],[-60.313175,-33.651123],[-60.326792,-33.68327],[-60.456914,-33.598485]]]},"properties":{"fid":488,"Entidad":0,"Objeto":"Departamento","FNA":"Partido de Pergamino","GNA":"Partido","NAM":"Pergamino","SAG":"ARBA - Gerencia de Servicios Catastrales","FDC":null,"IN1":"06623","SHAPE_STAr":0.29266355611,"SHAPE_STLe":2.73474909848}},
{"type":"Feature","geometry":{"type":"Polygon","coordinates":[[[-58.434399,-34.65313],[-58.460366,-34.656824],[-58.50262,-34.674594],[-58.464497,-34.703206],[-58.446915,-34.688777],[-58.42383,-34.66228],[-58.434399,-34.65313]]]},"properties":{"fid":146,"Entidad":0,"Objeto":"Departamento","FNA":"Comuna 8","GNA":"Comuna","NAM":"Comuna 8","SAG":"Direc. de Catastro","FDC":null,"IN1":"02056","SHAPE_STAr":0.00221097372812,"SHAPE_STLe":0.209413654243}},
{"type":"Feature","geometry":{"type":"Polygon","coordinates":[[[-58.31246,-34.874838],[-58.396445,-34.909881],[-58.413042,-34.873576],[-58.49186,-34.927632],[-58.491914,-34.930168],[-58.463054,-34.951454],[-58.468702,-35.011275],[-58.430381,-34.978061],[-58.408331,-34.97787],[-58.394616,-34.958878],[-58.316317,-34.926331],[-58.274607,-34.91706],[-58.31246,-34.874838]]]},"properties":{"fid":201,"Entidad":0,"Objeto":"Departamento","FNA":"Partido de Presidente Perón","GNA":"Partido","NAM":"Presidente Perón","SAG":"ARBA - Gerencia de Servicios Catastrales","FDC":null,"IN1":"06648","SHAPE_STAr":0.0120346131663,"SHAPE_STLe":0.653333106375}},
{"type":"Feature","geometry":{"type":"Polygon","coordinates":[[[-57.796174,-35.444921],[-57.814518,-35.441903],[-57.873923,-35.385885],[-57.888711,-35.392016],[-57.917862,-35.371426],[-57.947196,-35.371952],[-57.985398,-35.328468],[-58.025003,-35.353784],[-58.035841,-35.343998],[-58.044821,-35.334563],[-58.138618,-35.420373],[-58.154988,-35.408258],[-58.193911,-35.440953],[-58.152389,-35.472373],[-58.436248,-35.733051],[-58.451663,-35.741193],[-58.453639,-35.769544],[-58.41757,-35.790222],[-58.41355,-35.814737],[-58.383631,-35.819053],[-58.342751,-35.843587],[-58.336947,-35.862761],[-58.312094,-35.867809],[-58.296258,-35.853406],[-58.282452,-35.860708],[-58.27113,-35.857918],[-58.263821,-35.823052],[-58.222413,-35.819436],[-58.204319,-35.825715],[-58.185232,-35.863478],[-58.164955,-35.867561],[-58.163896,-35.848891],[-58.137578,-35.82541],[-58.145892,-35.819341],[-58.096865,-35.775036],[-58.080036,-35.786898],[-58.011616,-35.739704],[-57.980307,-35.757316],[-57.898183,-35.691496],[-57.887372,-35.69987],[-57.860994,-35.685779],[-57.741429,-35.769132],[-57.615831,-35.776517],[-57.543792,-35.805579],[-57.489636,-35.811521],[-57.470659,-35.780804],[-57.458649,-35.78905],[-57.455582,-35.776992],[-57.424281,-35.784225],[-57.428362,-35.776256],[-57.402058,-35.757487],[-57.408991,-35.742731],[-57.386741,-35.736655],[-57.364968,-35.745997],[-57.346983,-35.716227],[-57.380923,-35.712849],[-57.382962,-35.694198],[-57.365867,-35.677432],[-57.411009,-35.664217],[-57.416614,-35.644629],[-57.438795,-35.636334],[-57.426357,-35.615791],[-57.463652,-35.595253],[-57.458502,-35.556762],[-57.435254,-35.518227],[-57.469903,-35.500573],[-57.461671,-35.494074],[-57.48086,-35.487542],[-57.486559,-35.461156],[-57.493241,-35.472058],[-57.521841,-35.473093],[-57.550832,-35.469703],[-57.557392,-35.456196],[-57.608564,-35.45837],[-57.630019,-35.469502],[-57.670746,-35.463502],[-57.687935,-35.484713],[-57.766312,-35.463685],[-57.770626,-35.43982],[-57.796174,-35.444921]]]},"properties":{"fid":69,"Entidad":0,"Objeto":"Departamento","FNA":"Partido de Chascomús","GNA":"Partido","NAM":"Chascomús","SAG":"ARBA - Gerencia de Servicios Catastrales","FDC":null,"IN1":"06218","SHAPE_STAr":0.314293334666,"SHAPE_STLe":3.65407952957}},
{"type":"Feature","geometry":{"type":"Polygon","coordinates":[[[-58.309779,-34.793387],[-58.336639,-34.754401],[-58.430528,-34.817248],[-58.447753,-34.825989],[-58.413042,-34.873576],[-58.396445,-34.909881],[-58.31246,-34.874838],[-58.317148,-34.868154],[-58.292471,-34.854868],[-58.332806,-34.805737],[-58.309779,-34.793387]]]},"properties":{"fid":193,"Entidad":0,"Objeto":"Departamento","FNA":"Partido de Almirante Brown","GNA":"Partido","NAM":"Almirante Brown","SAG":"ARBA - Gerencia de Servicios Catastrales","FDC":null,"IN1":"06028","SHAPE_STAr":0.0127391889821,"SHAPE_STLe":0.525098928593}},
{"type":"Feature","geometry":{"type":"Polygon","coordinates":[[[-57.968108,-35.159689],[-58.054086,-35.236827],[-58.077531,-35.220003],[-58.018072,-35.168111],[-58.177251,-35.057152],[-58.12038,-35.004379],[-58.161419,-34.971845],[-58.246584,-35.048285],[-58.236268,-35.058275],[-58.273432,-35.092866],[-58.338844,-35.148527],[-58.35271,-35.137863],[-58.442963,-35.216238],[-58.246816,-35.365325],[-58.259555,-35.377109],[-58.219269,-35.408038],[-58.18685,-35.382581],[-58.154988,-35.408258],[-58.138618,-35.420373],[-58.044821,-35.334563],[-58.035841,-35.343998],[-57.890143,-35.222141],[-57.968108,-35.159689]]]},"properties":{"fid":202,"Entidad":0,"Objeto":"Departamento","FNA":"Partido de Brandsen","GNA":"Partido","NAM":"Brandsen","SAG":"ARBA - Gerencia de Servicios Catastrales","FDC":null,"IN1":"06119","SHAPE_STAr":0.110316274274,"SHAPE_STLe":1.82115913495}},
{"type":"Feature","geometry":{"type":"Polygon","coordinates":[[[-58.194645,-34.735695],[-58.230154,-34.701378],[-58.279639,-34.678642],[-58.333505,-34.726984],[-58.346962,-34.739344],[-58.336639,-34.754401],[-58.309779,-34.793387],[-58.304114,-34.801165],[-58.298454,-34.783439],[-58.267461,-34.773646],[-58.194645,-34.735695]]]},"properties":{"fid":251,"Entidad":0,"Objeto":"Departamento","FNA":"Partido de Quilmes","GNA":"Partido","NAM":"Quilmes","SAG":"ARBA - Gerencia de Servicios Catastrales","FDC":null,"IN1":"06658","SHAPE_STAr":0.00901924507668,"SHAPE_STLe":0.424141490618}},
{"type":"Feature","geometry":{"type":"Polygon","coordinates":[[[-58.267461,-34.773646],[-58.298454,-34.783439],[-58.304114,-34.801165],[-58.309779,-34.793387],[-58.332806,-34.805737],[-58.292471,-34.854868],[-58.317148,-34.868154],[-58.31246,-34.874838],[-58.274607,-34.91706],[-58.316317,-34.926331],[-58.288205,-34.965044],[-58.300786,-34.971682],[-58.277172,-35.009418],[-58.211085,-34.951783],[-58.247414,-34.923592],[-58.179871,-34.866004],[-58.199915,-34.813772],[-58.238496,-34.800408],[-58.267461,-34.773646]]]},"properties":{"fid":245,"Entidad":0,"Objeto":"Departamento","FNA":"Partido de Florencio Varela","GNA":"Partido","NAM":"Florencio Varela","SAG":"ARBA - Gerencia de Servicios Catastrales","FDC":null,"IN1":"06274","SHAPE_STAr":0.0186824021703,"SHAPE_STLe":0.764578251709}},
{"type":"Feature","geometry":{"type":"Polygon","coordinates":[[[-57.931845,-34.903461],[-57.974604,-34.872367],[-57.990868,-34.879684],[-58.083632,-34.835145],[-58.211085,-34.951783],[-58.277172,-35.009418],[-58.288398,-35.017265],[-58.246584,-35.048285],[-58.161419,-34.971845],[-58.12038,-35.004379],[-58.177251,-35.057152],[-58.018072,-35.168111],[-58.077531,-35.220003],[-58.054086,-35.236827],[-57.968108,-35.159689],[-57.752355,-34.970663],[-57.770753,-34.95703],[-57.803312,-34.964184],[-57.895903,-34.930436],[-57.931845,-34.903461]]]},"properties":{"fid":200,"Entidad":0,"Objeto":"Departamento","FNA":"Partido de La Plata","GNA":"Partido","NAM":"La Plata","SAG":"ARBA - Gerencia de Servicios Catastrales","FDC":null,"IN1":"06441","SHAPE_STAr":0.0879675676863,"SHAPE_STLe":1.67596731377}},
{"type":"Feature","geometry":{"type":"Polygon","coordinates":[[[-57.944451,-37.007599],[-58.010671,-36.95872],[-57.943913,-36.898796],[-57.97236,-36.877823],[-57.919611,-36.833243],[-57.891642,-36.854489],[-57.74572,-36.73426],[-57.70711,-36.76301],[-57.660585,-36.723137],[-57.776365,-36.634535],[-57.763506,-36.623935],[-57.848529,-36.555173],[-57.777945,-36.492944],[-57.80981,-36.467019],[-57.775461,-36.437637],[-57.987317,-36.277397],[-58.189421,-36.452361],[-58.101463,-36.521294],[-58.129355,-36.540596],[-58.203701,-36.607915],[-58.226176,-36.627666],[-58.217629,-36.635137],[-58.114422,-36.728124],[-58.286543,-36.88103],[-58.019866,-37.075971],[-57.944451,-37.007599]]]},"properties":{"fid":21,"Entidad":0,"Objeto":"Departamento","FNA":"Partido de General Guido","GNA":"Partido","NAM":"General Guido","SAG":"ARBA - Gerencia de Servicios Catastrales","FDC":null,"IN1":"06308","SHAPE_STAr":0.234492164638,"SHAPE_STLe":2.69173633863}},
{"type":"Feature","geometry":{"type":"Polygon","coordinates":[[[-58.017688,-34.780318],[-58.194645,-34.735695],[-58.267461,-34.773646],[-58.238496,-34.800408],[-58.199915,-34.813772],[-58.179871,-34.866004],[-58.247414,-34.923592],[-58.211085,-34.951783],[-58.083632,-34.835145],[-58.017688,-34.780318]]]},"properties":{"fid":50,"Entidad":0,"Objeto":"Departamento","FNA":"Partido de Berazategui","GNA":"Partido","NAM":"Berazategui","SAG":"ARBA - Gerencia de Servicios Catastrales","FDC":null,"IN1":"06091","SHAPE_STAr":0.0217000659135,"SHAPE_STLe":0.815438562449}},
{"type":"Feature","geometry":{"type":"Polygon","coordinates":[[[-57.489636,-35.811521],[-57.543792,-35.805579],[-57.615831,-35.776517],[-57.741429,-35.769132],[-57.860994,-35.685779],[-57.887372,-35.69987],[-57.898183,-35.691496],[-57.980307,-35.757316],[-58.011616,-35.739704],[-58.080036,-35.786898],[-58.096865,-35.775036],[-58.145892,-35.819341],[-58.137578,-35.82541],[-58.163896,-35.848891],[-58.164955,-35.867561],[-58.147228,-35.866575],[-58.137536,-35.905452],[-58.102518,-35.921674],[-58.111201,-35.933429],[-58.090674,-35.939232],[-58.09209,-35.949852],[-58.016239,-35.945352],[-58.008142,-35.960545],[-58.034742,-36.002286],[-58.025426,-36.032048],[-58.004343,-36.042141],[-57.983668,-36.017318],[-57.983311,-36.028719],[-57.957449,-36.027831],[-57.939434,-35.99301],[-57.914185,-35.993806],[-57.904089,-35.973552],[-57.846441,-35.96154],[-57.832917,-35.943709],[-57.775481,-35.934341],[-57.763848,-35.921993],[-57.726066,-35.91978],[-57.732453,-35.896473],[-57.712284,-35.872672],[-57.707655,-35.832283],[-57.682247,-35.831627],[-57.656266,-35.850059],[-57.64928,-35.836993],[-57.588031,-35.830725],[-57.567039,-35.856997],[-57.512525,-35.824484],[-57.488967,-35.826301],[-57.489636,-35.811521]]]},"properties":{"fid":68,"Entidad":0,"Objeto":"Departamento","FNA":"Partido de Lezama","GNA":"Partido","NAM":"Lezama","SAG":"ARBA - Gerencia de Servicios Catastrales","FDC":null,"IN1":"06466","SHAPE_STAr":0.104501079281,"SHAPE_STLe":2.01772637118}},
{"type":"Feature","geometry":{"type":"Polygon","coordinates":[[[-57.364968,-35.745997],[-57.386741,-35.736655],[-57.408991,-35.742731],[-57.402058,-35.757487],[-57.428362,-35.776256],[-57.424281,-35.784225],[-57.455582,-35.776992],[-57.458649,-35.78905],[-57.470659,-35.780804],[-57.489636,-35.811521],[-57.488967,-35.826301],[-57.512525,-35.824484],[-57.567039,-35.856997],[-57.588031,-35.830725],[-57.64928,-35.836993],[-57.656266,-35.850059],[-57.682247,-35.831627],[-57.707655,-35.832283],[-57.712284,-35.872672],[-57.732453,-35.896473],[-57.726066,-35.91978],[-57.763848,-35.921993],[-57.775481,-35.934341],[-57.832917,-35.943709],[-57.846441,-35.96154],[-57.904089,-35.973552],[-57.914185,-35.993806],[-57.939434,-35.99301],[-57.957449,-36.027831],[-57.983311,-36.028719],[-57.983668,-36.017318],[-58.004343,-36.042141],[-57.966803,-36.064632],[-58.093219,-36.154813],[-57.959721,-36.252922],[-57.971748,-36.263965],[-57.883506,-36.302138],[-57.872037,-36.266867],[-57.815858,-36.278401],[-57.784497,-36.178141],[-57.670959,-36.203332],[-57.645064,-36.107086],[-57.417854,-36.157623],[-57.209226,-36.196221],[-57.266581,-36.137895],[-57.27924,-36.137591],[-57.382452,-35.966739],[-57.368809,-35.951097],[-57.389715,-35.853168],[-57.364968,-35.745997]]]},"properties":{"fid":191,"Entidad":0,"Objeto":"Departamento","FNA":"Partido de Castelli","GNA":"Partido","NAM":"Castelli","SAG":"ARBA - Gerencia de Servicios Catastrales","FDC":null,"IN1":"06168","SHAPE_STAr":0.211303397809,"SHAPE_STLe":3.14550081234}},
{"type":"Feature","geometry":{"type":"Polygon","coordinates":[[[-57.3037,-35.197184],[-57.508456,-35.024714],[-57.593314,-34.993969],[-57.674835,-34.936165],[-57.708224,-34.93035],[-57.752355,-34.970663],[-57.968108,-35.159689],[-57.890143,-35.222141],[-58.035841,-35.343998],[-58.025003,-35.353784],[-57.985398,-35.328468],[-57.947196,-35.371952],[-57.917862,-35.371426],[-57.888711,-35.392016],[-57.873923,-35.385885],[-57.814518,-35.441903],[-57.796174,-35.444921],[-57.726803,-35.3493],[-57.682662,-35.376797],[-57.664639,-35.342277],[-57.640069,-35.355562],[-57.613395,-35.33306],[-57.667608,-35.293264],[-57.632982,-35.260864],[-57.602915,-35.269181],[-57.581375,-35.294129],[-57.60218,-35.361657],[-57.588873,-35.350017],[-57.571344,-35.363429],[-57.503155,-35.30201],[-57.549436,-35.296226],[-57.492901,-35.243591],[-57.460123,-35.266761],[-57.425636,-35.234628],[-57.403877,-35.250512],[-57.3037,-35.197184]]]},"properties":{"fid":34,"Entidad":0,"Objeto":"Departamento","FNA":"Partido de Magdalena","GNA":"Partido","NAM":"Magdalena","SAG":"ARBA - Gerencia de Servicios Catastrales","FDC":null,"IN1":"06505","SHAPE_STAr":0.183035884392,"SHAPE_STLe":2.58591077178}},
{"type":"Feature","geometry":{"type":"Polygon","coordinates":[[[-57.346983,-35.716227],[-57.234367,-35.575913],[-57.152469,-35.495099],[-57.127843,-35.44477],[-57.147036,-35.389777],[-57.22306,-35.273148],[-57.3037,-35.197184],[-57.403877,-35.250512],[-57.425636,-35.234628],[-57.460123,-35.266761],[-57.492901,-35.243591],[-57.549436,-35.296226],[-57.503155,-35.30201],[-57.571344,-35.363429],[-57.588873,-35.350017],[-57.60218,-35.361657],[-57.581375,-35.294129],[-57.602915,-35.269181],[-57.632982,-35.260864],[-57.667608,-35.293264],[-57.613395,-35.33306],[-57.640069,-35.355562],[-57.664639,-35.342277],[-57.682662,-35.376797],[-57.726803,-35.3493],[-57.796174,-35.444921],[-57.770626,-35.43982],[-57.766312,-35.463685],[-57.687935,-35.484713],[-57.670746,-35.463502],[-57.630019,-35.469502],[-57.608564,-35.45837],[-57.557392,-35.456196],[-57.550832,-35.469703],[-57.521841,-35.473093],[-57.493241,-35.472058],[-57.486559,-35.461156],[-57.48086,-35.487542],[-57.461671,-35.494074],[-57.469903,-35.500573],[-57.435254,-35.518227],[-57.458502,-35.556762],[-57.463652,-35.595253],[-57.426357,-35.615791],[-57.438795,-35.636334],[-57.416614,-35.644629],[-57.411009,-35.664217],[-57.365867,-35.677432],[-57.382962,-35.694198],[-57.380923,-35.712849],[-57.346983,-35.716227]]]},"properties":{"fid":70,"Entidad":0,"Objeto":"Departamento","FNA":"Partido de Punta Indio","GNA":"Partido","NAM":"Punta Indio","SAG":"ARBA - Gerencia de Servicios Catastrales","FDC":null,"IN1":"06655","SHAPE_STAr":0.159337095052,"SHAPE_STLe":2.79816869217}},
{"type":"Feature","geometry":{"type":"Polygon","coordinates":[[[-56.77412,-36.321409],[-56.816004,-36.334973],[-56.875502,-36.329025],[-56.904769,-36.338185],[-57.014243,-36.327588],[-57.015488,-36.341638],[-57.064657,-36.385595],[-57.040286,-36.429194],[-57.074418,-36.438747],[-57.082529,-36.453714],[-57.09874,-36.442127],[-57.176152,-36.512814],[-57.164769,-36.521001],[-57.328779,-36.669157],[-57.175823,-36.784425],[-57.106202,-36.835948],[-57.08975,-36.829523],[-56.997182,-36.861819],[-56.991541,-36.889478],[-57.005922,-36.909715],[-56.97939,-36.903361],[-56.985153,-36.94953],[-56.94007,-36.959358],[-56.954929,-36.989057],[-56.946978,-36.995091],[-56.819485,-37.025201],[-56.819314,-37.024916],[-56.697922,-36.853884],[-56.712419,-36.820627],[-56.700745,-36.705458],[-56.715612,-36.560164],[-56.741891,-36.531401],[-56.714995,-36.533216],[-56.710627,-36.432827],[-56.739365,-36.388595],[-56.727298,-36.366468],[-56.77593,-36.3383],[-56.752817,-36.337997],[-56.77412,-36.321409]]]},"properties":{"fid":32,"Entidad":0,"Objeto":"Departamento","FNA":"Partido de General Lavalle","GNA":"Partido","NAM":"General Lavalle","SAG":"ARBA - Gerencia de Servicios Catastrales","FDC":null,"IN1":"06336","SHAPE_STAr":0.272563785859,"SHAPE_STLe":2.53877749848}},
{"type":"Feature","geometry":{"type":"Polygon","coordinates":[[[-56.909127,-37.189025],[-56.790235,-37.034131],[-56.819314,-37.024916],[-56.819485,-37.025201],[-56.949547,-37.184577],[-56.909127,-37.189025]]]},"properties":{"fid":31,"Entidad":0,"Objeto":"Departamento","FNA":"Partido de Pinamar","GNA":"Partido","NAM":"Pinamar","SAG":"ARBA - Gerencia de Servicios Catastrales","FDC":null,"IN1":"06644","SHAPE_STAr":0.00665705211918,"SHAPE_STLe":0.482897127183}},
{"type":"Feature","geometry":{"type":"Polygon","coordinates":[[[-56.790235,-37.034131],[-56.664991,-36.87147],[-56.700243,-36.412199],[-56.731676,-36.325979],[-56.776826,-36.293083],[-56.77412,-36.321409],[-56.752817,-36.337997],[-56.77593,-36.3383],[-56.727298,-36.366468],[-56.739365,-36.388595],[-56.710627,-36.432827],[-56.714995,-36.533216],[-56.741891,-36.531401],[-56.715612,-36.560164],[-56.700745,-36.705458],[-56.712419,-36.820627],[-56.697922,-36.853884],[-56.819314,-37.024916],[-56.790235,-37.034131]]]},"properties":{"fid":33,"Entidad":0,"Objeto":"Departamento","FNA":"Partido de La Costa","GNA":"Partido","NAM":"La Costa","SAG":"ARBA - Gerencia de Servicios Catastrales","FDC":null,"IN1":"06420","SHAPE_STAr":0.0235885049,"SHAPE_STLe":1.81719994828}},
{"type":"Feature","geometry":{"type":"Polygon","coordinates":[[[-57.417854,-36.157623],[-57.645064,-36.107086],[-57.670959,-36.203332],[-57.784497,-36.178141],[-57.815858,-36.278401],[-57.872037,-36.266867],[-57.883506,-36.302138],[-57.971748,-36.263965],[-57.987317,-36.277397],[-57.775461,-36.437637],[-57.80981,-36.467019],[-57.777945,-36.492944],[-57.848529,-36.555173],[-57.763506,-36.623935],[-57.776365,-36.634535],[-57.660585,-36.723137],[-57.653985,-36.728099],[-57.49374,-36.581361],[-57.464357,-36.570926],[-57.399231,-36.513084],[-57.443662,-36.479428],[-57.420059,-36.460091],[-57.399332,-36.415822],[-57.342985,-36.366172],[-57.473263,-36.340341],[-57.417854,-36.157623]]]},"properties":{"fid":258,"Entidad":0,"Objeto":"Departamento","FNA":"Partido de Dolores","GNA":"Partido","NAM":"Dolores","SAG":"ARBA - Gerencia de Servicios Catastrales","FDC":null,"IN1":"06238","SHAPE_STAr":0.198658671272,"SHAPE_STLe":2.37508001026}},
{"type":"Feature","geometry":{"type":"Polygon","coordinates":[[[-57.876953,-34.827722],[-57.94734,-34.833477],[-58.017688,-34.780318],[-58.083632,-34.835145],[-57.990868,-34.879684],[-57.974604,-34.872367],[-57.931845,-34.903461],[-57.900545,-34.874856],[-57.876953,-34.827722]]]},"properties":{"fid":264,"Entidad":0,"Objeto":"Departamento","FNA":"Partido de Ensenada","GNA":"Partido","NAM":"Ensenada","SAG":"ARBA - Gerencia de Servicios Catastrales","FDC":null,"IN1":"06245","SHAPE_STAr":0.0111873121395,"SHAPE_STLe":0.54712348464}},
{"type":"Feature","geometry":{"type":"Polygon","coordinates":[[[-57.708224,-34.93035],[-57.771784,-34.902576],[-57.876953,-34.827722],[-57.900545,-34.874856],[-57.931845,-34.903461],[-57.895903,-34.930436],[-57.803312,-34.964184],[-57.770753,-34.95703],[-57.752355,-34.970663],[-57.708224,-34.93035]]]},"properties":{"fid":273,"Entidad":0,"Objeto":"Departamento","FNA":"Partido de Berisso","GNA":"Partido","NAM":"Berisso","SAG":"ARBA - Gerencia de Servicios Catastrales","FDC":null,"IN1":"06098","SHAPE_STAr":0.0142488036889,"SHAPE_STLe":0.580432362244}},
{"type":"Feature","geometry":{"type":"Polygon","coordinates":[[[-57.014243,-36.327588],[-57.11519,-36.280149],[-57.209226,-36.196221],[-57.417854,-36.157623],[-57.473263,-36.340341],[-57.342985,-36.366172],[-57.399332,-36.415822],[-57.420059,-36.460091],[-57.443662,-36.479428],[-57.399231,-36.513084],[-57.464357,-36.570926],[-57.328779,-36.669157],[-57.164769,-36.521001],[-57.176152,-36.512814],[-57.09874,-36.442127],[-57.082529,-36.453714],[-57.074418,-36.438747],[-57.040286,-36.429194],[-57.064657,-36.385595],[-57.015488,-36.341638],[-57.014243,-36.327588]]]},"properties":{"fid":274,"Entidad":0,"Objeto":"Departamento","FNA":"Partido de Tordillo","GNA":"Partido","NAM":"Tordillo","SAG":"ARBA - Gerencia de Servicios Catastrales","FDC":null,"IN1":"06812","SHAPE_STAr":0.134040049095,"SHAPE_STLe":1.87712685652}},
{"type":"Feature","geometry":{"type":"Polygon","coordinates":[[[-58.42383,-34.66228],[-58.446915,-34.688777],[-58.413269,-34.732865],[-58.366679,-34.745552],[-58.346962,-34.739344],[-58.333505,-34.726984],[-58.402539,-34.659987],[-58.42383,-34.66228]]]},"properties":{"fid":499,"Entidad":0,"Objeto":"Departamento","FNA":"Partido de Lanús","GNA":"Partido","NAM":"Lanús","SAG":"ARBA - Gerencia de Servicios Catastrales","FDC":null,"IN1":"06434","SHAPE_STAr":0.00494161144953,"SHAPE_STLe":0.310365261561}},
{"type":"Feature","geometry":{"type":"Polygon","coordinates":[[[-65.771254,-31.368231],[-66.265259,-31.203176],[-66.341103,-31.258141],[-66.356789,-31.431215],[-66.293068,-31.53656],[-66.284698,-31.625637],[-66.260788,-31.685463],[-66.311188,-31.826946],[-66.505257,-31.767111],[-66.825261,-31.761347],[-66.777513,-31.83992],[-66.661788,-31.920536],[-66.604538,-31.923379],[-66.604753,-31.934123],[-66.56655,-31.950446],[-66.349781,-31.99769],[-66.338098,-31.943724],[-66.299634,-31.931065],[-66.160234,-31.963533],[-66.16115,-31.938501],[-66.144339,-31.936978],[-66.079499,-31.971349],[-66.069243,-31.936467],[-65.979026,-31.889163],[-65.914209,-31.910007],[-65.825067,-31.897072],[-65.77008,-31.888637],[-65.770408,-31.743344],[-65.771254,-31.368231]]]},"properties":{"fid":303,"Entidad":0,"Objeto":"Departamento","FNA":"Departamento General San Martín","GNA":"Departamento","NAM":"General San Martín","SAG":"IGN","FDC":null,"IN1":"46091","SHAPE_STAr":0.425575139231,"SHAPE_STLe":3.55313217502}},
{"type":"Feature","geometry":{"type":"Polygon","coordinates":[[[-64.923317,-31.412386],[-64.98635,-31.399026],[-65.06651,-31.413531],[-65.126053,-31.436378],[-65.133496,-31.450604],[-65.171951,-31.453315],[-65.182061,-31.490386],[-65.166485,-31.490823],[-65.166517,-31.559577],[-65.250714,-31.567031],[-65.252007,-31.620748],[-65.235505,-31.621038],[-65.236809,-31.675482],[-65.26129,-31.67369],[-65.273402,-31.649834],[-65.399469,-31.649044],[-65.399266,-31.62013],[-65.469263,-31.619853],[-65.470103,-31.691026],[-65.48456,-31.691072],[-65.502229,-31.759374],[-65.615558,-31.758351],[-65.6119,-31.745526],[-65.770408,-31.743344],[-65.77008,-31.888637],[-65.628476,-31.898297],[-65.606365,-31.908319],[-65.605853,-31.895465],[-65.550473,-31.896235],[-65.550642,-31.90692],[-65.352632,-31.904234],[-65.352274,-31.920608],[-65.251988,-31.9484],[-65.210411,-31.942389],[-65.204125,-31.930733],[-65.181249,-31.940051],[-65.173976,-31.9258],[-65.1057,-31.915778],[-65.044973,-31.872023],[-65.018725,-31.878588],[-64.995605,-31.859996],[-64.928818,-31.909292],[-64.884703,-31.846709],[-64.887326,-31.828063],[-64.783517,-31.826652],[-64.759967,-31.759867],[-64.726859,-31.735373],[-64.715811,-31.676249],[-64.727739,-31.676529],[-64.772442,-31.560105],[-64.751365,-31.516125],[-64.783774,-31.504626],[-64.792956,-31.424687],[-64.831684,-31.417912],[-64.831604,-31.409041],[-64.923317,-31.412386]]]},"properties":{"fid":91,"Entidad":0,"Objeto":"Departamento","FNA":"Departamento San Alberto","GNA":"Departamento","NAM":"San Alberto","SAG":"IDE Cordoba","FDC":"Catastro","IN1":"14126","SHAPE_STAr":0.322538120918,"SHAPE_STLe":3.40693394393}},
{"type":"Feature","geometry":{"type":"Polygon","coordinates":[[[-66.480667,-31.095749],[-67.099861,-31.083593],[-67.125747,-31.160703],[-67.075303,-31.227447],[-67.109091,-31.382825],[-67.078271,-31.43397],[-67.072413,-31.443691],[-66.958531,-31.632669],[-66.87519,-31.632669],[-66.825261,-31.761347],[-66.505257,-31.767111],[-66.311188,-31.826946],[-66.260788,-31.685463],[-66.284698,-31.625637],[-66.293068,-31.53656],[-66.356789,-31.431215],[-66.341103,-31.258141],[-66.265259,-31.203176],[-66.308075,-31.18865],[-66.419266,-31.187534],[-66.427628,-31.136143],[-66.462997,-31.096048],[-66.480667,-31.095749]]]},"properties":{"fid":302,"Entidad":0,"Objeto":"Departamento","FNA":"Departamento Rosario Vera Peñaloza","GNA":"Departamento","NAM":"Rosario Vera Peñaloza","SAG":"IGN","FDC":null,"IN1":"46112","SHAPE_STAr":0.476811652972,"SHAPE_STLe":2.9627610737}},
{"type":"Feature","geometry":{"type":"Polygon","coordinates":[[[-64.899436,-31.276882],[-65.771495,-31.261402],[-65.771254,-31.368231],[-65.770408,-31.743344],[-65.6119,-31.745526],[-65.615558,-31.758351],[-65.502229,-31.759374],[-65.48456,-31.691072],[-65.470103,-31.691026],[-65.469263,-31.619853],[-65.399266,-31.62013],[-65.399469,-31.649044],[-65.273402,-31.649834],[-65.26129,-31.67369],[-65.236809,-31.675482],[-65.235505,-31.621038],[-65.252007,-31.620748],[-65.250714,-31.567031],[-65.166517,-31.559577],[-65.166485,-31.490823],[-65.182061,-31.490386],[-65.171951,-31.453315],[-65.133496,-31.450604],[-65.126053,-31.436378],[-65.06651,-31.413531],[-64.98635,-31.399026],[-64.923317,-31.412386],[-64.90949,-31.399303],[-64.899794,-31.346004],[-64.899436,-31.276882]]]},"properties":{"fid":90,"Entidad":0,"Objeto":"Departamento","FNA":"Departamento Pocho","GNA":"Departamento","NAM":"Pocho","SAG":"IDE Cordoba","FDC":"Catastro","IN1":"14077","SHAPE_STAr":0.291165873793,"SHAPE_STLe":2.85539819875}},
{"type":"Feature","geometry":{"type":"Polygon","coordinates":[[[-64.989395,-30.01506],[-64.985964,-29.891056],[-65.15827,-30.047267],[-65.422985,-30.119602],[-65.490565,-30.371718],[-65.520804,-30.484529],[-65.598132,-30.65695],[-65.373476,-30.693184],[-65.347008,-30.737846],[-65.348174,-30.84625],[-65.335021,-30.882484],[-65.158122,-30.874281],[-65.152332,-30.946821],[-65.109405,-31.002106],[-65.119488,-31.021174],[-65.105172,-31.040353],[-65.102976,-31.077508],[-65.090315,-31.084466],[-65.079291,-31.068497],[-65.068391,-31.070214],[-64.940247,-31.16704],[-64.905373,-31.221392],[-64.899436,-31.276882],[-64.899794,-31.346004],[-64.90949,-31.399303],[-64.923317,-31.412386],[-64.831604,-31.409041],[-64.831684,-31.417912],[-64.792956,-31.424687],[-64.761382,-31.422426],[-64.749169,-31.354294],[-64.721161,-31.289006],[-64.700515,-31.277615],[-64.711166,-31.261876],[-64.696258,-31.223967],[-64.70407,-31.178787],[-64.677519,-31.137265],[-64.677418,-31.071487],[-64.642722,-31.045223],[-64.647978,-31.010402],[-64.687378,-31.017817],[-64.676111,-30.971892],[-64.699863,-30.949416],[-64.674555,-30.943649],[-64.674526,-30.92191],[-64.648173,-30.922249],[-64.644693,-30.856235],[-64.664859,-30.846636],[-64.670992,-30.828783],[-64.619745,-30.771219],[-64.6243,-30.690109],[-64.714701,-30.689944],[-64.714851,-30.634132],[-64.87529,-30.634227],[-65.033472,-30.475059],[-65.059239,-30.430188],[-65.065265,-30.418669],[-65.001871,-30.418516],[-65.004077,-30.226115],[-64.989395,-30.01506]]]},"properties":{"fid":86,"Entidad":0,"Objeto":"Departamento","FNA":"Departamento Cruz del Eje","GNA":"Departamento","NAM":"Cruz del Eje","SAG":"IDE Cordoba","FDC":"Catastro","IN1":"14028","SHAPE_STAr":0.641923778555,"SHAPE_STLe":4.97756437543}},
{"type":"Feature","geometry":{"type":"Polygon","coordinates":[[[-65.641673,-30.754002],[-66.353279,-30.747721],[-66.325699,-30.7929],[-66.39016,-30.848833],[-66.41143,-30.938917],[-66.489899,-30.986942],[-66.480667,-31.095749],[-66.462997,-31.096048],[-66.427628,-31.136143],[-66.419266,-31.187534],[-66.308075,-31.18865],[-66.265259,-31.203176],[-65.771254,-31.368231],[-65.771495,-31.261402],[-65.771984,-31.044523],[-65.641673,-30.754002]]]},"properties":{"fid":65,"Entidad":0,"Objeto":"Departamento","FNA":"Departamento General Ocampo","GNA":"Departamento","NAM":"General Ocampo","SAG":"IGN","FDC":null,"IN1":"46084","SHAPE_STAr":0.353035495755,"SHAPE_STLe":2.58683658358}},
{"type":"Feature","geometry":{"type":"Polygon","coordinates":[[[-64.899436,-31.276882],[-64.905373,-31.221392],[-64.940247,-31.16704],[-65.068391,-31.070214],[-65.079291,-31.068497],[-65.090315,-31.084466],[-65.102976,-31.077508],[-65.105172,-31.040353],[-65.119488,-31.021174],[-65.109405,-31.002106],[-65.152332,-30.946821],[-65.158122,-30.874281],[-65.335021,-30.882484],[-65.348174,-30.84625],[-65.347008,-30.737846],[-65.373476,-30.693184],[-65.598132,-30.65695],[-65.641673,-30.754002],[-65.771984,-31.044523],[-65.771495,-31.261402],[-64.899436,-31.276882]]]},"properties":{"fid":89,"Entidad":0,"Objeto":"Departamento","FNA":"Departamento Minas","GNA":"Departamento","NAM":"Minas","SAG":"IDE Cordoba","FDC":"Catastro","IN1":"14070","SHAPE_STAr":0.337343178693,"SHAPE_STLe":2.75783824151}},
{"type":"Feature","geometry":{"type":"Polygon","coordinates":[[[-67.507849,-30.515677],[-67.419492,-30.61997],[-67.282792,-30.69528],[-67.128841,-30.895631],[-67.085297,-30.914191],[-67.112423,-31.010559],[-67.092197,-31.060765],[-67.099861,-31.083593],[-66.480667,-31.095749],[-66.489899,-30.986942],[-66.41143,-30.938917],[-66.39016,-30.848833],[-66.325699,-30.7929],[-66.353279,-30.747721],[-66.384712,-30.676701],[-66.582443,-30.739527],[-66.615814,-30.674557],[-66.748367,-30.631516],[-66.778694,-30.573494],[-66.781296,-30.534712],[-66.917076,-30.531256],[-67.507849,-30.515677]]]},"properties":{"fid":301,"Entidad":0,"Objeto":"Departamento","FNA":"Departamento General Juan F. Quiroga","GNA":"Departamento","NAM":"General Juan F. Quiroga","SAG":"IGN","FDC":null,"IN1":"46070","SHAPE_STAr":0.406300389698,"SHAPE_STLe":3.16404563004}},
{"type":"Feature","geometry":{"type":"Polygon","coordinates":[[[-65.490565,-30.371718],[-65.997574,-30.393589],[-66.232361,-30.526628],[-66.371796,-30.509699],[-66.371567,-30.530653],[-66.42028,-30.613731],[-66.416702,-30.638891],[-66.384712,-30.676701],[-66.353279,-30.747721],[-65.641673,-30.754002],[-65.598132,-30.65695],[-65.520804,-30.484529],[-65.490565,-30.371718]]]},"properties":{"fid":121,"Entidad":0,"Objeto":"Departamento","FNA":"Departamento General Belgrano","GNA":"Departamento","NAM":"General Belgrano","SAG":"IGN","FDC":null,"IN1":"46063","SHAPE_STAr":0.265294151001,"SHAPE_STLe":2.31685713284}},
{"type":"Feature","geometry":{"type":"Polygon","coordinates":[[[-66.482239,-30.186424],[-66.525589,-30.147154],[-66.632248,-30.110188],[-66.609161,-29.849079],[-66.847237,-29.829662],[-66.861099,-30.002539],[-66.877991,-30.037182],[-66.85656,-30.115105],[-66.861015,-30.403578],[-66.900223,-30.466921],[-66.917076,-30.531256],[-66.781296,-30.534712],[-66.778694,-30.573494],[-66.748367,-30.631516],[-66.615814,-30.674557],[-66.582443,-30.739527],[-66.384712,-30.676701],[-66.416702,-30.638891],[-66.42028,-30.613731],[-66.371567,-30.530653],[-66.371796,-30.509699],[-66.402107,-30.471247],[-66.501007,-30.26815],[-66.482239,-30.186424]]]},"properties":{"fid":299,"Entidad":0,"Objeto":"Departamento","FNA":"Departamento General Ángel V. Peñaloza","GNA":"Departamento","NAM":"General  Angel V. Peñaloza","SAG":"IGN","FDC":null,"IN1":"46056","SHAPE_STAr":0.293251807139,"SHAPE_STLe":2.6167605734}},
{"type":"Feature","geometry":{"type":"Polygon","coordinates":[[[-66.976273,-29.818956],[-67.536797,-29.786135],[-67.612526,-29.656038],[-67.817039,-29.801329],[-67.99199,-29.979241],[-67.909185,-30.051755],[-67.898299,-30.0743],[-67.87736,-30.075133],[-67.857015,-30.100474],[-67.686348,-30.214867],[-67.67344,-30.23652],[-67.590873,-30.298148],[-67.578618,-30.402963],[-67.507849,-30.515677],[-66.917076,-30.531256],[-66.900223,-30.466921],[-66.861015,-30.403578],[-66.85656,-30.115105],[-66.877991,-30.037182],[-66.861099,-30.002539],[-66.847237,-29.829662],[-66.976273,-29.818956]]]},"properties":{"fid":64,"Entidad":0,"Objeto":"Departamento","FNA":"Departamento Independencia","GNA":"Departamento","NAM":"Independencia","SAG":"IGN","FDC":null,"IN1":"46105","SHAPE_STAr":0.657565623904,"SHAPE_STLe":3.47619460222}},
{"type":"Feature","geometry":{"type":"Polygon","coordinates":[[[-65.544931,-29.827724],[-65.700798,-29.827061],[-66.430267,-30.024307],[-66.482239,-30.186424],[-66.501007,-30.26815],[-66.402107,-30.471247],[-66.371796,-30.509699],[-66.232361,-30.526628],[-65.997574,-30.393589],[-65.490565,-30.371718],[-65.422985,-30.119602],[-65.544931,-29.827724]]]},"properties":{"fid":66,"Entidad":0,"Objeto":"Departamento","FNA":"Departamento Chamical","GNA":"Departamento","NAM":"Chamical","SAG":"IGN","FDC":null,"IN1":"46035","SHAPE_STAr":0.51620450386,"SHAPE_STLe":2.94010920365}},
{"type":"Feature","geometry":{"type":"Polygon","coordinates":[[[-66.409867,-28.814209],[-66.389282,-28.802002],[-66.352952,-28.732887],[-66.734711,-28.852306],[-66.775421,-29.049044],[-66.799728,-29.071445],[-66.832169,-29.151594],[-66.86219,-29.174427],[-66.883804,-29.200691],[-66.898094,-29.254398],[-66.92942,-29.286463],[-66.945992,-29.357315],[-66.976196,-29.390566],[-67.048073,-29.432806],[-67.07148,-29.428795],[-67.090042,-29.405514],[-67.10141,-29.430021],[-67.095551,-29.459152],[-67.048836,-29.50115],[-67.030266,-29.544855],[-67.059578,-29.630087],[-67.055901,-29.66379],[-67.028572,-29.757475],[-66.976273,-29.818956],[-66.847237,-29.829662],[-66.609161,-29.849079],[-66.632248,-30.110188],[-66.525589,-30.147154],[-66.482239,-30.186424],[-66.430267,-30.024307],[-65.700798,-29.827061],[-65.544931,-29.827724],[-65.589635,-29.720725],[-65.719459,-29.409989],[-65.717258,-29.328612],[-65.748159,-29.269686],[-65.814427,-29.269805],[-65.814665,-29.180932],[-66.099519,-28.944091],[-66.328186,-28.875977],[-66.393799,-28.867676],[-66.409867,-28.814209]]]},"properties":{"fid":125,"Entidad":0,"Objeto":"Departamento","FNA":"Departamento Capital","GNA":"Departamento","NAM":"Capital","SAG":"IGN","FDC":null,"IN1":"46014","SHAPE_STAr":1.24924098878,"SHAPE_STLe":5.14302146798}},
{"type":"Feature","geometry":{"type":"Polygon","coordinates":[[[-65.188125,-28.618111],[-65.206651,-28.614268],[-65.212245,-28.596854],[-65.271482,-28.601003],[-65.281011,-28.639033],[-65.314614,-28.630694],[-65.310832,-28.702462],[-65.339881,-28.695317],[-65.380184,-28.796891],[-65.310417,-28.814714],[-65.305464,-28.825908],[-65.36677,-28.933667],[-65.383839,-29.10236],[-65.417186,-29.144647],[-65.456621,-29.15785],[-65.477495,-29.212805],[-65.500138,-29.22789],[-65.505744,-29.246466],[-65.493792,-29.263925],[-65.510241,-29.285111],[-65.516665,-29.335681],[-65.505715,-29.396251],[-65.519432,-29.410603],[-65.531436,-29.471686],[-65.516923,-29.484986],[-65.535401,-29.515721],[-65.520123,-29.605465],[-65.589635,-29.720725],[-65.544931,-29.827724],[-65.422985,-30.119602],[-65.15827,-30.047267],[-64.985964,-29.891056],[-64.937932,-29.847511],[-64.964052,-29.596091],[-64.824628,-29.574305],[-64.825937,-29.473654],[-64.785969,-29.405497],[-64.838072,-29.342545],[-64.842294,-29.312748],[-64.824747,-29.273779],[-64.780965,-29.267592],[-64.837596,-29.228569],[-64.85449,-29.197398],[-64.859844,-29.035],[-64.906601,-28.932445],[-64.911954,-28.886641],[-64.901128,-28.841312],[-64.938604,-28.805739],[-64.977271,-28.789202],[-65.016627,-28.737805],[-65.127177,-28.716152],[-65.136522,-28.64688],[-65.173463,-28.63296],[-65.17257,-28.61797],[-65.188125,-28.618111]]]},"properties":{"fid":75,"Entidad":0,"Objeto":"Departamento","FNA":"Departamento La Paz","GNA":"Departamento","NAM":"La Paz","SAG":"IDE Catamarca","FDC":null,"IN1":"10070","SHAPE_STAr":0.769932437307,"SHAPE_STLe":4.27106425129}},
{"type":"Feature","geometry":{"type":"Polygon","coordinates":[[[-67.853439,-29.077093],[-68.245308,-29.224319],[-68.948177,-28.971063],[-68.932948,-28.984983],[-68.932472,-29.017939],[-68.914031,-29.028765],[-68.907845,-29.070406],[-68.925215,-29.089441],[-68.911176,-29.124658],[-68.933781,-29.149166],[-68.933418,-29.164633],[-68.958527,-29.164157],[-68.968759,-29.146192],[-69.001239,-29.186642],[-68.97911,-29.230544],[-68.989103,-29.273969],[-68.959106,-29.284186],[-68.961859,-29.306567],[-68.964238,-29.317513],[-68.968045,-29.316323],[-68.97554,-29.316918],[-68.985534,-29.328458],[-68.976373,-29.367719],[-68.982178,-29.372498],[-68.998502,-29.396392],[-68.997669,-29.413881],[-68.992792,-29.417093],[-68.986637,-29.420061],[-68.981727,-29.421971],[-68.978634,-29.425064],[-68.976968,-29.433274],[-68.974486,-29.442154],[-68.973637,-29.445171],[-68.982917,-29.466229],[-68.984225,-29.47194],[-68.988152,-29.478126],[-68.992792,-29.473368],[-68.996004,-29.467895],[-68.997129,-29.466974],[-69.001239,-29.477532],[-69.002904,-29.480506],[-69.033718,-29.532973],[-69.019842,-29.632096],[-69.019327,-29.632518],[-68.957457,-29.657538],[-68.93735,-29.650875],[-68.935565,-29.619823],[-68.907845,-29.619823],[-68.883396,-29.591924],[-68.887262,-29.621727],[-68.863111,-29.635052],[-68.793274,-29.623511],[-68.712848,-29.629103],[-68.682986,-29.646414],[-68.567344,-29.636955],[-68.467712,-29.644287],[-68.258789,-29.746726],[-68.258577,-29.746838],[-68.26777,-29.758605],[-68.25385,-29.780734],[-68.192579,-29.786564],[-68.18437,-29.848133],[-68.163668,-29.864134],[-68.15879,-29.885431],[-68.107061,-29.884208],[-68.054332,-29.900302],[-67.99199,-29.979241],[-67.817039,-29.801329],[-67.612526,-29.656038],[-67.722733,-29.441338],[-67.754242,-29.403612],[-67.767906,-29.354204],[-67.830444,-29.273819],[-67.856422,-29.170639],[-67.853439,-29.077093]]]},"properties":{"fid":237,"Entidad":0,"Objeto":"Departamento","FNA":"Departamento Coronel Felipe Varela","GNA":"Departamento","NAM":"Coronel Felipe Varela","SAG":"IGN","FDC":null,"IN1":"46028","SHAPE_STAr":0.769503481912,"SHAPE_STLe":4.62439984932}},
{"type":"Feature","geometry":{"type":"Polygon","coordinates":[[[-67.090042,-29.405514],[-67.150635,-29.295511],[-67.180923,-29.274517],[-67.221642,-29.174599],[-67.218681,-29.136675],[-67.199104,-29.113386],[-67.215881,-29.013229],[-67.835197,-29.014641],[-67.853439,-29.077093],[-67.856422,-29.170639],[-67.830444,-29.273819],[-67.767906,-29.354204],[-67.754242,-29.403612],[-67.722733,-29.441338],[-67.612526,-29.656038],[-67.536797,-29.786135],[-66.976273,-29.818956],[-67.028572,-29.757475],[-67.055901,-29.66379],[-67.059578,-29.630087],[-67.030266,-29.544855],[-67.048836,-29.50115],[-67.095551,-29.459152],[-67.10141,-29.430021],[-67.090042,-29.405514]]]},"properties":{"fid":298,"Entidad":0,"Objeto":"Departamento","FNA":"Departamento Chilecito","GNA":"Departamento","NAM":"Chilecito","SAG":"IGN","FDC":null,"IN1":"46042","SHAPE_STAr":0.487299491436,"SHAPE_STLe":2.96959145092}},
{"type":"Feature","geometry":{"type":"Polygon","coordinates":[[[-65.791319,-28.556271],[-65.898243,-28.481667],[-65.918486,-28.436212],[-65.936027,-28.43749],[-65.950951,-28.335538],[-65.984235,-28.349618],[-66.042626,-28.351465],[-66.057324,-28.362916],[-66.057872,-28.397904],[-66.040963,-28.435745],[-66.049177,-28.450036],[-66.083492,-28.451737],[-66.082585,-28.481875],[-66.1296,-28.499006],[-66.147618,-28.544813],[-66.183728,-28.563953],[-66.177888,-28.579642],[-66.210262,-28.630464],[-66.229956,-28.621157],[-66.246496,-28.63506],[-66.264225,-28.629049],[-66.274018,-28.665844],[-66.297169,-28.679242],[-66.301299,-28.722129],[-66.323543,-28.732254],[-66.337114,-28.80094],[-66.365367,-28.795077],[-66.39138,-28.824544],[-66.409867,-28.814209],[-66.393799,-28.867676],[-66.328186,-28.875977],[-66.099519,-28.944091],[-65.814665,-29.180932],[-65.814427,-29.269805],[-65.748159,-29.269686],[-65.717258,-29.328612],[-65.719459,-29.409989],[-65.589635,-29.720725],[-65.520123,-29.605465],[-65.560646,-29.518099],[-65.547584,-29.40993],[-65.568257,-29.348997],[-65.602788,-29.296603],[-65.595539,-29.27615],[-65.609878,-29.252657],[-65.59718,-29.105487],[-65.587739,-29.098952],[-65.607779,-29.068529],[-65.605749,-29.02028],[-65.651164,-28.927399],[-65.644497,-28.895307],[-65.681161,-28.830862],[-65.688674,-28.787553],[-65.719005,-28.761415],[-65.851797,-28.745006],[-65.794264,-28.66908],[-65.809206,-28.633518],[-65.80228,-28.593894],[-65.789478,-28.583979],[-65.791319,-28.556271]]]},"properties":{"fid":210,"Entidad":0,"Objeto":"Departamento","FNA":"Departamento Capayán","GNA":"Departamento","NAM":"Capayán","SAG":"IDE Catamarca","FDC":null,"IN1":"10042","SHAPE_STAr":0.401833867181,"SHAPE_STLe":4.29376202071}},
{"type":"Feature","geometry":{"type":"Polygon","coordinates":[[[-65.271482,-28.601003],[-65.285852,-28.60214],[-65.290901,-28.588268],[-65.344208,-28.5921],[-65.357807,-28.625608],[-65.389671,-28.630263],[-65.388465,-28.64065],[-65.426461,-28.66662],[-65.454917,-28.658327],[-65.455133,-28.635231],[-65.609955,-28.596006],[-65.619958,-28.569568],[-65.630524,-28.586623],[-65.623573,-28.602602],[-65.662543,-28.664185],[-65.660156,-28.682955],[-65.673897,-28.688199],[-65.650464,-28.77918],[-65.682505,-28.815765],[-65.681161,-28.830862],[-65.644497,-28.895307],[-65.651164,-28.927399],[-65.605749,-29.02028],[-65.607779,-29.068529],[-65.587739,-29.098952],[-65.59718,-29.105487],[-65.609878,-29.252657],[-65.595539,-29.27615],[-65.602788,-29.296603],[-65.568257,-29.348997],[-65.547584,-29.40993],[-65.560646,-29.518099],[-65.520123,-29.605465],[-65.535401,-29.515721],[-65.516923,-29.484986],[-65.531436,-29.471686],[-65.519432,-29.410603],[-65.505715,-29.396251],[-65.516665,-29.335681],[-65.510241,-29.285111],[-65.493792,-29.263925],[-65.505744,-29.246466],[-65.500138,-29.22789],[-65.477495,-29.212805],[-65.456621,-29.15785],[-65.417186,-29.144647],[-65.383839,-29.10236],[-65.36677,-28.933667],[-65.305464,-28.825908],[-65.310417,-28.814714],[-65.380184,-28.796891],[-65.339881,-28.695317],[-65.310832,-28.702462],[-65.314614,-28.630694],[-65.281011,-28.639033],[-65.271482,-28.601003]]]},"properties":{"fid":139,"Entidad":0,"Objeto":"Departamento","FNA":"Departamento Ancasti","GNA":"Departamento","NAM":"Ancasti","SAG":"IDE Catamarca","FDC":null,"IN1":"10014","SHAPE_STAr":0.18184205213,"SHAPE_STLe":3.13888542063}},
{"type":"Feature","geometry":{"type":"Polygon","coordinates":[[[-66.86219,-29.174427],[-66.943291,-29.10899],[-66.96254,-29.00922],[-67.044434,-28.971107],[-67.142181,-28.848173],[-67.174805,-28.905529],[-67.209137,-28.970999],[-67.215881,-29.013229],[-67.199104,-29.113386],[-67.218681,-29.136675],[-67.221642,-29.174599],[-67.180923,-29.274517],[-67.150635,-29.295511],[-67.090042,-29.405514],[-67.07148,-29.428795],[-67.048073,-29.432806],[-66.976196,-29.390566],[-66.945992,-29.357315],[-66.92942,-29.286463],[-66.898094,-29.254398],[-66.883804,-29.200691],[-66.86219,-29.174427]]]},"properties":{"fid":297,"Entidad":0,"Objeto":"Departamento","FNA":"Departamento Sanagasta","GNA":"Departamento","NAM":"Sanagasta","SAG":"IGN","FDC":null,"IN1":"46126","SHAPE_STAr":0.120943846843,"SHAPE_STLe":1.47854049764}},
{"type":"Feature","geometry":{"type":"Polygon","coordinates":[[[-67.83548,-29.008017],[-68.012665,-28.902651],[-68.218796,-28.869127],[-69.462187,-28.192862],[-69.478403,-28.207002],[-69.474422,-28.237167],[-69.502666,-28.264313],[-69.499131,-28.283085],[-69.523574,-28.329656],[-69.58276,-28.352442],[-69.596948,-28.392025],[-69.62456,-28.37818],[-69.634973,-28.38408],[-69.62981,-28.393692],[-69.605713,-28.419006],[-69.555237,-28.405822],[-69.518831,-28.431223],[-69.49926,-28.417006],[-69.469695,-28.415519],[-69.425476,-28.451782],[-69.37874,-28.449129],[-69.316041,-28.411712],[-69.202393,-28.596375],[-69.21658,-28.60647],[-69.209798,-28.681602],[-69.161971,-28.761135],[-68.936844,-28.84974],[-68.908202,-28.861013],[-68.910938,-28.862738],[-68.912604,-28.863214],[-68.918314,-28.863452],[-68.923311,-28.871066],[-68.933424,-28.907651],[-68.961182,-28.939392],[-68.948177,-28.971063],[-68.245308,-29.224319],[-67.853439,-29.077093],[-67.835197,-29.014641],[-67.83548,-29.008017]]]},"properties":{"fid":81,"Entidad":0,"Objeto":"Departamento","FNA":"Departamento General Lamadrid","GNA":"Departamento","NAM":"General Lamadrid","SAG":"IGN","FDC":null,"IN1":"46077","SHAPE_STAr":0.566769427682,"SHAPE_STLe":4.65347735383}},
{"type":"Feature","geometry":{"type":"Polygon","coordinates":[[[-66.734711,-28.852306],[-66.836624,-28.627951],[-67.011925,-28.603785],[-67.023186,-28.635773],[-67.06469,-28.652649],[-67.068665,-28.71863],[-67.142181,-28.848173],[-67.044434,-28.971107],[-66.96254,-29.00922],[-66.943291,-29.10899],[-66.86219,-29.174427],[-66.832169,-29.151594],[-66.799728,-29.071445],[-66.775421,-29.049044],[-66.734711,-28.852306]]]},"properties":{"fid":296,"Entidad":0,"Objeto":"Departamento","FNA":"Departamento Castro Barros","GNA":"Departamento","NAM":"Castro Barros","SAG":"IGN","FDC":null,"IN1":"46021","SHAPE_STAr":0.141276430826,"SHAPE_STLe":1.53314950231}},
{"type":"Feature","geometry":{"type":"Polygon","coordinates":[[[-67.446399,-28.368021],[-67.695747,-28.311834],[-67.761242,-28.329918],[-67.756364,-28.353653],[-67.802764,-28.347882],[-67.815553,-28.37602],[-67.844821,-28.375187],[-67.84137,-28.313261],[-67.860732,-28.294166],[-67.876312,-28.364771],[-67.829758,-28.5355],[-67.877129,-28.761057],[-67.824707,-28.881281],[-67.83548,-29.008017],[-67.835197,-29.014641],[-67.215881,-29.013229],[-67.209137,-28.970999],[-67.174805,-28.905529],[-67.225487,-28.850174],[-67.258049,-28.73811],[-67.26223,-28.537127],[-67.300072,-28.49814],[-67.437355,-28.417009],[-67.446399,-28.368021]]]},"properties":{"fid":304,"Entidad":0,"Objeto":"Departamento","FNA":"Departamento Famatina","GNA":"Departamento","NAM":"Famatina","SAG":"IGN","FDC":null,"IN1":"46049","SHAPE_STAr":0.385033575543,"SHAPE_STLe":2.71632066786}},
{"type":"Feature","geometry":{"type":"Polygon","coordinates":[[[-67.860732,-28.294166],[-67.871826,-28.271301],[-67.894194,-28.259129],[-67.905199,-28.233073],[-67.898953,-28.212134],[-67.9121,-28.208506],[-67.913623,-28.1831],[-67.930243,-28.172219],[-67.914932,-28.114096],[-67.950505,-28.10898],[-68.022364,-28.124684],[-68.024625,-28.139318],[-68.053773,-28.139794],[-68.0715,-28.162518],[-68.107311,-28.173463],[-68.141218,-28.101842],[-68.164418,-28.110765],[-68.183097,-28.086018],[-68.234136,-28.08233],[-68.246153,-28.071147],[-68.274706,-28.09506],[-68.29541,-28.068604],[-68.286194,-28.026489],[-68.312012,-28.024475],[-68.335815,-28.037598],[-68.351685,-28.017212],[-68.396618,-28.004169],[-68.440002,-28.025391],[-68.456699,-28.015591],[-68.440281,-27.873656],[-68.458313,-27.85199],[-68.51452,-27.838559],[-68.539147,-27.785378],[-68.533912,-27.729699],[-68.543396,-27.709778],[-68.561752,-27.735409],[-68.582335,-27.819761],[-68.624249,-27.791679],[-68.665176,-27.809882],[-68.715977,-27.815235],[-68.72954,-27.805837],[-68.723829,-27.789656],[-68.799011,-27.755676],[-69.095264,-27.79479],[-69.110323,-27.85224],[-69.131542,-27.871704],[-69.123019,-27.901461],[-69.155573,-27.931959],[-69.173304,-27.971428],[-69.237064,-27.966534],[-69.251308,-28.00449],[-69.269106,-28.011266],[-69.263118,-28.046732],[-69.301362,-28.07132],[-69.307394,-28.128854],[-69.336267,-28.164065],[-69.381783,-28.181788],[-69.391382,-28.226443],[-69.452012,-28.18418],[-69.462187,-28.192862],[-68.218796,-28.869127],[-68.012665,-28.902651],[-67.83548,-29.008017],[-67.824707,-28.881281],[-67.877129,-28.761057],[-67.829758,-28.5355],[-67.876312,-28.364771],[-67.860732,-28.294166]]]},"properties":{"fid":124,"Entidad":0,"Objeto":"Departamento","FNA":"Departamento Vinchina","GNA":"Departamento","NAM":"Vinchina","SAG":"IGN","FDC":null,"IN1":"46098","SHAPE_STAr":1.04971557234,"SHAPE_STLe":5.47952403365}},
{"type":"Feature","geometry":{"type":"Polygon","coordinates":[[[-66.942561,-28.266171],[-67.029927,-28.258177],[-67.057052,-28.273286],[-67.07466,-28.270193],[-67.155443,-28.384407],[-67.375305,-28.384526],[-67.446399,-28.368021],[-67.437355,-28.417009],[-67.300072,-28.49814],[-67.26223,-28.537127],[-67.258049,-28.73811],[-67.225487,-28.850174],[-67.174805,-28.905529],[-67.142181,-28.848173],[-67.068665,-28.71863],[-67.06469,-28.652649],[-67.023186,-28.635773],[-67.011925,-28.603785],[-66.987885,-28.475515],[-67.022827,-28.356867],[-66.942561,-28.266171]]]},"properties":{"fid":305,"Entidad":0,"Objeto":"Departamento","FNA":"Departamento San Blas de Los Sauces","GNA":"Departamento","NAM":"San Blas de Los Sauces","SAG":"IGN","FDC":null,"IN1":"46119","SHAPE_STAr":0.132642566448,"SHAPE_STLe":1.99394629016}},
{"type":"Feature","geometry":{"type":"Polygon","coordinates":[[[-66.352952,-28.732887],[-66.353883,-28.72054],[-66.379883,-28.711426],[-66.395996,-28.677002],[-66.496217,-28.622294],[-66.496273,-28.531339],[-66.532203,-28.531458],[-66.515011,-28.466261],[-66.57081,-28.288634],[-66.942561,-28.266171],[-67.022827,-28.356867],[-66.987885,-28.475515],[-67.011925,-28.603785],[-66.836624,-28.627951],[-66.734711,-28.852306],[-66.352952,-28.732887]]]},"properties":{"fid":67,"Entidad":0,"Objeto":"Departamento","FNA":"Departamento Arauco","GNA":"Departamento","NAM":"Arauco","SAG":"IGN","FDC":null,"IN1":"46007","SHAPE_STAr":0.23275138578,"SHAPE_STLe":2.16879789936}},
{"type":"Feature","geometry":{"type":"Polygon","coordinates":[[[-66.083401,-27.780436],[-66.106251,-27.802419],[-66.151892,-27.808153],[-66.183689,-27.827356],[-66.254033,-27.822265],[-66.265425,-27.867291],[-66.385193,-27.867161],[-66.491916,-28.018834],[-66.740941,-28.017508],[-66.741174,-28.033381],[-66.845273,-28.032977],[-67.029927,-28.258177],[-66.942561,-28.266171],[-66.57081,-28.288634],[-66.515011,-28.466261],[-66.532203,-28.531458],[-66.496273,-28.531339],[-66.496217,-28.622294],[-66.395996,-28.677002],[-66.379883,-28.711426],[-66.353883,-28.72054],[-66.352952,-28.732887],[-66.389282,-28.802002],[-66.409867,-28.814209],[-66.39138,-28.824544],[-66.365367,-28.795077],[-66.337114,-28.80094],[-66.323543,-28.732254],[-66.301299,-28.722129],[-66.297169,-28.679242],[-66.274018,-28.665844],[-66.264225,-28.629049],[-66.246496,-28.63506],[-66.229956,-28.621157],[-66.210262,-28.630464],[-66.177888,-28.579642],[-66.183728,-28.563953],[-66.147618,-28.544813],[-66.1296,-28.499006],[-66.082585,-28.481875],[-66.083492,-28.451737],[-66.049177,-28.450036],[-66.040963,-28.435745],[-66.057872,-28.397904],[-66.057324,-28.362916],[-66.042626,-28.351465],[-66.055138,-28.309445],[-66.022074,-28.197917],[-66.039423,-28.173177],[-66.028912,-28.134048],[-66.045239,-28.12452],[-66.041565,-28.100116],[-66.086728,-28.012559],[-66.078809,-27.979724],[-66.095775,-27.974138],[-66.049054,-27.902748],[-66.069332,-27.835303],[-66.085996,-27.823454],[-66.083401,-27.780436]]]},"properties":{"fid":147,"Entidad":0,"Objeto":"Departamento","FNA":"Departamento Pomán","GNA":"Departamento","NAM":"Pomán","SAG":"IDE Catamarca","FDC":null,"IN1":"10084","SHAPE_STAr":0.460862516754,"SHAPE_STLe":4.05401676481}},
{"type":"Feature","geometry":{"type":"Polygon","coordinates":[[[-65.104736,-28.322242],[-65.141639,-28.320059],[-65.145333,-28.332499],[-65.176857,-28.332474],[-65.177812,-28.30874],[-65.202798,-28.296852],[-65.195163,-28.281357],[-65.247363,-28.286153],[-65.308834,-28.205899],[-65.329726,-28.220962],[-65.335708,-28.198483],[-65.362674,-28.215755],[-65.40136,-28.206093],[-65.391059,-28.168387],[-65.42555,-28.190007],[-65.450671,-28.180596],[-65.4701,-28.186727],[-65.506737,-28.23947],[-65.507483,-28.229853],[-65.572866,-28.23153],[-65.573625,-28.286987],[-65.55181,-28.332435],[-65.560236,-28.42077],[-65.602456,-28.491972],[-65.599893,-28.519743],[-65.618952,-28.545418],[-65.619958,-28.569568],[-65.609955,-28.596006],[-65.455133,-28.635231],[-65.454917,-28.658327],[-65.426461,-28.66662],[-65.388465,-28.64065],[-65.389671,-28.630263],[-65.357807,-28.625608],[-65.344208,-28.5921],[-65.290901,-28.588268],[-65.285852,-28.60214],[-65.271482,-28.601003],[-65.212245,-28.596854],[-65.206651,-28.614268],[-65.188125,-28.618111],[-65.184617,-28.60057],[-65.125563,-28.611528],[-65.096898,-28.471008],[-65.104736,-28.322242]]]},"properties":{"fid":312,"Entidad":0,"Objeto":"Departamento","FNA":"Departamento El Alto","GNA":"Departamento","NAM":"El Alto","SAG":"IDE Catamarca","FDC":null,"IN1":"10056","SHAPE_STAr":0.176402634741,"SHAPE_STLe":2.21100791601}},
{"type":"Feature","geometry":{"type":"Polygon","coordinates":[[[-65.727169,-28.428137],[-65.728181,-28.385981],[-65.760608,-28.381246],[-65.814338,-28.262277],[-65.875852,-28.332573],[-65.886924,-28.318142],[-65.893195,-28.328917],[-65.950951,-28.335538],[-65.936027,-28.43749],[-65.918486,-28.436212],[-65.898243,-28.481667],[-65.791319,-28.556271],[-65.777483,-28.540125],[-65.769467,-28.485783],[-65.730198,-28.453817],[-65.727169,-28.428137]]]},"properties":{"fid":138,"Entidad":0,"Objeto":"Departamento","FNA":"Departamento Capital","GNA":"Departamento","NAM":"Capital","SAG":"IDE Catamarca","FDC":null,"IN1":"10049","SHAPE_STAr":0.0367076797815,"SHAPE_STLe":0.976263524515}},
{"type":"Feature","geometry":{"type":"Polygon","coordinates":[[[-65.56088,-28.006262],[-65.576553,-28.013679],[-65.605066,-27.996353],[-65.618142,-27.97145],[-65.666266,-27.973235],[-65.674713,-27.928501],[-65.698865,-27.889597],[-65.703914,-27.808094],[-65.719804,-27.816072],[-65.721351,-27.797512],[-65.753235,-27.76997],[-65.797791,-27.785734],[-65.794638,-27.806613],[-65.806421,-27.816344],[-65.806967,-27.881021],[-65.783901,-27.923401],[-65.765442,-28.007954],[-65.765705,-28.021256],[-65.79059,-28.031645],[-65.790832,-28.047411],[-65.755598,-28.10037],[-65.748837,-28.178835],[-65.729205,-28.231177],[-65.699474,-28.316498],[-65.664373,-28.334979],[-65.672773,-28.364455],[-65.660094,-28.388696],[-65.665559,-28.421093],[-65.560236,-28.42077],[-65.55181,-28.332435],[-65.573625,-28.286987],[-65.572866,-28.23153],[-65.585448,-28.145567],[-65.572185,-28.11973],[-65.561857,-28.120273],[-65.575802,-28.07691],[-65.561342,-28.047271],[-65.56088,-28.006262]]]},"properties":{"fid":310,"Entidad":0,"Objeto":"Departamento","FNA":"Departamento Paclín","GNA":"Departamento","NAM":"Paclín","SAG":"IDE Catamarca","FDC":null,"IN1":"10077","SHAPE_STAr":0.0904604398291,"SHAPE_STLe":1.92221625666}},
{"type":"Feature","geometry":{"type":"Polygon","coordinates":[[[-65.665559,-28.421093],[-65.660094,-28.388696],[-65.672773,-28.364455],[-65.664373,-28.334979],[-65.699474,-28.316498],[-65.729205,-28.231177],[-65.753049,-28.247192],[-65.797181,-28.244495],[-65.814338,-28.262277],[-65.760608,-28.381246],[-65.728181,-28.385981],[-65.727169,-28.428137],[-65.684129,-28.448099],[-65.665559,-28.421093]]]},"properties":{"fid":345,"Entidad":0,"Objeto":"Departamento","FNA":"Departamento Fray Mamerto Esquiú","GNA":"Departamento","NAM":"Fray Mamerto Esquiú","SAG":"IDE Catamarca","FDC":null,"IN1":"10063","SHAPE_STAr":0.0171014536611,"SHAPE_STLe":0.757784135198}},
{"type":"Feature","geometry":{"type":"Polygon","coordinates":[[[-65.619958,-28.569568],[-65.618952,-28.545418],[-65.599893,-28.519743],[-65.602456,-28.491972],[-65.560236,-28.42077],[-65.665559,-28.421093],[-65.684129,-28.448099],[-65.727169,-28.428137],[-65.730198,-28.453817],[-65.769467,-28.485783],[-65.777483,-28.540125],[-65.791319,-28.556271],[-65.789478,-28.583979],[-65.80228,-28.593894],[-65.809206,-28.633518],[-65.794264,-28.66908],[-65.851797,-28.745006],[-65.719005,-28.761415],[-65.688674,-28.787553],[-65.681161,-28.830862],[-65.682505,-28.815765],[-65.650464,-28.77918],[-65.673897,-28.688199],[-65.660156,-28.682955],[-65.662543,-28.664185],[-65.623573,-28.602602],[-65.630524,-28.586623],[-65.619958,-28.569568]]]},"properties":{"fid":496,"Entidad":0,"Objeto":"Departamento","FNA":"Departamento Valle viejo","GNA":"Departamento","NAM":"Valle viejo","SAG":"IDE Catamarca","FDC":null,"IN1":"10112","SHAPE_STAr":0.0563045404266,"SHAPE_STLe":1.38771928592}},
{"type":"Feature","geometry":{"type":"Polygon","coordinates":[[[-68.503581,-31.550647],[-68.50864,-31.504918],[-68.558915,-31.510888],[-68.566172,-31.54587],[-68.547252,-31.554566],[-68.52189,-31.561743],[-68.503581,-31.550647]]]},"properties":{"fid":511,"Entidad":0,"Objeto":"Departamento","FNA":"Departamento Capital","GNA":"Departamento","NAM":"Capital","SAG":"Direc. de Catastro","FDC":null,"IN1":"70028","SHAPE_STAr":0.00253521761761,"SHAPE_STLe":0.237023378146}},
{"type":"Feature","geometry":{"type":"Polygon","coordinates":[[[-68.694881,-31.621206],[-68.632081,-31.621196],[-68.631828,-31.603893],[-68.601521,-31.570886],[-68.608511,-31.543611],[-68.54767,-31.561968],[-68.547252,-31.554566],[-68.566172,-31.54587],[-68.558915,-31.510888],[-68.628103,-31.512014],[-68.642091,-31.502473],[-68.651705,-31.472364],[-68.707756,-31.563755],[-68.686499,-31.5645],[-68.698664,-31.589433],[-68.694881,-31.621206]]]},"properties":{"fid":512,"Entidad":0,"Objeto":"Departamento","FNA":"Departamento Rivadavia","GNA":"Departamento","NAM":"Rivadavia","SAG":"Direc. de Catastro","FDC":null,"IN1":"70084","SHAPE_STAr":0.0114387396592,"SHAPE_STLe":0.619823541486}},
{"type":"Feature","geometry":{"type":"Polygon","coordinates":[[[-68.412715,-31.531453],[-68.43066,-31.5082],[-68.471723,-31.497277],[-68.50864,-31.504918],[-68.503581,-31.550647],[-68.473238,-31.556434],[-68.447603,-31.577737],[-68.431537,-31.551176],[-68.414252,-31.553793],[-68.412715,-31.531453]]]},"properties":{"fid":513,"Entidad":0,"Objeto":"Departamento","FNA":"Departamento Santa Lucía","GNA":"Departamento","NAM":"Santa Lucía","SAG":"Direc. de Catastro","FDC":null,"IN1":"70098","SHAPE_STAr":0.00514145787182,"SHAPE_STLe":0.309873046843}},
{"type":"Feature","geometry":{"type":"Polygon","coordinates":[[[-68.380074,-31.788863],[-68.391758,-31.785916],[-68.381269,-31.764772],[-68.393392,-31.752628],[-68.383843,-31.751081],[-68.416661,-31.727553],[-68.422896,-31.700355],[-68.41308,-31.699674],[-68.408435,-31.671254],[-68.447603,-31.577737],[-68.473238,-31.556434],[-68.503581,-31.550647],[-68.52189,-31.561743],[-68.547252,-31.554566],[-68.54767,-31.561968],[-68.608511,-31.543611],[-68.601521,-31.570886],[-68.516219,-31.596179],[-68.532224,-31.62991],[-68.505028,-31.638129],[-68.520483,-31.671811],[-68.49089,-31.790024],[-68.454126,-31.817666],[-68.410718,-31.834303],[-68.384591,-31.816692],[-68.380074,-31.788863]]]},"properties":{"fid":514,"Entidad":0,"Objeto":"Departamento","FNA":"Departamento Rawson","GNA":"Departamento","NAM":"Rawson","SAG":"Direc. de Catastro","FDC":null,"IN1":"70077","SHAPE_STAr":0.0271717054701,"SHAPE_STLe":1.06992010612}},
{"type":"Feature","geometry":{"type":"Polygon","coordinates":[[[-68.601521,-31.570886],[-68.631828,-31.603893],[-68.632081,-31.621196],[-68.694881,-31.621206],[-68.711164,-31.646158],[-68.663719,-31.739411],[-68.670836,-31.857336],[-68.688909,-31.907167],[-68.541482,-31.872758],[-68.443168,-31.875435],[-68.433229,-31.887994],[-68.454126,-31.817666],[-68.49089,-31.790024],[-68.520483,-31.671811],[-68.505028,-31.638129],[-68.532224,-31.62991],[-68.516219,-31.596179],[-68.601521,-31.570886]]]},"properties":{"fid":515,"Entidad":0,"Objeto":"Departamento","FNA":"Departamento Pocito","GNA":"Departamento","NAM":"Pocito","SAG":"Direc. de Catastro","FDC":null,"IN1":"70070","SHAPE_STAr":0.0546187742156,"SHAPE_STLe":1.15179159276}},
{"type":"Feature","geometry":{"type":"Polygon","coordinates":[[[-68.651705,-31.472364],[-68.677764,-31.495911],[-68.80548,-31.52029],[-68.857504,-31.511421],[-68.995359,-31.519996],[-69.005554,-31.365045],[-69.032235,-31.316608],[-69.108426,-31.281288],[-69.110812,-31.262309],[-69.196168,-31.246938],[-69.21193,-31.25572],[-69.206942,-31.322114],[-69.218636,-31.340403],[-69.199054,-31.378045],[-69.216076,-31.401683],[-69.205141,-31.43141],[-69.219199,-31.456189],[-69.20328,-31.509273],[-69.188427,-31.515212],[-69.191039,-31.531226],[-69.157229,-31.581489],[-69.162072,-31.725493],[-69.134633,-31.758641],[-69.134586,-31.784533],[-69.102309,-31.850263],[-69.117641,-31.90806],[-68.688909,-31.907167],[-68.670836,-31.857336],[-68.663719,-31.739411],[-68.711164,-31.646158],[-68.694881,-31.621206],[-68.698664,-31.589433],[-68.686499,-31.5645],[-68.707756,-31.563755],[-68.651705,-31.472364]]]},"properties":{"fid":516,"Entidad":0,"Objeto":"Departamento","FNA":"Departamento Zonda","GNA":"Departamento","NAM":"Zonda","SAG":"Direc. de Catastro","FDC":null,"IN1":"70133","SHAPE_STAr":0.22998679869,"SHAPE_STLe":2.56826871001}},
{"type":"Feature","geometry":{"type":"Polygon","coordinates":[[[-68.984899,-30.5518],[-69.065971,-30.552971],[-69.054346,-30.626917],[-69.116071,-30.627301],[-69.120605,-30.650343],[-69.088586,-30.728861],[-69.104101,-30.79533],[-69.121646,-30.831247],[-69.116682,-30.865986],[-69.147934,-30.920001],[-69.140973,-30.945661],[-69.15934,-31.00921],[-69.215852,-31.095778],[-69.226082,-31.149201],[-69.250477,-31.189769],[-69.246061,-31.214554],[-69.21193,-31.25572],[-69.196168,-31.246938],[-69.110812,-31.262309],[-69.108426,-31.281288],[-69.032235,-31.316608],[-69.005554,-31.365045],[-68.995359,-31.519996],[-68.857504,-31.511421],[-68.80548,-31.52029],[-68.677764,-31.495911],[-68.651705,-31.472364],[-68.642091,-31.502473],[-68.60524,-31.45065],[-68.587749,-31.359652],[-68.548298,-31.287114],[-68.538983,-31.176867],[-68.512429,-31.099655],[-68.516691,-31.063269],[-68.500057,-31.004354],[-68.755762,-31.004107],[-68.772614,-30.904976],[-68.768034,-30.856802],[-68.800366,-30.829256],[-68.796574,-30.803191],[-68.820132,-30.761212],[-68.829405,-30.690995],[-68.805984,-30.670297],[-68.80132,-30.623972],[-68.781071,-30.597889],[-68.984899,-30.5518]]]},"properties":{"fid":517,"Entidad":0,"Objeto":"Departamento","FNA":"Departamento Ullum","GNA":"Departamento","NAM":"Ullum","SAG":"Direc. de Catastro","FDC":null,"IN1":"70112","SHAPE_STAr":0.423332200952,"SHAPE_STLe":3.32408124817}},
{"type":"Feature","geometry":{"type":"Polygon","coordinates":[[[-68.460751,-31.463119],[-68.518741,-31.457704],[-68.611824,-31.500618],[-68.642091,-31.502473],[-68.628103,-31.512014],[-68.558915,-31.510888],[-68.50864,-31.504918],[-68.471723,-31.497277],[-68.43066,-31.5082],[-68.460751,-31.463119]]]},"properties":{"fid":518,"Entidad":0,"Objeto":"Departamento","FNA":"Departamento Chimbas","GNA":"Departamento","NAM":"Chimbas","SAG":"Direc. de Catastro","FDC":null,"IN1":"70042","SHAPE_STAr":0.00635380798595,"SHAPE_STLe":0.474262088526}},
{"type":"Feature","geometry":{"type":"Polygon","coordinates":[[[-68.380074,-31.788863],[-68.363047,-31.755172],[-68.380733,-31.744499],[-68.348694,-31.712077],[-68.346888,-31.694703],[-68.336658,-31.660029],[-68.364846,-31.571218],[-68.412715,-31.531453],[-68.414252,-31.553793],[-68.431537,-31.551176],[-68.447603,-31.577737],[-68.408435,-31.671254],[-68.41308,-31.699674],[-68.422896,-31.700355],[-68.416661,-31.727553],[-68.383843,-31.751081],[-68.393392,-31.752628],[-68.381269,-31.764772],[-68.391758,-31.785916],[-68.380074,-31.788863]]]},"properties":{"fid":519,"Entidad":0,"Objeto":"Departamento","FNA":"Departamento 9 de Julio","GNA":"Departamento","NAM":"9 de Julio","SAG":"Direc. de Catastro","FDC":null,"IN1":"70063","SHAPE_STAr":0.014599760034,"SHAPE_STLe":0.842003498273}},
{"type":"Feature","geometry":{"type":"Polygon","coordinates":[[[-68.46031,-31.45914],[-68.470064,-31.453659],[-68.411265,-31.358103],[-68.334308,-31.294189],[-68.33431,-30.929928],[-68.425732,-30.92949],[-68.425526,-30.953363],[-68.483299,-30.981802],[-68.500057,-31.004354],[-68.516691,-31.063269],[-68.512429,-31.099655],[-68.538983,-31.176867],[-68.548298,-31.287114],[-68.587749,-31.359652],[-68.60524,-31.45065],[-68.642091,-31.502473],[-68.611824,-31.500618],[-68.518741,-31.457704],[-68.460751,-31.463119],[-68.46031,-31.45914]]]},"properties":{"fid":520,"Entidad":0,"Objeto":"Departamento","FNA":"Departamento Albardón","GNA":"Departamento","NAM":"Albardón","SAG":"Direc. de Catastro","FDC":null,"IN1":"70007","SHAPE_STAr":0.0959930263646,"SHAPE_STLe":1.58000190505}},
{"type":"Feature","geometry":{"type":"Polygon","coordinates":[[[-68.019307,-31.461987],[-68.025199,-31.452607],[-68.004361,-31.433225],[-67.975676,-31.417514],[-67.953251,-31.422717],[-67.938534,-31.406273],[-67.967129,-31.401952],[-67.969902,-31.375217],[-67.935609,-31.346736],[-67.929434,-31.290708],[-67.903569,-31.270667],[-67.911163,-31.192676],[-67.897038,-31.181237],[-67.910245,-31.162889],[-67.894204,-31.150667],[-67.895692,-31.113676],[-67.86759,-31.058797],[-67.813713,-31.012246],[-67.875254,-30.930697],[-68.33431,-30.929928],[-68.334308,-31.294189],[-68.411265,-31.358103],[-68.470064,-31.453659],[-68.46031,-31.45914],[-68.019307,-31.461987]]]},"properties":{"fid":521,"Entidad":0,"Objeto":"Departamento","FNA":"Departamento Angaco","GNA":"Departamento","NAM":"Angaco","SAG":"Direc. de Catastro","FDC":null,"IN1":"70014","SHAPE_STAr":0.241830869476,"SHAPE_STLe":2.27235484799}},
{"type":"Feature","geometry":{"type":"Polygon","coordinates":[[[-68.46031,-31.45914],[-68.460751,-31.463119],[-68.43066,-31.5082],[-68.412715,-31.531453],[-68.364846,-31.571218],[-67.983931,-31.630501],[-68.030531,-31.56699],[-68.040681,-31.530062],[-68.019307,-31.461987],[-68.46031,-31.45914]]]},"properties":{"fid":522,"Entidad":0,"Objeto":"Departamento","FNA":"Departamento San Martín","GNA":"Departamento","NAM":"San Martín","SAG":"Direc. de Catastro","FDC":null,"IN1":"70091","SHAPE_STAr":0.0523349372811,"SHAPE_STLe":1.20359800442}},
{"type":"Feature","geometry":{"type":"Polygon","coordinates":[[[-68.346888,-31.694703],[-67.239883,-31.880064],[-67.238707,-31.879536],[-67.136729,-31.833805],[-67.049997,-31.85748],[-67.00593,-31.855355],[-66.885696,-31.897693],[-66.661788,-31.920536],[-66.777513,-31.83992],[-66.825261,-31.761347],[-66.87519,-31.632669],[-66.958531,-31.632669],[-67.072413,-31.443691],[-67.078253,-31.433999],[-67.07931,-31.434157],[-67.122942,-31.438016],[-67.17609,-31.438033],[-67.280632,-31.448397],[-67.354164,-31.409299],[-67.388187,-31.352128],[-67.408939,-31.289706],[-67.402489,-31.275505],[-67.439294,-31.209442],[-67.433871,-31.133555],[-67.444984,-31.097519],[-67.469972,-31.080269],[-67.45158,-31.062356],[-67.494435,-31.038551],[-67.507699,-30.988519],[-67.494451,-30.978878],[-67.497455,-30.955511],[-67.530569,-30.929547],[-67.875254,-30.930697],[-67.813713,-31.012246],[-67.86759,-31.058797],[-67.895692,-31.113676],[-67.894204,-31.150667],[-67.910245,-31.162889],[-67.897038,-31.181237],[-67.911163,-31.192676],[-67.903569,-31.270667],[-67.929434,-31.290708],[-67.935609,-31.346736],[-67.969902,-31.375217],[-67.967129,-31.401952],[-67.938534,-31.406273],[-67.953251,-31.422717],[-67.975676,-31.417514],[-68.004361,-31.433225],[-68.025199,-31.452607],[-68.019307,-31.461987],[-68.040681,-31.530062],[-68.030531,-31.56699],[-67.983931,-31.630501],[-68.364846,-31.571218],[-68.336658,-31.660029],[-68.346888,-31.694703]]]},"properties":{"fid":523,"Entidad":0,"Objeto":"Departamento","FNA":"Departamento Caucete","GNA":"Departamento","NAM":"Caucete","SAG":"Direc. de Catastro","FDC":null,"IN1":"70035","SHAPE_STAr":0.717594189768,"SHAPE_STLe":5.23179219478}},
{"type":"Feature","geometry":{"type":"Polygon","coordinates":[[[-69.883525,-30.272307],[-69.895494,-30.272881],[-69.908127,-30.318005],[-69.891846,-30.35059],[-69.935126,-30.358214],[-69.955342,-30.385505],[-69.994553,-30.378793],[-70.020385,-30.396895],[-70.063206,-30.394364],[-70.102529,-30.368091],[-70.106578,-30.352063],[-70.14166,-30.340187],[-70.154669,-30.346666],[-70.117501,-30.432126],[-70.136275,-30.458843],[-70.194815,-30.49163],[-70.179388,-30.512315],[-70.196826,-30.537493],[-70.190693,-30.550688],[-70.207347,-30.558605],[-70.24664,-30.634207],[-70.250388,-30.660742],[-70.239372,-30.667801],[-70.259093,-30.700159],[-70.246094,-30.728522],[-70.269466,-30.745933],[-70.272979,-30.780566],[-70.28797,-30.786689],[-70.279739,-30.830691],[-70.295483,-30.845745],[-70.322821,-30.928026],[-70.314433,-30.954672],[-70.293375,-30.969986],[-70.297766,-31.020163],[-70.277146,-31.02146],[-70.269099,-31.043093],[-70.321651,-31.043494],[-70.368274,-31.109965],[-70.360555,-31.135707],[-70.401378,-31.167072],[-70.432296,-31.101711],[-70.455838,-31.084302],[-70.475617,-31.114248],[-70.497907,-31.122797],[-70.524337,-31.189825],[-70.513451,-31.196562],[-70.515336,-31.232404],[-70.531832,-31.246659],[-70.52698,-31.278547],[-70.547157,-31.314853],[-70.527616,-31.364242],[-70.539662,-31.387029],[-70.531974,-31.407737],[-70.560207,-31.419959],[-70.548688,-31.448744],[-70.569141,-31.472886],[-70.566581,-31.502327],[-70.55226,-31.511161],[-70.567384,-31.600134],[-70.547743,-31.606124],[-70.531782,-31.638046],[-70.506753,-31.652267],[-70.512943,-31.689777],[-70.468172,-31.698477],[-70.457966,-31.733343],[-70.47202,-31.758774],[-70.450973,-31.810371],[-70.460442,-31.843866],[-70.376856,-31.884822],[-70.280053,-31.884086],[-70.209316,-31.960411],[-70.208156,-31.978002],[-70.249738,-31.992835],[-70.248261,-32.023861],[-70.263892,-32.038141],[-70.283366,-32.038308],[-70.289028,-32.052032],[-70.328742,-32.049291],[-70.364275,-32.025058],[-70.379849,-32.026218],[-70.388233,-32.045402],[-70.335189,-32.070436],[-70.350221,-32.088232],[-70.341655,-32.108644],[-70.303877,-32.136322],[-70.317262,-32.177005],[-70.300953,-32.206815],[-70.323319,-32.266514],[-70.284427,-32.292511],[-70.262474,-32.291645],[-70.222366,-32.325004],[-70.229183,-32.364485],[-70.217333,-32.382201],[-70.23859,-32.404832],[-70.236649,-32.429292],[-70.218011,-32.42859],[-70.148746,-32.465665],[-70.123254,-32.535575],[-70.126201,-32.574154],[-70.091266,-32.602209],[-70.090315,-32.62184],[-70.066163,-32.625825],[-70.041655,-32.585077],[-70.025831,-32.578771],[-70.004178,-32.528327],[-69.847253,-32.570562],[-69.828217,-32.563543],[-69.822387,-32.544388],[-69.790859,-32.546768],[-69.756119,-32.50941],[-69.704961,-32.496442],[-69.689212,-32.430176],[-69.704128,-32.403643],[-69.733157,-32.390556],[-69.725543,-32.3206],[-69.685806,-32.307037],[-69.63096,-32.260042],[-69.60312,-32.210788],[-69.600265,-32.153919],[-69.587891,-32.136073],[-69.560766,-32.12941],[-69.557672,-32.140118],[-69.531141,-32.14095],[-69.505562,-32.113825],[-69.477127,-32.110374],[-69.454761,-32.074682],[-69.416689,-32.066949],[-69.391407,-32.076824],[-69.378604,-32.064209],[-69.314212,-32.091125],[-69.300296,-32.074402],[-69.276797,-32.070007],[-69.244509,-32.016113],[-69.183994,-31.999385],[-69.126445,-32.001907],[-69.1095,-31.936193],[-69.117641,-31.90806],[-69.102309,-31.850263],[-69.134586,-31.784533],[-69.134633,-31.758641],[-69.162072,-31.725493],[-69.157229,-31.581489],[-69.191039,-31.531226],[-69.188427,-31.515212],[-69.20328,-31.509273],[-69.219199,-31.456189],[-69.205141,-31.43141],[-69.216076,-31.401683],[-69.199054,-31.378045],[-69.218636,-31.340403],[-69.206942,-31.322114],[-69.21193,-31.25572],[-69.246061,-31.214554],[-69.250477,-31.189769],[-69.226082,-31.149201],[-69.215852,-31.095778],[-69.15934,-31.00921],[-69.140973,-30.945661],[-69.147934,-30.920001],[-69.116682,-30.865986],[-69.121646,-30.831247],[-69.104101,-30.79533],[-69.145294,-30.778708],[-69.203871,-30.78758],[-69.226069,-30.745395],[-69.335422,-30.698435],[-69.603969,-30.664474],[-69.632139,-30.624057],[-69.670723,-30.601928],[-69.702733,-30.61472],[-69.72629,-30.592132],[-69.718598,-30.575569],[-69.72839,-30.541067],[-69.712023,-30.537324],[-69.746432,-30.529276],[-69.759407,-30.493545],[-69.751425,-30.469968],[-69.781875,-30.433736],[-69.780504,-30.419682],[-69.811192,-30.405334],[-69.827231,-30.368612],[-69.831479,-30.291517],[-69.883525,-30.272307]]]},"properties":{"fid":526,"Entidad":0,"Objeto":"Departamento","FNA":"Departamento Calingasta","GNA":"Departamento","NAM":"Calingasta","SAG":"Direc. de Catastro","FDC":null,"IN1":"70021","SHAPE_STAr":2.15371631434,"SHAPE_STLe":8.58446888156}},
{"type":"Feature","geometry":{"type":"Polygon","coordinates":[[[-69.62981,-28.393692],[-69.648871,-28.396152],[-69.655914,-28.412732],[-69.632566,-28.429416],[-69.638918,-28.442008],[-69.660715,-28.445641],[-69.680503,-28.470613],[-69.664736,-28.482182],[-69.664065,-28.521085],[-69.649858,-28.537664],[-69.669985,-28.55534],[-69.662334,-28.58301],[-69.694968,-28.596452],[-69.687159,-28.603589],[-69.703521,-28.620248],[-69.701488,-28.639868],[-69.73142,-28.684033],[-69.729249,-28.737452],[-69.701369,-28.750543],[-69.692902,-28.770896],[-69.706613,-28.781285],[-69.714325,-28.825425],[-69.727612,-28.845988],[-69.744426,-28.849823],[-69.746504,-28.881828],[-69.765702,-28.898793],[-69.754408,-28.984239],[-69.785035,-29.014909],[-69.793645,-29.051055],[-69.788285,-29.13314],[-69.839425,-29.129299],[-69.876121,-29.138899],[-69.924355,-29.186395],[-69.952689,-29.189165],[-69.938155,-29.249921],[-69.951976,-29.266826],[-69.99799,-29.285798],[-69.996818,-29.304548],[-70.020928,-29.329782],[-70.010444,-29.353803],[-70.021761,-29.358597],[-70.01152,-29.369895],[-70.021276,-29.3844],[-69.966313,-29.414223],[-69.981869,-29.452233],[-69.956462,-29.466461],[-69.947434,-29.490448],[-69.956353,-29.535065],[-69.931736,-29.585915],[-69.939526,-29.654419],[-69.909437,-29.697884],[-69.893564,-29.693888],[-69.881747,-29.707493],[-69.878671,-29.725808],[-69.914848,-29.792706],[-69.893208,-29.819948],[-69.898957,-29.848489],[-69.876552,-29.861639],[-69.896742,-29.878144],[-69.888515,-29.904588],[-69.908718,-29.928575],[-69.906703,-29.939378],[-69.896511,-29.936754],[-69.898017,-29.957841],[-69.926042,-29.999193],[-69.915414,-30.025584],[-69.961758,-30.068882],[-69.96487,-30.085446],[-69.944224,-30.093242],[-69.936093,-30.120078],[-69.90474,-30.106125],[-69.881819,-30.109203],[-69.847923,-30.129882],[-69.81744,-30.127941],[-69.809744,-30.144839],[-69.809777,-30.155413],[-69.828783,-30.162272],[-69.817018,-30.17966],[-69.835045,-30.219944],[-69.868689,-30.210825],[-69.885035,-30.218583],[-69.883525,-30.272307],[-69.831479,-30.291517],[-69.827231,-30.368612],[-69.811192,-30.405334],[-69.780504,-30.419682],[-69.781875,-30.433736],[-69.751425,-30.469968],[-69.759407,-30.493545],[-69.746432,-30.529276],[-69.712023,-30.537324],[-69.72839,-30.541067],[-69.718598,-30.575569],[-69.72629,-30.592132],[-69.702733,-30.61472],[-69.670723,-30.601928],[-69.632139,-30.624057],[-69.603969,-30.664474],[-69.335422,-30.698435],[-69.226069,-30.745395],[-69.203871,-30.78758],[-69.145294,-30.778708],[-69.104101,-30.79533],[-69.088586,-30.728861],[-69.120605,-30.650343],[-69.116071,-30.627301],[-69.054346,-30.626917],[-69.065971,-30.552971],[-68.984899,-30.5518],[-69.00672,-30.545928],[-69.057072,-30.495365],[-69.062253,-30.468311],[-69.063017,-30.393892],[-69.049558,-30.343555],[-69.06624,-30.3275],[-69.03916,-30.294901],[-69.071504,-30.072382],[-69.029866,-29.984434],[-69.039904,-29.94962],[-69.014391,-29.881461],[-69.027669,-29.871184],[-69.020123,-29.814839],[-69.032054,-29.761755],[-69.018743,-29.740152],[-69.015025,-29.695659],[-69.027461,-29.677488],[-69.014142,-29.659907],[-69.019496,-29.632379],[-69.019842,-29.632096],[-69.033718,-29.532973],[-69.002904,-29.480506],[-69.001239,-29.477532],[-68.997129,-29.466974],[-68.996004,-29.467895],[-68.992792,-29.473368],[-68.988152,-29.478126],[-68.984225,-29.47194],[-68.982917,-29.466229],[-68.973637,-29.445171],[-68.974486,-29.442154],[-68.976968,-29.433274],[-68.978634,-29.425064],[-68.981727,-29.421971],[-68.986637,-29.420061],[-68.992792,-29.417093],[-68.997669,-29.413881],[-68.998502,-29.396392],[-68.982178,-29.372498],[-68.976373,-29.367719],[-68.985534,-29.328458],[-68.97554,-29.316918],[-68.968045,-29.316323],[-68.964238,-29.317513],[-68.961859,-29.306567],[-68.959106,-29.284186],[-68.989103,-29.273969],[-68.97911,-29.230544],[-69.001239,-29.186642],[-68.968759,-29.146192],[-68.958527,-29.164157],[-68.933418,-29.164633],[-68.933781,-29.149166],[-68.911176,-29.124658],[-68.925215,-29.089441],[-68.907845,-29.070406],[-68.914031,-29.028765],[-68.932472,-29.017939],[-68.932948,-28.984983],[-68.948177,-28.971063],[-68.961182,-28.939392],[-68.933424,-28.907651],[-68.923311,-28.871066],[-68.908202,-28.861013],[-68.935568,-28.850242],[-68.936844,-28.84974],[-69.161971,-28.761135],[-69.209798,-28.681602],[-69.21658,-28.60647],[-69.202393,-28.596375],[-69.316041,-28.411712],[-69.37874,-28.449129],[-69.425476,-28.451782],[-69.469695,-28.415519],[-69.49926,-28.417006],[-69.518831,-28.431223],[-69.555237,-28.405822],[-69.605713,-28.419006],[-69.62981,-28.393692]]]},"properties":{"fid":527,"Entidad":0,"Objeto":"Departamento","FNA":"Departamento Iglesia","GNA":"Departamento","NAM":"Iglesia","SAG":"Direc. de Catastro","FDC":null,"IN1":"70049","SHAPE_STAr":1.78347790444,"SHAPE_STLe":7.85743515822}},
{"type":"Feature","geometry":{"type":"Polygon","coordinates":[[[-68.258789,-29.746726],[-68.467712,-29.644287],[-68.567344,-29.636955],[-68.682986,-29.646414],[-68.712848,-29.629103],[-68.793274,-29.623511],[-68.863111,-29.635052],[-68.887262,-29.621727],[-68.883396,-29.591924],[-68.907845,-29.619823],[-68.935565,-29.619823],[-68.93735,-29.650875],[-68.957457,-29.657538],[-69.019327,-29.632518],[-69.019496,-29.632379],[-69.014142,-29.659907],[-69.027461,-29.677488],[-69.015025,-29.695659],[-69.018743,-29.740152],[-69.032054,-29.761755],[-69.020123,-29.814839],[-69.027669,-29.871184],[-69.014391,-29.881461],[-69.039904,-29.94962],[-69.029866,-29.984434],[-69.071504,-30.072382],[-69.03916,-30.294901],[-69.06624,-30.3275],[-69.049558,-30.343555],[-69.063017,-30.393892],[-69.062253,-30.468311],[-69.057072,-30.495365],[-69.00672,-30.545928],[-68.984899,-30.5518],[-68.781071,-30.597889],[-68.80132,-30.623972],[-68.805984,-30.670297],[-68.829405,-30.690995],[-68.820132,-30.761212],[-68.796574,-30.803191],[-68.800366,-30.829256],[-68.768034,-30.856802],[-68.772614,-30.904976],[-68.755762,-31.004107],[-68.500057,-31.004354],[-68.483299,-30.981802],[-68.425526,-30.953363],[-68.425732,-30.92949],[-68.33431,-30.929928],[-67.875254,-30.930697],[-67.530569,-30.929547],[-67.606139,-30.83194],[-67.664396,-30.78718],[-67.741444,-30.702326],[-67.740606,-30.665592],[-67.762222,-30.636235],[-67.7625,-30.595544],[-67.776711,-30.572255],[-67.763814,-30.537202],[-67.782342,-30.51031],[-67.769212,-30.499931],[-67.789055,-30.482133],[-67.789021,-30.447056],[-67.807822,-30.429019],[-67.810818,-30.378537],[-67.855098,-30.328946],[-67.867363,-30.294913],[-67.905078,-30.277573],[-67.913724,-30.246482],[-67.942318,-30.24622],[-67.951631,-30.226225],[-67.981355,-30.225549],[-68.007376,-30.199473],[-68.029776,-30.086961],[-68.052472,-30.058505],[-68.062955,-30.014489],[-68.092681,-29.995249],[-68.098246,-29.963129],[-68.135891,-29.908302],[-68.162131,-29.920324],[-68.174586,-29.958226],[-68.227294,-29.997073],[-68.238272,-29.989929],[-68.250583,-29.927667],[-68.265452,-29.926614],[-68.297909,-29.86305],[-68.358013,-29.805739],[-68.262617,-29.748798],[-68.258789,-29.746726]]]},"properties":{"fid":528,"Entidad":0,"Objeto":"Departamento","FNA":"Departamento Jachal","GNA":"Departamento","NAM":"Jachal","SAG":"Direc. de Catastro","FDC":null,"IN1":"70056","SHAPE_STAr":1.3455602849,"SHAPE_STLe":5.93565814771}},
{"type":"Feature","geometry":{"type":"Polygon","coordinates":[[[-67.507849,-30.515677],[-67.578618,-30.402963],[-67.590873,-30.298148],[-67.67344,-30.23652],[-67.686348,-30.214867],[-67.857015,-30.100474],[-67.87736,-30.075133],[-67.898299,-30.0743],[-67.909185,-30.051755],[-67.99199,-29.979241],[-68.054332,-29.900302],[-68.107061,-29.884208],[-68.15879,-29.885431],[-68.163668,-29.864134],[-68.18437,-29.848133],[-68.192579,-29.786564],[-68.25385,-29.780734],[-68.26777,-29.758605],[-68.258577,-29.746838],[-68.262617,-29.748798],[-68.358013,-29.805739],[-68.297909,-29.86305],[-68.265452,-29.926614],[-68.250583,-29.927667],[-68.238272,-29.989929],[-68.227294,-29.997073],[-68.174586,-29.958226],[-68.162131,-29.920324],[-68.135891,-29.908302],[-68.098246,-29.963129],[-68.092681,-29.995249],[-68.062955,-30.014489],[-68.052472,-30.058505],[-68.029776,-30.086961],[-68.007376,-30.199473],[-67.981355,-30.225549],[-67.951631,-30.226225],[-67.942318,-30.24622],[-67.913724,-30.246482],[-67.905078,-30.277573],[-67.867363,-30.294913],[-67.855098,-30.328946],[-67.810818,-30.378537],[-67.807822,-30.429019],[-67.789021,-30.447056],[-67.789055,-30.482133],[-67.769212,-30.499931],[-67.782342,-30.51031],[-67.763814,-30.537202],[-67.776711,-30.572255],[-67.7625,-30.595544],[-67.762222,-30.636235],[-67.740606,-30.665592],[-67.741444,-30.702326],[-67.664396,-30.78718],[-67.606139,-30.83194],[-67.530569,-30.929547],[-67.497455,-30.955511],[-67.494451,-30.978878],[-67.507699,-30.988519],[-67.494435,-31.038551],[-67.45158,-31.062356],[-67.469972,-31.080269],[-67.444984,-31.097519],[-67.433871,-31.133555],[-67.439294,-31.209442],[-67.402489,-31.275505],[-67.408939,-31.289706],[-67.388187,-31.352128],[-67.354164,-31.409299],[-67.280632,-31.448397],[-67.17609,-31.438033],[-67.122942,-31.438016],[-67.07931,-31.434157],[-67.078253,-31.433999],[-67.078271,-31.43397],[-67.109091,-31.382825],[-67.075303,-31.227447],[-67.125747,-31.160703],[-67.099861,-31.083593],[-67.092197,-31.060765],[-67.112423,-31.010559],[-67.085297,-30.914191],[-67.128841,-30.895631],[-67.282792,-30.69528],[-67.419492,-30.61997],[-67.507849,-30.515677]]]},"properties":{"fid":529,"Entidad":0,"Objeto":"Departamento","FNA":"Departamento Valle Fértil","GNA":"Departamento","NAM":"Valle Fértil","SAG":"Direc. de Catastro","FDC":null,"IN1":"70119","SHAPE_STAr":0.491308294761,"SHAPE_STLe":5.40535750721}},
{"type":"Feature","geometry":{"type":"Polygon","coordinates":[[[-64.481686,-22.481091],[-64.47453,-22.468381],[-64.489442,-22.457442],[-64.49098,-22.43704],[-64.523856,-22.44237],[-64.512846,-22.412544],[-64.566212,-22.371036],[-64.56419,-22.32347],[-64.546855,-22.316099],[-64.537585,-22.284277],[-64.593028,-22.246641],[-64.618044,-22.204554],[-64.681642,-22.186444],[-64.73685,-22.193902],[-64.861681,-22.122004],[-64.878275,-22.117408],[-64.886418,-22.129209],[-64.923585,-22.121148],[-64.981403,-22.097769],[-64.993372,-22.082433],[-65.186567,-22.08535],[-65.194059,-22.144733],[-65.213788,-22.150007],[-65.22048,-22.169585],[-65.240295,-22.279248],[-65.22678,-22.320674],[-65.262733,-22.338258],[-65.284601,-22.390321],[-65.281721,-22.413425],[-65.294695,-22.41949],[-65.305689,-22.466615],[-65.345414,-22.528412],[-65.310423,-22.544056],[-65.284689,-22.541436],[-65.258916,-22.56777],[-65.15069,-22.60435],[-65.090276,-22.602819],[-65.057623,-22.54435],[-65.000532,-22.584642],[-64.890986,-22.581996],[-64.875212,-22.599336],[-64.84379,-22.599392],[-64.812007,-22.58897],[-64.806408,-22.575806],[-64.848544,-22.515669],[-64.851773,-22.470323],[-64.842179,-22.468021],[-64.794633,-22.512343],[-64.765617,-22.582059],[-64.753304,-22.733214],[-64.7909,-22.777518],[-64.795665,-22.80117],[-64.778138,-22.807896],[-64.743273,-22.797542],[-64.699139,-22.760098],[-64.675731,-22.756896],[-64.610031,-22.668431],[-64.584755,-22.675841],[-64.547039,-22.661683],[-64.503304,-22.606767],[-64.493923,-22.539104],[-64.503468,-22.521971],[-64.481686,-22.481091]]]},"properties":{"fid":353,"Entidad":0,"Objeto":"Departamento","FNA":"Departamento Santa Victoria","GNA":"Departamento","NAM":"Santa Victoria","SAG":"IDE Salta","FDC":null,"IN1":"66161","SHAPE_STAr":0.355096333777,"SHAPE_STLe":3.44024270366}},
{"type":"Feature","geometry":{"type":"Polygon","coordinates":[[[-64.197509,-25.709287],[-64.210538,-25.54063],[-64.315208,-25.513292],[-64.381439,-25.525286],[-64.449455,-25.511517],[-64.481071,-25.634764],[-64.647923,-25.605523],[-64.835753,-25.651523],[-64.919783,-25.6381],[-65.027702,-25.672196],[-65.049702,-25.657201],[-65.086387,-25.662788],[-65.123243,-25.645783],[-65.134066,-25.620948],[-65.163974,-25.619468],[-65.170553,-25.652118],[-65.196634,-25.69033],[-65.239472,-25.711998],[-65.258957,-25.776079],[-65.290289,-25.774757],[-65.278362,-25.80763],[-65.2984,-25.85984],[-65.274796,-25.885184],[-65.254313,-25.889382],[-65.246782,-25.97209],[-65.194625,-26.025163],[-65.103239,-26.053936],[-65.113003,-26.039257],[-65.108008,-26.007916],[-64.962364,-26.034023],[-64.918379,-26.030841],[-64.884321,-26.044811],[-64.894394,-26.090939],[-64.875291,-26.104831],[-64.872917,-26.125312],[-64.891691,-26.179654],[-64.917338,-26.199506],[-64.941615,-26.302252],[-64.873443,-26.274922],[-64.845319,-26.238596],[-64.822772,-26.242688],[-64.790412,-26.223718],[-64.759069,-26.223986],[-64.732152,-26.241556],[-64.667792,-26.242718],[-64.579581,-26.218181],[-64.564152,-26.226925],[-64.495323,-26.219366],[-64.425521,-26.115877],[-64.412196,-26.113498],[-64.396491,-26.045921],[-64.40363,-26.031168],[-64.26806,-25.700007],[-64.197509,-25.709287]]]},"properties":{"fid":182,"Entidad":0,"Objeto":"Departamento","FNA":"Departamento Rosario de la Frontera","GNA":"Departamento","NAM":"Rosario de la Frontera","SAG":"IDE Salta","FDC":null,"IN1":"66140","SHAPE_STAr":0.49020408952,"SHAPE_STLe":3.89143575678}},
{"type":"Feature","geometry":{"type":"Polygon","coordinates":[[[-64.431318,-23.632834],[-64.444975,-23.640092],[-64.466127,-23.621264],[-64.457473,-23.611443],[-64.47896,-23.608513],[-64.495621,-23.567256],[-64.534832,-23.538396],[-64.532561,-23.521357],[-64.657688,-23.483167],[-64.682533,-23.452433],[-64.738427,-23.467616],[-64.739431,-23.478941],[-64.761153,-23.47566],[-64.787476,-23.496161],[-64.840874,-23.484401],[-64.84469,-23.491396],[-64.843083,-23.533059],[-64.859555,-23.583328],[-64.89417,-23.598531],[-64.899299,-23.671708],[-64.920149,-23.706415],[-64.911904,-23.721592],[-64.920308,-23.73328],[-65.01789,-23.699953],[-65.037786,-23.702365],[-65.087896,-23.73797],[-65.10243,-23.786229],[-65.096747,-23.856643],[-65.20713,-23.786302],[-65.23274,-23.790473],[-65.271326,-23.828184],[-65.295915,-23.819497],[-65.289482,-23.862408],[-65.181792,-23.925106],[-65.18209,-23.951091],[-65.219119,-23.972495],[-65.223007,-23.998252],[-65.20704,-23.998961],[-65.179785,-23.97741],[-65.136601,-23.974286],[-65.109873,-24.032541],[-65.094063,-24.018578],[-65.079168,-24.025864],[-65.073724,-24.015549],[-65.053876,-24.014425],[-65.001268,-24.02221],[-64.919369,-24.010652],[-64.852566,-24.050174],[-64.844108,-24.078915],[-64.783564,-24.09452],[-64.715749,-24.05583],[-64.67956,-24.016043],[-64.693555,-24.013995],[-64.688904,-23.993406],[-64.664027,-23.992413],[-64.674222,-23.982661],[-64.661353,-23.973384],[-64.670042,-23.965347],[-64.658676,-23.951381],[-64.665012,-23.931503],[-64.647606,-23.925708],[-64.660061,-23.913386],[-64.644745,-23.877323],[-64.628277,-23.873721],[-64.627217,-23.848725],[-64.611786,-23.847613],[-64.619355,-23.833563],[-64.6114,-23.816368],[-64.590605,-23.818693],[-64.572274,-23.788499],[-64.568365,-23.730259],[-64.510697,-23.699751],[-64.484765,-23.700613],[-64.486802,-23.683354],[-64.431318,-23.632834]]]},"properties":{"fid":357,"Entidad":0,"Objeto":"Departamento","FNA":"Departamento Ledesma","GNA":"Departamento","NAM":"Ledesma","SAG":"Direc. Grl. de Inmuebles","FDC":null,"IN1":"38035","SHAPE_STAr":0.264119507524,"SHAPE_STLe":3.54128170345}},
{"type":"Feature","geometry":{"type":"Polygon","coordinates":[[[-64.640093,-24.611181],[-64.674172,-24.603871],[-64.680515,-24.576191],[-64.704459,-24.563427],[-64.725826,-24.529901],[-64.755402,-24.523286],[-64.770601,-24.504198],[-64.83754,-24.469168],[-64.85502,-24.472434],[-64.885479,-24.520845],[-64.893467,-24.560887],[-64.883711,-24.57188],[-64.896941,-24.591986],[-64.927407,-24.599773],[-65.079672,-24.562185],[-65.10516,-24.523038],[-65.154898,-24.488038],[-65.210172,-24.543632],[-65.199733,-24.585365],[-65.261442,-24.598276],[-65.276664,-24.628729],[-65.2747,-24.677425],[-65.222477,-24.705392],[-65.220124,-24.71597],[-65.1492,-24.704913],[-65.094195,-24.715499],[-65.081014,-24.747704],[-65.016767,-24.809992],[-65.03664,-24.81402],[-65.053285,-24.865612],[-65.08127,-24.88327],[-65.096125,-24.914314],[-65.097083,-24.976942],[-65.065473,-24.999102],[-65.081872,-25.100295],[-64.976602,-25.148788],[-64.900865,-25.113908],[-64.905936,-25.039218],[-64.891489,-25.003084],[-64.856456,-25.022212],[-64.816388,-24.972164],[-64.826411,-24.940229],[-64.795866,-24.89805],[-64.797944,-24.839617],[-64.812629,-24.827568],[-64.795563,-24.801594],[-64.799012,-24.771644],[-64.727981,-24.704958],[-64.704719,-24.63969],[-64.640093,-24.611181]]]},"properties":{"fid":51,"Entidad":0,"Objeto":"Departamento","FNA":"Departamento General Güemes","GNA":"Departamento","NAM":"General Güemes","SAG":"IDE Salta","FDC":null,"IN1":"66049","SHAPE_STAr":0.195821051324,"SHAPE_STLe":2.81690891728}},
{"type":"Feature","geometry":{"type":"Polygon","coordinates":[[[-64.976602,-25.148788],[-65.081872,-25.100295],[-65.156152,-25.112276],[-65.169402,-25.17561],[-65.192353,-25.185502],[-65.214248,-25.239397],[-65.252632,-25.278385],[-65.176165,-25.300779],[-65.159245,-25.375278],[-65.180853,-25.38869],[-65.186565,-25.409541],[-65.179809,-25.434975],[-65.163652,-25.4433],[-65.166319,-25.48119],[-65.15375,-25.498837],[-65.163381,-25.517718],[-65.149327,-25.537793],[-65.164116,-25.587712],[-65.134066,-25.620948],[-65.123243,-25.645783],[-65.086387,-25.662788],[-65.049702,-25.657201],[-65.027702,-25.672196],[-64.919783,-25.6381],[-64.835753,-25.651523],[-64.647923,-25.605523],[-64.481071,-25.634764],[-64.449455,-25.511517],[-64.381439,-25.525286],[-64.315208,-25.513292],[-64.210538,-25.54063],[-64.197509,-25.709287],[-64.196438,-25.727728],[-64.025415,-25.753485],[-64.007747,-25.673357],[-63.919011,-25.682338],[-63.959202,-25.656847],[-63.941248,-25.551097],[-63.952718,-25.53153],[-63.987913,-25.516643],[-64.005803,-25.47268],[-64.029418,-25.468155],[-64.014405,-25.44341],[-64.023662,-25.444862],[-64.018545,-25.429299],[-64.049916,-25.398366],[-64.036682,-25.390061],[-64.062956,-25.36116],[-64.046252,-25.343652],[-64.055608,-25.32271],[-64.046063,-25.313851],[-64.072351,-25.290636],[-64.072958,-25.279559],[-64.057836,-25.273978],[-64.085098,-25.195346],[-64.096646,-25.193463],[-64.107165,-25.160079],[-64.150843,-25.147198],[-64.159438,-25.109036],[-64.191879,-25.109538],[-64.230615,-25.126692],[-64.246753,-25.114932],[-64.262734,-25.120956],[-64.277036,-25.146643],[-64.304496,-25.146074],[-64.307002,-25.170488],[-64.335786,-25.193322],[-64.34587,-25.228348],[-64.362204,-25.242353],[-64.397427,-25.251849],[-64.431188,-25.226904],[-64.464287,-25.222572],[-64.54542,-25.256288],[-64.570888,-25.314885],[-64.592035,-25.324798],[-64.619605,-25.362008],[-64.704743,-25.379704],[-64.776966,-25.368877],[-64.828148,-25.345498],[-64.841488,-25.32039],[-64.894506,-25.285213],[-64.894134,-25.244287],[-64.914407,-25.210096],[-64.93674,-25.175043],[-64.964594,-25.166143],[-64.976602,-25.148788]]]},"properties":{"fid":47,"Entidad":0,"Objeto":"Departamento","FNA":"Departamento Metán","GNA":"Departamento","NAM":"Metán","SAG":"IDE Salta","FDC":null,"IN1":"66112","SHAPE_STAr":0.472182065808,"SHAPE_STLe":4.96630691824}},
{"type":"Feature","geometry":{"type":"Polygon","coordinates":[[[-64.703689,-27.656494],[-64.760371,-27.647449],[-64.770965,-27.703541],[-64.81975,-27.694875],[-64.81173,-27.6557],[-64.890144,-27.708568],[-64.907993,-27.709045],[-64.91844,-27.694931],[-64.990972,-27.724142],[-64.986025,-27.741646],[-65.028142,-27.752711],[-65.016482,-27.791139],[-65.038968,-27.879238],[-65.10714,-27.893158],[-65.159074,-27.877204],[-65.169482,-27.917429],[-65.17823,-27.916016],[-65.170798,-27.946465],[-65.111948,-28.185711],[-65.109036,-28.240917],[-64.948262,-28.273075],[-64.93777,-28.230875],[-64.854453,-28.247287],[-64.832009,-28.152719],[-64.785272,-28.162214],[-64.783277,-28.151748],[-64.760815,-28.156276],[-64.757391,-28.141792],[-64.620992,-28.165944],[-64.604274,-28.088574],[-64.582379,-28.092264],[-64.54586,-27.936114],[-64.5664,-27.932368],[-64.557926,-27.892423],[-64.659754,-27.887898],[-64.652471,-27.835955],[-64.709423,-27.825809],[-64.698845,-27.778402],[-64.713506,-27.775966],[-64.703689,-27.656494]]]},"properties":{"fid":162,"Entidad":0,"Objeto":"Departamento","FNA":"Departamento Guasayán","GNA":"Departamento","NAM":"Guasayán","SAG":"Catastro Provinciales","FDC":null,"IN1":"86084","SHAPE_STAr":0.244247166256,"SHAPE_STLe":2.49102590847}},
{"type":"Feature","geometry":{"type":"Polygon","coordinates":[[[-64.715749,-24.05583],[-64.783564,-24.09452],[-64.844108,-24.078915],[-64.852566,-24.050174],[-64.919369,-24.010652],[-65.001268,-24.02221],[-65.053876,-24.014425],[-65.048972,-24.180411],[-65.07429,-24.170844],[-65.075239,-24.199273],[-65.05393,-24.252603],[-65.063637,-24.292581],[-65.034814,-24.318778],[-65.02065,-24.36499],[-64.996986,-24.360138],[-64.899818,-24.383277],[-64.954036,-24.449699],[-64.85502,-24.472434],[-64.83754,-24.469168],[-64.770601,-24.504198],[-64.755402,-24.523286],[-64.725826,-24.529901],[-64.704459,-24.563427],[-64.680515,-24.576191],[-64.674172,-24.603871],[-64.640093,-24.611181],[-64.593864,-24.583431],[-64.560132,-24.577229],[-64.532648,-24.504846],[-64.52267,-24.460182],[-64.547788,-24.434631],[-64.547269,-24.421422],[-64.524167,-24.333998],[-64.495878,-24.3015],[-64.530495,-24.325432],[-64.578961,-24.320586],[-64.64453,-24.335988],[-64.691722,-24.335168],[-64.741186,-24.315241],[-64.692782,-24.209367],[-64.692894,-24.165477],[-64.721683,-24.097049],[-64.705716,-24.064191],[-64.715749,-24.05583]]]},"properties":{"fid":361,"Entidad":0,"Objeto":"Departamento","FNA":"Departamento San Pedro","GNA":"Departamento","NAM":"San Pedro","SAG":"Direc. Grl. de Inmuebles","FDC":null,"IN1":"38063","SHAPE_STAr":0.182117877184,"SHAPE_STLe":2.66149205156}},
{"type":"Feature","geometry":{"type":"Polygon","coordinates":[[[-64.798789,-27.150521],[-64.811187,-27.148667],[-64.854064,-27.317309],[-64.934367,-27.344429],[-64.937524,-27.357879],[-64.974286,-27.350621],[-65.008868,-27.483713],[-65.001369,-27.488861],[-64.96812,-27.505366],[-64.965502,-27.54772],[-64.978351,-27.566518],[-65.01196,-27.56603],[-65.027115,-27.587145],[-64.990972,-27.724142],[-64.91844,-27.694931],[-64.907993,-27.709045],[-64.890144,-27.708568],[-64.81173,-27.6557],[-64.81975,-27.694875],[-64.770965,-27.703541],[-64.760371,-27.647449],[-64.703689,-27.656494],[-64.626554,-27.666448],[-64.62326,-27.649861],[-64.53333,-27.666204],[-64.52293,-27.705855],[-64.43815,-27.604274],[-64.465784,-27.586326],[-64.463919,-27.549629],[-64.513006,-27.4952],[-64.558811,-27.495364],[-64.574363,-27.471418],[-64.616574,-27.444136],[-64.570414,-27.338507],[-64.680976,-27.233682],[-64.748693,-27.231854],[-64.764361,-27.185531],[-64.798789,-27.150521]]]},"properties":{"fid":123,"Entidad":0,"Objeto":"Departamento","FNA":"Departamento Río Hondo","GNA":"Departamento","NAM":"Río Hondo","SAG":"Catastro Provinciales","FDC":null,"IN1":"86147","SHAPE_STAr":0.187039920162,"SHAPE_STLe":2.29905040858}},
{"type":"Feature","geometry":{"type":"Polygon","coordinates":[[[-63.530424,-24.127867],[-63.622533,-24.11262],[-63.644385,-24.223467],[-64.008399,-24.163567],[-64.157975,-24.154824],[-64.175011,-24.212566],[-64.161841,-24.221061],[-64.180019,-24.263646],[-64.223127,-24.329375],[-64.252395,-24.344425],[-64.251978,-24.364174],[-64.273769,-24.393327],[-64.31834,-24.42716],[-64.421652,-24.402206],[-64.436295,-24.442659],[-64.45537,-24.463038],[-64.481876,-24.465124],[-64.5,-24.506369],[-64.532648,-24.504846],[-64.560132,-24.577229],[-64.593864,-24.583431],[-64.640093,-24.611181],[-64.704719,-24.63969],[-64.727981,-24.704958],[-64.799012,-24.771644],[-64.795563,-24.801594],[-64.812629,-24.827568],[-64.797944,-24.839617],[-64.795866,-24.89805],[-64.826411,-24.940229],[-64.816388,-24.972164],[-64.856456,-25.022212],[-64.891489,-25.003084],[-64.905936,-25.039218],[-64.900865,-25.113908],[-64.976602,-25.148788],[-64.964594,-25.166143],[-64.93674,-25.175043],[-64.914407,-25.210096],[-64.894134,-25.244287],[-64.894506,-25.285213],[-64.841488,-25.32039],[-64.828148,-25.345498],[-64.776966,-25.368877],[-64.704743,-25.379704],[-64.619605,-25.362008],[-64.592035,-25.324798],[-64.570888,-25.314885],[-64.54542,-25.256288],[-64.464287,-25.222572],[-64.431188,-25.226904],[-64.397427,-25.251849],[-64.362204,-25.242353],[-64.34587,-25.228348],[-64.335786,-25.193322],[-64.307002,-25.170488],[-64.304496,-25.146074],[-64.277036,-25.146643],[-64.262734,-25.120956],[-64.246753,-25.114932],[-64.230615,-25.126692],[-64.191879,-25.109538],[-64.159438,-25.109036],[-64.150843,-25.147198],[-64.107165,-25.160079],[-64.096646,-25.193463],[-64.085098,-25.195346],[-64.057836,-25.273978],[-64.072958,-25.279559],[-64.072351,-25.290636],[-64.046063,-25.313851],[-64.055608,-25.32271],[-64.046252,-25.343652],[-64.062956,-25.36116],[-64.036682,-25.390061],[-64.049916,-25.398366],[-64.018545,-25.429299],[-64.023662,-25.444862],[-64.014405,-25.44341],[-64.029418,-25.468155],[-64.005803,-25.47268],[-63.987913,-25.516643],[-63.952718,-25.53153],[-63.941248,-25.551097],[-63.959202,-25.656847],[-63.919011,-25.682338],[-63.918151,-25.682425],[-63.660465,-25.685373],[-63.567309,-25.709465],[-63.476056,-25.709763],[-63.422474,-25.649034],[-63.07142,-25.240869],[-63.074614,-24.855589],[-63.233513,-24.856568],[-63.234117,-24.718762],[-62.936936,-24.715993],[-62.946539,-24.27423],[-63.026267,-24.234043],[-63.05305,-24.392224],[-63.171883,-24.304539],[-63.160991,-24.221712],[-63.203707,-24.216983],[-63.232061,-24.322049],[-63.30316,-24.316447],[-63.299566,-24.278254],[-63.376989,-24.304161],[-63.344785,-24.156739],[-63.434707,-24.184327],[-63.426997,-24.144923],[-63.530424,-24.127867]]]},"properties":{"fid":120,"Entidad":0,"Objeto":"Departamento","FNA":"Departamento Anta","GNA":"Departamento","NAM":"Anta","SAG":"IDE Salta","FDC":null,"IN1":"66007","SHAPE_STAr":2.00897842222,"SHAPE_STLe":8.476798511}},
{"type":"Feature","geometry":{"type":"Polygon","coordinates":[[[-63.692344,-26.478669],[-63.768156,-26.478281],[-63.801772,-26.641291],[-63.869029,-26.645015],[-63.877283,-26.721246],[-63.980466,-26.72126],[-64.162415,-26.697073],[-64.156067,-26.652228],[-64.263575,-26.634451],[-64.263776,-26.606106],[-64.281975,-26.605943],[-64.282071,-26.568611],[-64.508537,-26.553957],[-64.498764,-26.673465],[-64.587518,-26.658117],[-64.617889,-26.802693],[-64.672617,-26.794008],[-64.67757,-26.824509],[-64.707201,-26.81951],[-64.710391,-26.836183],[-64.742586,-27.00441],[-64.753651,-27.016664],[-64.766976,-27.014285],[-64.781173,-27.076613],[-64.798789,-27.150521],[-64.764361,-27.185531],[-64.748693,-27.231854],[-64.680976,-27.233682],[-64.570414,-27.338507],[-64.558122,-27.309456],[-64.497497,-27.355323],[-64.487469,-27.352839],[-64.476476,-27.301992],[-64.467471,-27.303527],[-64.468837,-27.260323],[-64.440541,-27.264648],[-64.456771,-27.224457],[-64.44518,-27.174764],[-64.327926,-27.196367],[-64.323817,-27.175675],[-64.304287,-27.186851],[-64.177974,-27.198591],[-64.176707,-27.10862],[-64.11302,-27.109139],[-64.113353,-27.14273],[-64.085452,-27.142949],[-64.08481,-27.061866],[-64.02055,-27.061],[-64.021021,-27.030009],[-63.989981,-27.030282],[-63.989021,-26.904399],[-63.879119,-26.905126],[-63.879502,-26.936722],[-63.824046,-26.936932],[-63.823954,-26.924318],[-63.657187,-26.925117],[-63.68207,-26.907029],[-63.689121,-26.865263],[-63.672915,-26.830899],[-63.674151,-26.797176],[-63.661799,-26.788983],[-63.669295,-26.772318],[-63.652311,-26.748468],[-63.65456,-26.665873],[-63.673467,-26.643794],[-63.652537,-26.59698],[-63.646715,-26.528104],[-63.692344,-26.478669]]]},"properties":{"fid":349,"Entidad":0,"Objeto":"Departamento","FNA":"Departamento Jiménez","GNA":"Departamento","NAM":"Jiménez","SAG":"Catastro Provinciales","FDC":null,"IN1":"86091","SHAPE_STAr":0.506904370139,"SHAPE_STLe":4.43226482847}},
{"type":"Feature","geometry":{"type":"Polygon","coordinates":[[[-64.207614,-27.811756],[-64.2269,-27.807387],[-64.28131,-27.744753],[-64.307257,-27.735965],[-64.320119,-27.687563],[-64.348741,-27.673295],[-64.368211,-27.637428],[-64.395487,-27.632029],[-64.406207,-27.607567],[-64.43815,-27.604274],[-64.52293,-27.705855],[-64.53333,-27.666204],[-64.62326,-27.649861],[-64.626554,-27.666448],[-64.703689,-27.656494],[-64.713506,-27.775966],[-64.698845,-27.778402],[-64.709423,-27.825809],[-64.652471,-27.835955],[-64.659754,-27.887898],[-64.557926,-27.892423],[-64.5664,-27.932368],[-64.54586,-27.936114],[-64.582379,-28.092264],[-64.604274,-28.088574],[-64.620992,-28.165944],[-64.484102,-28.189785],[-64.451506,-28.195959],[-64.434933,-28.116137],[-64.40185,-28.121799],[-64.414355,-28.062522],[-64.245306,-28.093531],[-64.221793,-27.990761],[-64.103596,-27.965316],[-64.118926,-27.939795],[-64.150176,-27.937282],[-64.142059,-27.918502],[-64.154797,-27.913435],[-64.162094,-27.864764],[-64.207614,-27.811756]]]},"properties":{"fid":186,"Entidad":0,"Objeto":"Departamento","FNA":"Departamento Capital","GNA":"Departamento","NAM":"Capital","SAG":"Catastro Provinciales","FDC":null,"IN1":"86049","SHAPE_STAr":0.194709072911,"SHAPE_STLe":2.43893035651}},
{"type":"Feature","geometry":{"type":"Polygon","coordinates":[[[-63.989981,-27.030282],[-64.021021,-27.030009],[-64.02055,-27.061],[-64.08481,-27.061866],[-64.085452,-27.142949],[-64.113353,-27.14273],[-64.11302,-27.109139],[-64.176707,-27.10862],[-64.177974,-27.198591],[-64.304287,-27.186851],[-64.323817,-27.175675],[-64.327926,-27.196367],[-64.44518,-27.174764],[-64.456771,-27.224457],[-64.440541,-27.264648],[-64.468837,-27.260323],[-64.467471,-27.303527],[-64.476476,-27.301992],[-64.487469,-27.352839],[-64.497497,-27.355323],[-64.558122,-27.309456],[-64.570414,-27.338507],[-64.616574,-27.444136],[-64.574363,-27.471418],[-64.558811,-27.495364],[-64.513006,-27.4952],[-64.463919,-27.549629],[-64.465784,-27.586326],[-64.43815,-27.604274],[-64.406207,-27.607567],[-64.395487,-27.632029],[-64.368211,-27.637428],[-64.348741,-27.673295],[-64.320119,-27.687563],[-64.307257,-27.735965],[-64.28131,-27.744753],[-64.2269,-27.807387],[-64.207614,-27.811756],[-64.085356,-27.739898],[-64.085704,-27.755041],[-63.933906,-27.736425],[-63.934165,-27.6975],[-63.915944,-27.695333],[-63.915772,-27.674727],[-63.893791,-27.672053],[-63.879814,-27.655762],[-63.879992,-27.644795],[-63.915972,-27.655504],[-63.988654,-27.558675],[-63.960172,-27.517556],[-63.995572,-27.51779],[-63.96454,-27.396249],[-64.003794,-27.389479],[-63.990281,-27.333003],[-64.000751,-27.33118],[-63.980857,-27.247274],[-63.926788,-27.237746],[-63.926554,-27.192493],[-63.975665,-27.191458],[-63.976083,-27.144534],[-63.940316,-27.144903],[-63.939781,-27.030626],[-63.989981,-27.030282]]]},"properties":{"fid":153,"Entidad":0,"Objeto":"Departamento","FNA":"Departamento Banda","GNA":"Departamento","NAM":"Banda","SAG":"Catastro Provinciales","FDC":null,"IN1":"86035","SHAPE_STAr":0.315917214434,"SHAPE_STLe":3.24732152739}},
{"type":"Feature","geometry":{"type":"Polygon","coordinates":[[[-64.109771,-27.972601],[-64.103596,-27.965316],[-64.221793,-27.990761],[-64.245306,-28.093531],[-64.414355,-28.062522],[-64.40185,-28.121799],[-64.434933,-28.116137],[-64.451506,-28.195959],[-64.484102,-28.189785],[-64.512373,-28.316551],[-64.549394,-28.310334],[-64.551091,-28.318785],[-64.481627,-28.331162],[-64.490714,-28.371333],[-64.263101,-28.340789],[-64.188603,-28.306292],[-64.178114,-28.282591],[-64.08257,-28.248904],[-64.068991,-28.238806],[-64.073694,-28.211145],[-64.062539,-28.196029],[-64.060097,-28.094337],[-64.109771,-27.972601]]]},"properties":{"fid":287,"Entidad":0,"Objeto":"Departamento","FNA":"Departamento Silipica","GNA":"Departamento","NAM":"Silipica","SAG":"Catastro Provinciales","FDC":null,"IN1":"86189","SHAPE_STAr":0.113092414874,"SHAPE_STLe":1.64912436356}},
{"type":"Feature","geometry":{"type":"Polygon","coordinates":[[[-63.919011,-25.682338],[-64.007747,-25.673357],[-64.025415,-25.753485],[-64.196438,-25.727728],[-64.197509,-25.709287],[-64.26806,-25.700007],[-64.40363,-26.031168],[-64.396491,-26.045921],[-64.412196,-26.113498],[-64.425521,-26.115877],[-64.495323,-26.219366],[-64.502279,-26.239006],[-64.481988,-26.306838],[-64.521371,-26.353032],[-64.534387,-26.410614],[-64.517339,-26.486464],[-64.521389,-26.543823],[-64.508537,-26.553957],[-64.282071,-26.568611],[-64.281975,-26.605943],[-64.263776,-26.606106],[-64.263575,-26.634451],[-64.156067,-26.652228],[-64.162415,-26.697073],[-63.980466,-26.72126],[-63.877283,-26.721246],[-63.869029,-26.645015],[-63.801772,-26.641291],[-63.768156,-26.478281],[-63.692344,-26.478669],[-63.720399,-26.409491],[-63.720735,-26.376258],[-63.761588,-26.318383],[-63.773703,-26.264563],[-63.76133,-26.21431],[-63.762569,-26.194266],[-63.705095,-26.10987],[-63.709537,-26.096655],[-63.693525,-26.068401],[-63.705418,-26.063811],[-63.690187,-26.034136],[-63.699494,-26.017093],[-63.713325,-26.022833],[-63.711702,-26.013634],[-63.731587,-26.009568],[-63.727571,-25.968366],[-63.745269,-25.966718],[-63.734857,-25.95558],[-63.747992,-25.951263],[-63.746026,-25.937674],[-63.753449,-25.947127],[-63.764682,-25.915195],[-63.783636,-25.915377],[-63.791566,-25.929924],[-63.788098,-25.903171],[-63.778693,-25.901946],[-63.785597,-25.880235],[-63.822518,-25.852691],[-63.817312,-25.846913],[-63.830305,-25.846839],[-63.830357,-25.831822],[-63.846243,-25.82054],[-63.838669,-25.789702],[-63.877671,-25.773749],[-63.89677,-25.733684],[-63.892623,-25.715111],[-63.918151,-25.682425],[-63.919011,-25.682338]]]},"properties":{"fid":280,"Entidad":0,"Objeto":"Departamento","FNA":"Departamento Pellegrini","GNA":"Departamento","NAM":"Pellegrini","SAG":"Catastro Provinciales","FDC":null,"IN1":"86133","SHAPE_STAr":0.625666253646,"SHAPE_STLe":4.03348446053}},
{"type":"Feature","geometry":{"type":"Polygon","coordinates":[[[-63.132185,-21.999998],[-63.665267,-21.999342],[-63.683776,-22.054768],[-63.688579,-22.011532],[-63.70561,-22.013991],[-63.709075,-21.999336],[-63.931457,-21.999377],[-63.953328,-22.036619],[-63.949897,-22.057907],[-63.962188,-22.06459],[-63.958069,-22.085774],[-63.966475,-22.09316],[-63.979612,-22.080998],[-63.986037,-22.109026],[-64.000038,-22.107676],[-63.989626,-22.114747],[-63.992654,-22.133139],[-64.001026,-22.158396],[-64.023401,-22.174601],[-64.017034,-22.187166],[-64.033102,-22.196829],[-64.03352,-22.242783],[-64.053614,-22.247236],[-64.062408,-22.238381],[-64.082637,-22.301085],[-64.095087,-22.308772],[-64.099737,-22.34697],[-64.116889,-22.363235],[-64.115516,-22.405607],[-64.138185,-22.407041],[-64.138042,-22.429474],[-64.16307,-22.46893],[-64.17522,-22.466808],[-64.187554,-22.490652],[-64.199628,-22.491245],[-64.216292,-22.543346],[-64.241691,-22.557726],[-64.239192,-22.622973],[-64.257288,-22.628547],[-64.264589,-22.65016],[-64.242292,-22.666053],[-64.260946,-22.67514],[-64.271989,-22.71189],[-64.263968,-22.741238],[-64.283609,-22.751285],[-64.265343,-22.766659],[-64.287427,-22.798824],[-64.286725,-22.834885],[-64.306679,-22.839746],[-64.297467,-22.861445],[-64.308773,-22.862804],[-64.315029,-22.882697],[-64.325464,-22.916952],[-64.342433,-22.930243],[-64.32722,-22.953351],[-64.332718,-23.008896],[-64.324581,-23.02057],[-64.281585,-23.028942],[-64.270336,-23.041334],[-64.276116,-23.066513],[-64.247628,-23.068779],[-64.2388,-23.096327],[-64.218557,-23.099264],[-64.211593,-23.088769],[-64.203406,-23.122796],[-64.213506,-23.135079],[-64.190745,-23.129076],[-64.209123,-23.156257],[-64.1828,-23.152695],[-64.20368,-23.182071],[-64.168021,-23.200702],[-64.196165,-23.197681],[-64.214077,-23.182128],[-64.226961,-23.206572],[-64.213958,-23.225749],[-64.177626,-23.234533],[-64.187205,-23.268725],[-64.162403,-23.273137],[-64.140939,-23.248348],[-64.108328,-23.262921],[-64.093387,-23.254459],[-64.072966,-23.30586],[-64.039199,-23.307917],[-64.007044,-23.332433],[-63.95631,-23.314766],[-63.944228,-23.327979],[-63.910014,-23.299718],[-63.844335,-23.323429],[-63.726191,-23.322434],[-63.699796,-23.338303],[-63.662444,-23.390945],[-63.637982,-23.3976],[-63.617459,-23.388019],[-63.589519,-23.430637],[-63.498871,-23.451481],[-63.409832,-23.511537],[-63.402117,-23.535251],[-63.39376,-23.550892],[-63.361864,-23.563194],[-63.36759,-23.587204],[-63.323749,-23.604303],[-63.331236,-23.625633],[-63.296202,-23.650861],[-63.27724,-23.649294],[-63.268798,-23.559362],[-63.295725,-23.53485],[-63.281572,-23.458062],[-63.266083,-23.459683],[-63.203688,-22.943087],[-63.123079,-22.944284],[-63.132185,-21.999998]]]},"properties":{"fid":354,"Entidad":0,"Objeto":"Departamento","FNA":"Departamento General José de San Martín","GNA":"Departamento","NAM":"General José de San Martín","SAG":"IDE Salta","FDC":null,"IN1":"66056","SHAPE_STAr":1.41588808778,"SHAPE_STLe":6.21773728162}},
{"type":"Feature","geometry":{"type":"Polygon","coordinates":[[[-63.660508,-27.817632],[-63.674286,-27.751628],[-63.741589,-27.740544],[-63.741538,-27.733051],[-63.833324,-27.733279],[-63.832965,-27.680503],[-63.879814,-27.655762],[-63.893791,-27.672053],[-63.915772,-27.674727],[-63.915944,-27.695333],[-63.934165,-27.6975],[-63.933906,-27.736425],[-64.085704,-27.755041],[-64.085356,-27.739898],[-64.207614,-27.811756],[-64.162094,-27.864764],[-64.154797,-27.913435],[-64.142059,-27.918502],[-64.150176,-27.937282],[-64.118926,-27.939795],[-64.103596,-27.965316],[-64.109771,-27.972601],[-64.040975,-27.961235],[-64.04636,-27.985375],[-63.956498,-28.000898],[-63.963382,-28.029769],[-63.930478,-28.036204],[-63.923811,-27.966974],[-63.734567,-28.00307],[-63.729077,-27.977284],[-63.689179,-27.983888],[-63.660508,-27.817632]]]},"properties":{"fid":185,"Entidad":0,"Objeto":"Departamento","FNA":"Departamento Robles","GNA":"Departamento","NAM":"Robles","SAG":"Catastro Provinciales","FDC":null,"IN1":"86161","SHAPE_STAr":0.124169679853,"SHAPE_STLe":1.79466162586}},
{"type":"Feature","geometry":{"type":"Polygon","coordinates":[[[-63.734567,-28.00307],[-63.923811,-27.966974],[-63.930478,-28.036204],[-63.963382,-28.029769],[-63.956498,-28.000898],[-64.04636,-27.985375],[-64.040975,-27.961235],[-64.109771,-27.972601],[-64.060097,-28.094337],[-64.062539,-28.196029],[-64.073694,-28.211145],[-64.068991,-28.238806],[-64.08257,-28.248904],[-64.081952,-28.278227],[-64.054957,-28.304509],[-64.049354,-28.330137],[-64.017115,-28.307711],[-64.030555,-28.335462],[-64.008348,-28.328827],[-63.986192,-28.347287],[-63.968951,-28.343362],[-63.971107,-28.359054],[-63.957217,-28.361419],[-63.948241,-28.3814],[-63.934141,-28.381173],[-63.927064,-28.367457],[-63.902198,-28.392886],[-63.889445,-28.37872],[-63.880197,-28.389629],[-63.875878,-28.37654],[-63.87522,-28.385613],[-63.851277,-28.391108],[-63.838894,-28.40506],[-63.817017,-28.395553],[-63.816247,-28.41549],[-63.78646,-28.435725],[-63.694057,-28.379496],[-63.711098,-28.371615],[-63.709886,-28.348399],[-63.635769,-28.351238],[-63.611537,-28.25462],[-63.628522,-28.251809],[-63.61683,-28.198956],[-63.606407,-28.149718],[-63.653862,-28.14753],[-63.64167,-28.09028],[-63.653521,-28.087827],[-63.65074,-28.074786],[-63.737019,-28.014485],[-63.734567,-28.00307]]]},"properties":{"fid":346,"Entidad":0,"Objeto":"Departamento","FNA":"Departamento San Martín","GNA":"Departamento","NAM":"San Martín","SAG":"Catastro Provinciales","FDC":null,"IN1":"86175","SHAPE_STAr":0.164766031178,"SHAPE_STLe":2.15231767034}},
{"type":"Feature","geometry":{"type":"Polygon","coordinates":[[[-63.233593,-26.794241],[-63.233692,-26.764781],[-63.378395,-26.764093],[-63.37839,-26.887997],[-63.571022,-26.887224],[-63.548504,-26.925532],[-63.657187,-26.925117],[-63.823954,-26.924318],[-63.824046,-26.936932],[-63.879502,-26.936722],[-63.879119,-26.905126],[-63.989021,-26.904399],[-63.989981,-27.030282],[-63.939781,-27.030626],[-63.940316,-27.144903],[-63.976083,-27.144534],[-63.975665,-27.191458],[-63.926554,-27.192493],[-63.926788,-27.237746],[-63.980857,-27.247274],[-64.000751,-27.33118],[-63.990281,-27.333003],[-64.003794,-27.389479],[-63.96454,-27.396249],[-63.995572,-27.51779],[-63.960172,-27.517556],[-63.988654,-27.558675],[-63.915972,-27.655504],[-63.879992,-27.644795],[-63.879814,-27.655762],[-63.832965,-27.680503],[-63.833324,-27.733279],[-63.741538,-27.733051],[-63.741589,-27.740544],[-63.674286,-27.751628],[-63.660508,-27.817632],[-63.592628,-27.829567],[-63.580909,-27.867016],[-63.481477,-27.835802],[-63.480337,-27.825245],[-63.495502,-27.824068],[-63.490298,-27.791241],[-63.499339,-27.781372],[-63.34523,-27.770931],[-63.34153,-27.75483],[-63.275245,-27.766111],[-63.265309,-27.721172],[-63.223496,-27.728033],[-63.228549,-27.699945],[-63.217321,-27.701997],[-63.183905,-27.547459],[-63.241607,-27.536506],[-63.232424,-27.500053],[-63.262946,-27.496752],[-63.252181,-27.443445],[-63.20253,-27.439029],[-63.208,-27.321496],[-63.255199,-27.312091],[-63.222201,-27.149493],[-63.257244,-27.149558],[-63.257011,-27.108592],[-63.240822,-27.108496],[-63.241213,-27.030684],[-63.231172,-27.030701],[-63.231122,-27.006595],[-63.240743,-27.006579],[-63.234064,-26.878067],[-63.21178,-26.878102],[-63.211851,-26.841756],[-63.233432,-26.841722],[-63.233593,-26.794241]]]},"properties":{"fid":269,"Entidad":0,"Objeto":"Departamento","FNA":"Departamento Figueroa","GNA":"Departamento","NAM":"Figueroa","SAG":"Catastro Provinciales","FDC":null,"IN1":"86070","SHAPE_STAr":0.648860732638,"SHAPE_STLe":4.35280545097}},
{"type":"Feature","geometry":{"type":"Polygon","coordinates":[[[-61.711165,-26.23449],[-61.711134,-25.654669],[-63.422474,-25.649034],[-63.476056,-25.709763],[-63.567309,-25.709465],[-63.660465,-25.685373],[-63.918151,-25.682425],[-63.892623,-25.715111],[-63.89677,-25.733684],[-63.877671,-25.773749],[-63.838669,-25.789702],[-63.846243,-25.82054],[-63.830357,-25.831822],[-63.830305,-25.846839],[-63.817312,-25.846913],[-63.822518,-25.852691],[-63.785597,-25.880235],[-63.778693,-25.901946],[-63.788098,-25.903171],[-63.791566,-25.929924],[-63.783636,-25.915377],[-63.764682,-25.915195],[-63.753449,-25.947127],[-63.746026,-25.937674],[-63.747992,-25.951263],[-63.734857,-25.95558],[-63.745269,-25.966718],[-63.727571,-25.968366],[-63.731587,-26.009568],[-63.711702,-26.013634],[-63.713325,-26.022833],[-63.699494,-26.017093],[-63.690187,-26.034136],[-63.705418,-26.063811],[-63.693525,-26.068401],[-63.709537,-26.096655],[-63.705095,-26.10987],[-63.762569,-26.194266],[-63.76133,-26.21431],[-62.832807,-26.230874],[-61.711165,-26.23449]]]},"properties":{"fid":122,"Entidad":0,"Objeto":"Departamento","FNA":"Departamento Copo","GNA":"Departamento","NAM":"Copo","SAG":"Catastro Provinciales","FDC":null,"IN1":"86056","SHAPE_STAr":1.1767422451,"SHAPE_STLe":6.0332370171}},
{"type":"Feature","geometry":{"type":"Polygon","coordinates":[[[-61.711165,-26.23449],[-62.832807,-26.230874],[-63.76133,-26.21431],[-63.773703,-26.264563],[-63.761588,-26.318383],[-63.720735,-26.376258],[-63.720399,-26.409491],[-63.692344,-26.478669],[-63.646715,-26.528104],[-63.652537,-26.59698],[-63.673467,-26.643794],[-63.65456,-26.665873],[-63.652311,-26.748468],[-63.669295,-26.772318],[-63.661799,-26.788983],[-63.674151,-26.797176],[-63.672915,-26.830899],[-63.689121,-26.865263],[-63.68207,-26.907029],[-63.657187,-26.925117],[-63.548504,-26.925532],[-63.571022,-26.887224],[-63.37839,-26.887997],[-63.378395,-26.764093],[-63.233692,-26.764781],[-63.233593,-26.794241],[-62.929303,-26.793736],[-62.928476,-26.820257],[-62.765895,-26.823481],[-62.76512,-26.831981],[-62.504024,-26.83267],[-62.504222,-26.787217],[-62.064821,-26.789884],[-62.06466,-26.809429],[-61.711194,-26.809111],[-61.711192,-26.755597],[-61.711186,-26.65361],[-61.711165,-26.23449]]]},"properties":{"fid":36,"Entidad":0,"Objeto":"Departamento","FNA":"Departamento Alberdi","GNA":"Departamento","NAM":"Alberdi","SAG":"Catastro Provinciales","FDC":null,"IN1":"86014","SHAPE_STAr":1.16808574271,"SHAPE_STLe":5.76734330852}},
{"type":"Feature","geometry":{"type":"Polygon","coordinates":[[[-63.481477,-27.835802],[-63.580909,-27.867016],[-63.592628,-27.829567],[-63.660508,-27.817632],[-63.689179,-27.983888],[-63.729077,-27.977284],[-63.734567,-28.00307],[-63.737019,-28.014485],[-63.65074,-28.074786],[-63.653521,-28.087827],[-63.64167,-28.09028],[-63.653862,-28.14753],[-63.606407,-28.149718],[-63.61683,-28.198956],[-63.580861,-28.205036],[-63.578636,-28.242104],[-63.512873,-28.256584],[-63.467341,-28.255242],[-63.459686,-28.212365],[-63.361578,-28.317031],[-63.332992,-28.322134],[-63.333949,-28.329882],[-63.230934,-28.349338],[-63.228288,-28.327328],[-63.109666,-28.327234],[-63.110697,-28.316552],[-63.095401,-28.270138],[-63.133606,-28.243386],[-63.144931,-28.206931],[-63.200285,-28.165871],[-63.239048,-28.169936],[-63.270201,-28.159666],[-63.293759,-28.086729],[-63.317561,-28.08066],[-63.32797,-28.054335],[-63.398049,-28.028547],[-63.409742,-27.972763],[-63.44496,-27.953417],[-63.442471,-27.922787],[-63.466975,-27.907176],[-63.457737,-27.882515],[-63.481477,-27.835802]]]},"properties":{"fid":156,"Entidad":0,"Objeto":"Departamento","FNA":"Departamento Sarmiento","GNA":"Departamento","NAM":"Sarmiento","SAG":"Catastro Provinciales","FDC":null,"IN1":"86182","SHAPE_STAr":0.15464117819,"SHAPE_STLe":2.39974495064}},
{"type":"Feature","geometry":{"type":"Polygon","coordinates":[[[-62.3423,-22.46084],[-62.371218,-22.460496],[-62.380613,-22.473585],[-62.385171,-22.453737],[-62.404841,-22.451348],[-62.434451,-22.419214],[-62.445676,-22.423338],[-62.447955,-22.402292],[-62.465469,-22.402603],[-62.463894,-22.372069],[-62.518603,-22.378235],[-62.534577,-22.367987],[-62.540338,-22.328568],[-62.570765,-22.333405],[-62.569188,-22.309773],[-62.595045,-22.321761],[-62.603774,-22.306688],[-62.634002,-22.307409],[-62.642315,-22.29467],[-62.63065,-22.282457],[-62.632532,-22.24157],[-62.6409,-22.23626],[-62.660228,-22.250683],[-62.684916,-22.21234],[-62.720628,-22.202055],[-62.738025,-22.171174],[-62.765128,-22.152308],[-62.778749,-22.167963],[-62.788852,-22.16495],[-62.813938,-22.105008],[-62.796956,-22.06676],[-62.81424,-22.042162],[-62.811176,-21.998768],[-63.132185,-21.999998],[-63.123079,-22.944284],[-63.203688,-22.943087],[-63.266083,-23.459683],[-63.281572,-23.458062],[-63.295725,-23.53485],[-63.268798,-23.559362],[-63.27724,-23.649294],[-63.296202,-23.650861],[-63.331236,-23.625633],[-63.323749,-23.604303],[-63.36759,-23.587204],[-63.361864,-23.563194],[-63.39376,-23.550892],[-63.402117,-23.535251],[-63.437018,-23.710302],[-63.45781,-23.706357],[-63.530424,-24.127867],[-63.426997,-24.144923],[-63.434707,-24.184327],[-63.344785,-24.156739],[-63.376989,-24.304161],[-63.299566,-24.278254],[-63.30316,-24.316447],[-63.232061,-24.322049],[-63.203707,-24.216983],[-63.160991,-24.221712],[-63.171883,-24.304539],[-63.05305,-24.392224],[-63.026267,-24.234043],[-62.946539,-24.27423],[-62.936936,-24.715993],[-63.234117,-24.718762],[-63.233513,-24.856568],[-63.074614,-24.855589],[-63.07142,-25.240869],[-62.718813,-24.830898],[-62.341733,-24.392471],[-62.341873,-24.107935],[-62.342032,-23.495424],[-62.3423,-22.46084]]]},"properties":{"fid":355,"Entidad":0,"Objeto":"Departamento","FNA":"Departamento Rivadavia","GNA":"Departamento","NAM":"Rivadavia","SAG":"IDE Salta","FDC":null,"IN1":"66133","SHAPE_STAr":2.31526752121,"SHAPE_STLe":9.66246373042}},
{"type":"Feature","geometry":{"type":"Polygon","coordinates":[[[-63.223496,-27.728033],[-63.265309,-27.721172],[-63.275245,-27.766111],[-63.34153,-27.75483],[-63.34523,-27.770931],[-63.499339,-27.781372],[-63.490298,-27.791241],[-63.495502,-27.824068],[-63.480337,-27.825245],[-63.481477,-27.835802],[-63.457737,-27.882515],[-63.466975,-27.907176],[-63.442471,-27.922787],[-63.44496,-27.953417],[-63.409742,-27.972763],[-63.398049,-28.028547],[-63.32797,-28.054335],[-63.317561,-28.08066],[-63.293759,-28.086729],[-63.270201,-28.159666],[-63.239048,-28.169936],[-63.200285,-28.165871],[-63.144931,-28.206931],[-63.133606,-28.243386],[-63.095401,-28.270138],[-63.110697,-28.316552],[-61.864083,-28.318843],[-61.871039,-28.357689],[-61.771723,-28.35709],[-61.711256,-27.999421],[-61.711246,-27.79709],[-62.231422,-27.790473],[-62.231979,-27.819882],[-62.570571,-27.817611],[-62.57026,-27.799251],[-62.674439,-27.798176],[-62.674182,-27.820274],[-62.884297,-27.819759],[-62.884342,-27.777603],[-62.948176,-27.775262],[-62.948568,-27.751464],[-63.223496,-27.728033]]]},"properties":{"fid":37,"Entidad":0,"Objeto":"Departamento","FNA":"Departamento Juan F. Ibarra","GNA":"Departamento","NAM":"Juan F. Ibarra","SAG":"Catastro Provinciales","FDC":null,"IN1":"86098","SHAPE_STAr":0.849187376365,"SHAPE_STLe":4.98426681362}},
{"type":"Feature","geometry":{"type":"Polygon","coordinates":[[[-60.799787,-26.11488],[-61.203582,-26.109012],[-61.193568,-25.563501],[-61.393833,-25.560392],[-61.393659,-25.469501],[-62.218558,-25.466682],[-62.218558,-24.830108],[-62.718813,-24.830898],[-63.07142,-25.240869],[-63.422474,-25.649034],[-61.711134,-25.654669],[-61.711165,-26.23449],[-61.711186,-26.65361],[-61.33222,-26.658346],[-60.989993,-26.661331],[-60.930051,-26.661774],[-60.900185,-26.676846],[-60.788819,-26.425505],[-60.804517,-26.419904],[-60.799787,-26.11488]]]},"properties":{"fid":181,"Entidad":0,"Objeto":"Departamento","FNA":"Departamento Almirante Brown","GNA":"Departamento","NAM":"Almirante Brown","SAG":"IDE Chaco","FDC":null,"IN1":"22007","SHAPE_STAr":1.59465243121,"SHAPE_STLe":8.40612502853}},
{"type":"Feature","geometry":{"type":"Polygon","coordinates":[[[-61.711194,-26.809111],[-62.06466,-26.809429],[-62.064821,-26.789884],[-62.504222,-26.787217],[-62.504024,-26.83267],[-62.76512,-26.831981],[-62.765895,-26.823481],[-62.928476,-26.820257],[-62.929303,-26.793736],[-63.233593,-26.794241],[-63.233432,-26.841722],[-63.211851,-26.841756],[-63.21178,-26.878102],[-63.234064,-26.878067],[-63.240743,-27.006579],[-63.231122,-27.006595],[-63.231172,-27.030701],[-63.241213,-27.030684],[-63.240822,-27.108496],[-63.257011,-27.108592],[-63.257244,-27.149558],[-63.222201,-27.149493],[-63.255199,-27.312091],[-63.208,-27.321496],[-63.20253,-27.439029],[-63.252181,-27.443445],[-63.262946,-27.496752],[-63.232424,-27.500053],[-63.241607,-27.536506],[-63.183905,-27.547459],[-63.217321,-27.701997],[-63.228549,-27.699945],[-63.223496,-27.728033],[-62.948568,-27.751464],[-62.948176,-27.775262],[-62.884342,-27.777603],[-62.884297,-27.819759],[-62.674182,-27.820274],[-62.674439,-27.798176],[-62.57026,-27.799251],[-62.570571,-27.817611],[-62.231979,-27.819882],[-62.231422,-27.790473],[-61.711246,-27.79709],[-61.711242,-27.714007],[-61.711201,-26.928628],[-61.711194,-26.809111]]]},"properties":{"fid":282,"Entidad":0,"Objeto":"Departamento","FNA":"Departamento Moreno","GNA":"Departamento","NAM":"Moreno","SAG":"Catastro Provinciales","FDC":null,"IN1":"86119","SHAPE_STAr":1.49729918406,"SHAPE_STLe":5.5302884354}},
{"type":"Feature","geometry":{"type":"Polygon","coordinates":[[[-60.098617,-25.669173],[-60.138338,-25.642449],[-60.172871,-25.653878],[-60.189202,-25.648123],[-60.181537,-25.634283],[-60.199002,-25.600709],[-60.219943,-25.599774],[-60.213583,-25.578469],[-60.239893,-25.557716],[-60.222966,-25.525672],[-60.22669,-25.50271],[-60.238442,-25.499973],[-60.228262,-25.480144],[-60.244035,-25.469171],[-60.254702,-25.474643],[-60.261093,-25.460754],[-60.281264,-25.466704],[-60.282628,-25.433155],[-60.33591,-25.39292],[-60.322529,-25.37602],[-60.30764,-25.391665],[-60.316294,-25.366994],[-60.34509,-25.377349],[-60.341396,-25.361469],[-60.355471,-25.360058],[-60.348444,-25.338566],[-60.38398,-25.323857],[-60.396838,-25.331266],[-60.407379,-25.308466],[-60.419524,-25.317948],[-60.448694,-25.258955],[-60.487142,-25.235325],[-60.483489,-25.221987],[-60.529648,-25.171784],[-60.546948,-25.16706],[-60.551134,-25.193437],[-60.61174,-25.160361],[-60.624759,-25.166394],[-60.609403,-25.174199],[-60.622059,-25.177511],[-60.663184,-25.162526],[-60.652488,-25.152658],[-60.670845,-25.147805],[-60.657942,-25.110997],[-60.721447,-25.12521],[-60.738175,-25.114535],[-60.739909,-25.091346],[-60.752031,-25.100603],[-60.765735,-25.090262],[-60.754452,-25.067629],[-60.807142,-25.064966],[-60.812444,-25.073535],[-60.834663,-25.043795],[-60.826726,-25.03333],[-60.874237,-25.034956],[-60.87498,-25.019712],[-60.896628,-25.020625],[-60.91218,-25.007089],[-60.931955,-25.013126],[-60.925102,-25.003774],[-60.941579,-24.99127],[-60.920854,-24.980485],[-60.942738,-24.980642],[-60.939005,-24.960153],[-60.948277,-24.957207],[-60.953522,-24.972647],[-60.963973,-24.948386],[-60.998017,-24.933967],[-60.994186,-24.916385],[-61.022219,-24.920786],[-61.028839,-24.888667],[-61.047384,-24.898371],[-61.075102,-24.872696],[-61.073786,-24.856411],[-61.093293,-24.848475],[-61.098047,-24.827573],[-61.107417,-24.834841],[-61.144237,-24.798878],[-61.137669,-24.785318],[-61.152658,-24.786988],[-61.160359,-24.770859],[-61.147845,-24.755203],[-61.17385,-24.733571],[-61.157397,-24.709721],[-61.183641,-24.721078],[-61.208074,-24.698026],[-61.201567,-24.655791],[-61.232046,-24.639676],[-61.245767,-24.64956],[-61.26225,-24.619971],[-61.274128,-24.638878],[-61.294448,-24.62571],[-61.34184,-24.639461],[-61.364186,-24.61951],[-61.375481,-24.641579],[-61.382725,-24.612757],[-61.461057,-24.610885],[-61.523956,-24.539262],[-61.524996,-24.513182],[-61.562259,-24.502647],[-61.554937,-24.485193],[-61.576341,-24.495163],[-61.593109,-24.484109],[-61.584484,-24.439994],[-61.606367,-24.450352],[-61.610007,-24.423685],[-61.647061,-24.433833],[-61.697573,-24.413407],[-61.712528,-24.379856],[-61.71101,-24.370117],[-61.692479,-24.367661],[-61.732496,-24.358459],[-61.714857,-24.34051],[-61.743701,-24.339357],[-61.761882,-24.314628],[-61.782059,-24.314363],[-61.793897,-24.334303],[-61.813474,-24.31361],[-61.834775,-24.319366],[-61.848008,-24.321982],[-61.843646,-24.305456],[-61.879321,-24.307321],[-61.886819,-24.273768],[-61.908516,-24.306762],[-61.920264,-24.283899],[-61.904008,-24.27777],[-61.907838,-24.259432],[-61.933911,-24.273009],[-61.964848,-24.231002],[-61.984652,-24.227095],[-61.985263,-24.246842],[-62.007612,-24.232952],[-62.042076,-24.23724],[-62.056889,-24.212394],[-62.087582,-24.232044],[-62.076428,-24.201301],[-62.137609,-24.217386],[-62.138322,-24.187495],[-62.182249,-24.19365],[-62.16557,-24.173472],[-62.224207,-24.142179],[-62.315341,-24.118623],[-62.321527,-24.087452],[-62.33385,-24.086661],[-62.341873,-24.107935],[-62.341733,-24.392471],[-62.718813,-24.830898],[-62.218558,-24.830108],[-62.218558,-25.466682],[-61.393659,-25.469501],[-61.393833,-25.560392],[-61.193568,-25.563501],[-61.203582,-26.109012],[-60.799787,-26.11488],[-60.09926,-26.122378],[-60.098617,-25.669173]]]},"properties":{"fid":102,"Entidad":0,"Objeto":"Departamento","FNA":"Departamento General Güemes","GNA":"Departamento","NAM":"General Güemes","SAG":"IDE Chaco","FDC":null,"IN1":"22063","SHAPE_STAr":2.3079940588,"SHAPE_STLe":9.80584528268}},
{"type":"Feature","geometry":{"type":"Polygon","coordinates":[[[-60.997214,-27.417701],[-61.711201,-26.928628],[-61.711242,-27.714007],[-61.569271,-27.714245],[-61.571168,-27.480193],[-61.02235,-27.478218],[-60.997282,-27.478115],[-60.997214,-27.417701]]]},"properties":{"fid":84,"Entidad":0,"Objeto":"Departamento","FNA":"Departamento 12 de Octubre","GNA":"Departamento","NAM":"12 de Octubre","SAG":"IDE Chaco","FDC":null,"IN1":"22036","SHAPE_STAr":0.251155011615,"SHAPE_STLe":2.66251228052}},
{"type":"Feature","geometry":{"type":"Polygon","coordinates":[[[-60.820737,-27.366329],[-61.711192,-26.755597],[-61.711194,-26.809111],[-61.711201,-26.928628],[-60.997214,-27.417701],[-60.997165,-27.400119],[-60.909425,-27.399847],[-60.820737,-27.366329]]]},"properties":{"fid":283,"Entidad":0,"Objeto":"Departamento","FNA":"Departamento Chacabuco","GNA":"Departamento","NAM":"Chacabuco","SAG":"IDE Chaco","FDC":null,"IN1":"22028","SHAPE_STAr":0.137805797592,"SHAPE_STLe":2.32225185267}},
{"type":"Feature","geometry":{"type":"Polygon","coordinates":[[[-65.069695,-23.19949],[-65.084494,-23.197085],[-65.121766,-23.261769],[-65.178899,-23.319711],[-65.16654,-23.371413],[-65.14281,-23.389977],[-65.137437,-23.417315],[-65.160167,-23.449039],[-65.162373,-23.487141],[-65.131344,-23.530703],[-65.1266,-23.57723],[-65.106408,-23.598275],[-65.084799,-23.601817],[-65.070551,-23.636082],[-65.01789,-23.699953],[-64.920308,-23.73328],[-64.911904,-23.721592],[-64.920149,-23.706415],[-64.899299,-23.671708],[-64.89417,-23.598531],[-64.859555,-23.583328],[-64.843083,-23.533059],[-64.84469,-23.491396],[-64.873355,-23.478743],[-64.868444,-23.447421],[-64.89487,-23.440442],[-64.906665,-23.423791],[-64.910534,-23.400815],[-64.89242,-23.359446],[-64.904669,-23.354265],[-64.910177,-23.310812],[-64.947278,-23.269148],[-64.964637,-23.286112],[-65.010115,-23.285114],[-65.035909,-23.252437],[-65.038648,-23.226904],[-65.071975,-23.220318],[-65.069695,-23.19949]]]},"properties":{"fid":362,"Entidad":0,"Objeto":"Departamento","FNA":"Departamento Valle Grande","GNA":"Departamento","NAM":"Valle Grande","SAG":"Direc. Grl. de Inmuebles","FDC":null,"IN1":"38105","SHAPE_STAr":0.107130438832,"SHAPE_STLe":1.63290336249}},
{"type":"Feature","geometry":{"type":"Polygon","coordinates":[[[-60.365049,-24.020311],[-60.380503,-24.019086],[-60.389508,-23.994954],[-60.477794,-23.950936],[-60.509661,-23.970865],[-60.552306,-23.966497],[-60.561385,-23.954852],[-60.589928,-23.958839],[-60.580016,-23.952996],[-60.592763,-23.943038],[-60.587355,-23.917024],[-60.612822,-23.903819],[-60.647826,-23.908586],[-60.684177,-23.894834],[-60.694212,-23.902591],[-60.71407,-23.881972],[-60.733037,-23.884356],[-60.742974,-23.87272],[-60.847339,-23.871548],[-60.857758,-23.849203],[-60.866525,-23.853624],[-60.932336,-23.800714],[-60.958946,-23.820574],[-60.964946,-23.808633],[-60.986809,-23.812867],[-61.020403,-23.772625],[-61.015144,-23.758246],[-61.039989,-23.743022],[-61.086722,-23.679858],[-61.081145,-23.670904],[-61.095178,-23.666661],[-61.090499,-23.639054],[-61.101149,-23.626982],[-61.089515,-23.613861],[-61.121191,-23.596071],[-61.12189,-23.584904],[-61.131921,-23.598014],[-61.130166,-23.578505],[-61.146599,-23.580215],[-61.155164,-23.57293],[-61.145557,-23.570427],[-61.16495,-23.566675],[-61.176573,-23.547538],[-61.195368,-23.549969],[-61.189738,-23.540672],[-61.215117,-23.551752],[-61.246901,-23.540801],[-61.263155,-23.516334],[-61.27761,-23.516992],[-61.273786,-23.506186],[-61.283915,-23.500419],[-61.2921,-23.509286],[-61.280861,-23.48867],[-61.292669,-23.495426],[-61.317858,-23.470052],[-61.34657,-23.463936],[-61.35207,-23.449954],[-61.37642,-23.457566],[-61.384664,-23.447246],[-61.384661,-23.459012],[-61.401099,-23.445177],[-61.419646,-23.447202],[-61.44949,-23.419048],[-61.494122,-23.424436],[-61.522207,-23.377273],[-61.516034,-23.351108],[-61.566557,-23.339381],[-61.572954,-23.30403],[-61.590049,-23.304652],[-61.607467,-23.283474],[-61.636656,-23.27543],[-61.669624,-23.28514],[-61.663075,-23.27665],[-61.681408,-23.273693],[-61.710491,-23.24242],[-61.728124,-23.24163],[-61.74861,-23.177806],[-61.808787,-23.155389],[-61.818255,-23.127097],[-61.830736,-23.125681],[-61.851766,-23.09446],[-61.843887,-23.492922],[-61.834775,-24.319366],[-61.813474,-24.31361],[-61.793897,-24.334303],[-61.782059,-24.314363],[-61.761882,-24.314628],[-61.743701,-24.339357],[-61.714857,-24.34051],[-61.732496,-24.358459],[-61.692479,-24.367661],[-61.71101,-24.370117],[-61.712528,-24.379856],[-61.697573,-24.413407],[-61.647061,-24.433833],[-61.610007,-24.423685],[-61.606367,-24.450352],[-61.584484,-24.439994],[-61.593109,-24.484109],[-61.576341,-24.495163],[-61.554937,-24.485193],[-61.562259,-24.502647],[-61.524996,-24.513182],[-61.523956,-24.539262],[-61.461057,-24.610885],[-61.382725,-24.612757],[-61.375481,-24.641579],[-61.364186,-24.61951],[-61.34184,-24.639461],[-61.294448,-24.62571],[-61.274128,-24.638878],[-61.26225,-24.619971],[-61.245767,-24.64956],[-61.232046,-24.639676],[-61.201567,-24.655791],[-61.208074,-24.698026],[-61.183641,-24.721078],[-61.157397,-24.709721],[-61.17385,-24.733571],[-61.147845,-24.755203],[-61.160359,-24.770859],[-61.152658,-24.786988],[-61.137669,-24.785318],[-61.144237,-24.798878],[-60.365049,-24.020311]]]},"properties":{"fid":364,"Entidad":0,"Objeto":"Departamento","FNA":"Departamento Bermejo","GNA":"Departamento","NAM":"Bermejo","SAG":"IGN","FDC":null,"IN1":"34007","SHAPE_STAr":1.23139900462,"SHAPE_STLe":6.34823432908}},
{"type":"Feature","geometry":{"type":"Polygon","coordinates":[[[-64.584755,-22.675841],[-64.610031,-22.668431],[-64.675731,-22.756896],[-64.699139,-22.760098],[-64.743273,-22.797542],[-64.778138,-22.807896],[-64.795665,-22.80117],[-64.7909,-22.777518],[-64.753304,-22.733214],[-64.765617,-22.582059],[-64.794633,-22.512343],[-64.842179,-22.468021],[-64.851773,-22.470323],[-64.848544,-22.515669],[-64.806408,-22.575806],[-64.812007,-22.58897],[-64.84379,-22.599392],[-64.875212,-22.599336],[-64.890986,-22.581996],[-65.000532,-22.584642],[-65.057623,-22.54435],[-65.090276,-22.602819],[-65.15069,-22.60435],[-65.258916,-22.56777],[-65.284689,-22.541436],[-65.310423,-22.544056],[-65.345414,-22.528412],[-65.348637,-22.551182],[-65.344713,-22.606383],[-65.271662,-22.64823],[-65.306061,-22.7304],[-65.301993,-22.765022],[-65.274232,-22.790107],[-65.262793,-22.874003],[-65.249231,-22.890481],[-65.251689,-22.927957],[-65.218238,-22.95895],[-65.199024,-22.958057],[-65.201701,-22.969241],[-65.187484,-22.971799],[-65.188911,-22.998151],[-65.133765,-23.001884],[-65.067974,-23.044948],[-65.022913,-23.018712],[-64.993893,-23.047958],[-64.940477,-23.031764],[-64.898681,-23.051683],[-64.841991,-23.046011],[-64.803909,-23.061529],[-64.78274,-23.054512],[-64.734226,-23.063829],[-64.679401,-23.034119],[-64.631523,-23.086631],[-64.563392,-23.070215],[-64.562363,-23.005551],[-64.550035,-22.965551],[-64.526858,-22.939532],[-64.573772,-22.907275],[-64.545394,-22.898428],[-64.526736,-22.913934],[-64.497847,-22.907976],[-64.492217,-22.886783],[-64.50103,-22.878668],[-64.486288,-22.869012],[-64.503459,-22.86585],[-64.519795,-22.831148],[-64.511389,-22.824993],[-64.521526,-22.814023],[-64.515646,-22.763176],[-64.538874,-22.729624],[-64.537619,-22.711297],[-64.55076,-22.71079],[-64.584755,-22.675841]]]},"properties":{"fid":366,"Entidad":0,"Objeto":"Departamento","FNA":"Departamento Iruya","GNA":"Departamento","NAM":"Iruya","SAG":"IDE Salta","FDC":null,"IN1":"66070","SHAPE_STAr":0.310615014979,"SHAPE_STLe":3.51675952479}},
{"type":"Feature","geometry":{"type":"Polygon","coordinates":[[[-61.834775,-24.319366],[-61.843887,-23.492922],[-62.342032,-23.495424],[-62.341873,-24.107935],[-62.33385,-24.086661],[-62.321527,-24.087452],[-62.315341,-24.118623],[-62.224207,-24.142179],[-62.16557,-24.173472],[-62.182249,-24.19365],[-62.138322,-24.187495],[-62.137609,-24.217386],[-62.076428,-24.201301],[-62.087582,-24.232044],[-62.056889,-24.212394],[-62.042076,-24.23724],[-62.007612,-24.232952],[-61.985263,-24.246842],[-61.984652,-24.227095],[-61.964848,-24.231002],[-61.933911,-24.273009],[-61.907838,-24.259432],[-61.904008,-24.27777],[-61.920264,-24.283899],[-61.908516,-24.306762],[-61.886819,-24.273768],[-61.879321,-24.307321],[-61.843646,-24.305456],[-61.848008,-24.321982],[-61.834775,-24.319366]]]},"properties":{"fid":367,"Entidad":0,"Objeto":"Departamento","FNA":"Departamento Matacos","GNA":"Departamento","NAM":"Matacos","SAG":"IGN","FDC":null,"IN1":"34028","SHAPE_STAr":0.359701141732,"SHAPE_STLe":2.84813897757}},
{"type":"Feature","geometry":{"type":"Polygon","coordinates":[[[-64.315029,-22.882697],[-64.314783,-22.867125],[-64.336434,-22.873737],[-64.340856,-22.861582],[-64.328206,-22.862033],[-64.326729,-22.837672],[-64.3301,-22.812186],[-64.342541,-22.805808],[-64.344334,-22.739398],[-64.362535,-22.723711],[-64.40321,-22.7187],[-64.39073,-22.7121],[-64.394728,-22.685684],[-64.415919,-22.678567],[-64.413668,-22.656642],[-64.441352,-22.638786],[-64.423987,-22.634356],[-64.433888,-22.631345],[-64.4302,-22.581729],[-64.40958,-22.56295],[-64.41208,-22.538378],[-64.428912,-22.521702],[-64.448313,-22.521557],[-64.444914,-22.506398],[-64.481686,-22.481091],[-64.503468,-22.521971],[-64.493923,-22.539104],[-64.503304,-22.606767],[-64.547039,-22.661683],[-64.584755,-22.675841],[-64.55076,-22.71079],[-64.537619,-22.711297],[-64.538874,-22.729624],[-64.515646,-22.763176],[-64.521526,-22.814023],[-64.511389,-22.824993],[-64.519795,-22.831148],[-64.503459,-22.86585],[-64.486288,-22.869012],[-64.50103,-22.878668],[-64.492217,-22.886783],[-64.497847,-22.907976],[-64.526736,-22.913934],[-64.545394,-22.898428],[-64.573772,-22.907275],[-64.526858,-22.939532],[-64.550035,-22.965551],[-64.562363,-23.005551],[-64.563392,-23.070215],[-64.631523,-23.086631],[-64.679401,-23.034119],[-64.734226,-23.063829],[-64.78274,-23.054512],[-64.803909,-23.061529],[-64.841991,-23.046011],[-64.898681,-23.051683],[-64.940477,-23.031764],[-64.993893,-23.047958],[-65.022913,-23.018712],[-65.067974,-23.044948],[-65.06221,-23.11878],[-65.071695,-23.137652],[-65.04502,-23.155738],[-65.069695,-23.19949],[-65.071975,-23.220318],[-65.038648,-23.226904],[-65.035909,-23.252437],[-65.010115,-23.285114],[-64.964637,-23.286112],[-64.947278,-23.269148],[-64.910177,-23.310812],[-64.904669,-23.354265],[-64.89242,-23.359446],[-64.910534,-23.400815],[-64.906665,-23.423791],[-64.89487,-23.440442],[-64.868444,-23.447421],[-64.873355,-23.478743],[-64.84469,-23.491396],[-64.840874,-23.484401],[-64.787476,-23.496161],[-64.761153,-23.47566],[-64.739431,-23.478941],[-64.738427,-23.467616],[-64.682533,-23.452433],[-64.657688,-23.483167],[-64.532561,-23.521357],[-64.534832,-23.538396],[-64.495621,-23.567256],[-64.47896,-23.608513],[-64.457473,-23.611443],[-64.466127,-23.621264],[-64.444975,-23.640092],[-64.431318,-23.632834],[-64.393905,-23.608088],[-64.388433,-23.580332],[-64.397078,-23.573415],[-64.357051,-23.517923],[-64.157057,-23.518042],[-64.157975,-24.154824],[-64.008399,-24.163567],[-63.644385,-24.223467],[-63.622533,-24.11262],[-63.530424,-24.127867],[-63.45781,-23.706357],[-63.437018,-23.710302],[-63.402117,-23.535251],[-63.409832,-23.511537],[-63.498871,-23.451481],[-63.589519,-23.430637],[-63.617459,-23.388019],[-63.637982,-23.3976],[-63.662444,-23.390945],[-63.699796,-23.338303],[-63.726191,-23.322434],[-63.844335,-23.323429],[-63.910014,-23.299718],[-63.944228,-23.327979],[-63.95631,-23.314766],[-64.007044,-23.332433],[-64.039199,-23.307917],[-64.072966,-23.30586],[-64.093387,-23.254459],[-64.108328,-23.262921],[-64.140939,-23.248348],[-64.162403,-23.273137],[-64.187205,-23.268725],[-64.177626,-23.234533],[-64.213958,-23.225749],[-64.226961,-23.206572],[-64.214077,-23.182128],[-64.196165,-23.197681],[-64.168021,-23.200702],[-64.20368,-23.182071],[-64.1828,-23.152695],[-64.209123,-23.156257],[-64.190745,-23.129076],[-64.213506,-23.135079],[-64.203406,-23.122796],[-64.211593,-23.088769],[-64.218557,-23.099264],[-64.2388,-23.096327],[-64.247628,-23.068779],[-64.276116,-23.066513],[-64.270336,-23.041334],[-64.281585,-23.028942],[-64.324581,-23.02057],[-64.332718,-23.008896],[-64.32722,-22.953351],[-64.342433,-22.930243],[-64.325464,-22.916952],[-64.315029,-22.882697]]]},"properties":{"fid":369,"Entidad":0,"Objeto":"Departamento","FNA":"Departamento Orán","GNA":"Departamento","NAM":"Orán","SAG":"IDE Salta","FDC":null,"IN1":"66126","SHAPE_STAr":1.02883933244,"SHAPE_STLe":7.86708223523}},
{"type":"Feature","geometry":{"type":"Polygon","coordinates":[[[-64.157975,-24.154824],[-64.157057,-23.518042],[-64.357051,-23.517923],[-64.397078,-23.573415],[-64.388433,-23.580332],[-64.393905,-23.608088],[-64.431318,-23.632834],[-64.486802,-23.683354],[-64.484765,-23.700613],[-64.510697,-23.699751],[-64.568365,-23.730259],[-64.572274,-23.788499],[-64.590605,-23.818693],[-64.6114,-23.816368],[-64.619355,-23.833563],[-64.611786,-23.847613],[-64.627217,-23.848725],[-64.628277,-23.873721],[-64.644745,-23.877323],[-64.660061,-23.913386],[-64.647606,-23.925708],[-64.665012,-23.931503],[-64.658676,-23.951381],[-64.670042,-23.965347],[-64.661353,-23.973384],[-64.674222,-23.982661],[-64.664027,-23.992413],[-64.688904,-23.993406],[-64.693555,-24.013995],[-64.67956,-24.016043],[-64.715749,-24.05583],[-64.705716,-24.064191],[-64.721683,-24.097049],[-64.692894,-24.165477],[-64.692782,-24.209367],[-64.741186,-24.315241],[-64.691722,-24.335168],[-64.64453,-24.335988],[-64.578961,-24.320586],[-64.530495,-24.325432],[-64.495878,-24.3015],[-64.524167,-24.333998],[-64.547269,-24.421422],[-64.547788,-24.434631],[-64.52267,-24.460182],[-64.532648,-24.504846],[-64.5,-24.506369],[-64.481876,-24.465124],[-64.45537,-24.463038],[-64.436295,-24.442659],[-64.421652,-24.402206],[-64.31834,-24.42716],[-64.273769,-24.393327],[-64.251978,-24.364174],[-64.252395,-24.344425],[-64.223127,-24.329375],[-64.180019,-24.263646],[-64.161841,-24.221061],[-64.175011,-24.212566],[-64.157975,-24.154824]]]},"properties":{"fid":375,"Entidad":0,"Objeto":"Departamento","FNA":"Departamento Santa Bárbara","GNA":"Departamento","NAM":"Santa Bárbara","SAG":"Direc. Grl. de Inmuebles","FDC":null,"IN1":"38070","SHAPE_STAr":0.390029406417,"SHAPE_STLe":3.46183354484}},
{"type":"Feature","geometry":{"type":"Polygon","coordinates":[[[-61.851766,-23.09446],[-61.863561,-23.084707],[-61.87265,-23.093127],[-61.877729,-23.082437],[-61.88816,-23.08721],[-61.89183,-23.069633],[-61.934727,-23.067687],[-61.940064,-23.046541],[-61.955336,-23.048513],[-61.951611,-23.033761],[-61.982782,-23.022899],[-61.989467,-23.002924],[-61.99712,-23.010175],[-61.992498,-22.992033],[-62.005953,-22.988472],[-61.996766,-22.966075],[-62.010376,-22.975686],[-61.995946,-22.951532],[-61.999597,-22.929577],[-62.024822,-22.927711],[-62.021641,-22.908297],[-62.040548,-22.869415],[-62.072169,-22.846668],[-62.095241,-22.806137],[-62.108199,-22.819527],[-62.11557,-22.794912],[-62.139626,-22.78072],[-62.134594,-22.771471],[-62.14729,-22.764803],[-62.138557,-22.76162],[-62.162529,-22.753006],[-62.16109,-22.732503],[-62.185913,-22.704261],[-62.195032,-22.715073],[-62.200949,-22.706957],[-62.199705,-22.694174],[-62.177224,-22.693607],[-62.186291,-22.678685],[-62.20102,-22.683658],[-62.188956,-22.622548],[-62.207746,-22.645718],[-62.22574,-22.622642],[-62.241978,-22.628741],[-62.235794,-22.615725],[-62.25145,-22.612495],[-62.25358,-22.600472],[-62.263792,-22.603584],[-62.233228,-22.569863],[-62.234095,-22.54433],[-62.254896,-22.531622],[-62.250431,-22.516989],[-62.280918,-22.51143],[-62.286543,-22.523138],[-62.290197,-22.474609],[-62.327324,-22.484307],[-62.3423,-22.46084],[-62.342032,-23.495424],[-61.843887,-23.492922],[-61.851766,-23.09446]]]},"properties":{"fid":377,"Entidad":0,"Objeto":"Departamento","FNA":"Departamento Ramón Lista","GNA":"Departamento","NAM":"Ramón Lista","SAG":"IGN","FDC":null,"IN1":"34063","SHAPE_STAr":0.338782268402,"SHAPE_STLe":3.39726776089}},
{"type":"Feature","geometry":{"type":"Polygon","coordinates":[[[-64.710391,-26.836183],[-64.719839,-26.834564],[-64.724854,-26.867475],[-64.752413,-26.863626],[-64.781247,-26.857897],[-64.778297,-26.844324],[-64.808373,-26.839843],[-64.805185,-26.82249],[-64.845996,-26.815032],[-64.852081,-26.840918],[-64.894047,-26.833004],[-64.879699,-26.773947],[-64.936881,-26.763517],[-64.947885,-26.806721],[-65.104678,-26.776863],[-65.099867,-26.755742],[-65.129903,-26.744098],[-65.157264,-26.756392],[-65.160966,-26.790937],[-65.159546,-26.814934],[-65.208076,-26.893121],[-65.209248,-26.914211],[-65.214858,-26.95162],[-65.234749,-26.968312],[-65.232836,-26.97946],[-65.241837,-26.976964],[-65.246031,-26.997526],[-65.121313,-27.025949],[-65.119073,-27.016216],[-65.049651,-27.029449],[-65.046546,-27.015125],[-64.781173,-27.076613],[-64.766976,-27.014285],[-64.753651,-27.016664],[-64.742586,-27.00441],[-64.710391,-26.836183]]]},"properties":{"fid":392,"Entidad":0,"Objeto":"Departamento","FNA":"Departamento Cruz Alta","GNA":"Departamento","NAM":"Cruz Alta","SAG":"IDE Tucuman","FDC":null,"IN1":"90014","SHAPE_STAr":0.109809714094,"SHAPE_STLe":1.85420887118}},
{"type":"Feature","geometry":{"type":"Polygon","coordinates":[[[-64.495323,-26.219366],[-64.564152,-26.226925],[-64.579581,-26.218181],[-64.667792,-26.242718],[-64.732152,-26.241556],[-64.759069,-26.223986],[-64.790412,-26.223718],[-64.822772,-26.242688],[-64.845319,-26.238596],[-64.873443,-26.274922],[-64.941615,-26.302252],[-64.96093,-26.303977],[-64.972518,-26.274381],[-65.037822,-26.29028],[-65.044727,-26.320317],[-65.103048,-26.400048],[-65.114446,-26.508748],[-65.140916,-26.507789],[-65.167333,-26.553633],[-65.191156,-26.553675],[-65.191423,-26.580735],[-65.171896,-26.578423],[-65.16542,-26.599382],[-65.186616,-26.618024],[-65.191804,-26.640974],[-65.173136,-26.656429],[-65.176531,-26.685197],[-65.154548,-26.72673],[-65.157264,-26.756392],[-65.129903,-26.744098],[-65.099867,-26.755742],[-65.104678,-26.776863],[-64.947885,-26.806721],[-64.936881,-26.763517],[-64.879699,-26.773947],[-64.894047,-26.833004],[-64.852081,-26.840918],[-64.845996,-26.815032],[-64.805185,-26.82249],[-64.808373,-26.839843],[-64.778297,-26.844324],[-64.781247,-26.857897],[-64.752413,-26.863626],[-64.724854,-26.867475],[-64.719839,-26.834564],[-64.710391,-26.836183],[-64.707201,-26.81951],[-64.67757,-26.824509],[-64.672617,-26.794008],[-64.617889,-26.802693],[-64.587518,-26.658117],[-64.498764,-26.673465],[-64.508537,-26.553957],[-64.521389,-26.543823],[-64.517339,-26.486464],[-64.534387,-26.410614],[-64.521371,-26.353032],[-64.481988,-26.306838],[-64.502279,-26.239006],[-64.495323,-26.219366]]]},"properties":{"fid":396,"Entidad":0,"Objeto":"Departamento","FNA":"Departamento Burruyacú","GNA":"Departamento","NAM":"Burruyacú","SAG":"IDE Tucuman","FDC":null,"IN1":"90007","SHAPE_STAr":0.328812348683,"SHAPE_STLe":3.06290963197}},
{"type":"Feature","geometry":{"type":"Polygon","coordinates":[[[-60.909114,-27.999427],[-60.908656,-27.793855],[-61.013663,-27.794093],[-61.019432,-27.634928],[-61.129842,-27.635325],[-61.129482,-27.705472],[-61.240527,-27.705559],[-61.240145,-27.794178],[-61.568326,-27.794833],[-61.569271,-27.714245],[-61.711242,-27.714007],[-61.711246,-27.79709],[-61.711256,-27.999421],[-60.909991,-27.999427],[-60.909114,-27.999427]]]},"properties":{"fid":492,"Entidad":0,"Objeto":"Departamento","FNA":"Departamento Fray Justo Santa María de Oro","GNA":"Departamento","NAM":"Fray Justo Santa María de Oro","SAG":"IDE Chaco","FDC":null,"IN1":"22043","SHAPE_STAr":0.204243917763,"SHAPE_STLe":2.49579405936}},
{"type":"Feature","geometry":{"type":"Polygon","coordinates":[[[-61.33222,-26.658346],[-61.711186,-26.65361],[-61.711192,-26.755597],[-60.820737,-27.366329],[-60.819882,-27.309903],[-60.905856,-27.252031],[-60.844518,-27.180072],[-60.817973,-27.198177],[-60.817034,-27.142401],[-61.215135,-26.870445],[-61.189714,-26.840672],[-61.335665,-26.839113],[-61.33222,-26.658346]]]},"properties":{"fid":494,"Entidad":0,"Objeto":"Departamento","FNA":"Departamento 9 de Julio","GNA":"Departamento","NAM":"9 de Julio","SAG":"IDE Chaco","FDC":null,"IN1":"22105","SHAPE_STAr":0.196672934691,"SHAPE_STLe":2.75184332176}},
{"type":"Feature","geometry":{"type":"Polygon","coordinates":[[[-61.019432,-27.634928],[-61.02235,-27.478218],[-61.571168,-27.480193],[-61.569271,-27.714245],[-61.568326,-27.794833],[-61.240145,-27.794178],[-61.240527,-27.705559],[-61.129482,-27.705472],[-61.129842,-27.635325],[-61.019432,-27.634928]]]},"properties":{"fid":498,"Entidad":0,"Objeto":"Departamento","FNA":"Departamento 2 de Abril","GNA":"Departamento","NAM":"2 de Abril","SAG":"IDE Chaco","FDC":null,"IN1":"22039","SHAPE_STAr":0.145950705649,"SHAPE_STLe":1.73235092394}},
{"type":"Feature","geometry":{"type":"Polygon","coordinates":[[[-60.989993,-26.661331],[-61.33222,-26.658346],[-61.335665,-26.839113],[-61.189714,-26.840672],[-61.215135,-26.870445],[-60.817034,-27.142401],[-60.815565,-27.054975],[-60.816236,-26.90229],[-60.851421,-26.889906],[-60.883056,-26.927046],[-61.008181,-26.841828],[-60.992731,-26.841964],[-60.989993,-26.661331]]]},"properties":{"fid":505,"Entidad":0,"Objeto":"Departamento","FNA":"Departamento General Belgrano","GNA":"Departamento","NAM":"General Belgrano","SAG":"IDE Chaco","FDC":null,"IN1":"22049","SHAPE_STAr":0.11820103472,"SHAPE_STLe":1.86404150312}},
{"type":"Feature","geometry":{"type":"Polygon","coordinates":[[[-62.899669,-38.456661],[-62.654991,-38.267006],[-62.735947,-38.202478],[-62.654714,-38.139112],[-62.814394,-38.010744],[-62.734431,-37.948674],[-62.895559,-37.819165],[-62.730764,-37.690504],[-62.735477,-37.67184],[-62.581433,-37.549222],[-62.629893,-37.510153],[-62.642151,-37.519813],[-62.813196,-37.373926],[-63.377337,-37.815126],[-63.385682,-37.808789],[-63.385312,-38.252924],[-63.384239,-38.828938],[-62.899669,-38.456661]]]},"properties":{"fid":112,"Entidad":0,"Objeto":"Departamento","FNA":"Partido de Puán","GNA":"Partido","NAM":"Puán","SAG":"ARBA - Gerencia de Servicios Catastrales","FDC":null,"IN1":"06651","SHAPE_STAr":0.654714822749,"SHAPE_STLe":4.1269167251}},
{"type":"Feature","geometry":{"type":"Polygon","coordinates":[[[-63.282763,-36.607562],[-63.385393,-36.524924],[-63.385315,-36.807844],[-63.38534,-37.258935],[-63.385486,-37.709886],[-63.385682,-37.808789],[-63.377337,-37.815126],[-62.813196,-37.373926],[-62.642151,-37.519813],[-62.629893,-37.510153],[-62.425401,-37.348682],[-62.538814,-37.257424],[-62.509555,-37.233769],[-62.51102,-37.196019],[-62.59499,-37.096394],[-62.647306,-37.123047],[-62.970025,-36.863033],[-63.282763,-36.607562]]]},"properties":{"fid":110,"Entidad":0,"Objeto":"Departamento","FNA":"Partido de Adolfo Alsina","GNA":"Partido","NAM":"Adolfo Alsina","SAG":"ARBA - Gerencia de Servicios Catastrales","FDC":null,"IN1":"06007","SHAPE_STAr":0.596931345104,"SHAPE_STLe":3.88361673949}},
{"type":"Feature","geometry":{"type":"Polygon","coordinates":[[[-62.613653,-38.592242],[-62.648968,-38.516606],[-62.737221,-38.585843],[-62.899669,-38.456661],[-63.384239,-38.828938],[-63.383269,-39.328492],[-63.323077,-39.335726],[-63.239324,-39.366346],[-63.173454,-39.413021],[-63.136655,-39.393722],[-63.101848,-39.424406],[-63.113111,-39.451769],[-63.09173,-39.451579],[-63.099691,-39.468154],[-63.066023,-39.460192],[-63.072178,-39.478056],[-63.032677,-39.480968],[-63.028319,-39.494873],[-63.016958,-39.485694],[-63.013383,-39.503276],[-62.973158,-39.503729],[-62.958821,-39.517566],[-62.908678,-39.505141],[-62.858025,-39.530495],[-62.809029,-39.511341],[-62.754412,-39.506181],[-62.69157,-39.53479],[-62.677189,-39.526407],[-62.623841,-39.531056],[-62.616835,-39.548087],[-62.537037,-39.575165],[-62.49034,-39.607507],[-62.475051,-39.628245],[-62.486565,-39.665615],[-62.476386,-39.693672],[-62.431023,-39.724771],[-62.408911,-39.725017],[-62.397579,-39.753615],[-62.375086,-39.764014],[-62.391076,-39.768895],[-62.390102,-39.78013],[-62.370786,-39.775662],[-62.337825,-39.802274],[-62.299668,-39.797213],[-62.248896,-39.817013],[-62.21406,-39.84264],[-62.162093,-39.828934],[-62.144211,-39.830255],[-62.136038,-39.847458],[-62.119441,-39.845709],[-62.124914,-39.742236],[-62.111768,-39.706068],[-62.122713,-39.707674],[-62.092226,-39.679835],[-62.106206,-39.666837],[-62.099305,-39.685605],[-62.119055,-39.662554],[-62.089579,-39.540101],[-62.045381,-39.448343],[-62.134164,-39.397928],[-62.160487,-39.40004],[-62.147192,-39.397809],[-62.149856,-39.380024],[-62.164033,-39.397456],[-62.167069,-39.37527],[-62.180441,-39.39697],[-62.192434,-39.382265],[-62.207591,-39.401039],[-62.194175,-39.37697],[-62.239313,-39.360195],[-62.211569,-39.360932],[-62.203122,-39.346846],[-62.262608,-39.347227],[-62.279931,-39.325859],[-62.259824,-39.32229],[-62.286831,-39.322932],[-62.260562,-39.315431],[-62.274315,-39.308989],[-62.285903,-39.317317],[-62.277147,-39.306752],[-62.288497,-39.298638],[-62.252472,-39.304724],[-62.229896,-39.296604],[-62.199945,-39.3074],[-62.185014,-39.298358],[-62.167464,-39.331119],[-62.085587,-39.390106],[-62.022638,-39.390611],[-62.010907,-39.357941],[-62.013787,-39.364866],[-62.040765,-39.349125],[-62.062294,-39.31983],[-62.12989,-39.292723],[-62.316916,-39.266054],[-62.301687,-39.245043],[-62.286011,-39.256667],[-62.237414,-39.251589],[-62.260295,-39.231239],[-62.286365,-39.233295],[-62.342234,-39.162954],[-62.332336,-39.132497],[-62.352019,-39.113004],[-62.330546,-39.116583],[-62.35416,-39.101107],[-62.306614,-39.052894],[-62.299285,-39.025007],[-62.316945,-39.002992],[-62.300384,-38.993398],[-62.321371,-38.995754],[-62.321742,-38.968442],[-62.345713,-38.950311],[-62.320529,-38.904268],[-62.351952,-38.863037],[-62.326149,-38.838178],[-62.347897,-38.846411],[-62.360794,-38.826685],[-62.362721,-38.845459],[-62.371954,-38.843674],[-62.375785,-38.825638],[-62.387159,-38.838059],[-62.393342,-38.82068],[-62.414013,-38.817498],[-62.388523,-38.815029],[-62.397268,-38.795607],[-62.365591,-38.815237],[-62.371659,-38.799295],[-62.353813,-38.815118],[-62.352236,-38.802686],[-62.337216,-38.814464],[-62.306134,-38.799414],[-62.327252,-38.789646],[-62.340577,-38.802079],[-62.356847,-38.787654],[-62.343998,-38.773615],[-62.368833,-38.780961],[-62.352891,-38.76951],[-62.373622,-38.769213],[-62.375882,-38.790717],[-62.382426,-38.780813],[-62.400777,-38.782538],[-62.406518,-38.766447],[-62.412139,-38.786137],[-62.420714,-38.773145],[-62.431636,-38.783567],[-62.460261,-38.777],[-62.467935,-38.790134],[-62.476358,-38.784352],[-62.473967,-38.802555],[-62.487672,-38.771182],[-62.510372,-38.76421],[-62.495025,-38.746186],[-62.504275,-38.738452],[-62.478726,-38.75037],[-62.44543,-38.737149],[-62.472886,-38.663293],[-62.597119,-38.621646],[-62.613653,-38.592242]]]},"properties":{"fid":113,"Entidad":0,"Objeto":"Departamento","FNA":"Partido de Villarino","GNA":"Partido","NAM":"Villarino","SAG":"ARBA - Gerencia de Servicios Catastrales","FDC":null,"IN1":"06875","SHAPE_STAr":1.05456331861,"SHAPE_STLe":8.41777843656}},
{"type":"Feature","geometry":{"type":"Polygon","coordinates":[[[-63.382415,-39.871918],[-63.380802,-40.408639],[-63.37935,-40.70977],[-63.36273,-40.70302],[-63.358923,-40.720807],[-63.310025,-40.70653],[-63.28397,-40.728719],[-63.191647,-40.71625],[-62.957154,-40.817675],[-62.801535,-40.982131],[-62.789667,-41.024164],[-62.710424,-41.037676],[-62.553041,-40.959188],[-62.413272,-40.920165],[-62.312549,-40.871148],[-62.232314,-40.687906],[-62.17454,-40.637533],[-62.169448,-40.600271],[-62.181941,-40.576833],[-62.255133,-40.539142],[-62.31845,-40.526412],[-62.316285,-40.535383],[-62.253729,-40.552396],[-62.255109,-40.577071],[-62.262152,-40.562961],[-62.282497,-40.571479],[-62.297606,-40.542711],[-62.320734,-40.535335],[-62.320366,-40.504854],[-62.37451,-40.491077],[-62.418947,-40.463666],[-62.421017,-40.428616],[-62.446858,-40.407879],[-62.489403,-40.317686],[-62.445751,-40.250192],[-62.389394,-40.22842],[-62.33889,-40.186875],[-62.327647,-40.151361],[-62.351867,-40.069997],[-62.330416,-39.998792],[-62.34223,-39.963707],[-62.323849,-39.940436],[-62.331094,-39.915772],[-62.303576,-39.86202],[-62.266099,-39.859058],[-62.29633,-39.827364],[-62.248896,-39.817013],[-62.299668,-39.797213],[-62.337825,-39.802274],[-62.370786,-39.775662],[-62.390102,-39.78013],[-62.391076,-39.768895],[-62.375086,-39.764014],[-62.397579,-39.753615],[-62.408911,-39.725017],[-62.431023,-39.724771],[-62.476386,-39.693672],[-62.486565,-39.665615],[-62.475051,-39.628245],[-62.49034,-39.607507],[-62.537037,-39.575165],[-62.616835,-39.548087],[-62.623841,-39.531056],[-62.677189,-39.526407],[-62.69157,-39.53479],[-62.754412,-39.506181],[-62.809029,-39.511341],[-62.858025,-39.530495],[-62.908678,-39.505141],[-62.958821,-39.517566],[-62.973158,-39.503729],[-63.013383,-39.503276],[-63.016958,-39.485694],[-63.028319,-39.494873],[-63.032677,-39.480968],[-63.072178,-39.478056],[-63.066023,-39.460192],[-63.099691,-39.468154],[-63.09173,-39.451579],[-63.113111,-39.451769],[-63.101848,-39.424406],[-63.136655,-39.393722],[-63.173454,-39.413021],[-63.239324,-39.366346],[-63.323077,-39.335726],[-63.383269,-39.328492],[-63.382415,-39.871918]]]},"properties":{"fid":329,"Entidad":0,"Objeto":"Departamento","FNA":"Partido de Patagones","GNA":"Partido","NAM":"Patagones","SAG":"ARBA - Gerencia de Servicios Catastrales","FDC":null,"IN1":"06602","SHAPE_STAr":1.42321092648,"SHAPE_STLe":6.34373744892}},
{"type":"Feature","geometry":{"type":"Polygon","coordinates":[[[-62.473292,-36.457208],[-62.607583,-36.561423],[-62.815859,-36.731801],[-62.970025,-36.863033],[-62.647306,-37.123047],[-62.59499,-37.096394],[-62.51102,-37.196019],[-62.509555,-37.233769],[-62.538814,-37.257424],[-62.425401,-37.348682],[-62.211774,-37.180268],[-62.202974,-37.187142],[-61.974843,-37.016773],[-61.916273,-37.067143],[-61.875676,-37.036577],[-61.892052,-37.022529],[-61.859765,-36.992546],[-62.019701,-36.849688],[-61.993256,-36.854244],[-62.016622,-36.822298],[-61.996182,-36.820489],[-61.983549,-36.804705],[-62.000052,-36.811648],[-62.175476,-36.663314],[-62.201791,-36.684577],[-62.248976,-36.645955],[-62.223998,-36.622638],[-62.384667,-36.488435],[-62.411544,-36.50918],[-62.473292,-36.457208]]]},"properties":{"fid":263,"Entidad":0,"Objeto":"Departamento","FNA":"Partido de Guaminí","GNA":"Partido","NAM":"Guaminí","SAG":"ARBA - Gerencia de Servicios Catastrales","FDC":null,"IN1":"06399","SHAPE_STAr":0.487680384169,"SHAPE_STLe":3.2977377616}},
{"type":"Feature","geometry":{"type":"Polygon","coordinates":[[[-62.098933,-37.935484],[-62.157986,-37.966556],[-62.177943,-38.002051],[-62.244844,-38.041732],[-62.28238,-38.09016],[-62.330975,-38.108006],[-62.346075,-38.136294],[-62.442283,-38.055848],[-62.463136,-38.071999],[-62.489683,-38.008184],[-62.575304,-38.075172],[-62.734431,-37.948674],[-62.814394,-38.010744],[-62.654714,-38.139112],[-62.735947,-38.202478],[-62.654991,-38.267006],[-62.899669,-38.456661],[-62.737221,-38.585843],[-62.648968,-38.516606],[-62.613653,-38.592242],[-62.387813,-38.408546],[-62.341853,-38.442647],[-62.239765,-38.360879],[-62.209072,-38.395428],[-62.227738,-38.410597],[-62.209487,-38.424421],[-62.220692,-38.43341],[-62.196342,-38.452023],[-62.08465,-38.362737],[-61.99865,-38.426815],[-62.010183,-38.436228],[-61.988598,-38.452507],[-61.938614,-38.411211],[-61.925364,-38.453459],[-61.893041,-38.426141],[-61.81274,-38.485462],[-61.781602,-38.459945],[-61.781877,-38.43753],[-61.740866,-38.408559],[-61.756607,-38.383508],[-61.717077,-38.309626],[-61.718262,-38.288894],[-61.69694,-38.285753],[-61.737251,-38.218317],[-61.769883,-38.196911],[-61.759614,-38.191956],[-61.767389,-38.17245],[-61.78332,-38.158214],[-61.775883,-38.140682],[-61.792692,-38.137492],[-61.799747,-38.109579],[-61.822305,-38.096474],[-61.827134,-38.065352],[-61.857379,-38.057644],[-61.872035,-38.033518],[-61.930716,-38.008459],[-61.94947,-38.022806],[-61.92978,-38.039125],[-61.951627,-38.056987],[-62.050357,-37.990734],[-62.049601,-37.971499],[-62.098933,-37.935484]]]},"properties":{"fid":55,"Entidad":0,"Objeto":"Departamento","FNA":"Partido de Tornquist","GNA":"Partido","NAM":"Tornquist","SAG":"ARBA - Gerencia de Servicios Catastrales","FDC":null,"IN1":"06819","SHAPE_STAr":0.428216783937,"SHAPE_STLe":4.51920778092}},
{"type":"Feature","geometry":{"type":"Polygon","coordinates":[[[-62.098933,-37.935484],[-62.04469,-37.752474],[-62.10035,-37.725524],[-62.084609,-37.706456],[-62.131113,-37.656871],[-62.124791,-37.633517],[-62.220578,-37.590804],[-62.218579,-37.560718],[-62.250002,-37.544981],[-62.233507,-37.53901],[-62.283399,-37.453408],[-62.321996,-37.467866],[-62.373166,-37.40407],[-62.390814,-37.412573],[-62.398402,-37.399412],[-62.383878,-37.393046],[-62.397712,-37.378482],[-62.408146,-37.38288],[-62.425401,-37.348682],[-62.629893,-37.510153],[-62.581433,-37.549222],[-62.735477,-37.67184],[-62.730764,-37.690504],[-62.895559,-37.819165],[-62.734431,-37.948674],[-62.575304,-38.075172],[-62.489683,-38.008184],[-62.463136,-38.071999],[-62.442283,-38.055848],[-62.346075,-38.136294],[-62.330975,-38.108006],[-62.28238,-38.09016],[-62.244844,-38.041732],[-62.177943,-38.002051],[-62.157986,-37.966556],[-62.098933,-37.935484]]]},"properties":{"fid":270,"Entidad":0,"Objeto":"Departamento","FNA":"Partido de Saavedra","GNA":"Partido","NAM":"Saavedra","SAG":"ARBA - Gerencia de Servicios Catastrales","FDC":null,"IN1":"06700","SHAPE_STAr":0.362635692976,"SHAPE_STLe":2.86324096692}},
{"type":"Feature","geometry":{"type":"Polygon","coordinates":[[[-61.781602,-38.459945],[-61.81274,-38.485462],[-61.893041,-38.426141],[-61.925364,-38.453459],[-61.938614,-38.411211],[-61.988598,-38.452507],[-62.010183,-38.436228],[-61.99865,-38.426815],[-62.08465,-38.362737],[-62.196342,-38.452023],[-62.220692,-38.43341],[-62.209487,-38.424421],[-62.227738,-38.410597],[-62.209072,-38.395428],[-62.239765,-38.360879],[-62.341853,-38.442647],[-62.387813,-38.408546],[-62.613653,-38.592242],[-62.597119,-38.621646],[-62.472886,-38.663293],[-62.44543,-38.737149],[-62.404825,-38.741605],[-62.400799,-38.733867],[-62.397659,-38.746345],[-62.378832,-38.730964],[-62.373921,-38.742709],[-62.379679,-38.721779],[-62.352913,-38.717592],[-62.313181,-38.735973],[-62.326053,-38.749966],[-62.308303,-38.747397],[-62.3001,-38.785336],[-62.249603,-38.795758],[-62.236268,-38.78919],[-62.234512,-38.805166],[-62.223105,-38.80962],[-62.212169,-38.798199],[-62.181981,-38.817059],[-62.061985,-38.712333],[-62.012158,-38.706767],[-61.925669,-38.731246],[-61.847934,-38.665363],[-61.818412,-38.687872],[-61.742365,-38.627211],[-61.754178,-38.615251],[-61.747618,-38.596889],[-61.778637,-38.579577],[-61.795043,-38.529671],[-61.781602,-38.459945]]]},"properties":{"fid":26,"Entidad":0,"Objeto":"Departamento","FNA":"Partido de Bahía Blanca","GNA":"Partido","NAM":"Bahía Blanca","SAG":"ARBA - Gerencia de Servicios Catastrales","FDC":null,"IN1":"06056","SHAPE_STAr":0.231575702272,"SHAPE_STLe":2.92723615722}},
{"type":"Feature","geometry":{"type":"Polygon","coordinates":[[[-61.767389,-38.17245],[-61.662952,-38.090764],[-61.682948,-38.0742],[-61.509315,-37.937967],[-61.60554,-37.861534],[-61.44205,-37.734938],[-61.538169,-37.657284],[-61.488433,-37.618856],[-61.596799,-37.530862],[-61.53674,-37.48301],[-61.750076,-37.303527],[-61.744262,-37.271556],[-61.702772,-37.216555],[-61.735437,-37.093506],[-61.60463,-36.994425],[-61.70785,-36.907189],[-61.760025,-36.945973],[-61.778158,-36.930425],[-61.859765,-36.992546],[-61.892052,-37.022529],[-61.875676,-37.036577],[-61.916273,-37.067143],[-61.974843,-37.016773],[-62.202974,-37.187142],[-62.211774,-37.180268],[-62.425401,-37.348682],[-62.408146,-37.38288],[-62.397712,-37.378482],[-62.383878,-37.393046],[-62.398402,-37.399412],[-62.390814,-37.412573],[-62.373166,-37.40407],[-62.321996,-37.467866],[-62.283399,-37.453408],[-62.233507,-37.53901],[-62.250002,-37.544981],[-62.218579,-37.560718],[-62.220578,-37.590804],[-62.124791,-37.633517],[-62.131113,-37.656871],[-62.084609,-37.706456],[-62.10035,-37.725524],[-62.04469,-37.752474],[-62.098933,-37.935484],[-62.049601,-37.971499],[-62.050357,-37.990734],[-61.951627,-38.056987],[-61.92978,-38.039125],[-61.94947,-38.022806],[-61.930716,-38.008459],[-61.872035,-38.033518],[-61.857379,-38.057644],[-61.827134,-38.065352],[-61.822305,-38.096474],[-61.799747,-38.109579],[-61.792692,-38.137492],[-61.775883,-38.140682],[-61.78332,-38.158214],[-61.767389,-38.17245]]]},"properties":{"fid":24,"Entidad":0,"Objeto":"Departamento","FNA":"Partido de Coronel Suárez","GNA":"Partido","NAM":"Coronel Suárez","SAG":"ARBA - Gerencia de Servicios Catastrales","FDC":null,"IN1":"06203","SHAPE_STAr":0.610032768288,"SHAPE_STLe":4.50784561719}},
{"type":"Feature","geometry":{"type":"Polygon","coordinates":[[[-61.728495,-38.657088],[-61.742365,-38.627211],[-61.818412,-38.687872],[-61.847934,-38.665363],[-61.925669,-38.731246],[-62.012158,-38.706767],[-62.061985,-38.712333],[-62.181981,-38.817059],[-62.165912,-38.812045],[-62.126352,-38.841698],[-62.104951,-38.870594],[-62.105782,-38.897101],[-62.075536,-38.905466],[-62.073409,-38.925111],[-61.866476,-38.969041],[-61.81303,-38.992392],[-61.706697,-38.965466],[-61.669663,-38.989887],[-61.61287,-39.003649],[-61.45573,-38.995401],[-61.45325,-38.939716],[-61.476432,-38.945051],[-61.663146,-38.857995],[-61.699669,-38.81685],[-61.698761,-38.781423],[-61.724071,-38.74898],[-61.715451,-38.714322],[-61.728495,-38.657088]]]},"properties":{"fid":350,"Entidad":0,"Objeto":"Departamento","FNA":"Partido de Coronel de Marina Leonardo Rosales","GNA":"Partido","NAM":"Coronel de Marina Leonardo Rosales","SAG":"ARBA - Gerencia de Servicios Catastrales","FDC":null,"IN1":"06182","SHAPE_STAr":0.133845693764,"SHAPE_STLe":2.1021049332}},
{"type":"Feature","geometry":{"type":"Polygon","coordinates":[[[-60.845653,-37.935799],[-60.851948,-37.940792],[-61.178034,-37.680843],[-61.509315,-37.937967],[-61.682948,-38.0742],[-61.662952,-38.090764],[-61.767389,-38.17245],[-61.759614,-38.191956],[-61.769883,-38.196911],[-61.737251,-38.218317],[-61.69694,-38.285753],[-61.718262,-38.288894],[-61.717077,-38.309626],[-61.756607,-38.383508],[-61.740866,-38.408559],[-61.781877,-38.43753],[-61.781602,-38.459945],[-61.795043,-38.529671],[-61.778637,-38.579577],[-61.747618,-38.596889],[-61.754178,-38.615251],[-61.742365,-38.627211],[-61.728495,-38.657088],[-61.595917,-38.546246],[-61.525729,-38.500702],[-61.514364,-38.509193],[-61.472711,-38.476048],[-61.46469,-38.483075],[-61.328731,-38.375333],[-61.319178,-38.39309],[-61.188565,-38.290579],[-61.135785,-38.305524],[-61.077814,-38.293347],[-60.990836,-38.310628],[-60.836122,-38.403817],[-60.740629,-38.330723],[-60.746873,-38.229951],[-60.718722,-38.224226],[-60.729234,-38.130242],[-60.723798,-38.116853],[-60.701374,-38.115142],[-60.676254,-38.093133],[-60.759493,-38.028543],[-60.74377,-38.016051],[-60.845653,-37.935799]]]},"properties":{"fid":57,"Entidad":0,"Objeto":"Departamento","FNA":"Partido de Coronel Pringles","GNA":"Partido","NAM":"Coronel Pringles","SAG":"ARBA - Gerencia de Servicios Catastrales","FDC":null,"IN1":"06196","SHAPE_STAr":0.540277798397,"SHAPE_STLe":3.86512081176}},
{"type":"Feature","geometry":{"type":"Polygon","coordinates":[[[-61.010956,-37.203526],[-61.423479,-36.864583],[-61.60463,-36.994425],[-61.735437,-37.093506],[-61.702772,-37.216555],[-61.744262,-37.271556],[-61.750076,-37.303527],[-61.53674,-37.48301],[-61.596799,-37.530862],[-61.488433,-37.618856],[-61.538169,-37.657284],[-61.44205,-37.734938],[-61.60554,-37.861534],[-61.509315,-37.937967],[-61.178034,-37.680843],[-60.878539,-37.451456],[-60.975452,-37.36813],[-60.891327,-37.302355],[-61.010956,-37.203526]]]},"properties":{"fid":253,"Entidad":0,"Objeto":"Departamento","FNA":"Partido de General La Madrid","GNA":"Partido","NAM":"General La Madrid","SAG":"ARBA - Gerencia de Servicios Catastrales","FDC":null,"IN1":"06322","SHAPE_STAr":0.489594860511,"SHAPE_STLe":3.43740559569}},
{"type":"Feature","geometry":{"type":"Polygon","coordinates":[[[-60.740629,-38.330723],[-60.836122,-38.403817],[-60.990836,-38.310628],[-61.077814,-38.293347],[-61.135785,-38.305524],[-61.188565,-38.290579],[-61.319178,-38.39309],[-61.328731,-38.375333],[-61.46469,-38.483075],[-61.472711,-38.476048],[-61.514364,-38.509193],[-61.525729,-38.500702],[-61.595917,-38.546246],[-61.728495,-38.657088],[-61.715451,-38.714322],[-61.724071,-38.74898],[-61.698761,-38.781423],[-61.699669,-38.81685],[-61.663146,-38.857995],[-61.476432,-38.945051],[-61.45325,-38.939716],[-61.441199,-38.918363],[-61.389918,-38.915083],[-61.342348,-38.915479],[-61.314896,-38.946281],[-61.292016,-38.947668],[-61.13784,-38.929388],[-61.105256,-38.979585],[-61.119522,-38.981966],[-61.110167,-38.99589],[-61.013593,-38.9815],[-60.852138,-38.979714],[-60.689145,-38.949095],[-60.497336,-38.928926],[-60.529336,-38.914328],[-60.521986,-38.8838],[-60.536752,-38.82231],[-60.610224,-38.62086],[-60.612497,-38.586931],[-60.591468,-38.556975],[-60.619604,-38.471277],[-60.738558,-38.37565],[-60.740629,-38.330723]]]},"properties":{"fid":62,"Entidad":0,"Objeto":"Departamento","FNA":"Partido de Coronel Dorrego","GNA":"Partido","NAM":"Coronel Dorrego","SAG":"ARBA - Gerencia de Servicios Catastrales","FDC":null,"IN1":"06189","SHAPE_STAr":0.605014788334,"SHAPE_STLe":3.65314832837}},
{"type":"Feature","geometry":{"type":"Polygon","coordinates":[[[-61.110167,-38.99589],[-61.119522,-38.981966],[-61.105256,-38.979585],[-61.13784,-38.929388],[-61.292016,-38.947668],[-61.314896,-38.946281],[-61.342348,-38.915479],[-61.389918,-38.915083],[-61.441199,-38.918363],[-61.45325,-38.939716],[-61.45573,-38.995401],[-61.37746,-38.98833],[-61.110167,-38.99589]]]},"properties":{"fid":271,"Entidad":0,"Objeto":"Departamento","FNA":"Partido de Monte Hermoso","GNA":"Partido","NAM":"Monte Hermoso","SAG":"ARBA - Gerencia de Servicios Catastrales","FDC":null,"IN1":"06553","SHAPE_STAr":0.0208174967775,"SHAPE_STLe":0.871861745577}},
{"type":"Feature","geometry":{"type":"Polygon","coordinates":[[[-60.161412,-36.719657],[-60.285566,-36.619947],[-60.326504,-36.652525],[-60.478052,-36.529731],[-60.438413,-36.497765],[-60.532234,-36.412521],[-60.649975,-36.342881],[-60.728799,-36.402691],[-60.762831,-36.378607],[-60.87544,-36.467829],[-60.896234,-36.451336],[-61.254822,-36.734982],[-61.423479,-36.864583],[-61.010956,-37.203526],[-60.814527,-37.051239],[-60.715959,-37.128268],[-60.731738,-37.140234],[-60.471735,-37.349229],[-60.437154,-37.376819],[-60.200584,-37.178043],[-60.207603,-37.172768],[-60.126382,-37.096824],[-60.145209,-37.081183],[-60.113037,-37.041642],[-60.122854,-37.034309],[-60.103647,-37.016073],[-60.116131,-37.00657],[-60.0959,-36.989142],[-60.106737,-36.980813],[-60.023421,-36.915576],[-60.032893,-36.907997],[-60.01256,-36.89103],[-60.02806,-36.880006],[-60.007507,-36.863523],[-60.0212,-36.852589],[-60.001358,-36.835483],[-60.161412,-36.719657]]]},"properties":{"fid":213,"Entidad":0,"Objeto":"Departamento","FNA":"Partido de Olavarría","GNA":"Partido","NAM":"Olavarría","SAG":"ARBA - Gerencia de Servicios Catastrales","FDC":null,"IN1":"06595","SHAPE_STAr":0.774651038583,"SHAPE_STLe":4.11105242721}},
{"type":"Feature","geometry":{"type":"Polygon","coordinates":[[[-60.471735,-37.349229],[-60.731738,-37.140234],[-60.715959,-37.128268],[-60.814527,-37.051239],[-61.010956,-37.203526],[-60.891327,-37.302355],[-60.975452,-37.36813],[-60.878539,-37.451456],[-61.178034,-37.680843],[-60.851948,-37.940792],[-60.845653,-37.935799],[-60.653167,-37.782603],[-60.644751,-37.789156],[-60.556671,-37.720854],[-60.58083,-37.700807],[-60.452736,-37.601036],[-60.46588,-37.590272],[-60.349195,-37.496044],[-60.502677,-37.3735],[-60.471735,-37.349229]]]},"properties":{"fid":265,"Entidad":0,"Objeto":"Departamento","FNA":"Partido de Laprida","GNA":"Partido","NAM":"Laprida","SAG":"ARBA - Gerencia de Servicios Catastrales","FDC":null,"IN1":"06448","SHAPE_STAr":0.351406239611,"SHAPE_STLe":2.90515172112}},
{"type":"Feature","geometry":{"type":"Polygon","coordinates":[[[-59.676459,-37.999683],[-59.673675,-37.979546],[-59.718345,-37.955978],[-59.754686,-37.914126],[-59.793922,-37.89845],[-59.936614,-37.794446],[-60.018164,-37.860745],[-60.060497,-37.828231],[-60.089129,-37.851671],[-60.261959,-37.728752],[-60.323435,-37.776369],[-60.424207,-37.697668],[-60.378022,-37.662685],[-60.452736,-37.601036],[-60.58083,-37.700807],[-60.556671,-37.720854],[-60.644751,-37.789156],[-60.653167,-37.782603],[-60.845653,-37.935799],[-60.74377,-38.016051],[-60.759493,-38.028543],[-60.676254,-38.093133],[-60.549611,-38.19215],[-60.44213,-38.10698],[-60.463204,-38.089503],[-60.370689,-38.016721],[-60.036304,-38.280844],[-59.886661,-38.157281],[-59.834175,-38.231499],[-59.793571,-38.19733],[-59.775876,-38.210258],[-59.75388,-38.191229],[-59.788819,-38.164978],[-59.766701,-38.146243],[-59.777943,-38.13764],[-59.641345,-38.025151],[-59.676459,-37.999683]]]},"properties":{"fid":25,"Entidad":0,"Objeto":"Departamento","FNA":"Partido de Adolfo Gonzales Chaves","GNA":"Partido","NAM":"Adolfo Gonzales Chaves","SAG":"ARBA - Gerencia de Servicios Catastrales","FDC":null,"IN1":"06014","SHAPE_STAr":0.388440108629,"SHAPE_STLe":3.54424484207}},
{"type":"Feature","geometry":{"type":"Polygon","coordinates":[[[-59.834175,-38.231499],[-59.886661,-38.157281],[-60.036304,-38.280844],[-60.370689,-38.016721],[-60.463204,-38.089503],[-60.44213,-38.10698],[-60.549611,-38.19215],[-60.676254,-38.093133],[-60.701374,-38.115142],[-60.723798,-38.116853],[-60.729234,-38.130242],[-60.718722,-38.224226],[-60.746873,-38.229951],[-60.740629,-38.330723],[-60.738558,-38.37565],[-60.619604,-38.471277],[-60.591468,-38.556975],[-60.612497,-38.586931],[-60.610224,-38.62086],[-60.536752,-38.82231],[-60.521986,-38.8838],[-60.529336,-38.914328],[-60.497336,-38.928926],[-60.099432,-38.865258],[-59.851962,-38.838779],[-59.627371,-38.785015],[-59.635668,-38.76296],[-59.625865,-38.742897],[-59.647552,-38.735983],[-59.653956,-38.700235],[-59.703332,-38.654124],[-59.69057,-38.636993],[-59.733643,-38.53338],[-59.733663,-38.488938],[-59.767144,-38.515944],[-59.821474,-38.475385],[-59.886358,-38.52933],[-59.936714,-38.491444],[-59.874131,-38.439985],[-59.929522,-38.396505],[-59.942662,-38.407041],[-59.989967,-38.371421],[-59.833518,-38.242234],[-59.834175,-38.231499]]]},"properties":{"fid":61,"Entidad":0,"Objeto":"Departamento","FNA":"Partido de Tres Arroyos","GNA":"Partido","NAM":"Tres Arroyos","SAG":"ARBA - Gerencia de Servicios Catastrales","FDC":null,"IN1":"06833","SHAPE_STAr":0.613441475461,"SHAPE_STLe":4.27496516944}},
{"type":"Feature","geometry":{"type":"Polygon","coordinates":[[[-59.779743,-37.238388],[-59.811552,-37.256322],[-59.826494,-37.31093],[-59.880288,-37.355942],[-59.860615,-37.371197],[-59.953258,-37.447512],[-60.037934,-37.381122],[-59.986742,-37.339941],[-60.200584,-37.178043],[-60.437154,-37.376819],[-60.471735,-37.349229],[-60.502677,-37.3735],[-60.349195,-37.496044],[-60.46588,-37.590272],[-60.452736,-37.601036],[-60.378022,-37.662685],[-60.424207,-37.697668],[-60.323435,-37.776369],[-60.261959,-37.728752],[-60.089129,-37.851671],[-60.060497,-37.828231],[-60.018164,-37.860745],[-59.936614,-37.794446],[-59.793922,-37.89845],[-59.754686,-37.914126],[-59.718345,-37.955978],[-59.673675,-37.979546],[-59.676459,-37.999683],[-59.383349,-37.758604],[-59.307039,-37.720292],[-59.225977,-37.650843],[-59.779743,-37.238388]]]},"properties":{"fid":267,"Entidad":0,"Objeto":"Departamento","FNA":"Partido de Benito Juárez","GNA":"Partido","NAM":"Benito Juárez","SAG":"ARBA - Gerencia de Servicios Catastrales","FDC":null,"IN1":"06084","SHAPE_STAr":0.544328285294,"SHAPE_STLe":3.95573476404}},
{"type":"Feature","geometry":{"type":"Polygon","coordinates":[[[-59.289162,-36.374724],[-59.488195,-36.227053],[-59.634577,-36.35887],[-59.727204,-36.288222],[-59.823915,-36.358538],[-59.931181,-36.466614],[-60.023689,-36.531839],[-59.918892,-36.614812],[-60.062826,-36.731805],[-60.135004,-36.674827],[-60.161412,-36.719657],[-60.001358,-36.835483],[-60.0212,-36.852589],[-60.007507,-36.863523],[-60.02806,-36.880006],[-60.01256,-36.89103],[-60.032893,-36.907997],[-60.023421,-36.915576],[-60.106737,-36.980813],[-60.0959,-36.989142],[-60.116131,-37.00657],[-60.103647,-37.016073],[-60.122854,-37.034309],[-60.113037,-37.041642],[-60.145209,-37.081183],[-60.126382,-37.096824],[-60.207603,-37.172768],[-60.200584,-37.178043],[-59.986742,-37.339941],[-60.037934,-37.381122],[-59.953258,-37.447512],[-59.860615,-37.371197],[-59.880288,-37.355942],[-59.826494,-37.31093],[-59.811552,-37.256322],[-59.779743,-37.238388],[-59.69936,-37.216611],[-59.66836,-37.181928],[-59.586567,-37.132493],[-59.567639,-37.097809],[-59.542111,-37.080834],[-59.520826,-37.082358],[-59.479846,-37.036738],[-59.436834,-37.021329],[-59.433526,-36.999462],[-59.399566,-36.970779],[-59.359664,-36.897223],[-59.359311,-36.84514],[-59.347678,-36.817041],[-59.281526,-36.764637],[-59.255322,-36.646878],[-59.226557,-36.616874],[-59.2219,-36.574394],[-59.195539,-36.590875],[-59.13842,-36.542876],[-59.202807,-36.49323],[-59.1909,-36.483087],[-59.249996,-36.437525],[-59.229713,-36.42085],[-59.289162,-36.374724]]]},"properties":{"fid":259,"Entidad":0,"Objeto":"Departamento","FNA":"Partido de Azul","GNA":"Partido","NAM":"Azul","SAG":"ARBA - Gerencia de Servicios Catastrales","FDC":null,"IN1":"06049","SHAPE_STAr":0.660022149243,"SHAPE_STLe":4.43245051364}},
{"type":"Feature","geometry":{"type":"Polygon","coordinates":[[[-59.332795,-38.736675],[-59.331259,-38.719963],[-59.355954,-38.708597],[-59.371116,-38.659419],[-59.411341,-38.622959],[-59.407754,-38.593992],[-59.431478,-38.604434],[-59.444727,-38.588523],[-59.340307,-38.547752],[-59.335551,-38.501359],[-59.405854,-38.457143],[-59.315999,-38.383939],[-59.335677,-38.321535],[-59.354178,-38.303417],[-59.313765,-38.20697],[-59.246237,-38.153052],[-59.355355,-38.114571],[-59.414878,-38.113729],[-59.508761,-38.079113],[-59.538113,-38.057257],[-59.622564,-38.044881],[-59.641345,-38.025151],[-59.777943,-38.13764],[-59.766701,-38.146243],[-59.788819,-38.164978],[-59.75388,-38.191229],[-59.775876,-38.210258],[-59.793571,-38.19733],[-59.834175,-38.231499],[-59.833518,-38.242234],[-59.989967,-38.371421],[-59.942662,-38.407041],[-59.929522,-38.396505],[-59.874131,-38.439985],[-59.936714,-38.491444],[-59.886358,-38.52933],[-59.821474,-38.475385],[-59.767144,-38.515944],[-59.733663,-38.488938],[-59.733643,-38.53338],[-59.69057,-38.636993],[-59.703332,-38.654124],[-59.653956,-38.700235],[-59.647552,-38.735983],[-59.625865,-38.742897],[-59.635668,-38.76296],[-59.627371,-38.785015],[-59.332795,-38.736675]]]},"properties":{"fid":60,"Entidad":0,"Objeto":"Departamento","FNA":"Partido de San Cayetano","GNA":"Partido","NAM":"San Cayetano","SAG":"ARBA - Gerencia de Servicios Catastrales","FDC":null,"IN1":"06742","SHAPE_STAr":0.309064938627,"SHAPE_STLe":3.19494126453}},
{"type":"Feature","geometry":{"type":"Polygon","coordinates":[[[-59.09013,-37.062779],[-59.359311,-36.84514],[-59.359664,-36.897223],[-59.399566,-36.970779],[-59.433526,-36.999462],[-59.436834,-37.021329],[-59.479846,-37.036738],[-59.520826,-37.082358],[-59.542111,-37.080834],[-59.567639,-37.097809],[-59.586567,-37.132493],[-59.66836,-37.181928],[-59.69936,-37.216611],[-59.779743,-37.238388],[-59.225977,-37.650843],[-59.185495,-37.616752],[-59.158961,-37.637018],[-59.166233,-37.736502],[-59.133571,-37.757489],[-59.110169,-37.826248],[-58.809127,-37.578725],[-58.610899,-37.411263],[-58.982077,-37.132205],[-58.989363,-37.137366],[-59.09013,-37.062779]]]},"properties":{"fid":23,"Entidad":0,"Objeto":"Departamento","FNA":"Partido de Tandil","GNA":"Partido","NAM":"Tandil","SAG":"ARBA - Gerencia de Servicios Catastrales","FDC":null,"IN1":"06791","SHAPE_STAr":0.493643728875,"SHAPE_STLe":3.34275504558}},
{"type":"Feature","geometry":{"type":"Polygon","coordinates":[[[-59.110169,-37.826248],[-59.133571,-37.757489],[-59.166233,-37.736502],[-59.158961,-37.637018],[-59.185495,-37.616752],[-59.225977,-37.650843],[-59.307039,-37.720292],[-59.383349,-37.758604],[-59.676459,-37.999683],[-59.641345,-38.025151],[-59.622564,-38.044881],[-59.538113,-38.057257],[-59.508761,-38.079113],[-59.414878,-38.113729],[-59.355355,-38.114571],[-59.246237,-38.153052],[-59.313765,-38.20697],[-59.354178,-38.303417],[-59.335677,-38.321535],[-59.315999,-38.383939],[-59.405854,-38.457143],[-59.335551,-38.501359],[-59.340307,-38.547752],[-59.444727,-38.588523],[-59.431478,-38.604434],[-59.407754,-38.593992],[-59.411341,-38.622959],[-59.371116,-38.659419],[-59.355954,-38.708597],[-59.331259,-38.719963],[-59.332795,-38.736675],[-59.01221,-38.678535],[-58.735003,-38.587259],[-58.68946,-38.587935],[-58.690906,-38.575019],[-58.619452,-38.561874],[-58.708025,-38.495017],[-58.740167,-38.514995],[-58.752001,-38.488722],[-58.740069,-38.48059],[-58.757114,-38.472455],[-58.774151,-38.435772],[-58.782252,-38.37796],[-58.813194,-38.339971],[-58.808984,-38.328818],[-58.867225,-38.292093],[-58.906566,-38.245204],[-58.912809,-38.201979],[-58.951095,-38.182675],[-58.954343,-38.155103],[-59.038385,-38.086962],[-59.053632,-38.047064],[-59.12478,-37.995556],[-59.127687,-37.973595],[-59.167908,-37.936657],[-59.165399,-37.880647],[-59.113451,-37.842848],[-59.110169,-37.826248]]]},"properties":{"fid":63,"Entidad":0,"Objeto":"Departamento","FNA":"Partido de Necochea","GNA":"Partido","NAM":"Necochea","SAG":"ARBA - Gerencia de Servicios Catastrales","FDC":null,"IN1":"06581","SHAPE_STAr":0.469983448743,"SHAPE_STLe":4.45549390196}},
{"type":"Feature","geometry":{"type":"Polygon","coordinates":[[[-58.329126,-38.074098],[-58.591233,-37.877994],[-58.507343,-37.805742],[-58.809127,-37.578725],[-59.110169,-37.826248],[-59.113451,-37.842848],[-59.165399,-37.880647],[-59.167908,-37.936657],[-59.127687,-37.973595],[-59.12478,-37.995556],[-59.053632,-38.047064],[-59.038385,-38.086962],[-58.954343,-38.155103],[-58.951095,-38.182675],[-58.912809,-38.201979],[-58.906566,-38.245204],[-58.867225,-38.292093],[-58.808984,-38.328818],[-58.813194,-38.339971],[-58.782252,-38.37796],[-58.774151,-38.435772],[-58.757114,-38.472455],[-58.740069,-38.48059],[-58.752001,-38.488722],[-58.740167,-38.514995],[-58.708025,-38.495017],[-58.619452,-38.561874],[-58.497551,-38.537471],[-58.238084,-38.445795],[-58.256504,-38.43595],[-58.284854,-38.385569],[-58.269505,-38.353988],[-58.283075,-38.315774],[-58.338172,-38.250916],[-58.323622,-38.223385],[-58.343611,-38.15957],[-58.329126,-38.074098]]]},"properties":{"fid":272,"Entidad":0,"Objeto":"Departamento","FNA":"Partido de Lobería","GNA":"Partido","NAM":"Lobería","SAG":"ARBA - Gerencia de Servicios Catastrales","FDC":null,"IN1":"06476","SHAPE_STAr":0.484769684268,"SHAPE_STLe":3.4096447078}},
{"type":"Feature","geometry":{"type":"Polygon","coordinates":[[[-57.944451,-37.007599],[-58.019866,-37.075971],[-58.286543,-36.88103],[-58.114422,-36.728124],[-58.217629,-36.635137],[-58.226189,-36.627681],[-58.226176,-36.627666],[-58.213044,-36.615471],[-58.43724,-36.452101],[-58.720954,-36.700227],[-58.666852,-36.742926],[-58.719956,-36.752577],[-58.790869,-36.789113],[-58.795175,-36.805997],[-58.837012,-36.836249],[-58.866825,-36.838371],[-58.873094,-36.860756],[-58.911209,-36.876419],[-58.936877,-36.936046],[-59.002666,-36.94465],[-59.021495,-36.960095],[-59.040746,-37.026078],[-59.09013,-37.062779],[-58.989363,-37.137366],[-58.982077,-37.132205],[-58.610899,-37.411263],[-58.577112,-37.383977],[-58.426401,-37.501187],[-58.354633,-37.439849],[-58.282658,-37.492092],[-58.16358,-37.38824],[-58.083984,-37.445061],[-58.09451,-37.437404],[-57.768897,-37.136023],[-57.944451,-37.007599]]]},"properties":{"fid":262,"Entidad":0,"Objeto":"Departamento","FNA":"Partido de Ayacucho","GNA":"Partido","NAM":"Ayacucho","SAG":"ARBA - Gerencia de Servicios Catastrales","FDC":null,"IN1":"06042","SHAPE_STAr":0.684247205929,"SHAPE_STLe":4.1797785047}},
{"type":"Feature","geometry":{"type":"Polygon","coordinates":[[[-58.083984,-37.445061],[-58.16358,-37.38824],[-58.282658,-37.492092],[-58.354633,-37.439849],[-58.426401,-37.501187],[-58.577112,-37.383977],[-58.610899,-37.411263],[-58.809127,-37.578725],[-58.507343,-37.805742],[-58.591233,-37.877994],[-58.329126,-38.074098],[-58.255909,-38.130861],[-58.047284,-37.955622],[-57.735836,-37.699552],[-58.083984,-37.445061]]]},"properties":{"fid":255,"Entidad":0,"Objeto":"Departamento","FNA":"Partido de Balcarce","GNA":"Partido","NAM":"Balcarce","SAG":"ARBA - Gerencia de Servicios Catastrales","FDC":null,"IN1":"06063","SHAPE_STAr":0.420962939043,"SHAPE_STLe":2.96413363317}},
{"type":"Feature","geometry":{"type":"Polygon","coordinates":[[[-57.776797,-38.245516],[-57.821205,-38.120476],[-57.813187,-38.092879],[-57.838016,-38.08146],[-57.846514,-38.061607],[-57.829465,-38.049186],[-57.852768,-38.031892],[-57.881725,-38.055449],[-57.942573,-38.008937],[-57.959004,-38.022687],[-58.047284,-37.955622],[-58.255909,-38.130861],[-58.329126,-38.074098],[-58.343611,-38.15957],[-58.323622,-38.223385],[-58.338172,-38.250916],[-58.283075,-38.315774],[-58.269505,-38.353988],[-58.284854,-38.385569],[-58.256504,-38.43595],[-58.238084,-38.445795],[-57.852731,-38.296399],[-57.776797,-38.245516]]]},"properties":{"fid":27,"Entidad":0,"Objeto":"Departamento","FNA":"Partido de General Alvarado","GNA":"Partido","NAM":"General Alvarado","SAG":"ARBA - Gerencia de Servicios Catastrales","FDC":null,"IN1":"06280","SHAPE_STAr":0.167425763911,"SHAPE_STLe":1.96472086622}},
{"type":"Feature","geometry":{"type":"Polygon","coordinates":[[[-57.768897,-37.136023],[-58.09451,-37.437404],[-58.083984,-37.445061],[-57.735836,-37.699552],[-57.673208,-37.744981],[-57.698054,-37.754267],[-57.51973,-37.889483],[-57.491559,-37.828237],[-57.411598,-37.735229],[-57.187643,-37.549754],[-57.21112,-37.533013],[-57.674815,-37.202944],[-57.768897,-37.136023]]]},"properties":{"fid":29,"Entidad":0,"Objeto":"Departamento","FNA":"Partido de Mar Chiquita","GNA":"Partido","NAM":"Mar Chiquita","SAG":"ARBA - Gerencia de Servicios Catastrales","FDC":null,"IN1":"06518","SHAPE_STAr":0.314692811514,"SHAPE_STLe":2.47542868199}},
{"type":"Feature","geometry":{"type":"Polygon","coordinates":[[[-57.51973,-37.889483],[-57.698054,-37.754267],[-57.673208,-37.744981],[-57.735836,-37.699552],[-58.047284,-37.955622],[-57.959004,-38.022687],[-57.942573,-38.008937],[-57.881725,-38.055449],[-57.852768,-38.031892],[-57.829465,-38.049186],[-57.846514,-38.061607],[-57.838016,-38.08146],[-57.813187,-38.092879],[-57.821205,-38.120476],[-57.776797,-38.245516],[-57.683375,-38.20587],[-57.636547,-38.17319],[-57.593212,-38.118943],[-57.544181,-38.099784],[-57.539727,-38.06422],[-57.517779,-38.038969],[-57.540326,-38.048502],[-57.533259,-38.031969],[-57.522385,-38.037123],[-57.544276,-37.990029],[-57.51973,-37.889483]]]},"properties":{"fid":28,"Entidad":0,"Objeto":"Departamento","FNA":"Partido de General Pueyrredón","GNA":"Partido","NAM":"General Pueyrredón","SAG":"ARBA - Gerencia de Servicios Catastrales","FDC":null,"IN1":"06357","SHAPE_STAr":0.149928605126,"SHAPE_STLe":2.04000498792}},
{"type":"Feature","geometry":{"type":"Polygon","coordinates":[[[-57.328779,-36.669157],[-57.464357,-36.570926],[-57.49374,-36.581361],[-57.653985,-36.728099],[-57.660585,-36.723137],[-57.70711,-36.76301],[-57.74572,-36.73426],[-57.891642,-36.854489],[-57.919611,-36.833243],[-57.97236,-36.877823],[-57.943913,-36.898796],[-58.010671,-36.95872],[-57.944451,-37.007599],[-57.768897,-37.136023],[-57.674815,-37.202944],[-57.566404,-37.105267],[-57.486938,-37.104952],[-57.493385,-37.017144],[-57.304915,-37.003893],[-57.321658,-36.910633],[-57.223932,-36.908594],[-57.233511,-36.788497],[-57.175823,-36.784425],[-57.328779,-36.669157]]]},"properties":{"fid":16,"Entidad":0,"Objeto":"Departamento","FNA":"Partido de Maipú","GNA":"Partido","NAM":"Maipú","SAG":"ARBA - Gerencia de Servicios Catastrales","FDC":null,"IN1":"06511","SHAPE_STAr":0.263227962254,"SHAPE_STLe":2.44067423276}},
{"type":"Feature","geometry":{"type":"Polygon","coordinates":[[[-56.819485,-37.025201],[-56.946978,-36.995091],[-56.954929,-36.989057],[-56.94007,-36.959358],[-56.985153,-36.94953],[-56.97939,-36.903361],[-57.005922,-36.909715],[-56.991541,-36.889478],[-56.997182,-36.861819],[-57.08975,-36.829523],[-57.106202,-36.835948],[-57.175823,-36.784425],[-57.233511,-36.788497],[-57.223932,-36.908594],[-57.321658,-36.910633],[-57.304915,-37.003893],[-57.493385,-37.017144],[-57.486938,-37.104952],[-57.566404,-37.105267],[-57.674815,-37.202944],[-57.21112,-37.533013],[-57.163379,-37.485747],[-57.105641,-37.378073],[-56.995848,-37.248817],[-56.993576,-37.241268],[-57.042519,-37.231488],[-56.99197,-37.237095],[-56.949547,-37.184577],[-56.819485,-37.025201]]]},"properties":{"fid":22,"Entidad":0,"Objeto":"Departamento","FNA":"Partido de General Juan Madariaga","GNA":"Partido","NAM":"General Juan Madariaga","SAG":"ARBA - Gerencia de Servicios Catastrales","FDC":null,"IN1":"06315","SHAPE_STAr":0.302508908525,"SHAPE_STLe":2.79260219485}},
{"type":"Feature","geometry":{"type":"Polygon","coordinates":[[[-56.909127,-37.189025],[-56.949547,-37.184577],[-56.99197,-37.237095],[-57.042519,-37.231488],[-56.993576,-37.241268],[-56.995848,-37.248817],[-57.105641,-37.378073],[-57.163379,-37.485747],[-57.21112,-37.533013],[-57.187643,-37.549754],[-57.092731,-37.452924],[-56.989883,-37.288535],[-56.909127,-37.189025]]]},"properties":{"fid":30,"Entidad":0,"Objeto":"Departamento","FNA":"Partido de Villa Gesell","GNA":"Partido","NAM":"Villa Gesell","SAG":"ARBA - Gerencia de Servicios Catastrales","FDC":null,"IN1":"06868","SHAPE_STAr":0.0167267676382,"SHAPE_STLe":1.08657219862}},
{"type":"Feature","geometry":{"type":"Polygon","coordinates":[[[-58.68439,-31.301264],[-58.781084,-31.270966],[-58.862919,-31.221666],[-58.904404,-31.212311],[-58.910321,-31.227825],[-58.929226,-31.228399],[-58.924886,-31.237541],[-58.947614,-31.238375],[-58.953057,-31.25151],[-58.975331,-31.256894],[-58.971275,-31.271719],[-58.998034,-31.288333],[-58.990812,-31.295424],[-59.018196,-31.325074],[-59.010572,-31.339061],[-59.034891,-31.349167],[-59.034942,-31.36545],[-59.045927,-31.36718],[-59.034473,-31.376133],[-59.052169,-31.378982],[-59.044626,-31.393581],[-59.074339,-31.403486],[-59.06519,-31.411772],[-59.073365,-31.433039],[-59.094704,-31.455256],[-59.148149,-31.413759],[-59.172727,-31.350013],[-59.234777,-31.267693],[-59.285085,-31.303598],[-59.573124,-31.473132],[-59.582289,-31.603141],[-59.565097,-31.622782],[-59.520193,-31.613117],[-59.502204,-31.631213],[-59.520479,-31.692031],[-59.53953,-31.693748],[-59.551223,-31.718465],[-59.57203,-31.720318],[-59.59395,-31.753222],[-59.580412,-31.784954],[-59.603536,-31.806747],[-59.611631,-31.869267],[-59.534421,-31.924866],[-59.571991,-31.95567],[-59.537731,-31.951282],[-59.518399,-31.961043],[-59.486168,-31.949904],[-59.439503,-31.970575],[-59.401673,-31.934119],[-59.314439,-31.923572],[-59.273643,-31.91417],[-59.213673,-31.953437],[-59.177463,-31.959365],[-59.151231,-31.985556],[-59.08035,-31.9912],[-59.072765,-32.009277],[-59.084016,-32.015357],[-59.076614,-32.033334],[-59.064063,-32.033639],[-59.062617,-32.069607],[-59.003156,-32.083612],[-58.96787,-32.05199],[-58.917712,-32.065713],[-58.870935,-32.046695],[-58.86081,-32.026687],[-58.773108,-32.01457],[-58.731447,-31.976796],[-58.723691,-31.969719],[-58.742734,-31.921089],[-58.729327,-31.856571],[-58.722738,-31.823949],[-58.657026,-31.833677],[-58.603566,-31.770008],[-58.586731,-31.71404],[-58.59833,-31.711916],[-58.585055,-31.624742],[-58.559107,-31.619759],[-58.518108,-31.555274],[-58.526762,-31.50225],[-58.51233,-31.470527],[-58.565884,-31.444289],[-58.58577,-31.392155],[-58.627712,-31.367561],[-58.638022,-31.381299],[-58.68439,-31.301264]]]},"properties":{"fid":190,"Entidad":0,"Objeto":"Departamento","FNA":"Departamento Villaguay","GNA":"Departamento","NAM":"Villaguay","SAG":"ATER - Direc. de Catastro","FDC":null,"IN1":"30113","SHAPE_STAr":0.625474052319,"SHAPE_STLe":5.02119600053}},
{"type":"Feature","geometry":{"type":"Polygon","coordinates":[[[-59.573124,-31.473132],[-59.625041,-31.504941],[-59.612692,-31.45143],[-59.736734,-31.42963],[-59.735669,-31.418719],[-59.758716,-31.421765],[-59.824685,-31.499679],[-59.862395,-31.493932],[-59.858608,-31.429603],[-59.878817,-31.420453],[-59.898599,-31.341117],[-59.934761,-31.291435],[-59.952663,-31.204774],[-59.960759,-31.209574],[-59.983959,-31.18739],[-60.013428,-31.250671],[-60.110107,-31.296875],[-60.086792,-31.346985],[-60.138428,-31.413391],[-60.143494,-31.443604],[-60.212354,-31.467816],[-60.244001,-31.530395],[-60.301788,-31.534172],[-60.339945,-31.555246],[-60.325668,-31.586655],[-60.33471,-31.612591],[-60.396301,-31.643005],[-60.46759,-31.698303],[-60.53744,-31.699918],[-60.597165,-31.714432],[-60.638794,-31.742004],[-60.638567,-31.787482],[-60.674486,-31.809722],[-60.603142,-31.825191],[-60.570759,-31.808917],[-60.561431,-31.829402],[-60.539075,-31.835743],[-60.541754,-31.848779],[-60.5222,-31.852713],[-60.537052,-31.888274],[-60.513169,-31.891917],[-60.51688,-31.925731],[-60.459275,-31.93914],[-60.462802,-31.951019],[-60.416544,-31.959608],[-60.384701,-31.932555],[-60.366548,-31.948198],[-60.342575,-31.948425],[-60.328656,-31.987986],[-60.343847,-31.978123],[-60.34431,-31.994976],[-60.366117,-31.995125],[-60.365997,-32.003451],[-60.34377,-32.017617],[-60.353084,-32.039219],[-60.324311,-32.079317],[-60.317212,-32.073081],[-60.302967,-32.082885],[-60.286025,-32.045173],[-60.257844,-32.051696],[-60.181919,-32.023486],[-60.140157,-31.982437],[-60.025991,-32.031074],[-60.012845,-31.974981],[-59.983977,-31.968274],[-59.968371,-31.951999],[-59.943785,-31.951719],[-59.944043,-31.926896],[-59.935318,-31.915708],[-59.921177,-31.918131],[-59.919225,-31.883327],[-59.856721,-31.892441],[-59.762686,-31.928935],[-59.611631,-31.869267],[-59.603536,-31.806747],[-59.580412,-31.784954],[-59.59395,-31.753222],[-59.57203,-31.720318],[-59.551223,-31.718465],[-59.53953,-31.693748],[-59.520479,-31.692031],[-59.502204,-31.631213],[-59.520193,-31.613117],[-59.565097,-31.622782],[-59.582289,-31.603141],[-59.573124,-31.473132]]]},"properties":{"fid":9,"Entidad":0,"Objeto":"Departamento","FNA":"Departamento Paraná","GNA":"Departamento","NAM":"Paraná","SAG":"ATER - Direc. de Catastro","FDC":null,"IN1":"30084","SHAPE_STAr":0.485887848609,"SHAPE_STLe":4.51459514904}},
{"type":"Feature","geometry":{"type":"Polygon","coordinates":[[[-60.449525,-31.21305],[-60.573853,-31.188017],[-60.549294,-31.132315],[-60.670258,-31.11194],[-60.657902,-31.042098],[-60.814067,-31.015093],[-60.804108,-31.027629],[-60.841175,-31.041826],[-60.845177,-31.063387],[-60.820227,-31.08148],[-60.827665,-31.095331],[-60.819561,-31.087867],[-60.810988,-31.101166],[-60.802025,-31.089158],[-60.78161,-31.094512],[-60.785172,-31.107884],[-60.776111,-31.108733],[-60.791878,-31.118545],[-60.779894,-31.127738],[-60.812159,-31.132144],[-60.813119,-31.147983],[-60.825721,-31.144086],[-60.820795,-31.153975],[-60.833283,-31.154929],[-60.838165,-31.171628],[-60.83054,-31.177341],[-60.848769,-31.182422],[-60.83595,-31.209606],[-60.857864,-31.242565],[-60.893328,-31.243292],[-60.885274,-31.252086],[-60.901362,-31.25368],[-60.896406,-31.265847],[-60.918117,-31.274072],[-60.902902,-31.307581],[-60.939874,-31.352041],[-60.920105,-31.356407],[-60.912263,-31.371496],[-60.89485,-31.369588],[-60.900405,-31.384458],[-60.884519,-31.381802],[-60.884818,-31.369928],[-60.869983,-31.367535],[-60.864396,-31.379366],[-60.836376,-31.366777],[-60.829325,-31.350004],[-60.810225,-31.359739],[-60.808306,-31.35073],[-60.789072,-31.353955],[-60.785906,-31.378353],[-60.808065,-31.383426],[-60.798909,-31.402232],[-60.812101,-31.406173],[-60.805397,-31.427625],[-60.789951,-31.424858],[-60.783696,-31.451396],[-60.772911,-31.450074],[-60.768789,-31.467497],[-60.780762,-31.470362],[-60.768641,-31.473063],[-60.783346,-31.485176],[-60.776285,-31.496661],[-60.796872,-31.503833],[-60.787765,-31.51373],[-60.802186,-31.519122],[-60.792099,-31.520173],[-60.793793,-31.536643],[-60.768096,-31.545783],[-60.778141,-31.569023],[-60.762323,-31.5642],[-60.765814,-31.58107],[-60.756925,-31.581334],[-60.767397,-31.601959],[-60.82886,-31.589726],[-60.812768,-31.654533],[-60.904621,-31.697208],[-60.914484,-31.737595],[-60.94998,-31.729764],[-60.978236,-31.800252],[-60.853048,-31.821076],[-60.83278,-31.78679],[-60.819972,-31.791278],[-60.835387,-31.811968],[-60.837156,-31.867356],[-60.819373,-31.882125],[-60.762017,-31.869223],[-60.753015,-31.878071],[-60.731258,-31.865699],[-60.747598,-31.908525],[-60.722742,-31.972309],[-60.719707,-31.958803],[-60.660095,-31.918274],[-60.652893,-31.897095],[-60.674486,-31.809722],[-60.638567,-31.787482],[-60.638794,-31.742004],[-60.597165,-31.714432],[-60.53744,-31.699918],[-60.46759,-31.698303],[-60.396301,-31.643005],[-60.33471,-31.612591],[-60.325668,-31.586655],[-60.339945,-31.555246],[-60.301788,-31.534172],[-60.343458,-31.497486],[-60.3804,-31.515751],[-60.395812,-31.506369],[-60.390855,-31.496447],[-60.478445,-31.493474],[-60.493526,-31.478304],[-60.506793,-31.484569],[-60.510831,-31.468971],[-60.558795,-31.458014],[-60.502503,-31.418706],[-60.509227,-31.386199],[-60.473694,-31.339476],[-60.49806,-31.301114],[-60.455237,-31.260735],[-60.465038,-31.249371],[-60.449525,-31.21305]]]},"properties":{"fid":408,"Entidad":0,"Objeto":"Departamento","FNA":"Departamento La Capital","GNA":"Departamento","NAM":"La Capital","SAG":"Servicio de Catastro e Información Territorial","FDC":null,"IN1":"82063","SHAPE_STAr":0.282565476748,"SHAPE_STLe":4.8770245267}},
{"type":"Feature","geometry":{"type":"Polygon","coordinates":[[[-58.465268,-31.260798],[-58.531411,-31.268991],[-58.583864,-31.257819],[-58.635846,-31.297283],[-58.68439,-31.301264],[-58.638022,-31.381299],[-58.627712,-31.367561],[-58.58577,-31.392155],[-58.565884,-31.444289],[-58.51233,-31.470527],[-58.526762,-31.50225],[-58.518108,-31.555274],[-58.559107,-31.619759],[-58.585055,-31.624742],[-58.59833,-31.711916],[-58.586731,-31.71404],[-58.603566,-31.770008],[-58.657026,-31.833677],[-58.722738,-31.823949],[-58.729327,-31.856571],[-58.698352,-31.860863],[-58.708577,-31.888191],[-58.607473,-31.902392],[-58.627774,-31.882961],[-58.594144,-31.845614],[-58.564755,-31.861723],[-58.536793,-31.843208],[-58.543208,-31.822279],[-58.50713,-31.787599],[-58.460268,-31.816118],[-58.39967,-31.810611],[-58.415134,-31.797412],[-58.430794,-31.741356],[-58.378803,-31.743797],[-58.373415,-31.721549],[-58.288202,-31.668704],[-58.274736,-31.662676],[-58.260575,-31.600352],[-58.277944,-31.582481],[-58.280193,-31.602199],[-58.297031,-31.602706],[-58.286712,-31.539555],[-58.329093,-31.544359],[-58.345985,-31.506505],[-58.327195,-31.501331],[-58.325991,-31.486361],[-58.346326,-31.490457],[-58.449356,-31.431755],[-58.459547,-31.389281],[-58.431,-31.365463],[-58.419337,-31.36947],[-58.411428,-31.351574],[-58.472097,-31.266764],[-58.465268,-31.260798]]]},"properties":{"fid":192,"Entidad":0,"Objeto":"Departamento","FNA":"Departamento San Salvador","GNA":"Departamento","NAM":"San Salvador","SAG":"ATER - Direc. de Catastro","FDC":null,"IN1":"30088","SHAPE_STAr":0.126442818979,"SHAPE_STLe":2.7151047356}},
{"type":"Feature","geometry":{"type":"Polygon","coordinates":[[[-57.924361,-31.237158],[-57.961913,-31.212904],[-57.992181,-31.157489],[-58.027845,-31.12338],[-58.105443,-31.084616],[-58.124957,-31.089461],[-58.19226,-31.0543],[-58.273497,-31.037118],[-58.23072,-31.013036],[-58.249026,-30.992341],[-58.250881,-30.927292],[-58.274496,-30.918475],[-58.276349,-30.883309],[-58.250346,-30.85397],[-58.359854,-30.841611],[-58.389697,-30.825594],[-58.410014,-30.834524],[-58.427207,-30.847144],[-58.446065,-30.889723],[-58.440247,-30.90254],[-58.46448,-30.908909],[-58.466362,-30.945532],[-58.483653,-30.950223],[-58.486167,-30.969769],[-58.506945,-30.982277],[-58.483586,-31.008885],[-58.493511,-31.022101],[-58.522013,-31.038149],[-58.544062,-31.034485],[-58.549297,-31.045908],[-58.560784,-31.03648],[-58.580303,-31.041188],[-58.598202,-31.059735],[-58.57389,-31.075623],[-58.575129,-31.103924],[-58.544342,-31.136778],[-58.387594,-31.210714],[-58.408254,-31.238115],[-58.465268,-31.260798],[-58.472097,-31.266764],[-58.411428,-31.351574],[-58.419337,-31.36947],[-58.431,-31.365463],[-58.459547,-31.389281],[-58.449356,-31.431755],[-58.346326,-31.490457],[-58.325991,-31.486361],[-58.327195,-31.501331],[-58.345985,-31.506505],[-58.329093,-31.544359],[-58.286712,-31.539555],[-58.297031,-31.602706],[-58.280193,-31.602199],[-58.277944,-31.582481],[-58.260575,-31.600352],[-58.274736,-31.662676],[-58.288202,-31.668704],[-58.278983,-31.698534],[-58.240279,-31.71703],[-58.228509,-31.73537],[-58.162585,-31.744295],[-58.122385,-31.721151],[-58.086878,-31.734295],[-58.082169,-31.720195],[-58.063604,-31.738105],[-58.036985,-31.727222],[-57.980639,-31.581048],[-58.003795,-31.531906],[-58.078266,-31.488811],[-58.082394,-31.457827],[-57.980491,-31.390445],[-57.996945,-31.360511],[-57.924361,-31.237158]]]},"properties":{"fid":2,"Entidad":0,"Objeto":"Departamento","FNA":"Departamento Concordia","GNA":"Departamento","NAM":"Concordia","SAG":"ATER - Direc. de Catastro","FDC":null,"IN1":"30015","SHAPE_STAr":0.310471418617,"SHAPE_STLe":4.03116273288}},
{"type":"Feature","geometry":{"type":"Polygon","coordinates":[[[-59.636185,-30.702124],[-60.204937,-30.650665],[-60.21216,-30.688568],[-60.239543,-30.72082],[-60.241688,-30.762519],[-60.255977,-30.768866],[-60.247558,-30.856425],[-60.258586,-30.864128],[-60.276602,-30.849667],[-60.284595,-30.858082],[-60.285681,-30.914308],[-60.303618,-30.928313],[-60.299926,-30.976172],[-60.318794,-30.985904],[-60.31308,-30.995004],[-60.332307,-31.016422],[-60.320619,-31.041976],[-60.359744,-31.091557],[-60.369144,-31.115427],[-60.356927,-31.124428],[-60.373382,-31.14197],[-60.39121,-31.139916],[-60.441108,-31.167413],[-60.449525,-31.21305],[-60.465038,-31.249371],[-60.455237,-31.260735],[-60.49806,-31.301114],[-60.473694,-31.339476],[-60.509227,-31.386199],[-60.502503,-31.418706],[-60.558795,-31.458014],[-60.510831,-31.468971],[-60.506793,-31.484569],[-60.493526,-31.478304],[-60.478445,-31.493474],[-60.390855,-31.496447],[-60.395812,-31.506369],[-60.3804,-31.515751],[-60.343458,-31.497486],[-60.301788,-31.534172],[-60.244001,-31.530395],[-60.212354,-31.467816],[-60.143494,-31.443604],[-60.138428,-31.413391],[-60.086792,-31.346985],[-60.110107,-31.296875],[-60.013428,-31.250671],[-59.983959,-31.18739],[-59.983276,-31.155701],[-59.963379,-31.119873],[-59.902838,-31.084827],[-59.826111,-30.97168],[-59.818176,-30.942505],[-59.734848,-30.876624],[-59.704867,-30.817376],[-59.699394,-30.769072],[-59.642578,-30.730713],[-59.636185,-30.702124]]]},"properties":{"fid":410,"Entidad":0,"Objeto":"Departamento","FNA":"Departamento Garay","GNA":"Departamento","NAM":"Garay","SAG":"Servicio de Catastro e Información Territorial","FDC":null,"IN1":"82035","SHAPE_STAr":0.383524840959,"SHAPE_STLe":3.31208264279}},
{"type":"Feature","geometry":{"type":"Polygon","coordinates":[[[-59.210447,-30.347067],[-59.229185,-30.36408],[-59.273205,-30.352837],[-59.287244,-30.361879],[-59.298249,-30.347246],[-59.323114,-30.354562],[-59.347742,-30.3247],[-59.422338,-30.314766],[-59.439351,-30.329459],[-59.463264,-30.324581],[-59.463978,-30.336597],[-59.488725,-30.344807],[-59.55642,-30.332909],[-59.556539,-30.351767],[-59.565581,-30.348138],[-59.574207,-30.370386],[-59.572006,-30.40816],[-59.590609,-30.434991],[-59.615097,-30.419207],[-59.63682,-30.357754],[-59.671672,-30.338662],[-59.703439,-30.44261],[-59.65033,-30.500977],[-59.645856,-30.597037],[-59.678406,-30.646912],[-59.668091,-30.676025],[-59.636185,-30.702124],[-59.642578,-30.730713],[-59.699394,-30.769072],[-59.704867,-30.817376],[-59.734848,-30.876624],[-59.818176,-30.942505],[-59.826111,-30.97168],[-59.902838,-31.084827],[-59.963379,-31.119873],[-59.983276,-31.155701],[-59.983959,-31.18739],[-59.960759,-31.209574],[-59.952663,-31.204774],[-59.934761,-31.291435],[-59.898599,-31.341117],[-59.878817,-31.420453],[-59.858608,-31.429603],[-59.862395,-31.493932],[-59.824685,-31.499679],[-59.758716,-31.421765],[-59.735669,-31.418719],[-59.736734,-31.42963],[-59.612692,-31.45143],[-59.625041,-31.504941],[-59.573124,-31.473132],[-59.285085,-31.303598],[-59.296232,-31.275342],[-59.258436,-31.147408],[-59.276099,-31.12079],[-59.301671,-31.109911],[-59.286573,-31.098945],[-59.274653,-31.059064],[-59.292049,-31.052951],[-59.315237,-31.018973],[-59.339891,-31.009806],[-59.329102,-31.00201],[-59.336286,-30.994734],[-59.280515,-30.968551],[-59.309197,-30.936859],[-59.270985,-30.902537],[-59.292448,-30.846275],[-59.333349,-30.798873],[-59.296783,-30.789749],[-59.298954,-30.781009],[-59.260752,-30.763335],[-59.208392,-30.765753],[-59.201213,-30.746158],[-59.177587,-30.744845],[-59.144212,-30.719148],[-59.115689,-30.717835],[-59.097034,-30.691218],[-59.067123,-30.690488],[-59.068031,-30.676217],[-59.059304,-30.681935],[-59.041495,-30.670503],[-59.009871,-30.620749],[-58.931404,-30.561356],[-58.980959,-30.557783],[-58.980316,-30.521843],[-59.045453,-30.519865],[-59.077259,-30.488413],[-59.068704,-30.414451],[-59.094999,-30.388481],[-59.176338,-30.377455],[-59.210447,-30.347067]]]},"properties":{"fid":198,"Entidad":0,"Objeto":"Departamento","FNA":"Departamento La Paz","GNA":"Departamento","NAM":"La Paz","SAG":"ATER - Direc. de Catastro","FDC":null,"IN1":"30070","SHAPE_STAr":0.626099205585,"SHAPE_STLe":5.33284243351}},
{"type":"Feature","geometry":{"type":"Polygon","coordinates":[[[-58.577313,-30.69016],[-58.598354,-30.674874],[-58.664744,-30.702163],[-58.709424,-30.699121],[-58.724122,-30.687182],[-58.761124,-30.691193],[-58.822969,-30.654683],[-58.872029,-30.661958],[-58.905927,-30.622633],[-58.914786,-30.629127],[-58.963383,-30.601562],[-59.009871,-30.620749],[-59.041495,-30.670503],[-59.059304,-30.681935],[-59.068031,-30.676217],[-59.067123,-30.690488],[-59.097034,-30.691218],[-59.115689,-30.717835],[-59.144212,-30.719148],[-59.177587,-30.744845],[-59.201213,-30.746158],[-59.208392,-30.765753],[-59.260752,-30.763335],[-59.298954,-30.781009],[-59.296783,-30.789749],[-59.333349,-30.798873],[-59.292448,-30.846275],[-59.270985,-30.902537],[-59.309197,-30.936859],[-59.280515,-30.968551],[-59.336286,-30.994734],[-59.329102,-31.00201],[-59.339891,-31.009806],[-59.315237,-31.018973],[-59.292049,-31.052951],[-59.274653,-31.059064],[-59.286573,-31.098945],[-59.301671,-31.109911],[-59.276099,-31.12079],[-59.258436,-31.147408],[-59.296232,-31.275342],[-59.285085,-31.303598],[-59.234777,-31.267693],[-59.172727,-31.350013],[-59.148149,-31.413759],[-59.094704,-31.455256],[-59.073365,-31.433039],[-59.06519,-31.411772],[-59.074339,-31.403486],[-59.044626,-31.393581],[-59.052169,-31.378982],[-59.034473,-31.376133],[-59.045927,-31.36718],[-59.034942,-31.36545],[-59.034891,-31.349167],[-59.010572,-31.339061],[-59.018196,-31.325074],[-58.990812,-31.295424],[-58.998034,-31.288333],[-58.971275,-31.271719],[-58.975331,-31.256894],[-58.953057,-31.25151],[-58.947614,-31.238375],[-58.924886,-31.237541],[-58.929226,-31.228399],[-58.910321,-31.227825],[-58.904404,-31.212311],[-58.862919,-31.221666],[-58.781084,-31.270966],[-58.68439,-31.301264],[-58.635846,-31.297283],[-58.583864,-31.257819],[-58.531411,-31.268991],[-58.465268,-31.260798],[-58.408254,-31.238115],[-58.387594,-31.210714],[-58.544342,-31.136778],[-58.575129,-31.103924],[-58.57389,-31.075623],[-58.598202,-31.059735],[-58.580303,-31.041188],[-58.560784,-31.03648],[-58.549297,-31.045908],[-58.544062,-31.034485],[-58.522013,-31.038149],[-58.493511,-31.022101],[-58.483586,-31.008885],[-58.506945,-30.982277],[-58.486167,-30.969769],[-58.483653,-30.950223],[-58.466362,-30.945532],[-58.46448,-30.908909],[-58.440247,-30.90254],[-58.446065,-30.889723],[-58.427207,-30.847144],[-58.410014,-30.834524],[-58.471452,-30.799059],[-58.491732,-30.732379],[-58.577313,-30.69016]]]},"properties":{"fid":3,"Entidad":0,"Objeto":"Departamento","FNA":"Departamento Federal","GNA":"Departamento","NAM":"Federal","SAG":"ATER - Direc. de Catastro","FDC":null,"IN1":"30035","SHAPE_STAr":0.492213796588,"SHAPE_STLe":5.51732451985}},
{"type":"Feature","geometry":{"type":"Polygon","coordinates":[[[-58.071934,-30.425411],[-58.141176,-30.405721],[-58.192394,-30.33517],[-58.207861,-30.288056],[-58.269607,-30.2524],[-58.307897,-30.330874],[-58.338374,-30.313978],[-58.353343,-30.329802],[-58.389439,-30.312613],[-58.408052,-30.31691],[-58.406283,-30.346523],[-58.361477,-30.335296],[-58.342157,-30.359322],[-58.409536,-30.425152],[-58.398502,-30.440398],[-58.425149,-30.473516],[-58.457105,-30.552363],[-58.522418,-30.608804],[-58.501072,-30.626754],[-58.568623,-30.667307],[-58.577313,-30.69016],[-58.491732,-30.732379],[-58.471452,-30.799059],[-58.410014,-30.834524],[-58.389697,-30.825594],[-58.359854,-30.841611],[-58.250346,-30.85397],[-58.276349,-30.883309],[-58.274496,-30.918475],[-58.250881,-30.927292],[-58.249026,-30.992341],[-58.23072,-31.013036],[-58.273497,-31.037118],[-58.19226,-31.0543],[-58.124957,-31.089461],[-58.105443,-31.084616],[-58.027845,-31.12338],[-57.992181,-31.157489],[-57.961913,-31.212904],[-57.924361,-31.237158],[-57.913069,-31.212249],[-57.919066,-31.129907],[-57.861625,-31.042012],[-57.914899,-30.920564],[-57.894414,-30.907207],[-57.84507,-30.919925],[-57.821808,-30.907832],[-57.799267,-30.853224],[-57.809199,-30.729623],[-57.821523,-30.719403],[-57.843748,-30.721658],[-57.854835,-30.69465],[-57.894779,-30.669411],[-57.97485,-30.64734],[-57.979945,-30.6295],[-58.033625,-30.598041],[-58.036781,-30.568201],[-58.06875,-30.54482],[-58.057598,-30.497049],[-58.079429,-30.455868],[-58.071934,-30.425411]]]},"properties":{"fid":197,"Entidad":0,"Objeto":"Departamento","FNA":"Departamento Federación","GNA":"Departamento","NAM":"Federación","SAG":"ATER - Direc. de Catastro","FDC":null,"IN1":"30028","SHAPE_STAr":0.355215299883,"SHAPE_STLe":3.66464118051}},
{"type":"Feature","geometry":{"type":"Polygon","coordinates":[[[-60.136445,-30.127344],[-60.154073,-30.163424],[-60.182048,-30.162184],[-60.185066,-30.146517],[-60.156643,-30.124144],[-60.198311,-30.12204],[-60.212132,-30.067661],[-60.289675,-30.029938],[-60.279628,-29.978878],[-60.720537,-29.910136],[-60.697481,-29.945802],[-60.704747,-29.95728],[-60.693082,-29.96201],[-60.726739,-29.981553],[-60.7181,-30.009248],[-60.72864,-30.028553],[-60.738902,-30.022751],[-60.752072,-30.079677],[-60.701266,-30.143381],[-60.735823,-30.210265],[-60.718459,-30.235976],[-60.701622,-30.2375],[-60.697807,-30.254012],[-60.648644,-30.266491],[-60.640499,-30.299662],[-60.656796,-30.303746],[-60.649948,-30.342165],[-60.672629,-30.342216],[-60.679782,-30.360906],[-60.668997,-30.360962],[-60.682599,-30.379214],[-60.668631,-30.380055],[-60.674696,-30.395055],[-60.666487,-30.38832],[-60.652517,-30.39785],[-60.666086,-30.399445],[-60.653704,-30.417458],[-60.664038,-30.423258],[-60.646613,-30.427138],[-60.659127,-30.429786],[-60.63802,-30.479392],[-60.650848,-30.474708],[-60.655551,-30.510231],[-60.665781,-30.501976],[-60.674102,-30.51333],[-60.685352,-30.509197],[-60.674972,-30.518738],[-60.689703,-30.543408],[-60.660998,-30.550125],[-60.653564,-30.565316],[-60.664123,-30.570904],[-60.63945,-30.579445],[-60.646321,-30.586126],[-60.627399,-30.603735],[-60.619086,-30.594165],[-60.615284,-30.609563],[-60.627862,-30.618435],[-60.617075,-30.621652],[-60.623762,-30.632647],[-60.609042,-30.63401],[-60.622325,-30.640809],[-60.618763,-30.651359],[-60.601757,-30.651993],[-60.614561,-30.660897],[-60.590904,-30.66633],[-60.601858,-30.687936],[-60.592901,-30.690256],[-60.608211,-30.70327],[-60.598667,-30.714464],[-60.626187,-30.731605],[-60.622487,-30.746862],[-60.64618,-30.75486],[-60.654969,-30.741269],[-60.679045,-30.744716],[-60.688046,-30.758281],[-60.701489,-30.74757],[-60.725041,-30.768913],[-60.710855,-30.772342],[-60.7233,-30.776664],[-60.718124,-30.786481],[-60.727788,-30.780337],[-60.760275,-30.807793],[-60.794664,-30.782878],[-60.822835,-30.802141],[-60.833799,-30.824306],[-60.804208,-30.835033],[-60.810849,-30.844243],[-60.776054,-30.887527],[-60.811463,-30.888535],[-60.813487,-30.897368],[-60.833425,-30.886496],[-60.852844,-30.900658],[-60.839711,-30.918487],[-60.821681,-30.919212],[-60.836216,-30.935053],[-60.825705,-30.980242],[-60.838568,-30.980494],[-60.833106,-30.989941],[-60.842984,-30.984545],[-60.843467,-30.998546],[-60.852147,-30.990765],[-60.859604,-30.997298],[-60.814067,-31.015093],[-60.657902,-31.042098],[-60.670258,-31.11194],[-60.549294,-31.132315],[-60.573853,-31.188017],[-60.449525,-31.21305],[-60.441108,-31.167413],[-60.39121,-31.139916],[-60.373382,-31.14197],[-60.356927,-31.124428],[-60.369144,-31.115427],[-60.359744,-31.091557],[-60.320619,-31.041976],[-60.332307,-31.016422],[-60.31308,-30.995004],[-60.318794,-30.985904],[-60.299926,-30.976172],[-60.303618,-30.928313],[-60.285681,-30.914308],[-60.284595,-30.858082],[-60.276602,-30.849667],[-60.258586,-30.864128],[-60.247558,-30.856425],[-60.255977,-30.768866],[-60.241688,-30.762519],[-60.239543,-30.72082],[-60.21216,-30.688568],[-60.33889,-30.669237],[-60.333089,-30.655145],[-60.345363,-30.632222],[-60.382818,-30.608398],[-60.339765,-30.568744],[-60.350826,-30.509998],[-60.324556,-30.496502],[-60.332616,-30.474901],[-60.274333,-30.432186],[-60.276145,-30.421252],[-60.255263,-30.422972],[-60.242489,-30.410518],[-60.245315,-30.390944],[-60.225415,-30.374006],[-60.198458,-30.367363],[-60.214034,-30.344894],[-60.194649,-30.318675],[-60.213776,-30.319582],[-60.205993,-30.309818],[-60.215981,-30.307021],[-60.207905,-30.294836],[-60.182996,-30.293539],[-60.180357,-30.272361],[-60.160443,-30.25393],[-60.174993,-30.24182],[-60.158959,-30.229196],[-60.167669,-30.218485],[-60.151223,-30.208777],[-60.15002,-30.185486],[-60.118573,-30.148593],[-60.118725,-30.13375],[-60.136445,-30.127344]]]},"properties":{"fid":412,"Entidad":0,"Objeto":"Departamento","FNA":"Departamento San Justo","GNA":"Departamento","NAM":"San Justo","SAG":"Servicio de Catastro e Información Territorial","FDC":null,"IN1":"82112","SHAPE_STAr":0.527494447167,"SHAPE_STLe":6.5603791354}},
{"type":"Feature","geometry":{"type":"Polygon","coordinates":[[[-57.659569,-30.009298],[-57.671471,-30.006193],[-57.693218,-30.024988],[-57.744267,-29.968199],[-57.787209,-29.966055],[-57.81554,-29.94068],[-57.835384,-29.941145],[-57.882095,-29.87122],[-57.941471,-29.827386],[-57.999722,-29.822546],[-58.033852,-29.852448],[-58.070851,-29.859671],[-58.076622,-29.893145],[-58.054573,-29.896606],[-58.047234,-29.950212],[-57.992395,-29.978565],[-58.05893,-30.106823],[-58.047726,-30.14031],[-58.025533,-30.147331],[-58.022616,-30.173426],[-58.028816,-30.229085],[-58.04198,-30.246588],[-58.032821,-30.258409],[-58.051772,-30.290536],[-58.037645,-30.307566],[-58.057749,-30.331221],[-58.047894,-30.350441],[-58.078029,-30.379907],[-58.071934,-30.425411],[-58.079429,-30.455868],[-58.057598,-30.497049],[-58.06875,-30.54482],[-58.036781,-30.568201],[-58.033625,-30.598041],[-57.979945,-30.6295],[-57.97485,-30.64734],[-57.894779,-30.669411],[-57.854835,-30.69465],[-57.843748,-30.721658],[-57.821523,-30.719403],[-57.809199,-30.729623],[-57.808973,-30.695269],[-57.843369,-30.65955],[-57.846552,-30.620536],[-57.887304,-30.587569],[-57.889609,-30.510684],[-57.844024,-30.469297],[-57.787761,-30.442671],[-57.767823,-30.418322],[-57.72305,-30.400436],[-57.64292,-30.341905],[-57.61524,-30.254466],[-57.653561,-30.195995],[-57.628218,-30.174459],[-57.655602,-30.153706],[-57.614418,-30.163521],[-57.62328,-30.105427],[-57.611015,-30.087322],[-57.560776,-30.075819],[-57.601311,-30.059732],[-57.588959,-30.042639],[-57.566921,-30.042349],[-57.561764,-30.022573],[-57.577888,-30.007904],[-57.609131,-30.020803],[-57.659569,-30.009298]]]},"properties":{"fid":441,"Entidad":0,"Objeto":"Departamento","FNA":"Departamento Monte Caseros","GNA":"Departamento","NAM":"Monte Caseros","SAG":"IGN","FDC":"-2","IN1":"18112","SHAPE_STAr":0.25345428414,"SHAPE_STLe":3.42500096937}},
{"type":"Feature","geometry":{"type":"Polygon","coordinates":[[[-58.57836,-30.160279],[-58.629858,-30.177055],[-58.647652,-30.163],[-58.682242,-30.163879],[-58.680405,-30.174488],[-58.720868,-30.185694],[-58.748415,-30.214115],[-58.788832,-30.219059],[-58.804341,-30.210985],[-58.879642,-30.246118],[-58.911997,-30.248096],[-58.965301,-30.218133],[-59.008609,-30.218993],[-59.064764,-30.231187],[-59.081004,-30.249152],[-59.075591,-30.257361],[-59.107971,-30.273581],[-59.136148,-30.286748],[-59.136386,-30.311911],[-59.171661,-30.318633],[-59.210447,-30.347067],[-59.176338,-30.377455],[-59.094999,-30.388481],[-59.068704,-30.414451],[-59.077259,-30.488413],[-59.045453,-30.519865],[-58.980316,-30.521843],[-58.980959,-30.557783],[-58.931404,-30.561356],[-59.009871,-30.620749],[-58.963383,-30.601562],[-58.914786,-30.629127],[-58.905927,-30.622633],[-58.872029,-30.661958],[-58.822969,-30.654683],[-58.761124,-30.691193],[-58.724122,-30.687182],[-58.709424,-30.699121],[-58.664744,-30.702163],[-58.598354,-30.674874],[-58.577313,-30.69016],[-58.568623,-30.667307],[-58.501072,-30.626754],[-58.522418,-30.608804],[-58.457105,-30.552363],[-58.425149,-30.473516],[-58.398502,-30.440398],[-58.409536,-30.425152],[-58.342157,-30.359322],[-58.361477,-30.335296],[-58.406283,-30.346523],[-58.408052,-30.31691],[-58.389439,-30.312613],[-58.353343,-30.329802],[-58.338374,-30.313978],[-58.307897,-30.330874],[-58.269607,-30.2524],[-58.28555,-30.244631],[-58.343726,-30.27125],[-58.368791,-30.264791],[-58.436857,-30.221703],[-58.451822,-30.22485],[-58.470634,-30.203328],[-58.497886,-30.207047],[-58.55329,-30.185582],[-58.57836,-30.160279]]]},"properties":{"fid":199,"Entidad":0,"Objeto":"Departamento","FNA":"Departamento Feliciano","GNA":"Departamento","NAM":"Feliciano","SAG":"ATER - Direc. de Catastro","FDC":null,"IN1":"30042","SHAPE_STAr":0.297727524915,"SHAPE_STLe":3.672327001}},
{"type":"Feature","geometry":{"type":"Polygon","coordinates":[[[-59.580921,-29.474068],[-59.661833,-29.446604],[-59.656473,-29.459687],[-59.670873,-29.473014],[-59.719788,-29.48784],[-59.721044,-29.46074],[-59.735658,-29.465495],[-59.768377,-29.442549],[-59.778849,-29.415156],[-60.069291,-29.370634],[-60.084881,-29.386237],[-60.078261,-29.405512],[-60.100216,-29.431141],[-60.105286,-29.482983],[-60.082776,-29.53471],[-60.084969,-29.634638],[-60.061464,-29.65666],[-60.000072,-29.654705],[-59.998575,-29.773035],[-59.979953,-29.784764],[-59.970557,-29.812709],[-59.947991,-29.800319],[-59.910763,-29.800058],[-59.876829,-29.813034],[-59.874594,-29.833129],[-59.889492,-29.834235],[-59.926452,-29.915058],[-59.941396,-29.909299],[-59.960609,-29.936067],[-59.988926,-29.928756],[-60.020674,-29.951781],[-60.027786,-29.964301],[-60.017314,-29.975706],[-60.035527,-29.988201],[-60.032396,-30.009358],[-60.044346,-30.009744],[-60.045327,-30.027316],[-60.085633,-30.030535],[-60.099401,-30.041866],[-60.097755,-30.070088],[-60.128607,-30.087094],[-60.114355,-30.103596],[-60.116626,-30.121523],[-60.135276,-30.112855],[-60.159521,-30.12007],[-60.136445,-30.127344],[-60.118725,-30.13375],[-60.118573,-30.148593],[-60.15002,-30.185486],[-60.151223,-30.208777],[-60.167669,-30.218485],[-60.158959,-30.229196],[-60.174993,-30.24182],[-60.160443,-30.25393],[-60.180357,-30.272361],[-60.182996,-30.293539],[-60.207905,-30.294836],[-60.215981,-30.307021],[-60.205993,-30.309818],[-60.213776,-30.319582],[-60.194649,-30.318675],[-60.214034,-30.344894],[-60.198458,-30.367363],[-60.225415,-30.374006],[-60.245315,-30.390944],[-60.242489,-30.410518],[-60.255263,-30.422972],[-60.276145,-30.421252],[-60.274333,-30.432186],[-60.332616,-30.474901],[-60.324556,-30.496502],[-60.350826,-30.509998],[-60.339765,-30.568744],[-60.382818,-30.608398],[-60.345363,-30.632222],[-60.333089,-30.655145],[-60.33889,-30.669237],[-60.21216,-30.688568],[-60.204937,-30.650665],[-59.636185,-30.702124],[-59.668091,-30.676025],[-59.678406,-30.646912],[-59.645856,-30.597037],[-59.65033,-30.500977],[-59.703439,-30.44261],[-59.671672,-30.338662],[-59.666803,-30.327161],[-59.702971,-30.301701],[-59.710824,-30.270292],[-59.636584,-30.237456],[-59.616121,-30.11301],[-59.56948,-30.01901],[-59.6047,-29.902666],[-59.659903,-29.83723],[-59.617549,-29.77584],[-59.613979,-29.668765],[-59.580921,-29.474068]]]},"properties":{"fid":414,"Entidad":0,"Objeto":"Departamento","FNA":"Departamento San Javier","GNA":"Departamento","NAM":"San Javier","SAG":"Servicio de Catastro e Información Territorial","FDC":null,"IN1":"82098","SHAPE_STAr":0.626539865182,"SHAPE_STLe":5.90943152148}},
{"type":"Feature","geometry":{"type":"Polygon","coordinates":[[[-58.718899,-29.641705],[-58.730675,-29.589212],[-58.773571,-29.568216],[-58.874287,-29.551758],[-58.859653,-29.478859],[-58.910065,-29.468283],[-58.928009,-29.475937],[-58.960247,-29.5327],[-59.056438,-29.580484],[-59.074787,-29.6394],[-59.08839,-29.64691],[-59.080956,-29.656965],[-59.144344,-29.68503],[-59.135134,-29.707214],[-59.171238,-29.718325],[-59.169601,-29.732721],[-59.249344,-29.766302],[-59.261703,-29.78327],[-59.314137,-29.785807],[-59.307452,-29.800356],[-59.333105,-29.816601],[-59.353098,-29.800037],[-59.382051,-29.824443],[-59.392857,-29.810955],[-59.409061,-29.811951],[-59.474087,-29.851862],[-59.487428,-29.867598],[-59.513369,-29.978132],[-59.545568,-30.016549],[-59.552069,-30.008554],[-59.56948,-30.01901],[-59.616121,-30.11301],[-59.636584,-30.237456],[-59.710824,-30.270292],[-59.702971,-30.301701],[-59.666803,-30.327161],[-59.671672,-30.338662],[-59.63682,-30.357754],[-59.615097,-30.419207],[-59.590609,-30.434991],[-59.572006,-30.40816],[-59.574207,-30.370386],[-59.565581,-30.348138],[-59.556539,-30.351767],[-59.55642,-30.332909],[-59.488725,-30.344807],[-59.463978,-30.336597],[-59.463264,-30.324581],[-59.439351,-30.329459],[-59.422338,-30.314766],[-59.347742,-30.3247],[-59.323114,-30.354562],[-59.298249,-30.347246],[-59.287244,-30.361879],[-59.273205,-30.352837],[-59.229185,-30.36408],[-59.210447,-30.347067],[-59.171661,-30.318633],[-59.136386,-30.311911],[-59.136148,-30.286748],[-59.107971,-30.273581],[-59.126222,-30.1824],[-59.069125,-30.165084],[-59.052423,-30.135588],[-59.069408,-30.128563],[-59.073513,-30.099573],[-59.025436,-29.851475],[-58.958199,-29.834415],[-58.954357,-29.81567],[-58.911861,-29.809671],[-58.862316,-29.760159],[-58.856789,-29.74214],[-58.878044,-29.738632],[-58.875225,-29.726542],[-58.718899,-29.641705]]]},"properties":{"fid":442,"Entidad":0,"Objeto":"Departamento","FNA":"Departamento Esquina","GNA":"Departamento","NAM":"Esquina","SAG":"IGN","FDC":"-2","IN1":"18049","SHAPE_STAr":0.367238940264,"SHAPE_STLe":3.91371072809}},
{"type":"Feature","geometry":{"type":"Polygon","coordinates":[[[-57.61586,-29.742544],[-57.646957,-29.717011],[-57.657494,-29.72672],[-57.693061,-29.713759],[-57.733898,-29.741983],[-57.756193,-29.726951],[-57.756242,-29.714208],[-57.80455,-29.71036],[-57.871703,-29.631246],[-57.868237,-29.605377],[-57.903274,-29.558326],[-57.897861,-29.549323],[-57.952312,-29.535895],[-58.014564,-29.481106],[-58.056071,-29.480521],[-58.094012,-29.464645],[-58.114979,-29.440615],[-58.150271,-29.439706],[-58.193204,-29.40306],[-58.249111,-29.315235],[-58.307998,-29.252348],[-58.352057,-29.241152],[-58.372089,-29.228919],[-58.390912,-29.188858],[-58.409194,-29.193235],[-58.441564,-29.17286],[-58.492069,-29.105501],[-58.53641,-29.094374],[-58.526661,-29.095627],[-58.533657,-29.065612],[-58.559427,-29.058676],[-58.55944,-29.046624],[-58.600781,-29.050468],[-58.618732,-29.067238],[-58.645313,-29.064672],[-58.647552,-29.079565],[-58.668304,-29.081888],[-58.673637,-29.103195],[-58.689049,-29.09952],[-58.696011,-29.111858],[-58.687344,-29.118032],[-58.717846,-29.135275],[-58.730232,-29.178719],[-58.755013,-29.190477],[-58.76226,-29.217735],[-58.786469,-29.230976],[-58.798935,-29.257637],[-58.792229,-29.269186],[-58.810509,-29.279894],[-58.816853,-29.300257],[-58.861164,-29.328787],[-58.863468,-29.345491],[-58.844955,-29.350393],[-58.87458,-29.389759],[-58.868679,-29.412346],[-58.886032,-29.41404],[-58.910065,-29.468283],[-58.859653,-29.478859],[-58.874287,-29.551758],[-58.773571,-29.568216],[-58.730675,-29.589212],[-58.718899,-29.641705],[-58.696831,-29.62921],[-58.716511,-29.727587],[-58.682918,-29.772116],[-58.701255,-29.780829],[-58.752873,-29.858159],[-58.734619,-29.858633],[-58.694118,-29.834726],[-58.629061,-29.846207],[-58.591015,-29.833307],[-58.537539,-29.881085],[-58.531378,-29.928824],[-58.506865,-29.963995],[-58.468754,-29.989717],[-58.445077,-30.097382],[-58.472617,-30.122943],[-58.508636,-30.117249],[-58.539478,-30.15237],[-58.57836,-30.160279],[-58.55329,-30.185582],[-58.497886,-30.207047],[-58.470634,-30.203328],[-58.451822,-30.22485],[-58.436857,-30.221703],[-58.368791,-30.264791],[-58.343726,-30.27125],[-58.28555,-30.244631],[-58.269607,-30.2524],[-58.207861,-30.288056],[-58.192394,-30.33517],[-58.141176,-30.405721],[-58.071934,-30.425411],[-58.078029,-30.379907],[-58.047894,-30.350441],[-58.057749,-30.331221],[-58.037645,-30.307566],[-58.051772,-30.290536],[-58.032821,-30.258409],[-58.04198,-30.246588],[-58.028816,-30.229085],[-58.022616,-30.173426],[-58.025533,-30.147331],[-58.047726,-30.14031],[-58.05893,-30.106823],[-57.992395,-29.978565],[-58.047234,-29.950212],[-58.054573,-29.896606],[-58.076622,-29.893145],[-58.070851,-29.859671],[-58.033852,-29.852448],[-57.999722,-29.822546],[-57.941471,-29.827386],[-57.882095,-29.87122],[-57.835384,-29.941145],[-57.81554,-29.94068],[-57.787209,-29.966055],[-57.744267,-29.968199],[-57.693218,-30.024988],[-57.671471,-30.006193],[-57.659569,-30.009298],[-57.639626,-29.986542],[-57.665588,-29.984478],[-57.689107,-29.960479],[-57.678899,-29.940899],[-57.700939,-29.937775],[-57.687241,-29.919092],[-57.702023,-29.916065],[-57.687485,-29.898502],[-57.704109,-29.856965],[-57.672736,-29.858349],[-57.684074,-29.835026],[-57.646432,-29.826751],[-57.678173,-29.819057],[-57.69096,-29.770536],[-57.610943,-29.752464],[-57.61586,-29.742544]]]},"properties":{"fid":444,"Entidad":0,"Objeto":"Departamento","FNA":"Departamento Curuzú Cuatiá","GNA":"Departamento","NAM":"Curuzú Cuatiá","SAG":"IGN","FDC":"-2","IN1":"18035","SHAPE_STAr":0.775153311417,"SHAPE_STLe":6.88815062408}},
{"type":"Feature","geometry":{"type":"Polygon","coordinates":[[[-58.57836,-30.160279],[-58.539478,-30.15237],[-58.508636,-30.117249],[-58.472617,-30.122943],[-58.445077,-30.097382],[-58.468754,-29.989717],[-58.506865,-29.963995],[-58.531378,-29.928824],[-58.537539,-29.881085],[-58.591015,-29.833307],[-58.629061,-29.846207],[-58.694118,-29.834726],[-58.734619,-29.858633],[-58.752873,-29.858159],[-58.701255,-29.780829],[-58.682918,-29.772116],[-58.716511,-29.727587],[-58.696831,-29.62921],[-58.718899,-29.641705],[-58.875225,-29.726542],[-58.878044,-29.738632],[-58.856789,-29.74214],[-58.862316,-29.760159],[-58.911861,-29.809671],[-58.954357,-29.81567],[-58.958199,-29.834415],[-59.025436,-29.851475],[-59.073513,-30.099573],[-59.069408,-30.128563],[-59.052423,-30.135588],[-59.069125,-30.165084],[-59.126222,-30.1824],[-59.107971,-30.273581],[-59.075591,-30.257361],[-59.081004,-30.249152],[-59.064764,-30.231187],[-59.008609,-30.218993],[-58.965301,-30.218133],[-58.911997,-30.248096],[-58.879642,-30.246118],[-58.804341,-30.210985],[-58.788832,-30.219059],[-58.748415,-30.214115],[-58.720868,-30.185694],[-58.680405,-30.174488],[-58.682242,-30.163879],[-58.647652,-30.163],[-58.629858,-30.177055],[-58.57836,-30.160279]]]},"properties":{"fid":443,"Entidad":0,"Objeto":"Departamento","FNA":"Departamento Sauce","GNA":"Departamento","NAM":"Sauce","SAG":"IGN","FDC":"-2","IN1":"18175","SHAPE_STAr":0.233111275272,"SHAPE_STLe":3.02496457838}},
{"type":"Feature","geometry":{"type":"Polygon","coordinates":[[[-56.838651,-29.498216],[-56.86916,-29.470119],[-56.868183,-29.44169],[-56.852661,-29.425674],[-56.863749,-29.393848],[-56.848579,-29.323858],[-56.861092,-29.301857],[-56.855114,-29.258028],[-56.866684,-29.201643],[-56.921227,-29.209093],[-56.949764,-29.20105],[-57.100868,-29.257418],[-57.134476,-29.244938],[-57.286385,-29.246315],[-57.427742,-29.227316],[-57.476669,-29.182554],[-57.510198,-29.177013],[-57.546752,-29.2126],[-57.538678,-29.259416],[-57.582232,-29.321776],[-57.578899,-29.334051],[-57.565639,-29.330603],[-57.569105,-29.34736],[-57.544234,-29.354636],[-57.528889,-29.373291],[-57.541779,-29.398495],[-57.521506,-29.403967],[-57.534123,-29.411987],[-57.536165,-29.439936],[-57.503208,-29.449249],[-57.521904,-29.465908],[-57.512852,-29.495975],[-57.520792,-29.504361],[-57.506172,-29.516731],[-57.515366,-29.525101],[-57.507992,-29.565937],[-57.526666,-29.571173],[-57.541785,-29.593441],[-57.535469,-29.61214],[-57.549287,-29.622458],[-57.543873,-29.646897],[-57.558211,-29.673711],[-57.581071,-29.66728],[-57.59951,-29.675114],[-57.601424,-29.685223],[-57.587873,-29.689348],[-57.605989,-29.703871],[-57.601037,-29.723398],[-57.61586,-29.742544],[-57.610943,-29.752464],[-57.69096,-29.770536],[-57.678173,-29.819057],[-57.646432,-29.826751],[-57.684074,-29.835026],[-57.672736,-29.858349],[-57.704109,-29.856965],[-57.687485,-29.898502],[-57.702023,-29.916065],[-57.687241,-29.919092],[-57.700939,-29.937775],[-57.678899,-29.940899],[-57.689107,-29.960479],[-57.665588,-29.984478],[-57.639626,-29.986542],[-57.659569,-30.009298],[-57.609131,-30.020803],[-57.577888,-30.007904],[-57.561764,-30.022573],[-57.566921,-30.042349],[-57.588959,-30.042639],[-57.601311,-30.059732],[-57.560776,-30.075819],[-57.611015,-30.087322],[-57.62328,-30.105427],[-57.614418,-30.163521],[-57.655602,-30.153706],[-57.628218,-30.174459],[-57.577283,-30.176195],[-57.474243,-30.119768],[-57.408541,-30.032024],[-57.353058,-30.008496],[-57.336775,-29.990385],[-57.325337,-29.95893],[-57.327833,-29.883264],[-57.289465,-29.825349],[-57.229949,-29.779164],[-57.169896,-29.781164],[-57.11022,-29.756998],[-57.030182,-29.691759],[-57.00587,-29.656121],[-56.968237,-29.639106],[-56.969577,-29.605023],[-56.899923,-29.533387],[-56.838651,-29.498216]]]},"properties":{"fid":447,"Entidad":0,"Objeto":"Departamento","FNA":"Departamento Paso de los Libres","GNA":"Departamento","NAM":"Paso de los Libres","SAG":"IGN","FDC":"-2","IN1":"18119","SHAPE_STAr":0.455689178217,"SHAPE_STLe":4.57478272821}},
{"type":"Feature","geometry":{"type":"Polygon","coordinates":[[[-60.909114,-27.999427],[-60.909991,-27.999427],[-60.644413,-28.000666],[-60.644589,-28.100226],[-60.747744,-28.099319],[-60.748573,-28.221641],[-60.829865,-28.273558],[-60.898399,-28.582098],[-61.081435,-29.574173],[-61.082809,-29.635043],[-61.075407,-29.651227],[-61.071139,-29.644285],[-61.066707,-29.654232],[-61.059519,-29.646777],[-61.038385,-29.653025],[-61.040459,-29.664613],[-61.000025,-29.660054],[-60.986636,-29.672074],[-60.969658,-29.668721],[-60.969467,-29.677418],[-60.911128,-29.673313],[-60.877411,-29.701043],[-60.84382,-29.701739],[-60.845244,-29.721301],[-60.82619,-29.737219],[-60.835193,-29.749266],[-60.81792,-29.765778],[-60.803125,-29.746422],[-60.764761,-29.754404],[-60.766441,-29.790353],[-60.744309,-29.807707],[-60.719082,-29.86736],[-60.708475,-29.861709],[-60.699319,-29.87534],[-60.720537,-29.910136],[-60.279628,-29.978878],[-60.289675,-30.029938],[-60.212132,-30.067661],[-60.198311,-30.12204],[-60.156643,-30.124144],[-60.185066,-30.146517],[-60.182048,-30.162184],[-60.154073,-30.163424],[-60.136445,-30.127344],[-60.159521,-30.12007],[-60.135276,-30.112855],[-60.116626,-30.121523],[-60.114355,-30.103596],[-60.128607,-30.087094],[-60.097755,-30.070088],[-60.099401,-30.041866],[-60.085633,-30.030535],[-60.045327,-30.027316],[-60.044346,-30.009744],[-60.032396,-30.009358],[-60.035527,-29.988201],[-60.017314,-29.975706],[-60.027786,-29.964301],[-60.020674,-29.951781],[-59.988926,-29.928756],[-59.960609,-29.936067],[-59.941396,-29.909299],[-59.926452,-29.915058],[-59.889492,-29.834235],[-59.874594,-29.833129],[-59.876829,-29.813034],[-59.910763,-29.800058],[-59.947991,-29.800319],[-59.970557,-29.812709],[-59.979953,-29.784764],[-59.998575,-29.773035],[-60.000072,-29.654705],[-60.061464,-29.65666],[-60.084969,-29.634638],[-60.082776,-29.53471],[-60.105286,-29.482983],[-60.100216,-29.431141],[-60.078261,-29.405512],[-60.084881,-29.386237],[-60.069291,-29.370634],[-60.043907,-29.32605],[-60.014433,-29.313031],[-60.028372,-29.27908],[-60.017313,-29.242643],[-60.03621,-29.228515],[-60.035869,-29.191642],[-60.075702,-29.139111],[-60.061509,-29.141259],[-60.066113,-29.115964],[-60.116408,-29.047415],[-60.005179,-29.072647],[-59.988043,-29.032486],[-60.001057,-29.030526],[-59.999789,-29.017568],[-60.04201,-29.01168],[-60.019748,-28.886085],[-59.977955,-28.891668],[-59.96181,-28.807462],[-59.762284,-28.838344],[-59.749008,-28.813401],[-59.773459,-28.768581],[-59.804593,-28.757677],[-59.801249,-28.73701],[-59.778582,-28.717252],[-59.794913,-28.708352],[-59.785134,-28.701277],[-59.792763,-28.69788],[-59.772794,-28.679389],[-59.776445,-28.662277],[-59.812915,-28.64067],[-59.817164,-28.624479],[-59.801168,-28.616487],[-59.818166,-28.563209],[-59.810923,-28.52794],[-59.794724,-28.518229],[-59.788943,-28.486581],[-59.765109,-28.455835],[-59.79108,-28.448466],[-59.798458,-28.433814],[-59.798366,-28.379104],[-59.858297,-28.378554],[-59.878719,-28.33183],[-59.876277,-28.251546],[-59.790406,-28.250795],[-59.790204,-28.104517],[-59.811046,-28.104616],[-59.811111,-27.999437],[-60.215599,-27.999433],[-60.909114,-27.999427]]]},"properties":{"fid":416,"Entidad":0,"Objeto":"Departamento","FNA":"Departamento Vera","GNA":"Departamento","NAM":"Vera","SAG":"Servicio de Catastro e Información Territorial","FDC":null,"IN1":"82133","SHAPE_STAr":1.91957102135,"SHAPE_STLe":9.37832066652}},
{"type":"Feature","geometry":{"type":"Polygon","coordinates":[[[-58.798935,-29.257637],[-58.813267,-29.238363],[-58.858362,-29.255128],[-58.869143,-29.222404],[-58.846552,-29.173899],[-58.830615,-29.174064],[-58.787984,-29.112331],[-58.942623,-29.071383],[-58.94453,-29.080072],[-59.018932,-29.064993],[-59.026535,-29.089983],[-59.116871,-29.081549],[-59.117992,-29.066231],[-59.137573,-29.078987],[-59.14426,-29.050332],[-59.16404,-29.066113],[-59.183426,-29.059797],[-59.192522,-29.089645],[-59.207176,-29.094734],[-59.211868,-29.078672],[-59.234397,-29.071425],[-59.275303,-29.099567],[-59.346766,-29.11435],[-59.407814,-29.221376],[-59.442265,-29.223525],[-59.508705,-29.250773],[-59.519788,-29.343189],[-59.604283,-29.394743],[-59.580921,-29.474068],[-59.613979,-29.668765],[-59.617549,-29.77584],[-59.659903,-29.83723],[-59.6047,-29.902666],[-59.56948,-30.01901],[-59.552069,-30.008554],[-59.545568,-30.016549],[-59.513369,-29.978132],[-59.487428,-29.867598],[-59.474087,-29.851862],[-59.409061,-29.811951],[-59.392857,-29.810955],[-59.382051,-29.824443],[-59.353098,-29.800037],[-59.333105,-29.816601],[-59.307452,-29.800356],[-59.314137,-29.785807],[-59.261703,-29.78327],[-59.249344,-29.766302],[-59.169601,-29.732721],[-59.171238,-29.718325],[-59.135134,-29.707214],[-59.144344,-29.68503],[-59.080956,-29.656965],[-59.08839,-29.64691],[-59.074787,-29.6394],[-59.056438,-29.580484],[-58.960247,-29.5327],[-58.928009,-29.475937],[-58.910065,-29.468283],[-58.886032,-29.41404],[-58.868679,-29.412346],[-58.87458,-29.389759],[-58.844955,-29.350393],[-58.863468,-29.345491],[-58.861164,-29.328787],[-58.816853,-29.300257],[-58.810509,-29.279894],[-58.792229,-29.269186],[-58.798935,-29.257637]]]},"properties":{"fid":448,"Entidad":0,"Objeto":"Departamento","FNA":"Departamento Goya","GNA":"Departamento","NAM":"Goya","SAG":"IGN","FDC":"-2","IN1":"18070","SHAPE_STAr":0.44493674998,"SHAPE_STLe":3.72182715335}},
{"type":"Feature","geometry":{"type":"Polygon","coordinates":[[[-57.215617,-28.499369],[-57.329388,-28.573658],[-57.612274,-28.595654],[-57.779587,-28.65959],[-57.939793,-28.703724],[-58.106304,-28.712961],[-58.11097,-28.700352],[-58.183716,-28.747057],[-58.221687,-28.746057],[-58.227455,-28.758599],[-58.281564,-28.769292],[-58.305588,-28.795643],[-58.307365,-28.832933],[-58.342905,-28.866035],[-58.340234,-28.882304],[-58.377728,-28.892904],[-58.379673,-28.915546],[-58.394894,-28.913851],[-58.401985,-28.927547],[-58.453129,-28.922098],[-58.451664,-28.93054],[-58.462128,-28.916214],[-58.478992,-28.931416],[-58.48626,-28.921592],[-58.502206,-28.924342],[-58.497762,-28.939195],[-58.532986,-28.965242],[-58.533955,-28.988815],[-58.560707,-28.985104],[-58.571682,-29.026613],[-58.582127,-29.022694],[-58.601368,-29.04624],[-58.600781,-29.050468],[-58.55944,-29.046624],[-58.559427,-29.058676],[-58.533657,-29.065612],[-58.526661,-29.095627],[-58.53641,-29.094374],[-58.492069,-29.105501],[-58.441564,-29.17286],[-58.409194,-29.193235],[-58.390912,-29.188858],[-58.372089,-29.228919],[-58.352057,-29.241152],[-58.307998,-29.252348],[-58.249111,-29.315235],[-58.193204,-29.40306],[-58.150271,-29.439706],[-58.114979,-29.440615],[-58.094012,-29.464645],[-58.056071,-29.480521],[-58.014564,-29.481106],[-57.952312,-29.535895],[-57.897861,-29.549323],[-57.903274,-29.558326],[-57.868237,-29.605377],[-57.871703,-29.631246],[-57.80455,-29.71036],[-57.756242,-29.714208],[-57.756193,-29.726951],[-57.733898,-29.741983],[-57.693061,-29.713759],[-57.657494,-29.72672],[-57.646957,-29.717011],[-57.61586,-29.742544],[-57.601037,-29.723398],[-57.605989,-29.703871],[-57.587873,-29.689348],[-57.601424,-29.685223],[-57.59951,-29.675114],[-57.581071,-29.66728],[-57.558211,-29.673711],[-57.543873,-29.646897],[-57.549287,-29.622458],[-57.535469,-29.61214],[-57.541785,-29.593441],[-57.526666,-29.571173],[-57.507992,-29.565937],[-57.515366,-29.525101],[-57.506172,-29.516731],[-57.520792,-29.504361],[-57.512852,-29.495975],[-57.521904,-29.465908],[-57.503208,-29.449249],[-57.536165,-29.439936],[-57.534123,-29.411987],[-57.521506,-29.403967],[-57.541779,-29.398495],[-57.528889,-29.373291],[-57.544234,-29.354636],[-57.569105,-29.34736],[-57.565639,-29.330603],[-57.578899,-29.334051],[-57.582232,-29.321776],[-57.538678,-29.259416],[-57.546752,-29.2126],[-57.510198,-29.177013],[-57.505943,-29.154186],[-57.478433,-29.144124],[-57.482222,-29.133342],[-57.45814,-29.120584],[-57.430329,-29.06815],[-57.351365,-29.027643],[-57.271001,-28.957141],[-57.178683,-28.82659],[-57.164395,-28.631326],[-57.179896,-28.584839],[-57.169756,-28.572323],[-57.215617,-28.499369]]]},"properties":{"fid":446,"Entidad":0,"Objeto":"Departamento","FNA":"Departamento Mercedes","GNA":"Departamento","NAM":"Mercedes","SAG":"IGN","FDC":"-2","IN1":"18105","SHAPE_STAr":0.902858840812,"SHAPE_STLe":6.09856688191}},
{"type":"Feature","geometry":{"type":"Polygon","coordinates":[[[-56.542689,-28.432454],[-56.542347,-28.41696],[-56.519184,-28.410398],[-56.510071,-28.38826],[-56.52924,-28.359777],[-56.520302,-28.33902],[-56.545971,-28.334303],[-56.569328,-28.299522],[-56.638069,-28.292873],[-56.640598,-28.262726],[-56.799923,-28.260214],[-56.880928,-28.235033],[-57.215617,-28.499369],[-57.169756,-28.572323],[-57.179896,-28.584839],[-57.164395,-28.631326],[-57.178683,-28.82659],[-57.271001,-28.957141],[-57.351365,-29.027643],[-57.430329,-29.06815],[-57.45814,-29.120584],[-57.482222,-29.133342],[-57.478433,-29.144124],[-57.505943,-29.154186],[-57.510198,-29.177013],[-57.476669,-29.182554],[-57.427742,-29.227316],[-57.286385,-29.246315],[-57.134476,-29.244938],[-57.100868,-29.257418],[-56.949764,-29.20105],[-56.921227,-29.209093],[-56.866684,-29.201643],[-56.855114,-29.258028],[-56.861092,-29.301857],[-56.848579,-29.323858],[-56.863749,-29.393848],[-56.852661,-29.425674],[-56.868183,-29.44169],[-56.86916,-29.470119],[-56.838651,-29.498216],[-56.778856,-29.436448],[-56.767462,-29.382561],[-56.703944,-29.362244],[-56.649584,-29.272415],[-56.64541,-29.199299],[-56.605498,-29.162404],[-56.578546,-29.116609],[-56.609421,-29.098969],[-56.597103,-29.095377],[-56.600368,-29.076437],[-56.580742,-29.067513],[-56.583488,-29.054876],[-56.610313,-29.045565],[-56.609379,-29.006401],[-56.638847,-29.004791],[-56.648918,-28.98345],[-56.639896,-28.968481],[-56.663511,-28.965767],[-56.654213,-28.940386],[-56.67205,-28.907932],[-56.662276,-28.895773],[-56.684616,-28.876825],[-56.682425,-28.840911],[-56.691551,-28.845263],[-56.704205,-28.821909],[-56.691157,-28.798643],[-56.703023,-28.775324],[-56.685624,-28.772099],[-56.686669,-28.753172],[-56.707554,-28.742702],[-56.671828,-28.690984],[-56.653808,-28.694075],[-56.639979,-28.665068],[-56.674931,-28.635485],[-56.658001,-28.604954],[-56.669819,-28.58424],[-56.652489,-28.567757],[-56.658547,-28.557956],[-56.624283,-28.537325],[-56.592945,-28.537596],[-56.596931,-28.492958],[-56.542689,-28.432454]]]},"properties":{"fid":445,"Entidad":0,"Objeto":"Departamento","FNA":"Departamento San Martín","GNA":"Departamento","NAM":"San Martín","SAG":"IGN","FDC":"-2","IN1":"18147","SHAPE_STAr":0.615063573748,"SHAPE_STLe":5.27796258067}},
{"type":"Feature","geometry":{"type":"Polygon","coordinates":[[[-59.401239,-27.99944],[-59.811111,-27.999437],[-59.811046,-28.104616],[-59.790204,-28.104517],[-59.790406,-28.250795],[-59.876277,-28.251546],[-59.878719,-28.33183],[-59.858297,-28.378554],[-59.798366,-28.379104],[-59.798458,-28.433814],[-59.79108,-28.448466],[-59.765109,-28.455835],[-59.788943,-28.486581],[-59.794724,-28.518229],[-59.810923,-28.52794],[-59.818166,-28.563209],[-59.801168,-28.616487],[-59.817164,-28.624479],[-59.812915,-28.64067],[-59.776445,-28.662277],[-59.772794,-28.679389],[-59.792763,-28.69788],[-59.785134,-28.701277],[-59.794913,-28.708352],[-59.778582,-28.717252],[-59.801249,-28.73701],[-59.804593,-28.757677],[-59.773459,-28.768581],[-59.749008,-28.813401],[-59.762284,-28.838344],[-59.96181,-28.807462],[-59.977955,-28.891668],[-60.019748,-28.886085],[-60.04201,-29.01168],[-59.999789,-29.017568],[-60.001057,-29.030526],[-59.988043,-29.032486],[-60.005179,-29.072647],[-60.116408,-29.047415],[-60.066113,-29.115964],[-60.061509,-29.141259],[-60.075702,-29.139111],[-60.035869,-29.191642],[-60.03621,-29.228515],[-60.017313,-29.242643],[-60.028372,-29.27908],[-60.014433,-29.313031],[-60.043907,-29.32605],[-60.069291,-29.370634],[-59.778849,-29.415156],[-59.768377,-29.442549],[-59.735658,-29.465495],[-59.721044,-29.46074],[-59.719788,-29.48784],[-59.670873,-29.473014],[-59.656473,-29.459687],[-59.661833,-29.446604],[-59.580921,-29.474068],[-59.604283,-29.394743],[-59.519788,-29.343189],[-59.508705,-29.250773],[-59.442265,-29.223525],[-59.407814,-29.221376],[-59.346766,-29.11435],[-59.275303,-29.099567],[-59.234397,-29.071425],[-59.199715,-29.031545],[-59.209471,-28.968965],[-59.158075,-28.877356],[-59.160454,-28.794789],[-59.142625,-28.77443],[-59.078601,-28.667487],[-59.105013,-28.633937],[-59.100722,-28.580087],[-59.048857,-28.493311],[-59.085977,-28.435966],[-59.076213,-28.365341],[-59.103458,-28.328816],[-59.109534,-28.229667],[-59.087678,-28.20177],[-59.087635,-28.171772],[-59.062413,-28.128109],[-58.952965,-28.137106],[-58.880822,-28.066825],[-58.893694,-28.035274],[-58.883922,-27.999444],[-59.401239,-27.99944]]]},"properties":{"fid":415,"Entidad":0,"Objeto":"Departamento","FNA":"Departamento General Obligado","GNA":"Departamento","NAM":"General Obligado","SAG":"Servicio de Catastro e Información Territorial","FDC":null,"IN1":"82049","SHAPE_STAr":1.02469090454,"SHAPE_STLe":6.27849860864}},
{"type":"Feature","geometry":{"type":"Polygon","coordinates":[[[-58.987244,-28.822922],[-59.041962,-28.811935],[-59.038349,-28.793287],[-59.118639,-28.778816],[-59.122349,-28.768835],[-59.142625,-28.77443],[-59.160454,-28.794789],[-59.158075,-28.877356],[-59.209471,-28.968965],[-59.199715,-29.031545],[-59.234397,-29.071425],[-59.211868,-29.078672],[-59.207176,-29.094734],[-59.192522,-29.089645],[-59.183426,-29.059797],[-59.16404,-29.066113],[-59.14426,-29.050332],[-59.137573,-29.078987],[-59.117992,-29.066231],[-59.116871,-29.081549],[-59.026535,-29.089983],[-59.018932,-29.064993],[-58.94453,-29.080072],[-58.942623,-29.071383],[-58.787984,-29.112331],[-58.830615,-29.174064],[-58.846552,-29.173899],[-58.869143,-29.222404],[-58.858362,-29.255128],[-58.813267,-29.238363],[-58.798935,-29.257637],[-58.786469,-29.230976],[-58.76226,-29.217735],[-58.755013,-29.190477],[-58.730232,-29.178719],[-58.717846,-29.135275],[-58.687344,-29.118032],[-58.696011,-29.111858],[-58.689049,-29.09952],[-58.673637,-29.103195],[-58.668304,-29.081888],[-58.647552,-29.079565],[-58.645313,-29.064672],[-58.618732,-29.067238],[-58.600781,-29.050468],[-58.601368,-29.04624],[-58.70874,-28.951208],[-58.889828,-28.844698],[-58.987244,-28.822922]]]},"properties":{"fid":449,"Entidad":0,"Objeto":"Departamento","FNA":"Departamento Lavalle","GNA":"Departamento","NAM":"Lavalle","SAG":"IGN","FDC":"-2","IN1":"18091","SHAPE_STAr":0.13824940608,"SHAPE_STLe":2.42015886207}},
{"type":"Feature","geometry":{"type":"Polygon","coordinates":[[[-56.297021,-28.802389],[-56.30629,-28.79283],[-56.290053,-28.779144],[-56.339039,-28.782621],[-56.381294,-28.764011],[-56.412693,-28.746025],[-56.415451,-28.700937],[-56.450665,-28.693317],[-56.365456,-28.619799],[-56.375935,-28.589375],[-56.369259,-28.522245],[-56.43005,-28.440952],[-56.484348,-28.428867],[-56.542689,-28.432454],[-56.596931,-28.492958],[-56.592945,-28.537596],[-56.624283,-28.537325],[-56.658547,-28.557956],[-56.652489,-28.567757],[-56.669819,-28.58424],[-56.658001,-28.604954],[-56.674931,-28.635485],[-56.639979,-28.665068],[-56.653808,-28.694075],[-56.671828,-28.690984],[-56.707554,-28.742702],[-56.686669,-28.753172],[-56.685624,-28.772099],[-56.703023,-28.775324],[-56.691157,-28.798643],[-56.704205,-28.821909],[-56.691551,-28.845263],[-56.682425,-28.840911],[-56.684616,-28.876825],[-56.662276,-28.895773],[-56.67205,-28.907932],[-56.654213,-28.940386],[-56.663511,-28.965767],[-56.639896,-28.968481],[-56.648918,-28.98345],[-56.638847,-29.004791],[-56.609379,-29.006401],[-56.610313,-29.045565],[-56.583488,-29.054876],[-56.580742,-29.067513],[-56.600368,-29.076437],[-56.597103,-29.095377],[-56.609421,-29.098969],[-56.578546,-29.116609],[-56.419525,-29.078981],[-56.398771,-29.025807],[-56.415482,-29.000697],[-56.409915,-28.977648],[-56.301949,-28.901111],[-56.297021,-28.802389]]]},"properties":{"fid":451,"Entidad":0,"Objeto":"Departamento","FNA":"Departamento General Alvear","GNA":"Departamento","NAM":"General Alvear","SAG":"IGN","FDC":"-2","IN1":"18056","SHAPE_STAr":0.180032526718,"SHAPE_STLe":2.92072545266}},
{"type":"Feature","geometry":{"type":"Polygon","coordinates":[[[-58.307365,-28.832933],[-58.422886,-28.740574],[-58.460419,-28.774662],[-58.508568,-28.783726],[-58.530098,-28.767431],[-58.547489,-28.729944],[-58.540123,-28.701162],[-58.490421,-28.646807],[-58.507153,-28.610226],[-58.499756,-28.590223],[-58.415382,-28.539846],[-58.311817,-28.451077],[-58.431859,-28.306078],[-58.460434,-28.336666],[-58.490482,-28.338943],[-58.51049,-28.36388],[-58.545208,-28.376575],[-58.600182,-28.45735],[-58.660099,-28.511686],[-58.73615,-28.58844],[-58.856542,-28.639122],[-58.932549,-28.728976],[-58.922001,-28.731039],[-58.927681,-28.746883],[-58.957725,-28.763367],[-58.952117,-28.773113],[-58.967481,-28.780363],[-58.987244,-28.822922],[-58.889828,-28.844698],[-58.70874,-28.951208],[-58.601368,-29.04624],[-58.582127,-29.022694],[-58.571682,-29.026613],[-58.560707,-28.985104],[-58.533955,-28.988815],[-58.532986,-28.965242],[-58.497762,-28.939195],[-58.502206,-28.924342],[-58.48626,-28.921592],[-58.478992,-28.931416],[-58.462128,-28.916214],[-58.451664,-28.93054],[-58.453129,-28.922098],[-58.401985,-28.927547],[-58.394894,-28.913851],[-58.379673,-28.915546],[-58.377728,-28.892904],[-58.340234,-28.882304],[-58.342905,-28.866035],[-58.307365,-28.832933]]]},"properties":{"fid":450,"Entidad":0,"Objeto":"Departamento","FNA":"Departamento San Roque","GNA":"Departamento","NAM":"San Roque","SAG":"IGN","FDC":"-2","IN1":"18161","SHAPE_STAr":0.224199716379,"SHAPE_STLe":3.1209440042}},
{"type":"Feature","geometry":{"type":"Polygon","coordinates":[[[-57.644291,-28.419729],[-57.658833,-28.410524],[-57.629345,-28.369122],[-57.680553,-28.319607],[-57.604725,-28.252985],[-57.6716,-28.163282],[-57.627571,-28.136196],[-57.777597,-27.971318],[-57.919472,-28.009323],[-58.015419,-28.031778],[-58.066826,-28.080153],[-58.133297,-28.120834],[-58.316254,-28.2134],[-58.431859,-28.306078],[-58.311817,-28.451077],[-58.415382,-28.539846],[-58.499756,-28.590223],[-58.507153,-28.610226],[-58.490421,-28.646807],[-58.540123,-28.701162],[-58.547489,-28.729944],[-58.530098,-28.767431],[-58.508568,-28.783726],[-58.460419,-28.774662],[-58.422886,-28.740574],[-58.307365,-28.832933],[-58.305588,-28.795643],[-58.281564,-28.769292],[-58.227455,-28.758599],[-58.221687,-28.746057],[-58.183716,-28.747057],[-58.11097,-28.700352],[-58.106304,-28.712961],[-57.939793,-28.703724],[-57.779587,-28.65959],[-57.612274,-28.595654],[-57.656956,-28.529331],[-57.690651,-28.501316],[-57.639824,-28.464796],[-57.644291,-28.419729]]]},"properties":{"fid":452,"Entidad":0,"Objeto":"Departamento","FNA":"Departamento Concepción","GNA":"Departamento","NAM":"Concepción","SAG":"IGN","FDC":"-2","IN1":"18028","SHAPE_STAr":0.486348948428,"SHAPE_STLe":3.39975934649}},
{"type":"Feature","geometry":{"type":"Polygon","coordinates":[[[-58.984174,-28.19431],[-58.992298,-28.17289],[-59.008881,-28.182268],[-59.020271,-28.17321],[-59.0116,-28.187397],[-59.030342,-28.190832],[-59.044155,-28.22336],[-59.061775,-28.192995],[-59.087678,-28.20177],[-59.109534,-28.229667],[-59.103458,-28.328816],[-59.076213,-28.365341],[-59.085977,-28.435966],[-59.048857,-28.493311],[-59.100722,-28.580087],[-59.105013,-28.633937],[-59.078601,-28.667487],[-59.142625,-28.77443],[-59.122349,-28.768835],[-59.118639,-28.778816],[-59.038349,-28.793287],[-59.041962,-28.811935],[-58.987244,-28.822922],[-58.967481,-28.780363],[-58.952117,-28.773113],[-58.957725,-28.763367],[-58.927681,-28.746883],[-58.922001,-28.731039],[-58.932549,-28.728976],[-58.856542,-28.639122],[-58.73615,-28.58844],[-58.660099,-28.511686],[-58.713394,-28.44128],[-58.697174,-28.420004],[-58.707016,-28.403976],[-58.753723,-28.383898],[-58.758785,-28.336113],[-58.813704,-28.240982],[-58.851114,-28.257183],[-58.859562,-28.280508],[-58.903141,-28.283741],[-58.951954,-28.303944],[-59.033196,-28.265193],[-59.015807,-28.255046],[-59.020349,-28.212171],[-58.996931,-28.209689],[-58.984174,-28.19431]]]},"properties":{"fid":453,"Entidad":0,"Objeto":"Departamento","FNA":"Departamento Bella Vista","GNA":"Departamento","NAM":"Bella Vista","SAG":"IGN","FDC":"-2","IN1":"18007","SHAPE_STAr":0.163824574583,"SHAPE_STLe":2.51483755249}},
{"type":"Feature","geometry":{"type":"Polygon","coordinates":[[[-55.820793,-27.950457],[-55.888371,-28.022078],[-55.874653,-27.958235],[-55.914955,-27.89839],[-55.946418,-27.915344],[-55.984667,-27.906595],[-56.010068,-27.886694],[-56.011292,-27.869329],[-56.038792,-27.862301],[-56.047343,-27.845423],[-56.106903,-27.827856],[-56.131672,-27.833906],[-56.152083,-27.798644],[-56.217606,-27.783627],[-56.22932,-27.769571],[-56.244991,-27.798443],[-56.239689,-27.81897],[-56.266381,-27.82871],[-56.260809,-27.862351],[-56.284937,-27.886562],[-56.321867,-27.878542],[-56.313536,-27.894368],[-56.334953,-27.91063],[-56.341355,-27.935389],[-56.425632,-27.880533],[-56.467884,-27.939465],[-56.622433,-27.849346],[-56.663376,-27.952679],[-56.712975,-28.018997],[-56.779537,-28.080662],[-56.831875,-28.176758],[-56.880928,-28.235033],[-56.799923,-28.260214],[-56.640598,-28.262726],[-56.638069,-28.292873],[-56.569328,-28.299522],[-56.545971,-28.334303],[-56.520302,-28.33902],[-56.52924,-28.359777],[-56.510071,-28.38826],[-56.519184,-28.410398],[-56.542347,-28.41696],[-56.542689,-28.432454],[-56.484348,-28.428867],[-56.43005,-28.440952],[-56.369259,-28.522245],[-56.375935,-28.589375],[-56.365456,-28.619799],[-56.450665,-28.693317],[-56.415451,-28.700937],[-56.412693,-28.746025],[-56.381294,-28.764011],[-56.339039,-28.782621],[-56.290053,-28.779144],[-56.30629,-28.79283],[-56.297021,-28.802389],[-56.259155,-28.77832],[-56.185516,-28.770001],[-56.118573,-28.681681],[-56.055609,-28.628083],[-56.007602,-28.604952],[-56.002271,-28.578489],[-56.025668,-28.535963],[-56.008646,-28.505999],[-55.882362,-28.477707],[-55.90303,-28.408104],[-55.878303,-28.361162],[-55.851245,-28.354968],[-55.75745,-28.368588],[-55.732162,-28.384348],[-55.7175,-28.422158],[-55.696331,-28.42316],[-55.669942,-28.330763],[-55.732866,-28.285822],[-55.772689,-28.273936],[-55.782542,-28.253937],[-55.768912,-28.240622],[-55.698109,-28.221033],[-55.632253,-28.176785],[-55.620237,-28.137544],[-55.711437,-28.088541],[-55.716828,-28.061959],[-55.758171,-28.060948],[-55.749427,-28.0271],[-55.820793,-27.950457]]]},"properties":{"fid":454,"Entidad":0,"Objeto":"Departamento","FNA":"Departamento Santo Tomé","GNA":"Departamento","NAM":"Santo Tomé","SAG":"IGN","FDC":"-2","IN1":"18168","SHAPE_STAr":0.644080502439,"SHAPE_STLe":4.97457139491}},
{"type":"Feature","geometry":{"type":"MultiPolygon","coordinates":[[[[-56.024264,-27.324262],[-56.061627,-27.306195],[-56.120254,-27.317709],[-56.175863,-27.343633],[-56.237571,-27.402393],[-56.284233,-27.408492],[-56.294958,-27.422979],[-56.284131,-27.45978],[-56.293688,-27.494141],[-56.338367,-27.52403],[-56.356158,-27.58589],[-56.388842,-27.606019],[-56.42438,-27.602915],[-56.487046,-27.563677],[-56.556735,-27.456781],[-56.60355,-27.431417],[-56.649602,-27.460797],[-56.678062,-27.463529],[-56.691029,-27.454341],[-56.718782,-27.464558],[-56.717054,-27.496937],[-56.677355,-27.560018],[-56.685997,-27.576944],[-56.737386,-27.603732],[-56.794062,-27.586856],[-56.829237,-27.605384],[-56.853279,-27.605231],[-56.931914,-27.5666],[-56.952723,-27.535117],[-56.945395,-27.573406],[-57.096832,-27.665062],[-57.116707,-27.706238],[-57.179237,-27.754137],[-57.194695,-27.807371],[-57.254055,-27.866467],[-57.354622,-27.934608],[-57.412785,-28.069336],[-57.398335,-28.1483],[-57.442059,-28.269846],[-57.510433,-28.340254],[-57.589853,-28.37517],[-57.644291,-28.419729],[-57.639824,-28.464796],[-57.690651,-28.501316],[-57.656956,-28.529331],[-57.612274,-28.595654],[-57.329388,-28.573658],[-57.215617,-28.499369],[-56.880928,-28.235033],[-56.831875,-28.176758],[-56.779537,-28.080662],[-56.712975,-28.018997],[-56.663376,-27.952679],[-56.622433,-27.849346],[-56.467884,-27.939465],[-56.425632,-27.880533],[-56.341355,-27.935389],[-56.334953,-27.91063],[-56.313536,-27.894368],[-56.321867,-27.878542],[-56.284937,-27.886562],[-56.260809,-27.862351],[-56.266381,-27.82871],[-56.239689,-27.81897],[-56.244991,-27.798443],[-56.22932,-27.769571],[-56.217606,-27.783627],[-56.152083,-27.798644],[-56.131672,-27.833906],[-56.106903,-27.827856],[-56.047343,-27.845423],[-56.038792,-27.862301],[-56.011292,-27.869329],[-56.010068,-27.886694],[-55.984667,-27.906595],[-55.946418,-27.915344],[-55.914955,-27.89839],[-55.874653,-27.958235],[-55.888371,-28.022078],[-55.820793,-27.950457],[-55.814445,-27.919489],[-55.836693,-27.890043],[-55.82777,-27.854708],[-55.846806,-27.832401],[-55.825867,-27.791771],[-55.851813,-27.758664],[-55.978455,-27.542839],[-56.027288,-27.50689],[-56.05489,-27.450973],[-56.054734,-27.419393],[-56.035973,-27.41427],[-56.043216,-27.404992],[-56.027942,-27.373105],[-56.039903,-27.34809],[-56.024264,-27.324262]]],[[[-56.914826,-27.42354],[-56.950685,-27.432465],[-57.031584,-27.481467],[-56.970105,-27.492732],[-56.952438,-27.514768],[-56.903059,-27.537397],[-56.87158,-27.58346],[-56.840421,-27.596181],[-56.748573,-27.561785],[-56.7294,-27.501961],[-56.764027,-27.502565],[-56.871761,-27.430442],[-56.914826,-27.42354]]],[[[-56.705257,-27.563307],[-56.699665,-27.536523],[-56.716932,-27.519936],[-56.734045,-27.558731],[-56.783897,-27.582692],[-56.734235,-27.591428],[-56.705257,-27.563307]]],[[[-56.956935,-27.516053],[-56.91961,-27.562565],[-56.875988,-27.583573],[-56.894129,-27.551716],[-56.956935,-27.516053]]],[[[-56.699595,-27.578159],[-56.686068,-27.560886],[-56.693316,-27.545063],[-56.699595,-27.578159]]],[[[-56.329329,-27.501225],[-56.320702,-27.495473],[-56.3443,-27.507991],[-56.329329,-27.501225]]]]},"properties":{"fid":460,"Entidad":0,"Objeto":"Departamento","FNA":"Departamento Ituzaingó","GNA":"Departamento","NAM":"Ituzaingó","SAG":"IGN","FDC":"-2","IN1":"18084","SHAPE_STAr":0.886522425968,"SHAPE_STLe":8.62468335625}},
{"type":"Feature","geometry":{"type":"Polygon","coordinates":[[[-58.438828,-27.994385],[-58.465427,-27.97023],[-58.580823,-27.995351],[-58.630909,-28.022553],[-58.638569,-28.039007],[-58.6697,-28.045741],[-58.672941,-28.06489],[-58.685347,-28.061243],[-58.697204,-28.081895],[-58.716742,-28.090398],[-58.722774,-28.079218],[-58.738736,-28.083504],[-58.755869,-28.112479],[-58.788502,-28.127397],[-58.817584,-28.122003],[-58.835593,-28.16726],[-58.856097,-28.17508],[-58.868155,-28.16511],[-58.874566,-28.175848],[-58.907121,-28.173792],[-58.935097,-28.190859],[-58.955119,-28.183597],[-58.984174,-28.19431],[-58.996931,-28.209689],[-59.020349,-28.212171],[-59.015807,-28.255046],[-59.033196,-28.265193],[-58.951954,-28.303944],[-58.903141,-28.283741],[-58.859562,-28.280508],[-58.851114,-28.257183],[-58.813704,-28.240982],[-58.758785,-28.336113],[-58.753723,-28.383898],[-58.707016,-28.403976],[-58.697174,-28.420004],[-58.713394,-28.44128],[-58.660099,-28.511686],[-58.600182,-28.45735],[-58.545208,-28.376575],[-58.51049,-28.36388],[-58.490482,-28.338943],[-58.460434,-28.336666],[-58.431859,-28.306078],[-58.316254,-28.2134],[-58.368477,-28.143345],[-58.334587,-28.118395],[-58.438828,-27.994385]]]},"properties":{"fid":455,"Entidad":0,"Objeto":"Departamento","FNA":"Departamento Saladas","GNA":"Departamento","NAM":"Saladas","SAG":"IGN","FDC":"-2","IN1":"18126","SHAPE_STAr":0.176445552007,"SHAPE_STLe":2.69746446132}},
{"type":"Feature","geometry":{"type":"Polygon","coordinates":[[[-56.952723,-27.535117],[-56.979927,-27.49339],[-57.036472,-27.480595],[-57.120548,-27.493446],[-57.2321,-27.468042],[-57.254562,-27.473549],[-57.225275,-27.497106],[-57.228453,-27.511857],[-57.303886,-27.550707],[-57.422867,-27.653563],[-57.498581,-27.691605],[-57.593285,-27.766373],[-57.726868,-27.93218],[-57.777597,-27.971318],[-57.627571,-28.136196],[-57.6716,-28.163282],[-57.604725,-28.252985],[-57.680553,-28.319607],[-57.629345,-28.369122],[-57.658833,-28.410524],[-57.644291,-28.419729],[-57.589853,-28.37517],[-57.510433,-28.340254],[-57.442059,-28.269846],[-57.398335,-28.1483],[-57.412785,-28.069336],[-57.354622,-27.934608],[-57.254055,-27.866467],[-57.194695,-27.807371],[-57.179237,-27.754137],[-57.116707,-27.706238],[-57.096832,-27.665062],[-56.945395,-27.573406],[-56.952723,-27.535117]]]},"properties":{"fid":458,"Entidad":0,"Objeto":"Departamento","FNA":"Departamento San Miguel","GNA":"Departamento","NAM":"San Miguel","SAG":"IGN","FDC":"-2","IN1":"18154","SHAPE_STAr":0.280546382048,"SHAPE_STLe":3.01502766942}},
{"type":"Feature","geometry":{"type":"Polygon","coordinates":[[[-58.303917,-27.953382],[-58.325611,-27.900251],[-58.316555,-27.866201],[-58.329823,-27.864716],[-58.328262,-27.85288],[-58.341682,-27.851608],[-58.343224,-27.861404],[-58.396679,-27.858402],[-58.385864,-27.784874],[-58.46611,-27.780817],[-58.467472,-27.75647],[-58.500047,-27.758641],[-58.49754,-27.728188],[-58.547112,-27.721113],[-58.544106,-27.70446],[-58.601025,-27.718502],[-58.596397,-27.647038],[-58.605835,-27.630169],[-58.645374,-27.60347],[-58.668322,-27.612259],[-58.727235,-27.627213],[-58.777303,-27.660028],[-58.804003,-27.654654],[-58.811686,-27.675375],[-58.824415,-27.669394],[-58.809708,-27.783407],[-58.845497,-27.891629],[-58.829262,-27.961873],[-58.857739,-28.011612],[-58.859734,-28.050318],[-58.880822,-28.066825],[-58.952965,-28.137106],[-59.062413,-28.128109],[-59.087635,-28.171772],[-59.087678,-28.20177],[-59.061775,-28.192995],[-59.044155,-28.22336],[-59.030342,-28.190832],[-59.0116,-28.187397],[-59.020271,-28.17321],[-59.008881,-28.182268],[-58.992298,-28.17289],[-58.984174,-28.19431],[-58.955119,-28.183597],[-58.935097,-28.190859],[-58.907121,-28.173792],[-58.874566,-28.175848],[-58.868155,-28.16511],[-58.856097,-28.17508],[-58.835593,-28.16726],[-58.817584,-28.122003],[-58.788502,-28.127397],[-58.755869,-28.112479],[-58.738736,-28.083504],[-58.722774,-28.079218],[-58.716742,-28.090398],[-58.697204,-28.081895],[-58.685347,-28.061243],[-58.672941,-28.06489],[-58.6697,-28.045741],[-58.638569,-28.039007],[-58.630909,-28.022553],[-58.580823,-27.995351],[-58.465427,-27.97023],[-58.438828,-27.994385],[-58.390102,-27.990974],[-58.363613,-27.971148],[-58.303917,-27.953382]]]},"properties":{"fid":459,"Entidad":0,"Objeto":"Departamento","FNA":"Departamento Empedrado","GNA":"Departamento","NAM":"Empedrado","SAG":"IGN","FDC":"-2","IN1":"18042","SHAPE_STAr":0.17987125837,"SHAPE_STLe":3.20580901758}},
{"type":"Feature","geometry":{"type":"Polygon","coordinates":[[[-57.919472,-28.009323],[-57.93824,-27.941122],[-57.989674,-27.964087],[-57.994427,-27.945208],[-58.023941,-27.953491],[-58.035408,-27.903373],[-58.081482,-27.905464],[-58.089752,-27.871513],[-58.0243,-27.826029],[-58.099838,-27.811169],[-58.16853,-27.829624],[-58.147911,-27.857052],[-58.163321,-27.90131],[-58.194675,-27.901176],[-58.267742,-27.945772],[-58.303917,-27.953382],[-58.363613,-27.971148],[-58.390102,-27.990974],[-58.438828,-27.994385],[-58.334587,-28.118395],[-58.368477,-28.143345],[-58.316254,-28.2134],[-58.133297,-28.120834],[-58.066826,-28.080153],[-58.015419,-28.031778],[-57.919472,-28.009323]]]},"properties":{"fid":457,"Entidad":0,"Objeto":"Departamento","FNA":"Departamento Mburucuyá","GNA":"Departamento","NAM":"Mburucuyá","SAG":"IGN","FDC":"-2","IN1":"18098","SHAPE_STAr":0.0916199788604,"SHAPE_STLe":1.68554184399}},
{"type":"Feature","geometry":{"type":"Polygon","coordinates":[[[-58.33744,-27.413374],[-58.355465,-27.397865],[-58.413815,-27.408903],[-58.449345,-27.399303],[-58.455436,-27.416787],[-58.491065,-27.4299],[-58.480818,-27.449669],[-58.488645,-27.474461],[-58.51916,-27.491089],[-58.548492,-27.487389],[-58.589853,-27.518815],[-58.628929,-27.510271],[-58.653421,-27.532244],[-58.668322,-27.612259],[-58.645374,-27.60347],[-58.605835,-27.630169],[-58.596397,-27.647038],[-58.601025,-27.718502],[-58.544106,-27.70446],[-58.547112,-27.721113],[-58.49754,-27.728188],[-58.500047,-27.758641],[-58.467472,-27.75647],[-58.46611,-27.780817],[-58.385864,-27.784874],[-58.396679,-27.858402],[-58.343224,-27.861404],[-58.341682,-27.851608],[-58.328262,-27.85288],[-58.329823,-27.864716],[-58.316555,-27.866201],[-58.325611,-27.900251],[-58.303917,-27.953382],[-58.267742,-27.945772],[-58.194675,-27.901176],[-58.163321,-27.90131],[-58.147911,-27.857052],[-58.16853,-27.829624],[-58.242813,-27.83758],[-58.304054,-27.795339],[-58.145527,-27.697081],[-58.069122,-27.676731],[-58.054512,-27.658747],[-57.994137,-27.648401],[-57.954086,-27.625614],[-57.929155,-27.579721],[-57.892536,-27.563374],[-57.831104,-27.485617],[-57.875954,-27.43956],[-57.977509,-27.403471],[-58.019508,-27.400459],[-58.132278,-27.404024],[-58.22031,-27.443373],[-58.33744,-27.413374]]]},"properties":{"fid":462,"Entidad":0,"Objeto":"Departamento","FNA":"Departamento San Luis del Palmar","GNA":"Departamento","NAM":"San Luis del Palmar","SAG":"IGN","FDC":"-2","IN1":"18140","SHAPE_STAr":0.235593390759,"SHAPE_STLe":3.00382258707}},
{"type":"Feature","geometry":{"type":"Polygon","coordinates":[[[-57.2321,-27.468042],[-57.326511,-27.409839],[-57.387708,-27.421561],[-57.40374,-27.515515],[-57.447628,-27.557881],[-57.456115,-27.584686],[-57.493358,-27.613522],[-57.510223,-27.610686],[-57.548527,-27.651056],[-57.576195,-27.649477],[-57.584122,-27.614563],[-57.570316,-27.605465],[-57.639781,-27.597485],[-57.636871,-27.573818],[-57.689507,-27.572962],[-57.677635,-27.502224],[-57.686867,-27.492233],[-57.776161,-27.509283],[-57.831104,-27.485617],[-57.892536,-27.563374],[-57.929155,-27.579721],[-57.954086,-27.625614],[-57.994137,-27.648401],[-58.054512,-27.658747],[-58.069122,-27.676731],[-58.145527,-27.697081],[-58.304054,-27.795339],[-58.242813,-27.83758],[-58.16853,-27.829624],[-58.099838,-27.811169],[-58.0243,-27.826029],[-58.089752,-27.871513],[-58.081482,-27.905464],[-58.035408,-27.903373],[-58.023941,-27.953491],[-57.994427,-27.945208],[-57.989674,-27.964087],[-57.93824,-27.941122],[-57.919472,-28.009323],[-57.777597,-27.971318],[-57.726868,-27.93218],[-57.593285,-27.766373],[-57.498581,-27.691605],[-57.422867,-27.653563],[-57.303886,-27.550707],[-57.228453,-27.511857],[-57.225275,-27.497106],[-57.254562,-27.473549],[-57.2321,-27.468042]]]},"properties":{"fid":456,"Entidad":0,"Objeto":"Departamento","FNA":"Departamento General Paz","GNA":"Departamento","NAM":"General Paz","SAG":"IGN","FDC":"-2","IN1":"18063","SHAPE_STAr":0.238790148404,"SHAPE_STLe":3.2729452592}},
{"type":"Feature","geometry":{"type":"Polygon","coordinates":[[[-55.50141,-27.763525],[-55.5234,-27.761248],[-55.554467,-27.831352],[-55.631249,-27.943994],[-55.577152,-27.945135],[-55.563996,-27.965393],[-55.553211,-28.038175],[-55.561059,-28.082387],[-55.578169,-28.107684],[-55.589991,-28.10487],[-55.58848,-28.11849],[-55.587766,-28.146139],[-55.559926,-28.164223],[-55.540088,-28.122848],[-55.513099,-28.113873],[-55.495512,-28.079193],[-55.444976,-28.097208],[-55.422781,-28.060974],[-55.370462,-28.028453],[-55.383561,-27.981195],[-55.341635,-27.968536],[-55.332212,-27.932701],[-55.313111,-27.921786],[-55.357501,-27.77834],[-55.50141,-27.763525]]]},"properties":{"fid":479,"Entidad":0,"Objeto":"Departamento","FNA":"Departamento Concepción","GNA":"Departamento","NAM":"Concepción","SAG":"Ministerio de Ecología","FDC":null,"IN1":"54035","SHAPE_STAr":0.0712678079836,"SHAPE_STLe":1.3237884612}},
{"type":"Feature","geometry":{"type":"Polygon","coordinates":[[[-55.617144,-27.696994],[-55.619567,-27.715007],[-55.663613,-27.710068],[-55.669385,-27.748961],[-55.703351,-27.743966],[-55.72763,-27.710141],[-55.752531,-27.716966],[-55.772897,-27.690905],[-55.780158,-27.734392],[-55.851813,-27.758664],[-55.825867,-27.791771],[-55.846806,-27.832401],[-55.82777,-27.854708],[-55.836693,-27.890043],[-55.814445,-27.919489],[-55.820793,-27.950457],[-55.749427,-28.0271],[-55.758171,-28.060948],[-55.716828,-28.061959],[-55.711437,-28.088541],[-55.620237,-28.137544],[-55.611608,-28.11849],[-55.58848,-28.11849],[-55.589991,-28.10487],[-55.578169,-28.107684],[-55.561059,-28.082387],[-55.553211,-28.038175],[-55.563996,-27.965393],[-55.577152,-27.945135],[-55.631249,-27.943994],[-55.554467,-27.831352],[-55.5234,-27.761248],[-55.50141,-27.763525],[-55.493939,-27.708837],[-55.617144,-27.696994]]]},"properties":{"fid":480,"Entidad":0,"Objeto":"Departamento","FNA":"Departamento Apóstoles","GNA":"Departamento","NAM":"Apóstoles","SAG":"Ministerio de Ecología","FDC":null,"IN1":"54007","SHAPE_STAr":0.095155264623,"SHAPE_STLe":1.76358211881}},
{"type":"Feature","geometry":{"type":"Polygon","coordinates":[[[-60.212945,-27.285073],[-60.215359,-27.738101],[-60.215599,-27.999433],[-59.811111,-27.999437],[-59.401239,-27.99944],[-59.403777,-27.467582],[-59.582229,-27.468114],[-59.58098,-27.298472],[-59.596495,-27.284183],[-60.011302,-27.286396],[-60.212945,-27.285073]]]},"properties":{"fid":485,"Entidad":0,"Objeto":"Departamento","FNA":"Departamento Tapenagá","GNA":"Departamento","NAM":"Tapenagá","SAG":"IDE Chaco","FDC":null,"IN1":"22161","SHAPE_STAr":0.546298864343,"SHAPE_STLe":3.04745998926}},
{"type":"Feature","geometry":{"type":"Polygon","coordinates":[[[-60.518392,-27.464764],[-60.909284,-27.460028],[-60.909425,-27.399847],[-60.997165,-27.400119],[-60.997214,-27.417701],[-60.997282,-27.478115],[-61.02235,-27.478218],[-61.019432,-27.634928],[-61.013663,-27.794093],[-60.908656,-27.793855],[-60.909114,-27.999427],[-60.215599,-27.999433],[-60.215359,-27.738101],[-60.521903,-27.737226],[-60.523295,-27.645628],[-60.469169,-27.645922],[-60.467814,-27.465212],[-60.518392,-27.464764]]]},"properties":{"fid":491,"Entidad":0,"Objeto":"Departamento","FNA":"Departamento Mayor Luis Jorge Fontana","GNA":"Departamento","NAM":"Mayor Luis Jorge Fontana","SAG":"IDE Chaco","FDC":null,"IN1":"22098","SHAPE_STAr":0.338832709833,"SHAPE_STLe":2.91484872779}},
{"type":"Feature","geometry":{"type":"Polygon","coordinates":[[[-58.874906,-27.488555],[-58.878823,-27.47175],[-58.90161,-27.472544],[-58.879949,-27.46235],[-58.868872,-27.426537],[-58.971233,-27.334239],[-59.115187,-27.461289],[-59.172265,-27.410603],[-59.217157,-27.448529],[-59.404093,-27.452051],[-59.403777,-27.467582],[-59.401239,-27.99944],[-58.883922,-27.999444],[-58.893694,-28.035274],[-58.880822,-28.066825],[-58.859734,-28.050318],[-58.857739,-28.011612],[-58.829262,-27.961873],[-58.845497,-27.891629],[-58.809708,-27.783407],[-58.824415,-27.669394],[-58.835497,-27.646641],[-58.882746,-27.608523],[-58.871379,-27.579871],[-58.874906,-27.488555]]]},"properties":{"fid":495,"Entidad":0,"Objeto":"Departamento","FNA":"Departamento San Fernando","GNA":"Departamento","NAM":"San Fernando","SAG":"IDE Chaco","FDC":null,"IN1":"22140","SHAPE_STAr":0.325174945898,"SHAPE_STLe":2.54456206145}},
{"type":"Feature","geometry":{"type":"Polygon","coordinates":[[[-55.794628,-27.434125],[-55.838908,-27.407476],[-55.893347,-27.343988],[-55.978946,-27.35512],[-56.024264,-27.324262],[-56.039903,-27.34809],[-56.027942,-27.373105],[-56.043216,-27.404992],[-56.035973,-27.41427],[-56.054734,-27.419393],[-56.05489,-27.450973],[-56.027288,-27.50689],[-55.978455,-27.542839],[-55.851813,-27.758664],[-55.780158,-27.734392],[-55.772897,-27.690905],[-55.752531,-27.716966],[-55.72763,-27.710141],[-55.703351,-27.743966],[-55.669385,-27.748961],[-55.663613,-27.710068],[-55.619567,-27.715007],[-55.617144,-27.696994],[-55.609842,-27.644511],[-55.655829,-27.6386],[-55.660309,-27.619246],[-55.674819,-27.593408],[-55.681109,-27.603444],[-55.7217,-27.608484],[-55.723014,-27.589028],[-55.799362,-27.577644],[-55.778566,-27.498841],[-55.816519,-27.475018],[-55.794628,-27.434125]]]},"properties":{"fid":467,"Entidad":0,"Objeto":"Departamento","FNA":"Departamento Capital","GNA":"Departamento","NAM":"Capital","SAG":"Ministerio de Ecología","FDC":null,"IN1":"54028","SHAPE_STAr":0.0891348793063,"SHAPE_STLe":1.84895434195}},
{"type":"Feature","geometry":{"type":"Polygon","coordinates":[[[-58.628929,-27.510271],[-58.636375,-27.474614],[-58.678849,-27.471225],[-58.663376,-27.422672],[-58.707917,-27.366176],[-58.74556,-27.382238],[-58.77281,-27.378201],[-58.874906,-27.488555],[-58.871379,-27.579871],[-58.882746,-27.608523],[-58.835497,-27.646641],[-58.824415,-27.669394],[-58.811686,-27.675375],[-58.804003,-27.654654],[-58.777303,-27.660028],[-58.727235,-27.627213],[-58.668322,-27.612259],[-58.653421,-27.532244],[-58.628929,-27.510271]]]},"properties":{"fid":461,"Entidad":0,"Objeto":"Departamento","FNA":"Departamento Capital","GNA":"Departamento","NAM":"Capital","SAG":"IGN","FDC":"-2","IN1":"18021","SHAPE_STAr":0.0507487774815,"SHAPE_STLe":1.05560446765}},
{"type":"Feature","geometry":{"type":"MultiPolygon","coordinates":[[[[-57.387708,-27.421561],[-57.507518,-27.444201],[-57.609788,-27.395708],[-57.697013,-27.326884],[-57.793517,-27.341484],[-57.784592,-27.363637],[-57.742363,-27.355633],[-57.753258,-27.408175],[-57.82798,-27.401155],[-57.875954,-27.43956],[-57.831104,-27.485617],[-57.776161,-27.509283],[-57.686867,-27.492233],[-57.677635,-27.502224],[-57.689507,-27.572962],[-57.636871,-27.573818],[-57.639781,-27.597485],[-57.570316,-27.605465],[-57.584122,-27.614563],[-57.576195,-27.649477],[-57.548527,-27.651056],[-57.510223,-27.610686],[-57.493358,-27.613522],[-57.456115,-27.584686],[-57.447628,-27.557881],[-57.40374,-27.515515],[-57.387708,-27.421561]]],[[[-57.566611,-27.385118],[-57.593415,-27.392452],[-57.492187,-27.438701],[-57.404465,-27.417964],[-57.566611,-27.385118]]]]},"properties":{"fid":465,"Entidad":0,"Objeto":"Departamento","FNA":"Departamento Berón de Astrada","GNA":"Departamento","NAM":"Berón de Astrada","SAG":"IGN","FDC":"-2","IN1":"18014","SHAPE_STAr":0.0777806363566,"SHAPE_STLe":2.19787028824}},
{"type":"Feature","geometry":{"type":"Polygon","coordinates":[[[-55.365252,-27.461439],[-55.281854,-27.414587],[-55.288553,-27.405582],[-55.305154,-27.40614],[-55.310259,-27.383049],[-55.324216,-27.403266],[-55.362166,-27.400704],[-55.346921,-27.3951],[-55.354896,-27.381904],[-55.386375,-27.390248],[-55.379938,-27.378666],[-55.393882,-27.382155],[-55.404849,-27.369057],[-55.416214,-27.382307],[-55.408433,-27.389668],[-55.433616,-27.380626],[-55.431414,-27.395569],[-55.446933,-27.392902],[-55.44288,-27.385639],[-55.462183,-27.372977],[-55.494961,-27.364704],[-55.492012,-27.348121],[-55.478863,-27.343356],[-55.485203,-27.321766],[-55.474935,-27.321691],[-55.486954,-27.30519],[-55.499578,-27.311827],[-55.503948,-27.298575],[-55.523955,-27.2986],[-55.518698,-27.280149],[-55.587623,-27.31334],[-55.596142,-27.339159],[-55.683316,-27.378756],[-55.732774,-27.443108],[-55.794628,-27.434125],[-55.816519,-27.475018],[-55.778566,-27.498841],[-55.799362,-27.577644],[-55.723014,-27.589028],[-55.7217,-27.608484],[-55.681109,-27.603444],[-55.674819,-27.593408],[-55.660309,-27.619246],[-55.63898,-27.626127],[-55.55978,-27.574619],[-55.576935,-27.550305],[-55.514931,-27.515421],[-55.499666,-27.537438],[-55.365252,-27.461439]]]},"properties":{"fid":468,"Entidad":0,"Objeto":"Departamento","FNA":"Departamento Candelaria","GNA":"Departamento","NAM":"Candelaria","SAG":"Ministerio de Ecología","FDC":null,"IN1":"54021","SHAPE_STAr":0.0839429526131,"SHAPE_STLe":1.9159197141}},
{"type":"Feature","geometry":{"type":"MultiPolygon","coordinates":[[[[-58.362566,-27.284342],[-58.416849,-27.290097],[-58.493509,-27.270649],[-58.515722,-27.291032],[-58.549748,-27.294793],[-58.592903,-27.320818],[-58.616488,-27.318632],[-58.668787,-27.359092],[-58.707917,-27.366176],[-58.663376,-27.422672],[-58.678849,-27.471225],[-58.636375,-27.474614],[-58.628929,-27.510271],[-58.589853,-27.518815],[-58.548492,-27.487389],[-58.51916,-27.491089],[-58.488645,-27.474461],[-58.480818,-27.449669],[-58.491065,-27.4299],[-58.455436,-27.416787],[-58.449345,-27.399303],[-58.413815,-27.408903],[-58.355465,-27.397865],[-58.33744,-27.413374],[-58.324932,-27.359968],[-58.303726,-27.36228],[-58.362566,-27.284342]]],[[[-58.423271,-27.270154],[-58.431126,-27.268229],[-58.422009,-27.280627],[-58.423271,-27.270154]]]]},"properties":{"fid":463,"Entidad":0,"Objeto":"Departamento","FNA":"Departamento San Cosme","GNA":"Departamento","NAM":"San Cosme","SAG":"IGN","FDC":"-2","IN1":"18133","SHAPE_STAr":0.0540493695812,"SHAPE_STLe":1.4595879658}},
{"type":"Feature","geometry":{"type":"Polygon","coordinates":[[[-60.513374,-27.009848],[-60.614827,-26.974101],[-60.615315,-27.057248],[-60.815565,-27.054975],[-60.817034,-27.142401],[-60.817973,-27.198177],[-60.844518,-27.180072],[-60.905856,-27.252031],[-60.819882,-27.309903],[-60.820737,-27.366329],[-60.909425,-27.399847],[-60.909284,-27.460028],[-60.518392,-27.464764],[-60.513374,-27.009848]]]},"properties":{"fid":17,"Entidad":0,"Objeto":"Departamento","FNA":"Departamento O'Higgins","GNA":"Departamento","NAM":"O'Higgins","SAG":"Direc. Pcial. de Catastro y Cartografía","FDC":null,"IN1":"22112","SHAPE_STAr":0.142782455751,"SHAPE_STLe":1.82476528764}},
{"type":"Feature","geometry":{"type":"MultiPolygon","coordinates":[[[[-57.793517,-27.341484],[-57.824089,-27.330493],[-57.858908,-27.280984],[-57.897031,-27.266955],[-57.970989,-27.274986],[-58.034121,-27.25933],[-58.092169,-27.275749],[-58.191339,-27.280832],[-58.246744,-27.261516],[-58.362566,-27.284342],[-58.303726,-27.36228],[-58.324932,-27.359968],[-58.33744,-27.413374],[-58.22031,-27.443373],[-58.132278,-27.404024],[-58.019508,-27.400459],[-57.977509,-27.403471],[-57.875954,-27.43956],[-57.82798,-27.401155],[-57.753258,-27.408175],[-57.742363,-27.355633],[-57.784592,-27.363637],[-57.793517,-27.341484]],[[-57.903349,-27.27382],[-57.862389,-27.294362],[-57.893459,-27.286213],[-57.894243,-27.2802],[-57.89824,-27.277518],[-57.912872,-27.276645],[-57.903349,-27.27382]],[[-57.906716,-27.290551],[-57.916592,-27.292868],[-57.918386,-27.282459],[-57.895555,-27.279487],[-57.895896,-27.288114],[-57.906716,-27.290551]],[[-57.952914,-27.276011],[-57.923928,-27.275242],[-57.944874,-27.286171],[-57.939427,-27.277289],[-57.952914,-27.276011]]],[[[-57.82595,-27.302602],[-57.819451,-27.318697],[-57.768948,-27.321109],[-57.82595,-27.302602]]],[[[-57.752547,-27.320163],[-57.798088,-27.325021],[-57.74152,-27.323307],[-57.752547,-27.320163]]],[[[-58.150486,-27.257831],[-58.178002,-27.259267],[-58.138566,-27.265546],[-58.150486,-27.257831]]]]},"properties":{"fid":464,"Entidad":0,"Objeto":"Departamento","FNA":"Departamento Itatí","GNA":"Departamento","NAM":"Itatí","SAG":"IGN","FDC":"-2","IN1":"18077","SHAPE_STAr":0.0794690511707,"SHAPE_STLe":3.12378180095}},
{"type":"Feature","geometry":{"type":"Polygon","coordinates":[[[-54.613525,-26.933928],[-54.664549,-26.95507],[-54.659249,-26.966629],[-54.700954,-26.979055],[-54.719215,-26.935834],[-54.756532,-26.946596],[-54.726859,-27.04088],[-54.752682,-27.051827],[-54.781086,-27.02851],[-54.786473,-27.007869],[-54.813812,-27.003126],[-54.814535,-26.989215],[-54.845423,-26.995534],[-54.886254,-26.981522],[-54.901853,-26.989667],[-54.88303,-27.005503],[-54.893597,-27.065122],[-54.90548,-27.056976],[-54.915387,-27.075106],[-54.953859,-27.082729],[-54.969269,-27.106738],[-55.011556,-27.062222],[-55.099341,-27.062425],[-55.100652,-27.183763],[-55.079756,-27.187982],[-54.93809,-27.370718],[-54.922058,-27.361526],[-54.925254,-27.352907],[-54.819676,-27.385359],[-54.832774,-27.356496],[-54.814727,-27.359983],[-54.822724,-27.35154],[-54.812137,-27.339717],[-54.824751,-27.328413],[-54.814159,-27.3324],[-54.8169,-27.323334],[-54.832488,-27.318227],[-54.814386,-27.313318],[-54.83365,-27.277768],[-54.816871,-27.269253],[-54.832334,-27.26491],[-54.835141,-27.248647],[-54.700569,-27.212352],[-54.715976,-27.163417],[-54.611314,-27.163859],[-54.602599,-27.178386],[-54.626752,-27.210371],[-54.603586,-27.213051],[-54.612812,-27.22027],[-54.60541,-27.224409],[-54.593044,-27.219352],[-54.605605,-27.240739],[-54.581796,-27.25445],[-54.598926,-27.26049],[-54.594533,-27.268293],[-54.584215,-27.274966],[-54.51293,-27.260639],[-54.507679,-27.247823],[-54.520988,-27.24892],[-54.526352,-27.234786],[-54.511207,-27.22484],[-54.528413,-27.225923],[-54.519215,-27.223713],[-54.529234,-27.207439],[-54.504862,-27.191722],[-54.513237,-27.175416],[-54.494379,-27.176001],[-54.503252,-27.154193],[-54.486331,-27.142362],[-54.496101,-27.131308],[-54.486874,-27.129516],[-54.488068,-27.108312],[-54.49744,-27.090125],[-54.540472,-27.092413],[-54.613525,-26.933928]]]},"properties":{"fid":469,"Entidad":0,"Objeto":"Departamento","FNA":"Departamento Cainguás","GNA":"Departamento","NAM":"Cainguás","SAG":"Ministerio de Ecología","FDC":null,"IN1":"54014","SHAPE_STAr":0.140994240123,"SHAPE_STLe":3.04933723582}},
{"type":"Feature","geometry":{"type":"Polygon","coordinates":[[[-58.377351,-26.872232],[-58.388695,-26.86922],[-58.379712,-26.856431],[-58.396606,-26.860476],[-58.400651,-26.831208],[-58.406838,-26.845723],[-58.427777,-26.824784],[-58.446337,-26.831922],[-58.445147,-26.818359],[-58.477746,-26.824546],[-58.467514,-26.800275],[-58.485598,-26.805986],[-58.487264,-26.784333],[-58.497496,-26.78933],[-58.507251,-26.773149],[-58.499637,-26.76149],[-58.532949,-26.757921],[-58.53426,-26.738223],[-58.549677,-26.748762],[-58.569117,-26.727702],[-58.574061,-26.686102],[-58.611001,-26.681494],[-58.628151,-26.662333],[-58.680392,-26.642676],[-58.688445,-26.603981],[-58.898378,-26.791815],[-58.915566,-26.776532],[-58.933414,-26.780079],[-58.939047,-26.793838],[-58.953739,-26.785787],[-58.953268,-26.868704],[-58.95922,-27.091385],[-58.919784,-27.125431],[-58.887806,-27.127897],[-58.870582,-27.117607],[-58.870335,-27.137748],[-58.787059,-27.18734],[-58.777981,-27.217149],[-58.752267,-27.21807],[-58.759196,-27.244611],[-58.734101,-27.284575],[-58.76782,-27.323376],[-58.77281,-27.378201],[-58.74556,-27.382238],[-58.707917,-27.366176],[-58.668787,-27.359092],[-58.616488,-27.318632],[-58.592479,-27.229028],[-58.66163,-27.186578],[-58.652207,-27.130556],[-58.62571,-27.113881],[-58.554897,-27.108913],[-58.559637,-27.037586],[-58.527143,-27.037472],[-58.511267,-27.062256],[-58.498589,-27.045067],[-58.519433,-27.001951],[-58.469807,-27.000066],[-58.484137,-26.935354],[-58.384889,-26.892191],[-58.377351,-26.872232]]]},"properties":{"fid":326,"Entidad":0,"Objeto":"Departamento","FNA":"Departamento Bermejo","GNA":"Departamento","NAM":"Bermejo","SAG":"IDE Chaco","FDC":null,"IN1":"22014","SHAPE_STAr":0.232464798538,"SHAPE_STLe":3.04141928082}},
{"type":"Feature","geometry":{"type":"Polygon","coordinates":[[[-58.215852,-26.384135],[-58.267353,-26.344185],[-58.504131,-26.343353],[-58.505394,-26.173637],[-58.568974,-26.1735],[-58.568695,-26.159208],[-58.75666,-26.157299],[-58.757656,-26.183554],[-58.926033,-26.185305],[-58.974453,-26.185766],[-58.974873,-26.388454],[-58.95556,-26.399876],[-58.941972,-26.430659],[-58.914855,-26.445142],[-58.909809,-26.462557],[-58.865752,-26.475083],[-58.845614,-26.519216],[-58.792258,-26.519425],[-58.795034,-26.536524],[-58.772284,-26.536917],[-58.744377,-26.602646],[-58.701012,-26.589938],[-58.688445,-26.603981],[-58.680392,-26.642676],[-58.628151,-26.662333],[-58.611001,-26.681494],[-58.574061,-26.686102],[-58.569117,-26.727702],[-58.549677,-26.748762],[-58.53426,-26.738223],[-58.532949,-26.757921],[-58.499637,-26.76149],[-58.507251,-26.773149],[-58.497496,-26.78933],[-58.487264,-26.784333],[-58.485598,-26.805986],[-58.467514,-26.800275],[-58.477746,-26.824546],[-58.445147,-26.818359],[-58.446337,-26.831922],[-58.427777,-26.824784],[-58.406838,-26.845723],[-58.400651,-26.831208],[-58.396606,-26.860476],[-58.379712,-26.856431],[-58.388695,-26.86922],[-58.377351,-26.872232],[-58.370213,-26.864266],[-58.325272,-26.869674],[-58.317895,-26.852734],[-58.334863,-26.809557],[-58.283981,-26.795395],[-58.293347,-26.757761],[-58.248004,-26.75462],[-58.260224,-26.645089],[-58.21511,-26.654911],[-58.191296,-26.646345],[-58.210199,-26.622132],[-58.194094,-26.597804],[-58.199805,-26.560513],[-58.224932,-26.536072],[-58.207457,-26.498438],[-58.233603,-26.473542],[-58.1809,-26.457397],[-58.218498,-26.417829],[-58.215852,-26.384135]]]},"properties":{"fid":100,"Entidad":0,"Objeto":"Departamento","FNA":"Departamento Laishí","GNA":"Departamento","NAM":"Laishí","SAG":"IGN","FDC":null,"IN1":"34021","SHAPE_STAr":0.324597893885,"SHAPE_STLe":3.20453629026}},
{"type":"Feature","geometry":{"type":"Polygon","coordinates":[[[-59.636642,-26.11993],[-59.646757,-26.123594],[-59.626247,-26.13434],[-59.661792,-26.142278],[-59.649268,-26.119455],[-59.678304,-26.115002],[-59.68251,-26.089486],[-59.665727,-26.076043],[-59.673109,-26.07024],[-59.663147,-26.055236],[-59.678641,-26.054133],[-59.668182,-26.024916],[-59.685345,-26.008688],[-59.669991,-26.005747],[-59.702284,-26.000465],[-59.707787,-26.009779],[-59.708057,-25.996323],[-59.725094,-25.999758],[-59.72787,-25.97015],[-59.740805,-25.975545],[-59.751428,-25.963237],[-59.743572,-25.949521],[-59.75452,-25.955628],[-59.753458,-25.920721],[-59.768644,-25.925682],[-59.764571,-25.916001],[-59.788284,-25.909712],[-59.78118,-25.896681],[-59.789218,-25.903023],[-59.826803,-25.889937],[-59.81572,-25.884432],[-59.827161,-25.869637],[-59.836128,-25.875978],[-59.843676,-25.856047],[-59.871339,-25.845802],[-59.859207,-25.838028],[-59.877213,-25.84509],[-59.876698,-25.801151],[-59.903972,-25.798777],[-59.907742,-25.784573],[-59.925542,-25.79079],[-59.93333,-25.782914],[-59.919021,-25.777534],[-59.930613,-25.766015],[-59.94395,-25.776469],[-59.946332,-25.763573],[-59.967627,-25.771941],[-59.965011,-25.750666],[-59.976199,-25.759521],[-59.980887,-25.738388],[-59.994729,-25.734805],[-59.980492,-25.721907],[-60.012668,-25.73554],[-60.018865,-25.713683],[-60.033758,-25.717505],[-60.02387,-25.69577],[-60.042978,-25.697557],[-60.040207,-25.683828],[-60.098617,-25.669173],[-60.09926,-26.122378],[-60.101138,-26.302762],[-60.001517,-26.303593],[-59.853503,-26.304214],[-59.853484,-26.318887],[-59.803496,-26.319286],[-59.803646,-26.530884],[-59.703234,-26.531703],[-59.703002,-26.621873],[-59.503547,-26.622081],[-59.503241,-26.712477],[-59.45283,-26.712139],[-59.452225,-26.802761],[-59.201337,-26.801492],[-59.201216,-26.81876],[-59.155061,-26.818492],[-59.154594,-26.869838],[-58.953268,-26.868704],[-58.953739,-26.785787],[-58.939047,-26.793838],[-58.933414,-26.780079],[-58.915566,-26.776532],[-58.898378,-26.791815],[-58.688445,-26.603981],[-58.701012,-26.589938],[-58.744377,-26.602646],[-58.772284,-26.536917],[-58.795034,-26.536524],[-58.792258,-26.519425],[-58.845614,-26.519216],[-58.865752,-26.475083],[-58.909809,-26.462557],[-58.914855,-26.445142],[-58.941972,-26.430659],[-58.95556,-26.399876],[-58.974873,-26.388454],[-59.002731,-26.374149],[-59.024081,-26.38122],[-59.042898,-26.365348],[-59.068475,-26.374233],[-59.101853,-26.351519],[-59.098074,-26.343241],[-59.128614,-26.344165],[-59.115635,-26.32558],[-59.132418,-26.331172],[-59.153872,-26.31686],[-59.137196,-26.307641],[-59.14612,-26.299977],[-59.181965,-26.304718],[-59.192587,-26.329734],[-59.257538,-26.341353],[-59.256366,-26.351639],[-59.311118,-26.339427],[-59.312988,-26.31895],[-59.333466,-26.335711],[-59.343859,-26.327791],[-59.357506,-26.33797],[-59.403288,-26.299484],[-59.38395,-26.295112],[-59.396067,-26.273781],[-59.380693,-26.264929],[-59.397935,-26.258624],[-59.39455,-26.247645],[-59.415862,-26.222161],[-59.410298,-26.207102],[-59.429352,-26.19775],[-59.418742,-26.196174],[-59.420658,-26.1783],[-59.408931,-26.180013],[-59.421377,-26.161157],[-59.45416,-26.147612],[-59.456182,-26.160198],[-59.464973,-26.150592],[-59.494502,-26.162589],[-59.519479,-26.142919],[-59.567182,-26.148906],[-59.585988,-26.143588],[-59.576702,-26.139148],[-59.584773,-26.121826],[-59.597208,-26.130961],[-59.603347,-26.115219],[-59.608874,-26.123712],[-59.636642,-26.11993]]]},"properties":{"fid":323,"Entidad":0,"Objeto":"Departamento","FNA":"Departamento Libertador General San Martín","GNA":"Departamento","NAM":"Libertador General San Martín","SAG":"IDE Chaco","FDC":null,"IN1":"22084","SHAPE_STAr":0.650855032671,"SHAPE_STLe":6.08274988645}},
{"type":"Feature","geometry":{"type":"Polygon","coordinates":[[[-60.09926,-26.122378],[-60.799787,-26.11488],[-60.804517,-26.419904],[-60.788819,-26.425505],[-60.508358,-26.525247],[-60.228711,-26.624283],[-60.205496,-26.632496],[-60.201476,-26.301856],[-60.101138,-26.302762],[-60.09926,-26.122378]]]},"properties":{"fid":161,"Entidad":0,"Objeto":"Departamento","FNA":"Departamento Maipú","GNA":"Departamento","NAM":"Maipú","SAG":"IDE Chaco","FDC":null,"IN1":"22091","SHAPE_STAr":0.263522648545,"SHAPE_STLe":2.25265631799}},
{"type":"Feature","geometry":{"type":"Polygon","coordinates":[[[-58.926033,-26.185305],[-58.925861,-25.778561],[-58.604748,-25.777243],[-58.604973,-25.583075],[-58.605099,-25.470652],[-59.053631,-25.174021],[-59.635147,-25.607523],[-59.636642,-26.11993],[-59.608874,-26.123712],[-59.603347,-26.115219],[-59.597208,-26.130961],[-59.584773,-26.121826],[-59.576702,-26.139148],[-59.585988,-26.143588],[-59.567182,-26.148906],[-59.519479,-26.142919],[-59.494502,-26.162589],[-59.464973,-26.150592],[-59.456182,-26.160198],[-59.45416,-26.147612],[-59.421377,-26.161157],[-59.408931,-26.180013],[-59.420658,-26.1783],[-59.418742,-26.196174],[-59.429352,-26.19775],[-59.410298,-26.207102],[-59.415862,-26.222161],[-59.39455,-26.247645],[-59.397935,-26.258624],[-59.380693,-26.264929],[-59.396067,-26.273781],[-59.38395,-26.295112],[-59.403288,-26.299484],[-59.357506,-26.33797],[-59.343859,-26.327791],[-59.333466,-26.335711],[-59.312988,-26.31895],[-59.311118,-26.339427],[-59.256366,-26.351639],[-59.257538,-26.341353],[-59.192587,-26.329734],[-59.181965,-26.304718],[-59.14612,-26.299977],[-59.137196,-26.307641],[-59.153872,-26.31686],[-59.132418,-26.331172],[-59.115635,-26.32558],[-59.128614,-26.344165],[-59.098074,-26.343241],[-59.101853,-26.351519],[-59.068475,-26.374233],[-59.042898,-26.365348],[-59.024081,-26.38122],[-59.002731,-26.374149],[-58.974873,-26.388454],[-58.974453,-26.185766],[-58.926033,-26.185305]]]},"properties":{"fid":101,"Entidad":0,"Objeto":"Departamento","FNA":"Departamento Pirané","GNA":"Departamento","NAM":"Pirané","SAG":"IGN","FDC":null,"IN1":"34056","SHAPE_STAr":0.77652631556,"SHAPE_STLe":4.40625708609}},
{"type":"Feature","geometry":{"type":"Polygon","coordinates":[[[-57.82723,-25.759365],[-57.8549,-25.743202],[-57.908726,-25.737494],[-57.979263,-25.712795],[-58.020584,-25.687279],[-58.035553,-25.658342],[-58.037159,-25.608295],[-58.152691,-25.562923],[-58.190136,-25.577745],[-58.220619,-25.560408],[-58.22121,-25.587954],[-58.604973,-25.583075],[-58.604748,-25.777243],[-58.925861,-25.778561],[-58.926033,-26.185305],[-58.757656,-26.183554],[-58.75666,-26.157299],[-58.568695,-26.159208],[-58.568974,-26.1735],[-58.505394,-26.173637],[-58.504131,-26.343353],[-58.267353,-26.344185],[-58.215852,-26.384135],[-58.159666,-26.348817],[-58.163825,-26.264373],[-58.10472,-26.23274],[-58.107456,-26.21769],[-58.15786,-26.179928],[-58.11966,-26.186495],[-58.118638,-26.154354],[-58.090928,-26.11628],[-58.015404,-26.101668],[-57.946413,-26.066019],[-57.919515,-26.032325],[-57.852243,-26.0052],[-57.854014,-25.987439],[-57.895302,-25.960713],[-57.878969,-25.932274],[-57.836767,-25.915599],[-57.863037,-25.882201],[-57.858469,-25.858001],[-57.816266,-25.847413],[-57.796564,-25.824855],[-57.82723,-25.759365]]]},"properties":{"fid":307,"Entidad":0,"Objeto":"Departamento","FNA":"Departamento Formosa","GNA":"Departamento","NAM":"Formosa","SAG":"IGN","FDC":null,"IN1":"34014","SHAPE_STAr":0.586015729021,"SHAPE_STLe":3.84326273039}},
{"type":"Feature","geometry":{"type":"Polygon","coordinates":[[[-58.891744,-24.715016],[-58.972971,-24.662056],[-59.023883,-24.660099],[-59.07983,-24.621284],[-59.127806,-24.617952],[-59.185538,-24.563641],[-59.241276,-24.546063],[-59.257605,-24.519681],[-59.286932,-24.517985],[-59.319941,-24.492002],[-59.341922,-24.489176],[-59.374104,-24.421867],[-59.421276,-24.408879],[-59.456599,-24.373513],[-59.475908,-24.331139],[-60.039006,-24.011656],[-60.072861,-24.011231],[-60.091201,-24.02474],[-60.192253,-24.044894],[-60.2803,-24.043614],[-60.365049,-24.020311],[-61.144237,-24.798878],[-61.107417,-24.834841],[-61.098047,-24.827573],[-61.093293,-24.848475],[-61.073786,-24.856411],[-61.075102,-24.872696],[-61.047384,-24.898371],[-61.028839,-24.888667],[-61.022219,-24.920786],[-60.994186,-24.916385],[-60.998017,-24.933967],[-60.963973,-24.948386],[-60.953522,-24.972647],[-60.948277,-24.957207],[-60.939005,-24.960153],[-60.942738,-24.980642],[-60.920854,-24.980485],[-60.941579,-24.99127],[-60.925102,-25.003774],[-60.931955,-25.013126],[-60.91218,-25.007089],[-60.896628,-25.020625],[-60.87498,-25.019712],[-60.874237,-25.034956],[-60.826726,-25.03333],[-60.834663,-25.043795],[-60.812444,-25.073535],[-60.807142,-25.064966],[-60.754452,-25.067629],[-60.765735,-25.090262],[-60.752031,-25.100603],[-60.739909,-25.091346],[-60.738175,-25.114535],[-60.721447,-25.12521],[-60.657942,-25.110997],[-60.670845,-25.147805],[-60.652488,-25.152658],[-60.663184,-25.162526],[-60.622059,-25.177511],[-60.609403,-25.174199],[-60.624759,-25.166394],[-60.61174,-25.160361],[-60.551134,-25.193437],[-60.546948,-25.16706],[-60.529648,-25.171784],[-60.483489,-25.221987],[-60.487142,-25.235325],[-60.448694,-25.258955],[-60.419524,-25.317948],[-60.407379,-25.308466],[-60.396838,-25.331266],[-60.38398,-25.323857],[-60.348444,-25.338566],[-60.355471,-25.360058],[-60.341396,-25.361469],[-60.34509,-25.377349],[-60.316294,-25.366994],[-60.30764,-25.391665],[-60.322529,-25.37602],[-60.33591,-25.39292],[-60.282628,-25.433155],[-60.281264,-25.466704],[-60.261093,-25.460754],[-60.254702,-25.474643],[-60.244035,-25.469171],[-60.228262,-25.480144],[-60.238442,-25.499973],[-60.22669,-25.50271],[-60.222966,-25.525672],[-60.239893,-25.557716],[-60.213583,-25.578469],[-60.219943,-25.599774],[-60.199002,-25.600709],[-60.181537,-25.634283],[-60.189202,-25.648123],[-60.172871,-25.653878],[-60.138338,-25.642449],[-60.098617,-25.669173],[-60.040207,-25.683828],[-60.042978,-25.697557],[-60.02387,-25.69577],[-60.033758,-25.717505],[-60.018865,-25.713683],[-60.012668,-25.73554],[-59.980492,-25.721907],[-59.994729,-25.734805],[-59.980887,-25.738388],[-59.976199,-25.759521],[-59.965011,-25.750666],[-59.967627,-25.771941],[-59.946332,-25.763573],[-59.94395,-25.776469],[-59.930613,-25.766015],[-59.919021,-25.777534],[-59.93333,-25.782914],[-59.925542,-25.79079],[-59.907742,-25.784573],[-59.903972,-25.798777],[-59.876698,-25.801151],[-59.877213,-25.84509],[-59.859207,-25.838028],[-59.871339,-25.845802],[-59.843676,-25.856047],[-59.836128,-25.875978],[-59.827161,-25.869637],[-59.81572,-25.884432],[-59.826803,-25.889937],[-59.789218,-25.903023],[-59.78118,-25.896681],[-59.788284,-25.909712],[-59.764571,-25.916001],[-59.768644,-25.925682],[-59.753458,-25.920721],[-59.75452,-25.955628],[-59.743572,-25.949521],[-59.751428,-25.963237],[-59.740805,-25.975545],[-59.72787,-25.97015],[-59.725094,-25.999758],[-59.708057,-25.996323],[-59.707787,-26.009779],[-59.702284,-26.000465],[-59.669991,-26.005747],[-59.685345,-26.008688],[-59.668182,-26.024916],[-59.678641,-26.054133],[-59.663147,-26.055236],[-59.673109,-26.07024],[-59.665727,-26.076043],[-59.68251,-26.089486],[-59.678304,-26.115002],[-59.649268,-26.119455],[-59.661792,-26.142278],[-59.626247,-26.13434],[-59.646757,-26.123594],[-59.636642,-26.11993],[-59.635147,-25.607523],[-59.053631,-25.174021],[-58.891178,-25.05196],[-58.891744,-24.715016]]]},"properties":{"fid":363,"Entidad":0,"Objeto":"Departamento","FNA":"Departamento Patiño","GNA":"Departamento","NAM":"Patiño","SAG":"IGN","FDC":null,"IN1":"34035","SHAPE_STAr":2.3421944196,"SHAPE_STLe":8.47387932697}},
{"type":"Feature","geometry":{"type":"Polygon","coordinates":[[[-57.82723,-25.759365],[-57.817636,-25.751244],[-57.779487,-25.760946],[-57.732025,-25.723703],[-57.728763,-25.709499],[-57.759289,-25.709531],[-57.765683,-25.690341],[-57.734722,-25.646773],[-57.674697,-25.659017],[-57.673098,-25.595342],[-57.632667,-25.616358],[-57.610795,-25.610647],[-57.60457,-25.568787],[-57.580414,-25.569416],[-57.570591,-25.549314],[-57.579709,-25.512534],[-57.559388,-25.46178],[-57.574304,-25.427221],[-57.596518,-25.401064],[-57.642351,-25.383355],[-57.70285,-25.322201],[-57.707228,-25.300063],[-57.694446,-25.285967],[-57.705096,-25.291734],[-57.711835,-25.273051],[-57.722428,-25.277534],[-57.722685,-25.253054],[-57.741026,-25.253254],[-57.735677,-25.234637],[-57.759062,-25.220274],[-57.748621,-25.20674],[-57.753504,-25.176473],[-57.78023,-25.152507],[-57.837014,-25.131425],[-57.861132,-25.08159],[-57.941768,-25.071682],[-57.975375,-25.086273],[-57.990709,-25.08179],[-58.005742,-25.035062],[-58.068674,-25.045712],[-58.090575,-25.00875],[-58.113154,-25.019626],[-58.13716,-25.011677],[-58.14978,-24.975214],[-58.193467,-24.968033],[-58.202,-24.949663],[-58.224438,-24.942025],[-58.224653,-24.927106],[-58.255365,-24.931865],[-58.329584,-25.000875],[-58.349363,-24.970704],[-58.380844,-24.956244],[-58.378353,-25.392969],[-58.605171,-25.394346],[-58.605099,-25.470652],[-58.604973,-25.583075],[-58.22121,-25.587954],[-58.220619,-25.560408],[-58.190136,-25.577745],[-58.152691,-25.562923],[-58.037159,-25.608295],[-58.035553,-25.658342],[-58.020584,-25.687279],[-57.979263,-25.712795],[-57.908726,-25.737494],[-57.8549,-25.743202],[-57.82723,-25.759365]]]},"properties":{"fid":311,"Entidad":0,"Objeto":"Departamento","FNA":"Departamento Pilcomayo","GNA":"Departamento","NAM":"Pilcomayo","SAG":"IGN","FDC":null,"IN1":"34049","SHAPE_STAr":0.479801492898,"SHAPE_STLe":4.681716571}},
{"type":"Feature","geometry":{"type":"Polygon","coordinates":[[[-58.380844,-24.956244],[-58.40834,-24.923057],[-58.428627,-24.923438],[-58.430017,-24.893304],[-58.473704,-24.860906],[-58.49746,-24.857955],[-58.510899,-24.843507],[-58.526185,-24.850817],[-58.573584,-24.821026],[-58.673502,-24.831515],[-58.68875,-24.810176],[-58.708566,-24.810518],[-58.726992,-24.774331],[-58.807361,-24.772409],[-58.85476,-24.732624],[-58.879088,-24.732815],[-58.891744,-24.715016],[-58.891178,-25.05196],[-59.053631,-25.174021],[-58.605099,-25.470652],[-58.605171,-25.394346],[-58.378353,-25.392969],[-58.380844,-24.956244]]]},"properties":{"fid":99,"Entidad":0,"Objeto":"Departamento","FNA":"Departamento Pilagás","GNA":"Departamento","NAM":"Pilagás","SAG":"IGN","FDC":null,"IN1":"34042","SHAPE_STAr":0.30670225078,"SHAPE_STLe":2.66646969874}},
{"type":"Feature","geometry":{"type":"Polygon","coordinates":[[[-54.664549,-26.95507],[-54.801548,-26.649533],[-54.820869,-26.67332],[-54.873893,-26.655338],[-54.942158,-26.68238],[-54.944242,-26.752729],[-54.95626,-26.781356],[-55.057543,-26.798985],[-55.093134,-26.836715],[-55.129763,-26.85362],[-55.150257,-26.892609],[-55.134043,-26.947664],[-55.204048,-26.969614],[-55.197727,-26.990562],[-55.206881,-26.999223],[-55.178556,-26.997314],[-55.183095,-27.018429],[-55.166978,-27.042725],[-55.147634,-27.059692],[-55.099341,-27.062425],[-55.011556,-27.062222],[-54.969269,-27.106738],[-54.953859,-27.082729],[-54.915387,-27.075106],[-54.90548,-27.056976],[-54.893597,-27.065122],[-54.88303,-27.005503],[-54.901853,-26.989667],[-54.886254,-26.981522],[-54.845423,-26.995534],[-54.814535,-26.989215],[-54.813812,-27.003126],[-54.786473,-27.007869],[-54.781086,-27.02851],[-54.752682,-27.051827],[-54.726859,-27.04088],[-54.756532,-26.946596],[-54.719215,-26.935834],[-54.700954,-26.979055],[-54.659249,-26.966629],[-54.664549,-26.95507]]]},"properties":{"fid":470,"Entidad":0,"Objeto":"Departamento","FNA":"Departamento Libertador General San Martín","GNA":"Departamento","NAM":"Libertador General San Martín","SAG":"Ministerio de Ecología","FDC":null,"IN1":"54077","SHAPE_STAr":0.132844820659,"SHAPE_STLe":2.14483398858}},
{"type":"Feature","geometry":{"type":"Polygon","coordinates":[[[-53.711197,-26.46677],[-53.698276,-26.469598],[-53.704249,-26.441865],[-53.686974,-26.440711],[-53.709983,-26.387614],[-53.701429,-26.388958],[-53.685737,-26.335375],[-53.67124,-26.330704],[-53.645624,-26.286073],[-53.646187,-26.24837],[-53.637383,-26.249682],[-53.653514,-26.235097],[-53.641272,-26.213878],[-53.710403,-26.130531],[-53.744293,-26.116237],[-53.742585,-26.081772],[-53.726722,-26.064822],[-53.737276,-26.041433],[-53.77164,-26.03151],[-53.780303,-26.00846],[-53.805114,-25.995604],[-53.802864,-25.984617],[-53.817883,-25.989982],[-53.813777,-25.980118],[-53.836784,-25.9701],[-53.828082,-25.96364],[-53.842917,-25.933681],[-53.833806,-25.920625],[-53.820605,-25.927608],[-53.818801,-25.912606],[-53.835241,-25.911833],[-53.819575,-25.898437],[-53.849899,-25.883774],[-53.823358,-25.872082],[-53.836293,-25.869191],[-53.831785,-25.859204],[-53.844941,-25.857098],[-53.834376,-25.850103],[-53.850081,-25.839601],[-53.838408,-25.815888],[-53.819563,-25.816179],[-53.828543,-25.808488],[-53.822119,-25.793326],[-53.843301,-25.790657],[-53.831003,-25.780734],[-53.857144,-25.76611],[-53.834109,-25.751333],[-53.866337,-25.744245],[-53.859015,-25.72335],[-53.879304,-25.707794],[-53.865576,-25.705407],[-53.872323,-25.693424],[-53.851492,-25.706189],[-53.855263,-25.691597],[-53.842549,-25.687295],[-53.856906,-25.683104],[-53.862377,-25.658668],[-53.889994,-25.661277],[-53.876414,-25.645103],[-53.894969,-25.643188],[-53.892592,-25.622287],[-53.912178,-25.636324],[-53.916625,-25.616216],[-53.932799,-25.62261],[-53.947847,-25.611475],[-53.947684,-25.640211],[-53.962259,-25.643477],[-53.965441,-25.612693],[-53.978109,-25.61029],[-53.970144,-25.601017],[-54.016363,-25.563655],[-54.049077,-25.585373],[-54.081095,-25.55825],[-54.089657,-25.612266],[-54.101983,-25.617116],[-54.123725,-25.566962],[-54.094008,-25.514808],[-54.099519,-25.495038],[-54.166712,-25.542875],[-54.159214,-25.634697],[-54.178582,-25.847472],[-54.170144,-25.853095],[-54.196094,-26.103704],[-54.143346,-26.122045],[-54.142696,-26.142655],[-54.165532,-26.216812],[-54.16467,-26.267999],[-53.986864,-26.268135],[-53.986702,-26.216694],[-53.886734,-26.217935],[-53.886702,-26.255269],[-53.794184,-26.25523],[-53.79266,-26.332159],[-53.746411,-26.331972],[-53.770508,-26.384523],[-53.711197,-26.46677]]]},"properties":{"fid":471,"Entidad":0,"Objeto":"Departamento","FNA":"Departamento General Manuel Belgrano","GNA":"Departamento","NAM":"General Manuel Belgrano","SAG":"Ministerio de Ecología","FDC":null,"IN1":"54049","SHAPE_STAr":0.269631873883,"SHAPE_STLe":4.04604410988}},
{"type":"Feature","geometry":{"type":"Polygon","coordinates":[[[-54.51293,-27.260639],[-54.352342,-27.232606],[-54.358421,-27.246009],[-54.348242,-27.254153],[-54.364459,-27.252345],[-54.34774,-27.264565],[-54.351683,-27.277926],[-54.32274,-27.297572],[-54.332204,-27.298791],[-54.328652,-27.308637],[-54.312469,-27.313784],[-54.316178,-27.353913],[-54.295168,-27.361957],[-54.321302,-27.373742],[-54.287682,-27.383374],[-54.316326,-27.392265],[-54.295075,-27.398922],[-54.295476,-27.411812],[-54.321027,-27.411824],[-54.294523,-27.444692],[-54.278519,-27.445607],[-54.262793,-27.398756],[-54.214752,-27.383516],[-54.211629,-27.345771],[-54.17699,-27.257666],[-54.157252,-27.261842],[-54.15412,-27.29688],[-54.083506,-27.299492],[-54.055134,-27.263661],[-54.020053,-27.246755],[-54.010981,-27.201701],[-53.962721,-27.197609],[-53.959943,-27.160216],[-53.935543,-27.155357],[-53.933913,-27.142187],[-53.913684,-27.147832],[-53.897946,-27.137077],[-53.925604,-27.123627],[-53.87609,-27.110793],[-53.908174,-27.096969],[-53.88929,-27.091511],[-53.903119,-27.079965],[-53.885245,-27.058455],[-53.908243,-27.070149],[-53.920577,-27.0439],[-53.924454,-27.06044],[-53.945354,-27.064584],[-53.936134,-27.035494],[-53.966341,-27.05226],[-53.97696,-27.018606],[-54.005224,-27.025136],[-54.018989,-27.007364],[-53.996802,-27.009179],[-53.996925,-26.98291],[-54.020274,-26.992364],[-54.028321,-26.980949],[-54.01686,-26.978611],[-54.014886,-26.960607],[-54.035132,-26.94365],[-54.007263,-26.936156],[-54.02159,-26.903871],[-54.049395,-26.903386],[-54.045126,-26.884667],[-54.06408,-26.875013],[-54.077243,-26.889094],[-54.075419,-26.869228],[-54.098708,-26.857976],[-54.083355,-26.850156],[-54.087422,-26.840556],[-54.104515,-26.839684],[-54.098732,-26.815821],[-54.127946,-26.809637],[-54.119526,-26.799759],[-54.134838,-26.78728],[-54.127452,-26.773481],[-54.139598,-26.748304],[-54.237413,-26.803561],[-54.235151,-26.784158],[-54.25997,-26.739283],[-54.241512,-26.725711],[-54.241901,-26.703341],[-54.216769,-26.698999],[-54.188296,-26.667199],[-54.262895,-26.641646],[-54.402073,-26.712057],[-54.424648,-26.737083],[-54.432739,-26.731805],[-54.545772,-26.830228],[-54.523919,-26.853979],[-54.568315,-26.894657],[-54.565882,-26.914184],[-54.613525,-26.933928],[-54.540472,-27.092413],[-54.49744,-27.090125],[-54.488068,-27.108312],[-54.486874,-27.129516],[-54.496101,-27.131308],[-54.486331,-27.142362],[-54.503252,-27.154193],[-54.494379,-27.176001],[-54.513237,-27.175416],[-54.504862,-27.191722],[-54.529234,-27.207439],[-54.519215,-27.223713],[-54.528413,-27.225923],[-54.511207,-27.22484],[-54.526352,-27.234786],[-54.520988,-27.24892],[-54.507679,-27.247823],[-54.51293,-27.260639]]]},"properties":{"fid":472,"Entidad":0,"Objeto":"Departamento","FNA":"Departamento Guaraní","GNA":"Departamento","NAM":"Guaraní","SAG":"Ministerio de Ecología","FDC":null,"IN1":"54056","SHAPE_STAr":0.298082846724,"SHAPE_STLe":4.02116566074}},
{"type":"Feature","geometry":{"type":"Polygon","coordinates":[[[-54.166712,-25.542875],[-54.193962,-25.534556],[-54.207637,-25.543797],[-54.205005,-25.557774],[-54.174673,-25.57278],[-54.181153,-25.585521],[-54.230556,-25.563012],[-54.235172,-25.59304],[-54.250519,-25.597716],[-54.288417,-25.55573],[-54.328387,-25.571481],[-54.347344,-25.606058],[-54.382441,-25.596332],[-54.394838,-25.637553],[-54.42476,-25.657993],[-54.428923,-25.694065],[-54.468829,-25.637186],[-54.500018,-25.614584],[-54.527678,-25.62832],[-54.534945,-25.598625],[-54.555332,-25.587703],[-54.594925,-25.597435],[-54.583674,-25.666263],[-54.637793,-25.659829],[-54.655242,-25.67038],[-54.631169,-25.765533],[-54.586719,-25.83062],[-54.622013,-25.912399],[-54.610735,-25.977787],[-54.664308,-25.980678],[-54.678799,-25.99474],[-54.643107,-26.093607],[-54.673981,-26.148358],[-54.647232,-26.183994],[-54.640801,-26.151094],[-54.625552,-26.164922],[-54.618322,-26.148715],[-54.60119,-26.161563],[-54.603053,-26.15075],[-54.588978,-26.153793],[-54.587747,-26.132365],[-54.572614,-26.148546],[-54.570777,-26.138105],[-54.546715,-26.140945],[-54.545943,-26.159933],[-54.526337,-26.154394],[-54.51921,-26.173106],[-54.508394,-26.165861],[-54.513513,-26.15635],[-54.485861,-26.156327],[-54.485801,-26.141939],[-54.47677,-26.149253],[-54.464705,-26.126069],[-54.452457,-26.149688],[-54.43405,-26.152454],[-54.433017,-26.121155],[-54.320803,-26.142357],[-54.142696,-26.142655],[-54.143346,-26.122045],[-54.196094,-26.103704],[-54.170144,-25.853095],[-54.178582,-25.847472],[-54.159214,-25.634697],[-54.166712,-25.542875]]]},"properties":{"fid":473,"Entidad":0,"Objeto":"Departamento","FNA":"Departamento Iguazú","GNA":"Departamento","NAM":"Iguazú","SAG":"Ministerio de Ecología","FDC":null,"IN1":"54063","SHAPE_STAr":0.246869302891,"SHAPE_STLe":3.07380424083}},
{"type":"Feature","geometry":{"type":"Polygon","coordinates":[[[-54.51293,-27.260639],[-54.584215,-27.274966],[-54.594533,-27.268293],[-54.598926,-27.26049],[-54.581796,-27.25445],[-54.605605,-27.240739],[-54.593044,-27.219352],[-54.60541,-27.224409],[-54.612812,-27.22027],[-54.603586,-27.213051],[-54.626752,-27.210371],[-54.602599,-27.178386],[-54.611314,-27.163859],[-54.715976,-27.163417],[-54.700569,-27.212352],[-54.835141,-27.248647],[-54.832334,-27.26491],[-54.816871,-27.269253],[-54.83365,-27.277768],[-54.814386,-27.313318],[-54.832488,-27.318227],[-54.8169,-27.323334],[-54.814159,-27.3324],[-54.824751,-27.328413],[-54.812137,-27.339717],[-54.822724,-27.35154],[-54.814727,-27.359983],[-54.832774,-27.356496],[-54.819676,-27.385359],[-54.925254,-27.352907],[-54.922058,-27.361526],[-54.90904,-27.388185],[-54.924203,-27.409103],[-54.913935,-27.43413],[-54.925433,-27.437567],[-54.928136,-27.458081],[-54.899096,-27.475495],[-54.910378,-27.491033],[-54.865522,-27.509473],[-54.87915,-27.520399],[-54.860489,-27.533066],[-54.868181,-27.544096],[-54.859347,-27.551504],[-54.882047,-27.556471],[-54.852124,-27.566638],[-54.872422,-27.585802],[-54.860063,-27.60221],[-54.870873,-27.613554],[-54.846471,-27.619708],[-54.809366,-27.53094],[-54.794025,-27.537473],[-54.774466,-27.58511],[-54.742962,-27.562267],[-54.678955,-27.573926],[-54.677908,-27.510252],[-54.658682,-27.510918],[-54.64221,-27.54446],[-54.622276,-27.542041],[-54.581656,-27.453407],[-54.558887,-27.465011],[-54.526907,-27.506314],[-54.504278,-27.481829],[-54.44403,-27.471371],[-54.466909,-27.424722],[-54.436571,-27.424115],[-54.406233,-27.406769],[-54.347091,-27.467302],[-54.333778,-27.449671],[-54.341137,-27.405645],[-54.321027,-27.411824],[-54.295476,-27.411812],[-54.295075,-27.398922],[-54.316326,-27.392265],[-54.287682,-27.383374],[-54.321302,-27.373742],[-54.295168,-27.361957],[-54.316178,-27.353913],[-54.312469,-27.313784],[-54.328652,-27.308637],[-54.332204,-27.298791],[-54.32274,-27.297572],[-54.351683,-27.277926],[-54.34774,-27.264565],[-54.364459,-27.252345],[-54.348242,-27.254153],[-54.358421,-27.246009],[-54.352342,-27.232606],[-54.51293,-27.260639]]]},"properties":{"fid":474,"Entidad":0,"Objeto":"Departamento","FNA":"Departamento 25de Mayo","GNA":"Departamento","NAM":"25de Mayo","SAG":"Ministerio de Ecología","FDC":null,"IN1":"54119","SHAPE_STAr":0.150824462906,"SHAPE_STLe":3.22247036864}},
{"type":"Feature","geometry":{"type":"Polygon","coordinates":[[[-55.100652,-27.183763],[-55.135969,-27.183564],[-55.136829,-27.281812],[-55.147824,-27.276205],[-55.138424,-27.284125],[-55.153585,-27.296028],[-55.166423,-27.287936],[-55.168558,-27.29785],[-55.190107,-27.296037],[-55.195314,-27.323429],[-55.214179,-27.324323],[-55.213713,-27.315145],[-55.21701,-27.329845],[-55.240432,-27.328805],[-55.253513,-27.343305],[-55.271862,-27.336211],[-55.277249,-27.361869],[-55.290334,-27.360364],[-55.279495,-27.371159],[-55.284259,-27.385391],[-55.296884,-27.385561],[-55.281906,-27.392726],[-55.288553,-27.405582],[-55.281854,-27.414587],[-55.365252,-27.461439],[-55.330346,-27.465451],[-55.329654,-27.479208],[-55.311437,-27.477853],[-55.313997,-27.466835],[-55.301691,-27.464643],[-55.283768,-27.499279],[-55.226322,-27.516098],[-55.251551,-27.521689],[-55.236395,-27.546505],[-55.257687,-27.562124],[-55.170463,-27.625345],[-55.075547,-27.619],[-55.047917,-27.643069],[-55.01916,-27.693353],[-55.022665,-27.711668],[-54.976539,-27.771053],[-54.94217,-27.775643],[-54.904908,-27.726735],[-54.901482,-27.634412],[-54.846471,-27.619708],[-54.870873,-27.613554],[-54.860063,-27.60221],[-54.872422,-27.585802],[-54.852124,-27.566638],[-54.882047,-27.556471],[-54.859347,-27.551504],[-54.868181,-27.544096],[-54.860489,-27.533066],[-54.87915,-27.520399],[-54.865522,-27.509473],[-54.910378,-27.491033],[-54.899096,-27.475495],[-54.928136,-27.458081],[-54.925433,-27.437567],[-54.913935,-27.43413],[-54.924203,-27.409103],[-54.90904,-27.388185],[-54.922058,-27.361526],[-54.93809,-27.370718],[-55.079756,-27.187982],[-55.100652,-27.183763]]]},"properties":{"fid":475,"Entidad":0,"Objeto":"Departamento","FNA":"Departamento Oberá","GNA":"Departamento","NAM":"Oberá","SAG":"Ministerio de Ecología","FDC":null,"IN1":"54091","SHAPE_STAr":0.143508681583,"SHAPE_STLe":2.50984842031}},
{"type":"Feature","geometry":{"type":"Polygon","coordinates":[[[-55.204048,-26.969614],[-55.254917,-26.937599],[-55.306663,-26.963879],[-55.375741,-26.966166],[-55.419811,-26.993004],[-55.44574,-27.025378],[-55.455545,-27.106255],[-55.561323,-27.101324],[-55.56112,-27.160948],[-55.574793,-27.168776],[-55.607731,-27.161304],[-55.618761,-27.187177],[-55.611594,-27.212998],[-55.574691,-27.247461],[-55.574386,-27.270945],[-55.602394,-27.284618],[-55.587623,-27.31334],[-55.518698,-27.280149],[-55.523955,-27.2986],[-55.503948,-27.298575],[-55.499578,-27.311827],[-55.486954,-27.30519],[-55.474935,-27.321691],[-55.485203,-27.321766],[-55.478863,-27.343356],[-55.492012,-27.348121],[-55.494961,-27.364704],[-55.462183,-27.372977],[-55.44288,-27.385639],[-55.446933,-27.392902],[-55.431414,-27.395569],[-55.433616,-27.380626],[-55.408433,-27.389668],[-55.416214,-27.382307],[-55.404849,-27.369057],[-55.393882,-27.382155],[-55.379938,-27.378666],[-55.386375,-27.390248],[-55.354896,-27.381904],[-55.346921,-27.3951],[-55.362166,-27.400704],[-55.324216,-27.403266],[-55.310259,-27.383049],[-55.305154,-27.40614],[-55.288553,-27.405582],[-55.281906,-27.392726],[-55.296884,-27.385561],[-55.284259,-27.385391],[-55.279495,-27.371159],[-55.290334,-27.360364],[-55.277249,-27.361869],[-55.271862,-27.336211],[-55.253513,-27.343305],[-55.240432,-27.328805],[-55.21701,-27.329845],[-55.213713,-27.315145],[-55.214179,-27.324323],[-55.195314,-27.323429],[-55.190107,-27.296037],[-55.168558,-27.29785],[-55.166423,-27.287936],[-55.153585,-27.296028],[-55.138424,-27.284125],[-55.147824,-27.276205],[-55.136829,-27.281812],[-55.135969,-27.183564],[-55.100652,-27.183763],[-55.099341,-27.062425],[-55.147634,-27.059692],[-55.166978,-27.042725],[-55.183095,-27.018429],[-55.178556,-26.997314],[-55.206881,-26.999223],[-55.197727,-26.990562],[-55.204048,-26.969614]]]},"properties":{"fid":476,"Entidad":0,"Objeto":"Departamento","FNA":"Departamento San Ignacio","GNA":"Departamento","NAM":"San Ignacio","SAG":"Ministerio de Ecología","FDC":null,"IN1":"54098","SHAPE_STAr":0.152098744083,"SHAPE_STLe":2.45278942633}},
{"type":"Feature","geometry":{"type":"Polygon","coordinates":[[[-55.170463,-27.625345],[-55.257687,-27.562124],[-55.236395,-27.546505],[-55.251551,-27.521689],[-55.226322,-27.516098],[-55.283768,-27.499279],[-55.301691,-27.464643],[-55.313997,-27.466835],[-55.311437,-27.477853],[-55.329654,-27.479208],[-55.330346,-27.465451],[-55.365252,-27.461439],[-55.499666,-27.537438],[-55.514931,-27.515421],[-55.576935,-27.550305],[-55.55978,-27.574619],[-55.63898,-27.626127],[-55.660309,-27.619246],[-55.655829,-27.6386],[-55.609842,-27.644511],[-55.617144,-27.696994],[-55.493939,-27.708837],[-55.50141,-27.763525],[-55.357501,-27.77834],[-55.331195,-27.785757],[-55.288065,-27.732223],[-55.272097,-27.744704],[-55.19619,-27.738801],[-55.189864,-27.700106],[-55.165253,-27.698335],[-55.170463,-27.625345]]]},"properties":{"fid":477,"Entidad":0,"Objeto":"Departamento","FNA":"Departamento Leandro N. Alem","GNA":"Departamento","NAM":"Leandro N. Alem","SAG":"Ministerio de Ecología","FDC":null,"IN1":"54070","SHAPE_STAr":0.0977183812055,"SHAPE_STLe":1.63850918422}},
{"type":"Feature","geometry":{"type":"Polygon","coordinates":[[[-54.976539,-27.771053],[-55.022665,-27.711668],[-55.01916,-27.693353],[-55.047917,-27.643069],[-55.075547,-27.619],[-55.170463,-27.625345],[-55.165253,-27.698335],[-55.189864,-27.700106],[-55.19619,-27.738801],[-55.272097,-27.744704],[-55.288065,-27.732223],[-55.331195,-27.785757],[-55.357501,-27.77834],[-55.313111,-27.921786],[-55.264207,-27.928894],[-55.197201,-27.85713],[-55.171451,-27.861077],[-55.134383,-27.896153],[-55.125202,-27.8588],[-55.108495,-27.847421],[-55.088555,-27.842329],[-55.032733,-27.856749],[-55.025023,-27.832573],[-55.083042,-27.797054],[-55.083936,-27.785968],[-55.055931,-27.770049],[-55.008277,-27.797622],[-54.976539,-27.771053]]]},"properties":{"fid":478,"Entidad":0,"Objeto":"Departamento","FNA":"Departamento San Javier","GNA":"Departamento","NAM":"San Javier","SAG":"Ministerio de Ecología","FDC":null,"IN1":"54105","SHAPE_STAr":0.0593675338288,"SHAPE_STLe":1.43130224987}},
{"type":"Feature","geometry":{"type":"Polygon","coordinates":[[[-54.262895,-26.641646],[-54.263776,-26.488363],[-54.277892,-26.48025],[-54.277242,-26.505101],[-54.296877,-26.487005],[-54.305946,-26.500731],[-54.313906,-26.487758],[-54.338949,-26.490536],[-54.328919,-26.501686],[-54.350373,-26.504378],[-54.348734,-26.481995],[-54.369617,-26.495529],[-54.364308,-26.471662],[-54.385865,-26.50703],[-54.405978,-26.50592],[-54.410785,-26.529165],[-54.41727,-26.495135],[-54.428499,-26.513758],[-54.444724,-26.501928],[-54.443266,-26.524488],[-54.45648,-26.511199],[-54.486267,-26.519984],[-54.491622,-26.497139],[-54.516475,-26.506784],[-54.52664,-26.485968],[-54.539105,-26.489822],[-54.536677,-26.47527],[-54.554822,-26.482539],[-54.560548,-26.456772],[-54.566869,-26.470982],[-54.585947,-26.467275],[-54.58672,-26.484382],[-54.604878,-26.484574],[-54.603385,-26.50316],[-54.62954,-26.489761],[-54.62915,-26.512743],[-54.658179,-26.49375],[-54.657121,-26.476809],[-54.671029,-26.46957],[-54.657898,-26.456334],[-54.675862,-26.461754],[-54.707552,-26.450943],[-54.800544,-26.536115],[-54.807719,-26.560957],[-54.784189,-26.61467],[-54.801548,-26.649533],[-54.664549,-26.95507],[-54.613525,-26.933928],[-54.565882,-26.914184],[-54.568315,-26.894657],[-54.523919,-26.853979],[-54.545772,-26.830228],[-54.432739,-26.731805],[-54.424648,-26.737083],[-54.402073,-26.712057],[-54.262895,-26.641646]]]},"properties":{"fid":481,"Entidad":0,"Objeto":"Departamento","FNA":"Departamento Montecarlo","GNA":"Departamento","NAM":"Montecarlo","SAG":"Ministerio de Ecología","FDC":null,"IN1":"54084","SHAPE_STAr":0.159896826585,"SHAPE_STLe":2.37516878077}},
{"type":"Feature","geometry":{"type":"Polygon","coordinates":[[[-54.142696,-26.142655],[-54.320803,-26.142357],[-54.433017,-26.121155],[-54.43405,-26.152454],[-54.452457,-26.149688],[-54.464705,-26.126069],[-54.47677,-26.149253],[-54.485801,-26.141939],[-54.485861,-26.156327],[-54.513513,-26.15635],[-54.508394,-26.165861],[-54.51921,-26.173106],[-54.526337,-26.154394],[-54.545943,-26.159933],[-54.546715,-26.140945],[-54.570777,-26.138105],[-54.572614,-26.148546],[-54.587747,-26.132365],[-54.588978,-26.153793],[-54.603053,-26.15075],[-54.60119,-26.161563],[-54.618322,-26.148715],[-54.625552,-26.164922],[-54.640801,-26.151094],[-54.647232,-26.183994],[-54.61848,-26.216494],[-54.678585,-26.262537],[-54.647569,-26.31147],[-54.696645,-26.377714],[-54.707552,-26.450943],[-54.675862,-26.461754],[-54.657898,-26.456334],[-54.671029,-26.46957],[-54.657121,-26.476809],[-54.658179,-26.49375],[-54.62915,-26.512743],[-54.62954,-26.489761],[-54.603385,-26.50316],[-54.604878,-26.484574],[-54.58672,-26.484382],[-54.585947,-26.467275],[-54.566869,-26.470982],[-54.560548,-26.456772],[-54.554822,-26.482539],[-54.536677,-26.47527],[-54.539105,-26.489822],[-54.52664,-26.485968],[-54.516475,-26.506784],[-54.491622,-26.497139],[-54.486267,-26.519984],[-54.45648,-26.511199],[-54.443266,-26.524488],[-54.444724,-26.501928],[-54.428499,-26.513758],[-54.41727,-26.495135],[-54.410785,-26.529165],[-54.405978,-26.50592],[-54.385865,-26.50703],[-54.364308,-26.471662],[-54.369617,-26.495529],[-54.348734,-26.481995],[-54.350373,-26.504378],[-54.328919,-26.501686],[-54.338949,-26.490536],[-54.313906,-26.487758],[-54.305946,-26.500731],[-54.296877,-26.487005],[-54.277242,-26.505101],[-54.277892,-26.48025],[-54.263776,-26.488363],[-54.263902,-26.290063],[-54.247682,-26.301691],[-54.239713,-26.276477],[-54.220934,-26.284379],[-54.225816,-26.268092],[-54.16467,-26.267999],[-54.165532,-26.216812],[-54.142696,-26.142655]]]},"properties":{"fid":482,"Entidad":0,"Objeto":"Departamento","FNA":"Departamento Eldorado","GNA":"Departamento","NAM":"Eldorado","SAG":"Ministerio de Ecología","FDC":null,"IN1":"54042","SHAPE_STAr":0.155811489793,"SHAPE_STLe":2.7448923509}},
{"type":"Feature","geometry":{"type":"Polygon","coordinates":[[[-53.711197,-26.46677],[-53.770508,-26.384523],[-53.746411,-26.331972],[-53.79266,-26.332159],[-53.794184,-26.25523],[-53.886702,-26.255269],[-53.886734,-26.217935],[-53.986702,-26.216694],[-53.986864,-26.268135],[-54.16467,-26.267999],[-54.225816,-26.268092],[-54.220934,-26.284379],[-54.239713,-26.276477],[-54.247682,-26.301691],[-54.263902,-26.290063],[-54.263776,-26.488363],[-54.262895,-26.641646],[-54.188296,-26.667199],[-54.216769,-26.698999],[-54.241901,-26.703341],[-54.241512,-26.725711],[-54.25997,-26.739283],[-54.235151,-26.784158],[-54.237413,-26.803561],[-54.139598,-26.748304],[-54.127452,-26.773481],[-54.134838,-26.78728],[-54.119526,-26.799759],[-54.127946,-26.809637],[-54.098732,-26.815821],[-54.104515,-26.839684],[-54.087422,-26.840556],[-54.083355,-26.850156],[-54.098708,-26.857976],[-54.075419,-26.869228],[-54.077243,-26.889094],[-54.06408,-26.875013],[-54.045126,-26.884667],[-54.049395,-26.903386],[-54.02159,-26.903871],[-54.007263,-26.936156],[-54.035132,-26.94365],[-54.014886,-26.960607],[-54.01686,-26.978611],[-54.028321,-26.980949],[-54.020274,-26.992364],[-53.996925,-26.98291],[-53.996802,-27.009179],[-54.018989,-27.007364],[-54.005224,-27.025136],[-53.97696,-27.018606],[-53.966341,-27.05226],[-53.936134,-27.035494],[-53.945354,-27.064584],[-53.924454,-27.06044],[-53.920577,-27.0439],[-53.908243,-27.070149],[-53.885245,-27.058455],[-53.903119,-27.079965],[-53.88929,-27.091511],[-53.908174,-27.096969],[-53.87609,-27.110793],[-53.925604,-27.123627],[-53.897946,-27.137077],[-53.913684,-27.147832],[-53.933913,-27.142187],[-53.935543,-27.155357],[-53.903832,-27.175573],[-53.869236,-27.125135],[-53.836696,-27.169661],[-53.827933,-27.145746],[-53.798866,-27.146436],[-53.799037,-27.136556],[-53.824692,-27.132359],[-53.804438,-27.122667],[-53.818644,-27.102156],[-53.795432,-27.110365],[-53.776349,-27.103429],[-53.805402,-27.078612],[-53.797395,-27.066084],[-53.781715,-27.078754],[-53.771697,-27.073627],[-53.797015,-27.060064],[-53.802178,-27.040088],[-53.760062,-27.065096],[-53.785569,-27.026347],[-53.764,-27.045359],[-53.747248,-27.032176],[-53.763524,-27.008394],[-53.740333,-27.014602],[-53.731739,-27.004389],[-53.743569,-26.991968],[-53.717852,-26.990188],[-53.736955,-26.974303],[-53.726076,-26.958818],[-53.703176,-26.960179],[-53.709039,-26.93409],[-53.671196,-26.942485],[-53.696856,-26.929217],[-53.672671,-26.912951],[-53.670891,-26.894667],[-53.695609,-26.886891],[-53.679971,-26.869731],[-53.696751,-26.859822],[-53.660174,-26.858395],[-53.679562,-26.842338],[-53.69481,-26.846983],[-53.688414,-26.83777],[-53.7108,-26.81131],[-53.698122,-26.814318],[-53.700187,-26.797899],[-53.717043,-26.782109],[-53.698788,-26.769517],[-53.730216,-26.77381],[-53.743541,-26.763854],[-53.72876,-26.765177],[-53.714102,-26.750691],[-53.731758,-26.730894],[-53.750099,-26.740707],[-53.742722,-26.731084],[-53.757954,-26.720287],[-53.754115,-26.709745],[-53.734442,-26.717017],[-53.742922,-26.680287],[-53.72876,-26.692185],[-53.716567,-26.682648],[-53.731606,-26.677775],[-53.718728,-26.667058],[-53.722012,-26.648412],[-53.726342,-26.658777],[-53.734689,-26.645547],[-53.759531,-26.64114],[-53.750936,-26.635239],[-53.739829,-26.644082],[-53.732786,-26.58648],[-53.724619,-26.58903],[-53.722059,-26.562133],[-53.707544,-26.560915],[-53.714255,-26.55646],[-53.735927,-26.566606],[-53.725295,-26.554281],[-53.741799,-26.54501],[-53.723097,-26.542326],[-53.716862,-26.527659],[-53.726866,-26.525194],[-53.729493,-26.501476],[-53.705213,-26.509002],[-53.695945,-26.490442],[-53.695873,-26.475237],[-53.707449,-26.48121],[-53.711197,-26.46677]]]},"properties":{"fid":483,"Entidad":0,"Objeto":"Departamento","FNA":"Departamento San Pedro","GNA":"Departamento","NAM":"San Pedro","SAG":"Ministerio de Ecología","FDC":null,"IN1":"54112","SHAPE_STAr":0.369851786602,"SHAPE_STLe":5.06050858702}},
{"type":"Feature","geometry":{"type":"Polygon","coordinates":[[[-60.101138,-26.302762],[-60.201476,-26.301856],[-60.205496,-26.632496],[-60.228711,-26.624283],[-60.412988,-27.045414],[-60.272488,-27.094938],[-60.088585,-26.673782],[-60.005749,-26.702958],[-60.001517,-26.303593],[-60.101138,-26.302762]]]},"properties":{"fid":486,"Entidad":0,"Objeto":"Departamento","FNA":"Departamento Quitilipi","GNA":"Departamento","NAM":"Quitilipi","SAG":"IDE Chaco","FDC":null,"IN1":"22133","SHAPE_STAr":0.1413993145,"SHAPE_STLe":2.11072821996}},
{"type":"Feature","geometry":{"type":"Polygon","coordinates":[[[-59.553776,-27.012864],[-59.553701,-26.983147],[-59.604235,-26.98284],[-59.604525,-26.801898],[-59.70458,-26.80176],[-59.703707,-26.711437],[-59.853891,-26.71083],[-59.854078,-26.755302],[-60.03718,-27.177625],[-59.98301,-27.196502],[-60.011123,-27.196274],[-60.011302,-27.286396],[-59.596495,-27.284183],[-59.554348,-27.239884],[-59.553776,-27.012864]]]},"properties":{"fid":487,"Entidad":0,"Objeto":"Departamento","FNA":"Departamento Presidencia de la Plaza","GNA":"Departamento","NAM":"Presidencia de la Plaza","SAG":"IDE Chaco","FDC":null,"IN1":"22119","SHAPE_STAr":0.204314693661,"SHAPE_STLe":1.99159899985}},
{"type":"Feature","geometry":{"type":"Polygon","coordinates":[[[-59.803646,-26.530884],[-59.852453,-26.530181],[-59.853891,-26.71083],[-59.703707,-26.711437],[-59.70458,-26.80176],[-59.604525,-26.801898],[-59.604235,-26.98284],[-59.553701,-26.983147],[-59.553776,-27.012864],[-59.402909,-27.012435],[-59.402655,-27.028098],[-59.351126,-27.027335],[-59.351513,-26.982256],[-59.301067,-26.982091],[-59.301754,-27.015867],[-59.170034,-26.899698],[-59.170005,-26.869917],[-59.154594,-26.869838],[-59.155061,-26.818492],[-59.201216,-26.81876],[-59.201337,-26.801492],[-59.452225,-26.802761],[-59.45283,-26.712139],[-59.503241,-26.712477],[-59.503547,-26.622081],[-59.703002,-26.621873],[-59.703234,-26.531703],[-59.803646,-26.530884]]]},"properties":{"fid":489,"Entidad":0,"Objeto":"Departamento","FNA":"Departamento Sargento Cabral","GNA":"Departamento","NAM":"Sargento Cabral","SAG":"IDE Chaco","FDC":null,"IN1":"22154","SHAPE_STAr":0.14988515966,"SHAPE_STLe":2.38688193218}},
{"type":"Feature","geometry":{"type":"Polygon","coordinates":[[[-60.508358,-26.525247],[-60.788819,-26.425505],[-60.900185,-26.676846],[-60.930051,-26.661774],[-60.989993,-26.661331],[-60.992731,-26.841964],[-61.008181,-26.841828],[-60.883056,-26.927046],[-60.851421,-26.889906],[-60.816236,-26.90229],[-60.815565,-27.054975],[-60.615315,-27.057248],[-60.614827,-26.974101],[-60.694459,-26.946048],[-60.508358,-26.525247]]]},"properties":{"fid":490,"Entidad":0,"Objeto":"Departamento","FNA":"Departamento Independencia","GNA":"Departamento","NAM":"Independencia","SAG":"IDE Chaco","FDC":null,"IN1":"22070","SHAPE_STAr":0.174519155236,"SHAPE_STLe":2.08272864317}},
{"type":"Feature","geometry":{"type":"Polygon","coordinates":[[[-58.77281,-27.378201],[-58.76782,-27.323376],[-58.734101,-27.284575],[-58.759196,-27.244611],[-58.752267,-27.21807],[-58.777981,-27.217149],[-58.787059,-27.18734],[-58.870335,-27.137748],[-58.870582,-27.117607],[-58.887806,-27.127897],[-58.919784,-27.125431],[-58.95922,-27.091385],[-58.953268,-26.868704],[-59.154594,-26.869838],[-59.170005,-26.869917],[-59.170034,-26.899698],[-59.02824,-27.027387],[-59.171954,-27.154485],[-59.09989,-27.218842],[-59.108371,-27.226864],[-59.080344,-27.233987],[-59.058679,-27.293954],[-59.044465,-27.297398],[-59.028609,-27.283384],[-58.971233,-27.334239],[-58.868872,-27.426537],[-58.879949,-27.46235],[-58.90161,-27.472544],[-58.878823,-27.47175],[-58.874906,-27.488555],[-58.77281,-27.378201]]]},"properties":{"fid":493,"Entidad":0,"Objeto":"Departamento","FNA":"Departamento 1ro. de Mayo","GNA":"Departamento","NAM":"1ro. de Mayo","SAG":"IDE Chaco","FDC":null,"IN1":"22126","SHAPE_STAr":0.116830081692,"SHAPE_STLe":2.29567771356}},
{"type":"Feature","geometry":{"type":"Polygon","coordinates":[[[-60.412988,-27.045414],[-60.513374,-27.009848],[-60.518392,-27.464764],[-60.467814,-27.465212],[-60.469169,-27.645922],[-60.523295,-27.645628],[-60.521903,-27.737226],[-60.215359,-27.738101],[-60.212945,-27.285073],[-60.21229,-27.116055],[-60.272488,-27.094938],[-60.412988,-27.045414]]]},"properties":{"fid":497,"Entidad":0,"Objeto":"Departamento","FNA":"Departamento San Lorenzo","GNA":"Departamento","NAM":"San Lorenzo","SAG":"IDE Chaco","FDC":null,"IN1":"22147","SHAPE_STAr":0.196039529099,"SHAPE_STLe":2.07989538162}},
{"type":"Feature","geometry":{"type":"Polygon","coordinates":[[[-60.011302,-27.286396],[-60.011123,-27.196274],[-59.98301,-27.196502],[-60.03718,-27.177625],[-59.854078,-26.755302],[-59.853891,-26.71083],[-59.852453,-26.530181],[-59.803646,-26.530884],[-59.803496,-26.319286],[-59.853484,-26.318887],[-59.853503,-26.304214],[-60.001517,-26.303593],[-60.005749,-26.702958],[-60.088585,-26.673782],[-60.272488,-27.094938],[-60.21229,-27.116055],[-60.212945,-27.285073],[-60.011302,-27.286396]]]},"properties":{"fid":502,"Entidad":0,"Objeto":"Departamento","FNA":"Departamento 25 de Mayo","GNA":"Departamento","NAM":"25 de Mayo","SAG":"IDE Chaco","FDC":null,"IN1":"22168","SHAPE_STAr":0.215674755483,"SHAPE_STLe":2.71543713681}},
{"type":"Feature","geometry":{"type":"Polygon","coordinates":[[[-58.971233,-27.334239],[-59.028609,-27.283384],[-59.044465,-27.297398],[-59.058679,-27.293954],[-59.080344,-27.233987],[-59.108371,-27.226864],[-59.09989,-27.218842],[-59.171954,-27.154485],[-59.26898,-27.247977],[-59.286301,-27.233014],[-59.328333,-27.272342],[-59.317371,-27.282069],[-59.45973,-27.409983],[-59.58098,-27.298472],[-59.582229,-27.468114],[-59.403777,-27.467582],[-59.404093,-27.452051],[-59.217157,-27.448529],[-59.172265,-27.410603],[-59.115187,-27.461289],[-58.971233,-27.334239]]]},"properties":{"fid":503,"Entidad":0,"Objeto":"Departamento","FNA":"Departamento Libertad","GNA":"Departamento","NAM":"Libertad","SAG":"IDE Chaco","FDC":null,"IN1":"22077","SHAPE_STAr":0.0948968891855,"SHAPE_STLe":1.8544732264}},
{"type":"Feature","geometry":{"type":"Polygon","coordinates":[[[-60.228711,-26.624283],[-60.508358,-26.525247],[-60.694459,-26.946048],[-60.614827,-26.974101],[-60.513374,-27.009848],[-60.412988,-27.045414],[-60.228711,-26.624283]]]},"properties":{"fid":504,"Entidad":0,"Objeto":"Departamento","FNA":"Departamento Comandante Fernández","GNA":"Departamento","NAM":"Comandante Fernández","SAG":"IDE Chaco","FDC":null,"IN1":"22021","SHAPE_STAr":0.136422244816,"SHAPE_STLe":1.51497612821}},
{"type":"Feature","geometry":{"type":"Polygon","coordinates":[[[-59.171954,-27.154485],[-59.02824,-27.027387],[-59.170034,-26.899698],[-59.301754,-27.015867],[-59.301067,-26.982091],[-59.351513,-26.982256],[-59.351126,-27.027335],[-59.402655,-27.028098],[-59.402909,-27.012435],[-59.553776,-27.012864],[-59.554348,-27.239884],[-59.596495,-27.284183],[-59.58098,-27.298472],[-59.45973,-27.409983],[-59.317371,-27.282069],[-59.328333,-27.272342],[-59.286301,-27.233014],[-59.26898,-27.247977],[-59.171954,-27.154485]]]},"properties":{"fid":506,"Entidad":0,"Objeto":"Departamento","FNA":"Departamento General Donovan","GNA":"Departamento","NAM":"General Donovan","SAG":"IDE Chaco","FDC":null,"IN1":"22056","SHAPE_STAr":0.138299631274,"SHAPE_STLe":1.81222188377}}
]}