{"type":"FeatureCollection", "features": [
{"type":"Feature","geometry":{"type":"Polygon","coordinates":[[[-65.989552,-22.474227],[-65.933858,-22.279162],[-66.010245,-22.210488],[-66.043026,-22.307447],[-66.061947,-22.407487],[-65.994411,-22.474272],[-65.989552,-22.474227]]]},"properties":{"fid":1,"SITE_ID":3,"SITE_PID":"3","SITE_TYPE":"PA","NAME_ENG":"Laguna de los Pozuelos","NAME":"Laguna de los Pozuelos","DESIG":"Monumento Natural","DESIG_ENG":"Nature Monument","DESIG_TYPE":"National","IUCN_CAT":"III","INT_CRIT":"Not Applicable","REALM":"Terrestrial","REP_M_AREA":0,"GIS_M_AREA":0,"REP_AREA":160,"GIS_AREA":217.931016272161,"NO_TAKE":"Not Applicable","NO_TK_AREA":0,"STATUS":"Designated","STATUS_YR":1980,"GOV_TYPE":"Federal or national ministry or agency","GOVSUBTYPE":"Not Applicable","OWN_TYPE":"Not Reported","OWNSUBTYPE":"Not Applicable","MANG_AUTH":"Administración de Parques Nacionales","MANG_PLAN":"Not Reported","VERIF":"State Verified","METADATAID":1935,"PRNT_ISO3":"ARG","ISO3":"ARG","SUPP_INFO":"Not Applicable","CONS_OBJ":"Not Applicable","INLND_WTRS":"Not Reported","OECM_ASMT":"Not Applicable","layer":"WDPA_W~1","path":"C:/DATAS/PRO/GIS/ARGENT~1/RAW/WDPA_W~1/WDPA_W~1/WDPA_W~1.SHP"}},
{"type":"Feature","geometry":{"type":"Polygon","coordinates":[[[-61.837912,-24.206861],[-61.844988,-24.300632],[-61.79432,-24.336737],[-61.77078,-24.309343],[-61.765762,-24.30524],[-61.759249,-24.304481],[-61.742082,-24.336215],[-61.72217,-24.294031],[-61.783256,-24.281555],[-61.783267,-24.22995],[-61.79099,-24.221378],[-61.791801,-24.220769],[-61.793129,-24.220198],[-61.79514,-24.219296],[-61.796282,-24.218561],[-61.799027,-24.215547],[-61.823116,-24.219641],[-61.837912,-24.206861]]]},"properties":{"fid":2,"SITE_ID":4,"SITE_PID":"4","SITE_TYPE":"PA","NAME_ENG":"Formosa","NAME":"Formosa","DESIG":"Reserva Natural","DESIG_ENG":"Nature Reserve","DESIG_TYPE":"National","IUCN_CAT":"Ia","INT_CRIT":"Not Applicable","REALM":"Terrestrial","REP_M_AREA":0,"GIS_M_AREA":0,"REP_AREA":90.05,"GIS_AREA":90.7460528768777,"NO_TAKE":"Not Applicable","NO_TK_AREA":0,"STATUS":"Designated","STATUS_YR":1968,"GOV_TYPE":"Federal or national ministry or agency","GOVSUBTYPE":"Not Applicable","OWN_TYPE":"Not Reported","OWNSUBTYPE":"Not Applicable","MANG_AUTH":"Administración de Parques Nacionales","MANG_PLAN":"https://sib.gob.ar/archivos/plan_de_gestion_RNF_aprobado_Res_538-2018.pdf","VERIF":"State Verified","METADATAID":1935,"PRNT_ISO3":"ARG","ISO3":"ARG","SUPP_INFO":"Not Applicable","CONS_OBJ":"Not Applicable","INLND_WTRS":"Not Reported","OECM_ASMT":"Not Applicable","layer":"WDPA_W~1","path":"C:/DATAS/PRO/GIS/ARGENT~1/RAW/WDPA_W~1/WDPA_W~1/WDPA_W~1.SHP"}},
{"type":"Feature","geometry":{"type":"Polygon","coordinates":[[[-73.039877,-49.243175],[-73.04341,-49.26926],[-73.043873,-49.27268],[-73.045593,-49.273682],[-73.124817,-49.27179],[-73.130963,-49.271531],[-73.14099,-49.271109],[-73.143677,-49.270996],[-73.470703,-49.201111],[-73.494995,-49.242004],[-73.493713,-49.272705],[-73.471008,-49.278809],[-73.452087,-49.298584],[-73.436401,-49.297607],[-73.434509,-49.301392],[-73.434814,-49.306519],[-73.433899,-49.310791],[-73.432312,-49.314087],[-73.410583,-49.319397],[-73.426208,-49.391907],[-73.490417,-49.428711],[-73.463806,-49.482483],[-73.487793,-49.500488],[-73.51062,-49.497009],[-73.513489,-49.497009],[-73.519775,-49.499329],[-73.523621,-49.500122],[-73.528625,-49.50061],[-73.539612,-49.49823],[-73.5448,-49.5047],[-73.542908,-49.511902],[-73.542787,-49.515468],[-73.542786,-49.515503],[-73.541809,-49.519104],[-73.539307,-49.523987],[-73.549683,-49.538086],[-73.463684,-49.618896],[-73.464111,-49.642395],[-73.504578,-49.662903],[-73.509094,-49.7052],[-73.438782,-49.757812],[-73.442078,-49.760376],[-73.442639,-49.760521],[-73.44628,-49.761462],[-73.44751,-49.76178],[-73.452026,-49.763977],[-73.460205,-49.771484],[-73.466187,-49.773682],[-73.445312,-49.793884],[-73.499695,-49.817993],[-73.497803,-49.830322],[-73.497498,-49.835205],[-73.497925,-49.840088],[-73.49762,-49.844116],[-73.490479,-49.8526],[-73.497498,-49.858398],[-73.5,-49.866577],[-73.512512,-49.882996],[-73.514081,-49.885718],[-73.515503,-49.888184],[-73.518311,-49.895691],[-73.521912,-49.900513],[-73.552612,-49.923889],[-73.543884,-49.949402],[-73.505188,-49.966492],[-73.566589,-50.020386],[-73.48291,-50.054077],[-73.492493,-50.06189],[-73.486816,-50.072083],[-73.486511,-50.07489],[-73.487426,-50.076974],[-73.48761,-50.077393],[-73.489502,-50.081604],[-73.495422,-50.085693],[-73.497803,-50.088501],[-73.5,-50.090576],[-73.509705,-50.098999],[-73.534912,-50.112],[-73.541504,-50.119019],[-73.520813,-50.153076],[-73.555176,-50.184387],[-73.565613,-50.265625],[-73.483093,-50.322388],[-73.486389,-50.38208],[-73.404785,-50.448975],[-73.432617,-50.483093],[-73.364502,-50.487915],[-73.386414,-50.516418],[-73.288696,-50.585999],[-73.270813,-50.648804],[-73.172729,-50.676697],[-73.185913,-50.700378],[-73.2854,-50.741028],[-73.258043,-50.753317],[-73.24619,-50.753319],[-72.995849,-50.753354],[-72.986857,-50.751808],[-72.991102,-50.690011],[-72.989399,-50.688798],[-72.990995,-50.68738],[-72.965217,-50.68769],[-72.935702,-50.589386],[-72.923634,-50.596683],[-72.91858,-50.572265],[-72.851395,-50.551966],[-72.866804,-50.550517],[-72.865763,-50.539788],[-72.867821,-50.538859],[-72.8685,-50.537549],[-72.86857,-50.537526],[-72.868605,-50.537526],[-72.86871,-50.537458],[-72.868913,-50.537389],[-72.868912,-50.537323],[-72.869593,-50.5371],[-72.870276,-50.537022],[-72.874245,-50.540083],[-72.870544,-50.547328],[-72.876569,-50.557324],[-72.876605,-50.557347],[-72.87664,-50.557369],[-72.876747,-50.557435],[-72.876748,-50.557458],[-72.876783,-50.557457],[-72.876783,-50.55748],[-72.876961,-50.55759],[-72.880244,-50.55739],[-72.88092,-50.556876],[-72.880918,-50.556803],[-72.881031,-50.556729],[-72.881029,-50.556584],[-72.881931,-50.555995],[-72.882908,-50.555769],[-72.883632,-50.556823],[-72.88374,-50.558862],[-72.883777,-50.558951],[-72.883848,-50.558995],[-72.883884,-50.55904],[-72.883885,-50.559085],[-72.883921,-50.559129],[-72.883956,-50.559129],[-72.884065,-50.559307],[-72.884279,-50.55944],[-72.885088,-50.559412],[-72.885228,-50.559388],[-72.885228,-50.559366],[-72.885297,-50.559343],[-72.885297,-50.55932],[-72.885332,-50.55932],[-72.885367,-50.559297],[-72.885402,-50.559275],[-72.885418,-50.559242],[-72.886103,-50.559237],[-72.886898,-50.559013],[-72.887288,-50.559083],[-72.887474,-50.55964],[-72.88751,-50.559662],[-72.887545,-50.559684],[-72.887581,-50.559729],[-72.887652,-50.559773],[-72.887653,-50.559818],[-72.888078,-50.559972],[-72.891144,-50.560072],[-72.893308,-50.559764],[-72.894325,-50.559174],[-72.895347,-50.558875],[-72.895346,-50.558803],[-72.89546,-50.558802],[-72.895458,-50.558729],[-72.895915,-50.558726],[-72.896948,-50.559009],[-72.89695,-50.559081],[-72.897064,-50.55908],[-72.897179,-50.559152],[-72.897295,-50.559224],[-72.897296,-50.559297],[-72.897411,-50.559296],[-72.897528,-50.559441],[-72.900268,-50.55942],[-72.894894,-50.53797],[-72.884595,-50.524445],[-72.883905,-50.524159],[-72.883458,-50.524672],[-72.88312,-50.524893],[-72.883122,-50.524965],[-72.883007,-50.524966],[-72.883009,-50.525039],[-72.882896,-50.525112],[-72.883089,-50.529331],[-72.877871,-50.531043],[-72.864993,-50.525902],[-72.86499,-50.525756],[-72.864875,-50.525684],[-72.864758,-50.52554],[-72.864757,-50.525467],[-72.864411,-50.525251],[-72.863348,-50.523295],[-72.862918,-50.518496],[-72.86191,-50.518013],[-72.863079,-50.514942],[-72.861002,-50.513166],[-72.859859,-50.5135],[-72.8596,-50.513339],[-72.859472,-50.51334],[-72.859343,-50.51326],[-72.85896,-50.513262],[-72.858445,-50.513022],[-72.856109,-50.511003],[-72.832101,-50.511502],[-72.83094,-50.510859],[-72.830537,-50.509721],[-72.830408,-50.509641],[-72.830407,-50.50956],[-72.830279,-50.50956],[-72.830277,-50.509479],[-72.830276,-50.509398],[-72.829366,-50.508508],[-72.829363,-50.508345],[-72.8269,-50.506245],[-72.823924,-50.504066],[-72.823024,-50.503747],[-72.822386,-50.503751],[-72.822003,-50.503754],[-72.821747,-50.503756],[-72.82162,-50.503757],[-72.821363,-50.503677],[-72.820724,-50.503682],[-72.81982,-50.503118],[-72.818696,-50.501627],[-72.817152,-50.500986],[-72.817148,-50.500742],[-72.816632,-50.50042],[-72.81611,-50.499772],[-72.816108,-50.49969],[-72.816107,-50.499609],[-72.815978,-50.499528],[-72.815975,-50.499365],[-72.81507,-50.49872],[-72.814805,-50.498152],[-72.814293,-50.498074],[-72.813143,-50.498082],[-72.812888,-50.498084],[-72.812633,-50.498085],[-72.812505,-50.498086],[-72.811739,-50.498092],[-72.807895,-50.497385],[-72.806986,-50.496495],[-72.806859,-50.496496],[-72.806728,-50.496334],[-72.806599,-50.496254],[-72.806469,-50.496092],[-72.806341,-50.496093],[-72.805428,-50.494958],[-72.804395,-50.494314],[-72.804623,-50.492716],[-72.802955,-50.491465],[-72.801684,-50.491803],[-72.801297,-50.491598],[-72.801169,-50.491599],[-72.801042,-50.4916],[-72.800914,-50.491601],[-72.800151,-50.491769],[-72.798437,-50.496155],[-72.778947,-50.492125],[-72.778944,-50.491962],[-72.778815,-50.491881],[-72.778811,-50.491637],[-72.778682,-50.491556],[-72.778681,-50.491475],[-72.778679,-50.491393],[-72.778678,-50.491312],[-72.778548,-50.49115],[-72.776738,-50.489777],[-72.776591,-50.488638],[-72.77516,-50.487018],[-72.77413,-50.48103],[-72.771651,-50.477706],[-72.756006,-50.465264],[-72.754981,-50.465027],[-72.753833,-50.465034],[-72.75345,-50.465037],[-72.753195,-50.465038],[-72.752557,-50.465042],[-72.751923,-50.465291],[-72.751795,-50.465292],[-72.751669,-50.465374],[-72.751413,-50.465376],[-72.751415,-50.465457],[-72.750904,-50.46546],[-72.750903,-50.465379],[-72.750131,-50.464977],[-72.749999,-50.464733],[-72.74987,-50.464652],[-72.749742,-50.464572],[-72.749484,-50.464411],[-72.748896,-50.459527],[-72.748224,-50.457332],[-72.747573,-50.456521],[-72.747571,-50.45644],[-72.747569,-50.456277],[-72.747055,-50.456036],[-72.747034,-50.454733],[-72.742088,-50.455832],[-72.747007,-50.444925],[-72.723249,-50.443476],[-72.715554,-50.437821],[-72.714742,-50.428752],[-72.75065,-50.421365],[-72.761615,-50.428656],[-72.76276,-50.430621],[-72.76359,-50.431069],[-72.763807,-50.43122],[-72.763887,-50.43128],[-72.763977,-50.43135],[-72.764075,-50.431427],[-72.765203,-50.432589],[-72.767432,-50.436739],[-72.772537,-50.440605],[-72.772625,-50.444815],[-72.779397,-50.447514],[-72.785942,-50.45671],[-72.891689,-50.483835],[-72.960848,-50.486719],[-72.986877,-50.470689],[-73.027904,-50.469357],[-73.014758,-50.455957],[-73.018282,-50.42551],[-73.01938,-50.421831],[-73.01966,-50.420122],[-73.019671,-50.420068],[-73.019676,-50.420041],[-73.019682,-50.420015],[-73.019701,-50.419926],[-73.019727,-50.419829],[-73.019859,-50.419422],[-73.023043,-50.413742],[-73.023173,-50.410155],[-73.027182,-50.403799],[-73.029242,-50.391748],[-73.023664,-50.357293],[-72.965118,-50.343414],[-72.937965,-50.322451],[-72.86651,-50.330589],[-72.846401,-50.327935],[-72.846031,-50.323928],[-72.820928,-50.320114],[-72.809021,-50.313401],[-72.813197,-50.191927],[-72.831834,-50.205088],[-72.84372,-50.191313],[-72.840223,-50.228188],[-72.859497,-50.21384],[-72.876933,-50.234179],[-72.892195,-50.204357],[-72.95296,-50.198131],[-72.982549,-50.215523],[-73.040029,-50.178669],[-73.073829,-50.069948],[-73.106844,-50.065349],[-73.079931,-50.108668],[-73.095249,-50.09491],[-73.104771,-50.125079],[-73.114286,-50.115655],[-73.139688,-50.048662],[-73.120198,-49.981367],[-73.144395,-49.956353],[-73.164723,-50.015422],[-73.199133,-49.975486],[-73.220312,-49.997573],[-73.196204,-50.00573],[-73.185674,-50.058732],[-73.153623,-50.066573],[-73.160999,-50.097138],[-73.230989,-50.048506],[-73.251813,-49.99906],[-73.298364,-49.990421],[-73.037485,-49.704988],[-73.025016,-49.669015],[-72.889163,-49.655343],[-73.003809,-49.504124],[-72.987031,-49.479961],[-72.966864,-49.481608],[-73.03427,-49.423567],[-72.987963,-49.286892],[-72.947032,-49.247014],[-73.039877,-49.243175]]]},"properties":{"fid":3,"SITE_ID":6,"SITE_PID":"6","SITE_TYPE":"PA","NAME_ENG":"Los Glaciares","NAME":"Los Glaciares","DESIG":"Parque Nacional","DESIG_ENG":"National Park","DESIG_TYPE":"National","IUCN_CAT":"II","INT_CRIT":"Not Applicable","REALM":"Terrestrial","REP_M_AREA":0,"GIS_M_AREA":0,"REP_AREA":5385.5,"GIS_AREA":5368.38407650526,"NO_TAKE":"Not Applicable","NO_TK_AREA":0,"STATUS":"Designated","STATUS_YR":1937,"GOV_TYPE":"Federal or national ministry or agency","GOVSUBTYPE":"Not Applicable","OWN_TYPE":"Not Reported","OWNSUBTYPE":"Not Applicable","MANG_AUTH":"Administración de Parques Nacionales","MANG_PLAN":"https://sib.gob.ar/archivos/PG_PN_LOS_GLACIARES_2019-2029__1_.pdf","VERIF":"State Verified","METADATAID":1935,"PRNT_ISO3":"ARG","ISO3":"ARG","SUPP_INFO":"Not Applicable","CONS_OBJ":"Not Applicable","INLND_WTRS":"Not Reported","OECM_ASMT":"Not Applicable","layer":"WDPA_W~1","path":"C:/DATAS/PRO/GIS/ARGENT~1/RAW/WDPA_W~1/WDPA_W~1/WDPA_W~1.SHP"}},
{"type":"Feature","geometry":{"type":"Polygon","coordinates":[[[-71.357629,-39.11215],[-71.361661,-39.112555],[-71.381622,-39.114733],[-71.387432,-39.114457],[-71.39607,-39.11734],[-71.397631,-39.118881],[-71.417459,-39.130017],[-71.416853,-39.130896],[-71.415217,-39.145409],[-71.418035,-39.147469],[-71.419353,-39.15271],[-71.419146,-39.152961],[-71.413975,-39.16171],[-71.40015,-39.169902],[-71.40015,-39.170568],[-71.39715,-39.177386],[-71.397635,-39.17887],[-71.398484,-39.18699],[-71.394605,-39.194323],[-71.385243,-39.205351],[-71.391666,-39.218501],[-71.390818,-39.2225],[-71.385607,-39.236195],[-71.382577,-39.238953],[-71.385193,-39.244952],[-71.387042,-39.247116],[-71.392424,-39.250557],[-71.390697,-39.25286],[-71.388667,-39.265343],[-71.378153,-39.268039],[-71.375123,-39.275644],[-71.387107,-39.286478],[-71.388539,-39.28782],[-71.390986,-39.310849],[-71.393909,-39.322153],[-71.395305,-39.342211],[-71.40603,-39.352512],[-71.411666,-39.35433],[-71.415817,-39.360239],[-71.427543,-39.365298],[-71.432784,-39.370358],[-71.432864,-39.371066],[-71.443025,-39.369237],[-71.447479,-39.371419],[-71.456326,-39.370025],[-71.457344,-39.373994],[-71.454963,-39.386205],[-71.454933,-39.38878],[-71.451812,-39.392749],[-71.44554,-39.405899],[-71.446055,-39.409585],[-71.456448,-39.412645],[-71.460265,-39.413504],[-71.463204,-39.417715],[-71.464174,-39.419533],[-71.450477,-39.427043],[-71.455781,-39.451347],[-71.461386,-39.453983],[-71.46178,-39.454104],[-71.469325,-39.479131],[-71.471884,-39.488934],[-71.472309,-39.489479],[-71.481065,-39.494236],[-71.503171,-39.500934],[-71.505733,-39.50167],[-71.509766,-39.502658],[-71.514739,-39.503086],[-71.519296,-39.506358],[-71.530039,-39.519957],[-71.530324,-39.524906],[-71.534296,-39.529454],[-71.528915,-39.539266],[-71.514905,-39.545096],[-71.512169,-39.547505],[-71.511101,-39.549175],[-71.509863,-39.554003],[-71.493707,-39.556002],[-71.492874,-39.555574],[-71.478264,-39.552361],[-71.468556,-39.557263],[-71.467521,-39.558774],[-71.47362,-39.576041],[-71.466241,-39.587294],[-71.47079,-39.591235],[-71.486582,-39.611314],[-71.496683,-39.618917],[-71.498735,-39.6267],[-71.501609,-39.637169],[-71.507967,-39.633971],[-71.510556,-39.631763],[-71.526089,-39.626604],[-71.548037,-39.624701],[-71.560011,-39.628813],[-71.561476,-39.630354],[-71.567377,-39.63439],[-71.56791,-39.634561],[-71.587392,-39.631898],[-71.589728,-39.630421],[-71.606871,-39.62711],[-71.616011,-39.607309],[-71.616351,-39.603346],[-71.623057,-39.597213],[-71.661304,-39.577314],[-71.685028,-39.569177],[-71.689593,-39.577054],[-71.690482,-39.582387],[-71.698359,-39.586952],[-71.697526,-39.628534],[-71.700815,-39.633208],[-71.712984,-39.633087],[-71.715752,-39.639231],[-71.715743,-39.647212],[-71.709608,-39.651157],[-71.706236,-39.653084],[-71.691385,-39.671226],[-71.688752,-39.676912],[-71.671299,-39.680669],[-71.674329,-39.692102],[-71.677319,-39.692627],[-71.679783,-39.693354],[-71.686974,-39.692667],[-71.69157,-39.695695],[-71.704063,-39.696142],[-71.702285,-39.699697],[-71.694529,-39.708019],[-71.700871,-39.713473],[-71.702691,-39.715923],[-71.712317,-39.725013],[-71.708385,-39.734601],[-71.703618,-39.742681],[-71.69813,-39.749043],[-71.683314,-39.764101],[-71.682571,-39.764576],[-71.685192,-39.775325],[-71.685843,-39.776373],[-71.683479,-39.801237],[-71.681989,-39.801805],[-71.673845,-39.804732],[-71.678094,-39.810887],[-71.682571,-39.817539],[-71.69061,-39.838028],[-71.690328,-39.843158],[-71.680532,-39.858666],[-71.658171,-39.857782],[-71.643448,-39.853074],[-71.633514,-39.881747],[-71.61267,-39.87437],[-71.596013,-39.891746],[-71.595731,-39.896],[-71.593446,-39.897066],[-71.592495,-39.901158],[-71.592717,-39.901742],[-71.592763,-39.901995],[-71.593331,-39.902654],[-71.595616,-39.903728],[-71.596041,-39.904314],[-71.59594,-39.905099],[-71.596472,-39.907174],[-71.592685,-39.911381],[-71.592868,-39.911474],[-71.593072,-39.911578],[-71.593982,-39.912481],[-71.597082,-39.91317],[-71.601822,-39.915549],[-71.602393,-39.915949],[-71.602697,-39.916552],[-71.602764,-39.916684],[-71.602824,-39.916922],[-71.601175,-39.919547],[-71.601118,-39.920403],[-71.599804,-39.92126],[-71.597923,-39.926215],[-71.598065,-39.929122],[-71.59819,-39.929282],[-71.59865,-39.929379],[-71.599507,-39.929665],[-71.600321,-39.930107],[-71.60222,-39.930379],[-71.614355,-39.937032],[-71.619237,-39.935076],[-71.625177,-39.937874],[-71.625259,-39.938232],[-71.625134,-39.938602],[-71.623306,-39.940458],[-71.618666,-39.947397],[-71.615483,-39.953464],[-71.615434,-39.958011],[-71.624049,-39.975907],[-71.631672,-39.968969],[-71.634499,-39.968198],[-71.640581,-39.968383],[-71.645319,-39.970088],[-71.649561,-39.970382],[-71.651132,-39.971381],[-71.655933,-39.982537],[-71.665681,-39.998035],[-71.671246,-40.009393],[-71.627495,-40.014415],[-71.58807,-40.034389],[-71.574074,-40.026937],[-71.514689,-40.031834],[-71.454324,-40.018622],[-71.407627,-40.022809],[-71.386128,-40.016364],[-71.379332,-40.015818],[-71.37168,-40.017475],[-71.365721,-40.012866],[-71.353706,-40.00286],[-71.321946,-39.987523],[-71.325194,-39.984879],[-71.29423,-39.917544],[-71.27194,-39.868998],[-71.313588,-39.856335],[-71.316289,-39.855514],[-71.31633,-39.854702],[-71.317703,-39.827566],[-71.31858,-39.810244],[-71.317467,-39.793203],[-71.296758,-39.794608],[-71.283065,-39.797118],[-71.25468,-39.799055],[-71.248324,-39.80118],[-71.245347,-39.802715],[-71.23975,-39.80349],[-71.239194,-39.803501],[-71.238083,-39.803477],[-71.23802,-39.803476],[-71.237219,-39.803539],[-71.236341,-39.803615],[-71.235802,-39.803662],[-71.234758,-39.803873],[-71.233593,-39.804133],[-71.231998,-39.804498],[-71.231322,-39.804606],[-71.229899,-39.804884],[-71.228571,-39.805517],[-71.228057,-39.805527],[-71.227555,-39.805509],[-71.226904,-39.805549],[-71.225913,-39.805472],[-71.224862,-39.805445],[-71.223875,-39.805511],[-71.223076,-39.805622],[-71.222455,-39.805539],[-71.221469,-39.805605],[-71.220851,-39.805617],[-71.217875,-39.805293],[-71.210641,-39.797425],[-71.212629,-39.79672],[-71.213559,-39.796281],[-71.213968,-39.795912],[-71.214782,-39.795079],[-71.21553,-39.794396],[-71.216579,-39.79337],[-71.217029,-39.792799],[-71.217626,-39.792458],[-71.218979,-39.790059],[-71.223018,-39.786871],[-71.243326,-39.776425],[-71.254995,-39.762842],[-71.261557,-39.760006],[-71.350887,-39.749255],[-71.34829,-39.685027],[-71.401922,-39.676554],[-71.467024,-39.638116],[-71.39691,-39.58977],[-71.406123,-39.502779],[-71.326177,-39.504863],[-71.326705,-39.55268],[-71.232598,-39.587214],[-71.182097,-39.581178],[-71.182123,-39.49226],[-71.292732,-39.491097],[-71.292675,-39.429435],[-71.220633,-39.368896],[-71.212297,-39.244125],[-71.214322,-39.138417],[-71.220695,-39.140914],[-71.22197,-39.141382],[-71.268451,-39.140993],[-71.273331,-39.135579],[-71.27717,-39.13568],[-71.279534,-39.135618],[-71.288322,-39.133141],[-71.295318,-39.132571],[-71.29692,-39.129896],[-71.310175,-39.123458],[-71.311762,-39.12224],[-71.321854,-39.12713],[-71.327919,-39.131229],[-71.337574,-39.130595],[-71.342017,-39.129239],[-71.349532,-39.125678],[-71.357073,-39.119201],[-71.354238,-39.117039],[-71.357629,-39.11215]]]},"properties":{"fid":4,"SITE_ID":7,"SITE_PID":"7","SITE_TYPE":"PA","NAME_ENG":"Lanín","NAME":"Lanín","DESIG":"Parque Nacional","DESIG_ENG":"National Park","DESIG_TYPE":"National","IUCN_CAT":"II","INT_CRIT":"Not Applicable","REALM":"Terrestrial","REP_M_AREA":0,"GIS_M_AREA":0,"REP_AREA":2169.93,"GIS_AREA":2182.39232055778,"NO_TAKE":"Not Applicable","NO_TK_AREA":0,"STATUS":"Designated","STATUS_YR":1937,"GOV_TYPE":"Federal or national ministry or agency","GOVSUBTYPE":"Not Applicable","OWN_TYPE":"Not Reported","OWNSUBTYPE":"Not Applicable","MANG_AUTH":"Administración de Parques Nacionales","MANG_PLAN":"https://sib.gob.ar/archivos/PlanGestionPNLanin.pdf","VERIF":"State Verified","METADATAID":1935,"PRNT_ISO3":"ARG","ISO3":"ARG","SUPP_INFO":"Not Applicable","CONS_OBJ":"Not Applicable","INLND_WTRS":"Not Reported","OECM_ASMT":"Not Applicable","layer":"WDPA_W~1","path":"C:/DATAS/PRO/GIS/ARGENT~1/RAW/WDPA_W~1/WDPA_W~1/WDPA_W~1.SHP"}},
{"type":"Feature","geometry":{"type":"Polygon","coordinates":[[[-71.632768,-42.567609],[-71.636102,-42.564918],[-71.634864,-42.562781],[-71.641085,-42.559815],[-71.642491,-42.557793],[-71.647442,-42.558093],[-71.657715,-42.569926],[-71.662491,-42.576161],[-71.663107,-42.57794],[-72.054287,-42.567415],[-72.056419,-42.569814],[-72.05647,-42.569884],[-72.056593,-42.570052],[-72.056785,-42.570314],[-72.059017,-42.57108],[-72.06448,-42.572645],[-72.065413,-42.572446],[-72.068116,-42.569925],[-72.068298,-42.569671],[-72.070774,-42.567312],[-72.072842,-42.566283],[-72.073441,-42.566116],[-72.074074,-42.566016],[-72.074965,-42.566206],[-72.075174,-42.566316],[-72.076373,-42.567149],[-72.076873,-42.567682],[-72.077239,-42.568215],[-72.077772,-42.568815],[-72.078272,-42.569081],[-72.078526,-42.569281],[-72.078738,-42.569448],[-72.079138,-42.569814],[-72.079926,-42.571612],[-72.07997,-42.571642],[-72.080237,-42.572412],[-72.081066,-42.573194],[-72.081403,-42.573512],[-72.083402,-42.575444],[-72.085201,-42.576776],[-72.087299,-42.579175],[-72.087799,-42.579608],[-72.088565,-42.580041],[-72.090497,-42.58064],[-72.092363,-42.58204],[-72.092963,-42.583272],[-72.092996,-42.583938],[-72.092829,-42.584438],[-72.092835,-42.584574],[-72.092863,-42.585171],[-72.093595,-42.585737],[-72.094128,-42.586237],[-72.095918,-42.587339],[-72.09636,-42.587903],[-72.097027,-42.589002],[-72.09716,-42.589368],[-72.096906,-42.589845],[-72.096893,-42.589868],[-72.096627,-42.590301],[-72.096567,-42.59039],[-72.096427,-42.590601],[-72.096094,-42.591001],[-72.096094,-42.591467],[-72.096113,-42.591641],[-72.096132,-42.591807],[-72.096194,-42.592366],[-72.096694,-42.592999],[-72.098026,-42.593599],[-72.099325,-42.594365],[-72.100058,-42.594832],[-72.100524,-42.595231],[-72.100661,-42.595442],[-72.101228,-42.596314],[-72.101391,-42.596564],[-72.101624,-42.597163],[-72.10199,-42.59813],[-72.102556,-42.598829],[-72.107402,-42.601551],[-72.11708,-42.602159],[-72.11858,-42.603559],[-72.11808,-42.604026],[-72.117514,-42.604326],[-72.117014,-42.604725],[-72.116509,-42.605338],[-72.116182,-42.605733],[-72.115714,-42.606343],[-72.114656,-42.608061],[-72.114116,-42.609089],[-72.113916,-42.610322],[-72.113949,-42.611055],[-72.114149,-42.611754],[-72.114465,-42.612404],[-72.114516,-42.612557],[-72.114516,-42.61262],[-72.114516,-42.613187],[-72.113749,-42.614652],[-72.11345,-42.615185],[-72.113083,-42.615852],[-72.11305,-42.616385],[-72.113094,-42.616525],[-72.113183,-42.61681],[-72.113949,-42.617517],[-72.114416,-42.619616],[-72.114682,-42.620316],[-72.114915,-42.621115],[-72.114915,-42.621715],[-72.114849,-42.622847],[-72.115065,-42.624114],[-72.115066,-42.624254],[-72.115089,-42.62427],[-72.115448,-42.625479],[-72.115955,-42.625801],[-72.116181,-42.625945],[-72.116648,-42.626312],[-72.116881,-42.626712],[-72.117081,-42.627511],[-72.117314,-42.628111],[-72.117547,-42.628544],[-72.117547,-42.62861],[-72.117654,-42.629012],[-72.117617,-42.629189],[-72.117613,-42.629209],[-72.117577,-42.62924],[-72.117014,-42.62971],[-72.116311,-42.629805],[-72.115564,-42.630303],[-72.113692,-42.630902],[-72.11212,-42.630677],[-72.109274,-42.630303],[-72.107627,-42.630078],[-72.107387,-42.630078],[-72.105988,-42.62991],[-72.104056,-42.630078],[-72.103813,-42.630216],[-72.103123,-42.630609],[-72.102723,-42.631109],[-72.10229,-42.631542],[-72.101562,-42.632774],[-72.101125,-42.633366],[-72.100591,-42.63384],[-72.100191,-42.63424],[-72.099891,-42.63464],[-72.099991,-42.63514],[-72.099792,-42.635606],[-72.099758,-42.636406],[-72.099758,-42.637322],[-72.099391,-42.638015],[-72.097893,-42.638015],[-72.097193,-42.638637],[-72.095861,-42.641502],[-72.096027,-42.642035],[-72.096029,-42.642036],[-72.09683,-42.642405],[-72.097123,-42.64253],[-72.097594,-42.642732],[-72.098761,-42.643061],[-72.099525,-42.643434],[-72.099792,-42.643668],[-72.100491,-42.644367],[-72.105905,-42.648198],[-72.106042,-42.648284],[-72.106887,-42.648698],[-72.107853,-42.649331],[-72.108419,-42.65003],[-72.109019,-42.650863],[-72.109349,-42.651493],[-72.109342,-42.651996],[-72.109186,-42.652196],[-72.109019,-42.652362],[-72.108986,-42.652729],[-72.109152,-42.653195],[-72.109219,-42.653495],[-72.109585,-42.654061],[-72.109852,-42.654328],[-72.110541,-42.654599],[-72.111518,-42.655094],[-72.111917,-42.655227],[-72.113117,-42.656993],[-72.11355,-42.657859],[-72.113837,-42.657955],[-72.113992,-42.658007],[-72.114735,-42.658416],[-72.115715,-42.658725],[-72.116481,-42.659258],[-72.11788,-42.660424],[-72.118599,-42.661121],[-72.118613,-42.661157],[-72.11877,-42.661678],[-72.118813,-42.661823],[-72.118946,-42.662489],[-72.119012,-42.66277],[-72.119079,-42.663055],[-72.119413,-42.663722],[-72.120212,-42.664321],[-72.12184,-42.66701],[-72.122639,-42.672448],[-72.125335,-42.672598],[-72.129435,-42.671641],[-72.131334,-42.672007],[-72.135897,-42.680135],[-72.172641,-42.671874],[-72.178704,-42.689196],[-72.178737,-42.690262],[-72.178238,-42.690629],[-72.178199,-42.690657],[-72.177738,-42.690995],[-72.176905,-42.691895],[-72.176772,-42.692328],[-72.176805,-42.692927],[-72.176943,-42.693725],[-72.179903,-42.696125],[-72.17987,-42.696791],[-72.179737,-42.697191],[-72.17494,-42.699323],[-72.173241,-42.701622],[-72.170742,-42.701588],[-72.167278,-42.70442],[-72.160016,-42.70442],[-72.152254,-42.706585],[-72.151354,-42.707451],[-72.151121,-42.708084],[-72.151308,-42.708617],[-72.151354,-42.708751],[-72.151488,-42.70915],[-72.151088,-42.709284],[-72.138213,-42.711159],[-72.128425,-42.731051],[-72.128434,-42.731517],[-72.128701,-42.731803],[-72.134708,-42.734844],[-72.135464,-42.7369],[-72.147157,-42.741563],[-72.147157,-42.741963],[-72.14681,-42.74231],[-72.146791,-42.74233],[-72.146258,-42.743229],[-72.145102,-42.744478],[-72.144832,-42.745386],[-72.144725,-42.74656],[-72.144692,-42.74706],[-72.145425,-42.748692],[-72.145025,-42.749558],[-72.138196,-42.752157],[-72.13424,-42.756492],[-72.13133,-42.777127],[-72.131659,-42.777388],[-72.131732,-42.777446],[-72.132633,-42.778041],[-72.135485,-42.779809],[-72.13703,-42.780306],[-72.138729,-42.781505],[-72.140718,-42.781917],[-72.140928,-42.782738],[-72.140875,-42.783162],[-72.140661,-42.78407],[-72.13863,-42.787508],[-72.138752,-42.788173],[-72.138723,-42.789436],[-72.142703,-42.795278],[-72.14937,-42.798688],[-72.165019,-42.798314],[-72.165019,-42.798913],[-72.164968,-42.79903],[-72.16478,-42.799461],[-72.164713,-42.800327],[-72.162181,-42.804391],[-72.162181,-42.805024],[-72.162271,-42.806622],[-72.162255,-42.806891],[-72.162048,-42.807855],[-72.161615,-42.808855],[-72.158654,-42.811267],[-72.155918,-42.814851],[-72.155685,-42.816949],[-72.15591,-42.818683],[-72.155916,-42.81883],[-72.155978,-42.818984],[-72.159478,-42.822948],[-72.159549,-42.823545],[-72.159478,-42.823637],[-72.159316,-42.823845],[-72.15885,-42.824312],[-72.15885,-42.825078],[-72.159383,-42.825944],[-72.159283,-42.826543],[-72.159133,-42.826844],[-72.157525,-42.827995],[-72.157927,-42.827857],[-72.151873,-42.830398],[-72.150807,-42.831564],[-72.150807,-42.832064],[-72.150841,-42.832763],[-72.150745,-42.834285],[-72.150226,-42.835889],[-72.150418,-42.838124],[-72.149904,-42.841543],[-72.148481,-42.842448],[-72.147876,-42.850019],[-72.14671,-42.851352],[-72.145977,-42.851652],[-72.134151,-42.852718],[-72.133951,-42.853284],[-72.134251,-42.854183],[-72.134517,-42.854783],[-72.133551,-42.857748],[-72.134617,-42.85918],[-72.134884,-42.867475],[-72.134651,-42.867841],[-72.133385,-42.868941],[-72.132507,-42.869609],[-72.129987,-42.871206],[-72.121534,-42.875546],[-72.120526,-42.876636],[-72.120558,-42.876973],[-72.120605,-42.877484],[-72.120626,-42.877602],[-72.120559,-42.878501],[-72.118294,-42.881699],[-72.131604,-42.884899],[-72.142079,-42.900887],[-72.141439,-42.901381],[-72.140447,-42.90162],[-72.138501,-42.902237],[-72.137489,-42.902732],[-72.132086,-42.90755],[-72.131786,-42.908582],[-72.131734,-42.909255],[-72.132477,-42.911161],[-72.131913,-42.911746],[-72.131178,-42.912191],[-72.131105,-42.912211],[-72.130485,-42.91256],[-72.129864,-42.913405],[-72.11413,-42.922607],[-72.114288,-42.923956],[-72.114688,-42.924669],[-72.117101,-42.927924],[-72.117757,-42.930965],[-72.118957,-42.932379],[-72.118674,-42.933572],[-72.116192,-42.936321],[-72.115302,-42.936747],[-72.114488,-42.936947],[-72.11386,-42.937319],[-72.109446,-42.938118],[-72.105383,-42.937426],[-72.104884,-42.938226],[-72.105017,-42.938825],[-72.105067,-42.939925],[-72.105067,-42.94027],[-72.104767,-42.941283],[-72.103721,-42.942161],[-72.102864,-42.942387],[-72.101294,-42.942363],[-72.100152,-42.941447],[-72.097653,-42.941566],[-72.095923,-42.943289],[-72.095534,-42.944057],[-72.094329,-42.945613],[-72.093424,-42.949719],[-72.092309,-42.950804],[-72.090675,-42.951999],[-72.086828,-42.952783],[-72.08353,-42.947986],[-72.073203,-42.94961],[-72.072606,-42.950993],[-72.07204,-42.952627],[-72.071663,-42.953287],[-72.071597,-42.955079],[-72.070977,-42.955947],[-72.070348,-42.956458],[-72.070029,-42.956649],[-72.068238,-42.957718],[-72.065692,-42.958032],[-72.065378,-42.958598],[-72.065638,-42.959189],[-72.065969,-42.959484],[-72.065979,-42.960274],[-72.063216,-42.966016],[-72.060349,-42.968497],[-72.060478,-42.972298],[-72.059939,-42.97269],[-72.059411,-42.972861],[-72.05895,-42.972902],[-72.056247,-42.974636],[-72.056247,-42.974656],[-72.056099,-42.975488],[-72.058577,-42.980288],[-72.057171,-42.982943],[-72.056414,-42.983564],[-72.055748,-42.983631],[-72.053729,-42.983683],[-72.052081,-42.983896],[-72.05049,-42.984605],[-72.038151,-42.992563],[-72.036165,-43.01339],[-72.033835,-43.014592],[-72.029512,-43.014129],[-72.02524,-43.015106],[-72.020009,-43.017587],[-72.001854,-43.037708],[-71.997456,-43.038541],[-71.994539,-43.036529],[-71.991432,-43.035044],[-71.983299,-43.035076],[-71.980101,-43.036709],[-71.977869,-43.045703],[-71.972339,-43.04557],[-71.96621,-43.04016],[-71.96141,-43.039654],[-71.953829,-43.041717],[-71.951981,-43.044413],[-71.948416,-43.044357],[-71.943562,-43.046356],[-71.938765,-43.052714],[-71.93631,-43.052771],[-71.934825,-43.056235],[-71.933873,-43.080487],[-71.940897,-43.091318],[-71.941763,-43.091913],[-71.942382,-43.091851],[-71.943144,-43.092117],[-71.943302,-43.09242],[-71.94301,-43.092765],[-71.938784,-43.093412],[-71.93433,-43.097143],[-71.932522,-43.102263],[-71.926335,-43.100798],[-71.922204,-43.100817],[-71.89268,-43.107022],[-71.888606,-43.118939],[-71.888076,-43.125765],[-71.886373,-43.127026],[-71.88336,-43.126527],[-71.881667,-43.126692],[-71.880967,-43.127163],[-71.880393,-43.12749],[-71.879912,-43.12708],[-71.878368,-43.12627],[-71.875507,-43.125212],[-71.874843,-43.124622],[-71.868265,-43.116193],[-71.866884,-43.110342],[-71.847567,-43.089104],[-71.84338,-43.081721],[-71.830115,-43.041267],[-71.82347,-43.039436],[-71.804557,-43.035061],[-71.765001,-43.022584],[-71.72368,-42.976962],[-71.722455,-42.9576],[-71.661082,-42.955476],[-71.61374,-42.888087],[-71.611495,-42.887069],[-71.597683,-42.883616],[-71.605613,-42.861268],[-71.603649,-42.855371],[-71.60388,-42.853981],[-71.612272,-42.827748],[-71.618747,-42.823147],[-71.62364,-42.822714],[-71.651095,-42.812288],[-71.660843,-42.807776],[-71.668355,-42.805467],[-71.673134,-42.805276],[-71.681895,-42.808491],[-71.688547,-42.811455],[-71.704971,-42.816121],[-71.716923,-42.81476],[-71.717181,-42.807029],[-71.734953,-42.777169],[-71.735746,-42.768335],[-71.739088,-42.765725],[-71.751434,-42.754953],[-71.741373,-42.728848],[-71.738378,-42.723344],[-71.732893,-42.722326],[-71.725645,-42.716758],[-71.724793,-42.710305],[-71.719104,-42.699736],[-71.714911,-42.691326],[-71.709708,-42.692989],[-71.705972,-42.690508],[-71.708402,-42.687712],[-71.697561,-42.672421],[-71.689779,-42.667346],[-71.688365,-42.667005],[-71.678461,-42.666439],[-71.675145,-42.661274],[-71.671565,-42.65466],[-71.674734,-42.637973],[-71.673389,-42.632686],[-71.66063,-42.621264],[-71.658987,-42.620147],[-71.645295,-42.606864],[-71.645234,-42.605294],[-71.642875,-42.59723],[-71.641733,-42.588601],[-71.644285,-42.582061],[-71.643376,-42.580115],[-71.642733,-42.579512],[-71.641797,-42.578231],[-71.640794,-42.576912],[-71.640075,-42.576309],[-71.637403,-42.572743],[-71.635874,-42.570996],[-71.634098,-42.570457],[-71.633625,-42.569069],[-71.632908,-42.56832],[-71.632768,-42.567609]]]},"properties":{"fid":5,"SITE_ID":8,"SITE_PID":"8","SITE_TYPE":"PA","NAME_ENG":"Los Alerces","NAME":"Los Alerces","DESIG":"Parque Nacional","DESIG_ENG":"National Park","DESIG_TYPE":"National","IUCN_CAT":"II","INT_CRIT":"Not Applicable","REALM":"Terrestrial","REP_M_AREA":0,"GIS_M_AREA":0,"REP_AREA":1883.79,"GIS_AREA":1884.6951373009401,"NO_TAKE":"Not Applicable","NO_TK_AREA":0,"STATUS":"Designated","STATUS_YR":1937,"GOV_TYPE":"Federal or national ministry or agency","GOVSUBTYPE":"Not Applicable","OWN_TYPE":"Not Reported","OWNSUBTYPE":"Not Applicable","MANG_AUTH":"Administración de Parques Nacionales","MANG_PLAN":"https://sib.gob.ar/archivos/PG_Los_Alerces.pdf","VERIF":"State Verified","METADATAID":1935,"PRNT_ISO3":"ARG","ISO3":"ARG","SUPP_INFO":"Not Applicable","CONS_OBJ":"Not Applicable","INLND_WTRS":"Not Reported","OECM_ASMT":"Not Applicable","layer":"WDPA_W~1","path":"C:/DATAS/PRO/GIS/ARGENT~1/RAW/WDPA_W~1/WDPA_W~1/WDPA_W~1.SHP"}},
{"type":"Feature","geometry":{"type":"MultiPolygon","coordinates":[[[[-64.969062,-23.720766],[-64.979226,-23.709929],[-65.024102,-23.732461],[-65.033,-23.782472],[-64.971564,-23.798625],[-65.008134,-23.845489],[-64.938145,-23.908167],[-64.933828,-23.937665],[-64.90221,-23.90687],[-64.881745,-23.819915],[-64.824256,-23.807689],[-64.845769,-23.785657],[-64.903534,-23.778073],[-64.941111,-23.725494],[-64.969062,-23.720766]]],[[[-64.691798,-23.454238],[-64.788177,-23.495856],[-64.845295,-23.481638],[-64.836933,-23.521292],[-64.857563,-23.585125],[-64.891991,-23.601448],[-64.896525,-23.678994],[-64.954199,-23.711212],[-64.940943,-23.724531],[-64.851486,-23.765709],[-64.844156,-23.733822],[-64.869389,-23.68314],[-64.668804,-23.568464],[-64.664476,-23.70104],[-64.644562,-23.718521],[-64.612701,-23.716455],[-64.551273,-23.61907],[-64.679955,-23.48265],[-64.738282,-23.495927],[-64.728049,-23.471551],[-64.69151,-23.466119],[-64.691798,-23.454238]]]]},"properties":{"fid":6,"SITE_ID":10,"SITE_PID":"10","SITE_TYPE":"PA","NAME_ENG":"Calilegua","NAME":"Calilegua","DESIG":"Parque Nacional","DESIG_ENG":"National Park","DESIG_TYPE":"National","IUCN_CAT":"II","INT_CRIT":"Not Applicable","REALM":"Terrestrial","REP_M_AREA":0,"GIS_M_AREA":0,"REP_AREA":763.06,"GIS_AREA":775.214573989428,"NO_TAKE":"Not Applicable","NO_TK_AREA":0,"STATUS":"Designated","STATUS_YR":1979,"GOV_TYPE":"Federal or national ministry or agency","GOVSUBTYPE":"Not Applicable","OWN_TYPE":"Not Reported","OWNSUBTYPE":"Not Applicable","MANG_AUTH":"Administración de Parques Nacionales","MANG_PLAN":"http://www.sib.gov.ar/archivos/PLAN_GESTION_PN_CALILEGUA.pdf","VERIF":"State Verified","METADATAID":1935,"PRNT_ISO3":"ARG","ISO3":"ARG","SUPP_INFO":"Not Applicable","CONS_OBJ":"Not Applicable","INLND_WTRS":"Not Reported","OECM_ASMT":"Not Applicable","layer":"WDPA_W~1","path":"C:/DATAS/PRO/GIS/ARGENT~1/RAW/WDPA_W~1/WDPA_W~1/WDPA_W~1.SHP"}},
{"type":"Feature","geometry":{"type":"Polygon","coordinates":[[[-64.743137,-22.4243],[-64.763973,-22.53978],[-64.757426,-22.732099],[-64.701669,-22.753531],[-64.63728,-22.713742],[-64.621974,-22.664006],[-64.5832,-22.68484],[-64.532564,-22.64648],[-64.50368,-22.606855],[-64.492565,-22.540819],[-64.503515,-22.522286],[-64.484069,-22.478994],[-64.491403,-22.477893],[-64.488481,-22.459701],[-64.490389,-22.452143],[-64.4903,-22.45094],[-64.49026,-22.44943],[-64.48988,-22.44827],[-64.48958,-22.44472],[-64.4897,-22.442531],[-64.490664,-22.437555],[-64.4921,-22.43595],[-64.4932,-22.43541],[-64.49378,-22.435211],[-64.4954,-22.43511],[-64.516128,-22.448138],[-64.535918,-22.439849],[-64.592786,-22.484327],[-64.585112,-22.512969],[-64.627239,-22.522222],[-64.645852,-22.485081],[-64.69655,-22.467773],[-64.743137,-22.4243]]]},"properties":{"fid":7,"SITE_ID":11,"SITE_PID":"11","SITE_TYPE":"PA","NAME_ENG":"Baritú","NAME":"Baritú","DESIG":"Parque Nacional","DESIG_ENG":"National Park","DESIG_TYPE":"National","IUCN_CAT":"II","INT_CRIT":"Not Applicable","REALM":"Terrestrial","REP_M_AREA":0,"GIS_M_AREA":0,"REP_AREA":724.39,"GIS_AREA":682.065917619947,"NO_TAKE":"Not Applicable","NO_TK_AREA":0,"STATUS":"Designated","STATUS_YR":1974,"GOV_TYPE":"Federal or national ministry or agency","GOVSUBTYPE":"Not Applicable","OWN_TYPE":"Not Reported","OWNSUBTYPE":"Not Applicable","MANG_AUTH":"Administración de Parques Nacionales","MANG_PLAN":"https://sib.gob.ar/archivos/PG_BA_NOG.pdf","VERIF":"State Verified","METADATAID":1935,"PRNT_ISO3":"ARG","ISO3":"ARG","SUPP_INFO":"Not Applicable","CONS_OBJ":"Not Applicable","INLND_WTRS":"Not Reported","OECM_ASMT":"Not Applicable","layer":"WDPA_W~1","path":"C:/DATAS/PRO/GIS/ARGENT~1/RAW/WDPA_W~1/WDPA_W~1/WDPA_W~1.SHP"}},
{"type":"Feature","geometry":{"type":"Polygon","coordinates":[[[-58.227215,-24.928779],[-58.255365,-24.931865],[-58.320295,-24.98932],[-58.182264,-25.136514],[-58.183066,-25.14625],[-58.183073,-25.146913],[-58.183448,-25.148069],[-58.182832,-25.150268],[-58.182891,-25.151592],[-58.182172,-25.152509],[-58.182081,-25.154019],[-58.17324,-25.154937],[-58.17271,-25.155514],[-58.172736,-25.158248],[-58.172301,-25.159099],[-58.165629,-25.16284],[-58.158865,-25.16425],[-58.157908,-25.164003],[-58.155875,-25.163341],[-58.154847,-25.162988],[-58.153588,-25.162913],[-58.152916,-25.163258],[-58.152386,-25.163855],[-58.15131,-25.165814],[-58.143949,-25.168288],[-58.144969,-25.172731],[-58.141599,-25.178556],[-58.137683,-25.179142],[-58.131277,-25.176119],[-58.126776,-25.173733],[-58.131131,-25.16601],[-57.967791,-25.166108],[-57.967719,-25.078066],[-57.975375,-25.086273],[-57.991166,-25.081519],[-57.99098,-25.07488],[-57.999517,-25.074166],[-58.00006,-25.072053],[-58.000074,-25.071553],[-57.999874,-25.071111],[-57.999817,-25.070668],[-57.99996,-25.070012],[-58.000431,-25.068027],[-58.000888,-25.066756],[-58.000917,-25.066399],[-58.000731,-25.066028],[-58.000317,-25.065971],[-57.998747,-25.066899],[-57.997376,-25.066357],[-57.995963,-25.059704],[-57.996177,-25.05939],[-57.996876,-25.058747],[-57.997719,-25.058119],[-57.998161,-25.057348],[-57.997619,-25.05385],[-58.000031,-25.054721],[-58.004072,-25.048796],[-58.003986,-25.048297],[-58.003515,-25.048125],[-58.002773,-25.04794],[-58.002216,-25.047783],[-58.001688,-25.047083],[-58.001773,-25.04664],[-58.002473,-25.045627],[-58.00273,-25.045541],[-58.00299,-25.04556],[-58.00313,-25.04557],[-58.003501,-25.045784],[-58.004015,-25.045727],[-58.004314,-25.045398],[-58.004743,-25.039402],[-58.004586,-25.039174],[-58.004015,-25.03886],[-58.002958,-25.038446],[-58.002658,-25.038246],[-58.002815,-25.03746],[-58.003158,-25.037418],[-58.003958,-25.037446],[-58.004571,-25.037146],[-58.005742,-25.035062],[-58.007527,-25.035276],[-58.016307,-25.042029],[-58.031669,-25.035733],[-58.037736,-25.042029],[-58.048844,-25.03816],[-58.058395,-25.045741],[-58.061479,-25.040573],[-58.068674,-25.045712],[-58.077354,-25.037503],[-58.077254,-25.035176],[-58.076883,-25.035048],[-58.076327,-25.035098],[-58.076255,-25.035105],[-58.075755,-25.03519],[-58.075213,-25.035005],[-58.074042,-25.033963],[-58.076355,-25.03402],[-58.076983,-25.033691],[-58.078625,-25.032635],[-58.079153,-25.029266],[-58.078796,-25.029123],[-58.078254,-25.029166],[-58.07764,-25.029123],[-58.077155,-25.028937],[-58.076798,-25.028309],[-58.077126,-25.027895],[-58.077497,-25.02761],[-58.079667,-25.026938],[-58.080024,-25.02524],[-58.079739,-25.024611],[-58.078197,-25.023526],[-58.078083,-25.02257],[-58.078525,-25.022042],[-58.078925,-25.021713],[-58.079467,-25.02167],[-58.081352,-25.024026],[-58.082937,-25.023441],[-58.090575,-25.00875],[-58.113154,-25.019626],[-58.13716,-25.011677],[-58.136931,-25.009635],[-58.136389,-25.009435],[-58.135689,-25.009407],[-58.135175,-25.009421],[-58.134804,-25.009464],[-58.134476,-25.009478],[-58.134076,-25.009307],[-58.134447,-25.008721],[-58.135775,-25.00825],[-58.136661,-25.00807],[-58.136689,-25.008065],[-58.137688,-25.006965],[-58.137588,-25.006394],[-58.1374,-25.006361],[-58.137188,-25.006323],[-58.13606,-25.006309],[-58.135846,-25.006023],[-58.135561,-25.003639],[-58.135903,-25.001997],[-58.13616,-25.001797],[-58.136517,-25.001754],[-58.136974,-25.001726],[-58.137388,-25.001683],[-58.138159,-25.000641],[-58.137945,-25.000484],[-58.13756,-25.000427],[-58.137131,-25.000369],[-58.13646,-25.000341],[-58.135646,-24.999927],[-58.135347,-24.998057],[-58.137288,-24.998913],[-58.13923,-24.997328],[-58.136118,-24.996372],[-58.139844,-24.993574],[-58.137545,-24.988791],[-58.144227,-24.989776],[-58.142228,-24.986721],[-58.153107,-24.98191],[-58.14978,-24.975214],[-58.193467,-24.968033],[-58.202,-24.949663],[-58.20457,-24.948188],[-58.206854,-24.951662],[-58.208439,-24.948453],[-58.209662,-24.951876],[-58.210685,-24.948093],[-58.213207,-24.951186],[-58.214016,-24.9509],[-58.21473,-24.95071],[-58.216967,-24.950567],[-58.217467,-24.950329],[-58.227215,-24.928779]]]},"properties":{"fid":8,"SITE_ID":12,"SITE_PID":"12","SITE_TYPE":"PA","NAME_ENG":"Río Pilcomayo","NAME":"Río Pilcomayo","DESIG":"Parque Nacional","DESIG_ENG":"National Park","DESIG_TYPE":"National","IUCN_CAT":"II","INT_CRIT":"Not Applicable","REALM":"Terrestrial","REP_M_AREA":0,"GIS_M_AREA":0,"REP_AREA":518.89,"GIS_AREA":508.32060812917206,"NO_TAKE":"Not Applicable","NO_TK_AREA":0,"STATUS":"Designated","STATUS_YR":1951,"GOV_TYPE":"Federal or national ministry or agency","GOVSUBTYPE":"Not Applicable","OWN_TYPE":"Not Reported","OWNSUBTYPE":"Not Applicable","MANG_AUTH":"Administración de Parques Nacionales","MANG_PLAN":"https://sib.gob.ar/archivos/Plan_de_Gestion_del_PN_Rio_Pilcomayo.pdf","VERIF":"State Verified","METADATAID":1935,"PRNT_ISO3":"ARG","ISO3":"ARG","SUPP_INFO":"Not Applicable","CONS_OBJ":"Not Applicable","INLND_WTRS":"Not Reported","OECM_ASMT":"Not Applicable","layer":"WDPA_W~1","path":"C:/DATAS/PRO/GIS/ARGENT~1/RAW/WDPA_W~1/WDPA_W~1/WDPA_W~1.SHP"}},
{"type":"Feature","geometry":{"type":"Polygon","coordinates":[[[-54.442108,-25.680316],[-54.477772,-25.690656],[-54.462121,-25.713443],[-54.441209,-25.714497],[-54.444182,-25.728153],[-54.446814,-25.734995],[-54.447091,-25.737768],[-54.447094,-25.737822],[-54.447087,-25.737826],[-54.447016,-25.737885],[-54.445492,-25.737603],[-54.445042,-25.737517],[-54.405964,-25.722921],[-54.403021,-25.727153],[-54.402782,-25.728315],[-54.403426,-25.729361],[-54.403707,-25.732124],[-54.403778,-25.732978],[-54.402973,-25.73543],[-54.401698,-25.736718],[-54.39934,-25.739538],[-54.392084,-25.751214],[-54.392227,-25.75427],[-54.368721,-25.754883],[-54.164029,-25.761744],[-54.160401,-25.726202],[-54.161164,-25.691235],[-54.161526,-25.680818],[-54.161972,-25.662556],[-54.163434,-25.623557],[-54.163242,-25.589631],[-54.163274,-25.589608],[-54.163586,-25.589249],[-54.163078,-25.58861],[-54.163037,-25.588535],[-54.163014,-25.588502],[-54.162999,-25.588469],[-54.16298,-25.588444],[-54.162966,-25.58842],[-54.162927,-25.588351],[-54.162887,-25.588178],[-54.164257,-25.588175],[-54.1644,-25.582991],[-54.165618,-25.542781],[-54.172944,-25.541727],[-54.19065,-25.534663],[-54.19573,-25.534657],[-54.198381,-25.535606],[-54.202603,-25.537895],[-54.204472,-25.539272],[-54.205158,-25.539916],[-54.205247,-25.539999],[-54.205346,-25.540092],[-54.206827,-25.542119],[-54.206929,-25.54233],[-54.207637,-25.543797],[-54.208493,-25.546903],[-54.208208,-25.552221],[-54.203856,-25.55865],[-54.184151,-25.56414],[-54.175121,-25.572173],[-54.17323,-25.579811],[-54.181153,-25.585521],[-54.203768,-25.57965],[-54.209997,-25.575623],[-54.214375,-25.571958],[-54.220038,-25.566518],[-54.221657,-25.565312],[-54.230556,-25.563012],[-54.235172,-25.59304],[-54.24049,-25.597109],[-54.250519,-25.597716],[-54.25341,-25.59661],[-54.255588,-25.595146],[-54.257444,-25.59329],[-54.284015,-25.556623],[-54.319371,-25.566057],[-54.326421,-25.569924],[-54.328387,-25.571481],[-54.32987,-25.573153],[-54.330811,-25.574423],[-54.347344,-25.606058],[-54.357932,-25.605297],[-54.359289,-25.604535],[-54.364523,-25.599871],[-54.366571,-25.598182],[-54.369482,-25.595778],[-54.369754,-25.595564],[-54.370315,-25.595153],[-54.370756,-25.59483],[-54.371267,-25.594554],[-54.373256,-25.593777],[-54.374687,-25.593711],[-54.374981,-25.593761],[-54.37558,-25.593861],[-54.382441,-25.596332],[-54.388155,-25.600417],[-54.38896,-25.625171],[-54.389685,-25.628245],[-54.3912,-25.631464],[-54.394242,-25.636645],[-54.394838,-25.637553],[-54.398371,-25.641783],[-54.400265,-25.643529],[-54.401978,-25.644552],[-54.410532,-25.648568],[-54.42201,-25.654929],[-54.425156,-25.65891],[-54.425762,-25.661143],[-54.425993,-25.661911],[-54.426422,-25.66396],[-54.426519,-25.667428],[-54.425623,-25.673524],[-54.425603,-25.674328],[-54.425637,-25.675134],[-54.425645,-25.675333],[-54.425843,-25.676891],[-54.425813,-25.677783],[-54.424228,-25.686864],[-54.42593,-25.69213],[-54.431182,-25.694208],[-54.434165,-25.693422],[-54.436651,-25.692128],[-54.437892,-25.691224],[-54.43872,-25.690638],[-54.44029,-25.688026],[-54.442108,-25.680316]]]},"properties":{"fid":9,"SITE_ID":15,"SITE_PID":"15","SITE_TYPE":"PA","NAME_ENG":"Iguazú","NAME":"Iguazú","DESIG":"Parque Nacional","DESIG_ENG":"National Park","DESIG_TYPE":"National","IUCN_CAT":"II","INT_CRIT":"Not Applicable","REALM":"Terrestrial","REP_M_AREA":0,"GIS_M_AREA":0,"REP_AREA":599.45,"GIS_AREA":512.47234262053,"NO_TAKE":"Not Applicable","NO_TK_AREA":0,"STATUS":"Designated","STATUS_YR":1934,"GOV_TYPE":"Federal or national ministry or agency","GOVSUBTYPE":"Not Applicable","OWN_TYPE":"Not Reported","OWNSUBTYPE":"Not Applicable","MANG_AUTH":"Administración de Parques Nacionales","MANG_PLAN":"https://sib.gob.ar/archivos/ANEXO_I_PGIguazu.pdf","VERIF":"State Verified","METADATAID":1935,"PRNT_ISO3":"ARG","ISO3":"ARG","SUPP_INFO":"Not Applicable","CONS_OBJ":"Not Applicable","INLND_WTRS":"Not Reported","OECM_ASMT":"Not Applicable","layer":"WDPA_W~1","path":"C:/DATAS/PRO/GIS/ARGENT~1/RAW/WDPA_W~1/WDPA_W~1/WDPA_W~1.SHP"}},
{"type":"Feature","geometry":{"type":"Polygon","coordinates":[[[-64.70239,-24.812912],[-64.58586,-24.78908],[-64.498313,-24.664024],[-64.512978,-24.621709],[-64.539201,-24.610957],[-64.543843,-24.539865],[-64.572138,-24.603541],[-64.705946,-24.634923],[-64.723211,-24.697892],[-64.762987,-24.722157],[-64.765029,-24.744868],[-64.728912,-24.75712],[-64.702571,-24.788458],[-64.70239,-24.812912]]]},"properties":{"fid":10,"SITE_ID":16,"SITE_PID":"16","SITE_TYPE":"PA","NAME_ENG":"El Rey","NAME":"El Rey","DESIG":"Parque Nacional","DESIG_ENG":"National Park","DESIG_TYPE":"National","IUCN_CAT":"II","INT_CRIT":"Not Applicable","REALM":"Terrestrial","REP_M_AREA":0,"GIS_M_AREA":0,"REP_AREA":441.62,"GIS_AREA":401.906140958001,"NO_TAKE":"Not Applicable","NO_TK_AREA":0,"STATUS":"Designated","STATUS_YR":1948,"GOV_TYPE":"Federal or national ministry or agency","GOVSUBTYPE":"Not Applicable","OWN_TYPE":"Not Reported","OWNSUBTYPE":"Not Applicable","MANG_AUTH":"Administración de Parques Nacionales","MANG_PLAN":"https://sib.gob.ar/archivos/PG_PNER.pdf","VERIF":"State Verified","METADATAID":1935,"PRNT_ISO3":"ARG","ISO3":"ARG","SUPP_INFO":"Not Applicable","CONS_OBJ":"Not Applicable","INLND_WTRS":"Not Reported","OECM_ASMT":"Not Applicable","layer":"WDPA_W~1","path":"C:/DATAS/PRO/GIS/ARGENT~1/RAW/WDPA_W~1/WDPA_W~1/WDPA_W~1.SHP"}},
{"type":"Feature","geometry":{"type":"Polygon","coordinates":[[[-71.596858,-42.090652],[-71.607396,-42.099432],[-71.632857,-42.093193],[-71.647699,-42.103709],[-71.677327,-42.096214],[-71.707197,-42.104519],[-71.716109,-42.101846],[-71.723426,-42.106077],[-71.725577,-42.105855],[-71.726725,-42.105414],[-71.727556,-42.104993],[-71.728126,-42.104705],[-71.728308,-42.104596],[-71.728486,-42.106738],[-71.726121,-42.110235],[-71.732817,-42.123827],[-71.745276,-42.127558],[-71.746941,-42.128724],[-71.747308,-42.129423],[-71.747308,-42.129923],[-71.747334,-42.129993],[-71.747433,-42.130256],[-71.747508,-42.130456],[-71.749107,-42.129157],[-71.75471,-42.129837],[-71.756526,-42.128694],[-71.757803,-42.128358],[-71.760291,-42.129165],[-71.763098,-42.12949],[-71.764464,-42.129423],[-71.76513,-42.129323],[-71.765796,-42.129124],[-71.766429,-42.12899],[-71.767095,-42.128957],[-71.768961,-42.128957],[-71.769694,-42.129024],[-71.770974,-42.128868],[-71.772488,-42.128982],[-71.773158,-42.128924],[-71.77725,-42.130226],[-71.774591,-42.136752],[-71.777789,-42.139151],[-71.776323,-42.142815],[-71.779754,-42.145413],[-71.781428,-42.147902],[-71.781437,-42.148054],[-71.781495,-42.149111],[-71.783479,-42.185089],[-71.775405,-42.18856],[-71.767939,-42.188337],[-71.766215,-42.188379],[-71.764836,-42.188412],[-71.763112,-42.188454],[-71.760342,-42.188448],[-71.738368,-42.190844],[-71.722533,-42.200791],[-71.695696,-42.201865],[-71.666937,-42.227385],[-71.673565,-42.235302],[-71.668802,-42.243558],[-71.669967,-42.246611],[-71.669331,-42.247909],[-71.668728,-42.249324],[-71.668069,-42.250762],[-71.671382,-42.263639],[-71.606066,-42.265568],[-71.596858,-42.090652]]]},"properties":{"fid":11,"SITE_ID":17,"SITE_PID":"17","SITE_TYPE":"PA","NAME_ENG":"Lago Puelo","NAME":"Lago Puelo","DESIG":"Parque Nacional","DESIG_ENG":"National Park","DESIG_TYPE":"National","IUCN_CAT":"II","INT_CRIT":"Not Applicable","REALM":"Terrestrial","REP_M_AREA":0,"GIS_M_AREA":0,"REP_AREA":192.47,"GIS_AREA":190.497384183292,"NO_TAKE":"Not Applicable","NO_TK_AREA":0,"STATUS":"Designated","STATUS_YR":1937,"GOV_TYPE":"Federal or national ministry or agency","GOVSUBTYPE":"Not Applicable","OWN_TYPE":"Not Reported","OWNSUBTYPE":"Not Applicable","MANG_AUTH":"Administración de Parques Nacionales","MANG_PLAN":"https://sib.gob.ar/archivos/PLAN_DE_GESTION_PN_LAGO_PUELO_2019_2029.pdf","VERIF":"State Verified","METADATAID":1935,"PRNT_ISO3":"ARG","ISO3":"ARG","SUPP_INFO":"Not Applicable","CONS_OBJ":"Not Applicable","INLND_WTRS":"Not Reported","OECM_ASMT":"Not Applicable","layer":"WDPA_W~1","path":"C:/DATAS/PRO/GIS/ARGENT~1/RAW/WDPA_W~1/WDPA_W~1/WDPA_W~1.SHP"}},
{"type":"Feature","geometry":{"type":"Polygon","coordinates":[[[-59.604721,-26.759003],[-59.704723,-26.758849],[-59.705664,-26.89406],[-59.605134,-26.894208],[-59.604721,-26.759003]]]},"properties":{"fid":12,"SITE_ID":18,"SITE_PID":"18","SITE_TYPE":"PA","NAME_ENG":"Chaco","NAME":"Chaco","DESIG":"Parque Nacional","DESIG_ENG":"National Park","DESIG_TYPE":"National","IUCN_CAT":"II","INT_CRIT":"Not Applicable","REALM":"Terrestrial","REP_M_AREA":0,"GIS_M_AREA":0,"REP_AREA":149.81,"GIS_AREA":149.308155511838,"NO_TAKE":"Not Applicable","NO_TK_AREA":0,"STATUS":"Designated","STATUS_YR":1954,"GOV_TYPE":"Federal or national ministry or agency","GOVSUBTYPE":"Not Applicable","OWN_TYPE":"Not Reported","OWNSUBTYPE":"Not Applicable","MANG_AUTH":"Administración de Parques Nacionales","MANG_PLAN":"https://sib.gob.ar/archivos/PG_Chaco_72_2019.pdf","VERIF":"State Verified","METADATAID":1935,"PRNT_ISO3":"ARG","ISO3":"ARG","SUPP_INFO":"Not Applicable","CONS_OBJ":"Not Applicable","INLND_WTRS":"Not Reported","OECM_ASMT":"Not Applicable","layer":"WDPA_W~1","path":"C:/DATAS/PRO/GIS/ARGENT~1/RAW/WDPA_W~1/WDPA_W~1/WDPA_W~1.SHP"}},
{"type":"Feature","geometry":{"type":"Polygon","coordinates":[[[-70.313277,-39.015905],[-70.362816,-39.001233],[-70.38533,-39.007451],[-70.409227,-39.035047],[-70.409249,-39.035127],[-70.325023,-39.104398],[-70.262207,-39.057875],[-70.313277,-39.015905]]]},"properties":{"fid":13,"SITE_ID":19,"SITE_PID":"19","SITE_TYPE":"PA","NAME_ENG":"Laguna Blanca","NAME":"Laguna Blanca","DESIG":"Parque Nacional","DESIG_ENG":"National Park","DESIG_TYPE":"National","IUCN_CAT":"II","INT_CRIT":"Not Applicable","REALM":"Terrestrial","REP_M_AREA":0,"GIS_M_AREA":0,"REP_AREA":76.9,"GIS_AREA":77.4378516176112,"NO_TAKE":"Not Applicable","NO_TK_AREA":0,"STATUS":"Designated","STATUS_YR":1940,"GOV_TYPE":"Federal or national ministry or agency","GOVSUBTYPE":"Not Applicable","OWN_TYPE":"Not Reported","OWNSUBTYPE":"Not Applicable","MANG_AUTH":"Administración de Parques Nacionales","MANG_PLAN":"https://sib.gob.ar/archivos/PG_PN_Laguna_Blanca.pdf","VERIF":"State Verified","METADATAID":1935,"PRNT_ISO3":"ARG","ISO3":"ARG","SUPP_INFO":"Not Applicable","CONS_OBJ":"Not Applicable","INLND_WTRS":"Not Reported","OECM_ASMT":"Not Applicable","layer":"WDPA_W~1","path":"C:/DATAS/PRO/GIS/ARGENT~1/RAW/WDPA_W~1/WDPA_W~1/WDPA_W~1.SHP"}},
{"type":"Feature","geometry":{"type":"Polygon","coordinates":[[[-65.458236,-37.807324],[-65.457517,-37.781704],[-65.542494,-37.780525],[-65.544092,-37.825525],[-65.656756,-37.822596],[-65.663957,-38.048967],[-65.549921,-38.051077],[-65.545512,-37.871317],[-65.459935,-37.872781],[-65.458236,-37.807324]]]},"properties":{"fid":14,"SITE_ID":20,"SITE_PID":"20","SITE_TYPE":"PA","NAME_ENG":"Lihué Calel","NAME":"Lihué Calel","DESIG":"Parque Nacional","DESIG_ENG":"National Park","DESIG_TYPE":"National","IUCN_CAT":"II","INT_CRIT":"Not Applicable","REALM":"Terrestrial","REP_M_AREA":0,"GIS_M_AREA":0,"REP_AREA":325.14,"GIS_AREA":325.553410646736,"NO_TAKE":"Not Applicable","NO_TK_AREA":0,"STATUS":"Designated","STATUS_YR":1976,"GOV_TYPE":"Federal or national ministry or agency","GOVSUBTYPE":"Not Applicable","OWN_TYPE":"Not Reported","OWNSUBTYPE":"Not Applicable","MANG_AUTH":"Administración de Parques Nacionales","MANG_PLAN":"Not Reported","VERIF":"State Verified","METADATAID":1935,"PRNT_ISO3":"ARG","ISO3":"ARG","SUPP_INFO":"Not Applicable","CONS_OBJ":"Not Applicable","INLND_WTRS":"Not Reported","OECM_ASMT":"Not Applicable","layer":"WDPA_W~1","path":"C:/DATAS/PRO/GIS/ARGENT~1/RAW/WDPA_W~1/WDPA_W~1/WDPA_W~1.SHP"}},
{"type":"Feature","geometry":{"type":"Polygon","coordinates":[[[-58.206122,-31.826519],[-58.210902,-31.832312],[-58.223051,-31.846861],[-58.22798,-31.852829],[-58.257556,-31.845731],[-58.257893,-31.845707],[-58.260006,-31.864235],[-58.317277,-31.845112],[-58.3233,-31.89691],[-58.305219,-31.90236],[-58.306909,-31.908024],[-58.3125,-31.914439],[-58.309657,-31.915002],[-58.289228,-31.909768],[-58.25834,-31.911342],[-58.258047,-31.912683],[-58.253093,-31.913197],[-58.252528,-31.9138],[-58.251289,-31.913994],[-58.25073,-31.914609],[-58.249755,-31.914933],[-58.249699,-31.91503],[-58.249622,-31.91516],[-58.249607,-31.915186],[-58.249618,-31.915332],[-58.249847,-31.915596],[-58.249864,-31.915616],[-58.249846,-31.915635],[-58.249576,-31.915932],[-58.249451,-31.916035],[-58.249353,-31.916181],[-58.246329,-31.91778],[-58.244673,-31.917769],[-58.243317,-31.918955],[-58.242301,-31.91871],[-58.241755,-31.919366],[-58.23762,-31.919759],[-58.231344,-31.922876],[-58.226186,-31.924347],[-58.223135,-31.923343],[-58.215362,-31.927847],[-58.21266,-31.927932],[-58.209671,-31.92475],[-58.206075,-31.925373],[-58.200326,-31.92248],[-58.199595,-31.92242],[-58.199351,-31.9224],[-58.198811,-31.922472],[-58.198478,-31.922675],[-58.198455,-31.922694],[-58.198249,-31.922959],[-58.197126,-31.923896],[-58.196392,-31.924206],[-58.19543,-31.924385],[-58.19496,-31.924526],[-58.194724,-31.924625],[-58.193588,-31.9256],[-58.193167,-31.925615],[-58.193084,-31.925618],[-58.192817,-31.925469],[-58.191642,-31.923714],[-58.191573,-31.923344],[-58.191622,-31.923229],[-58.191723,-31.923048],[-58.191737,-31.923022],[-58.2029,-31.910117],[-58.20805,-31.873202],[-58.197574,-31.853332],[-58.206122,-31.826519]]]},"properties":{"fid":15,"SITE_ID":21,"SITE_PID":"21","SITE_TYPE":"PA","NAME_ENG":"El Palmar","NAME":"El Palmar","DESIG":"Parque Nacional","DESIG_ENG":"National Park","DESIG_TYPE":"National","IUCN_CAT":"II","INT_CRIT":"Not Applicable","REALM":"Terrestrial","REP_M_AREA":0,"GIS_M_AREA":0,"REP_AREA":82.13,"GIS_AREA":82.2072460895336,"NO_TAKE":"Not Applicable","NO_TK_AREA":0,"STATUS":"Designated","STATUS_YR":1966,"GOV_TYPE":"Federal or national ministry or agency","GOVSUBTYPE":"Not Applicable","OWN_TYPE":"Not Reported","OWNSUBTYPE":"Not Applicable","MANG_AUTH":"Administración de Parques Nacionales","MANG_PLAN":"https://sib.gob.ar/archivos/Plan_de_Gestion_El_Palmar_Doc_Final.pdf","VERIF":"State Verified","METADATAID":1935,"PRNT_ISO3":"ARG","ISO3":"ARG","SUPP_INFO":"Not Applicable","CONS_OBJ":"Not Applicable","INLND_WTRS":"Not Reported","OECM_ASMT":"Not Applicable","layer":"WDPA_W~1","path":"C:/DATAS/PRO/GIS/ARGENT~1/RAW/WDPA_W~1/WDPA_W~1/WDPA_W~1.SHP"}},
{"type":"Feature","geometry":{"type":"Polygon","coordinates":[[[-71.638372,-40.804792],[-71.66309,-40.783541],[-71.627914,-40.856513],[-71.62606,-40.857089],[-71.62606,-40.858707],[-71.625775,-40.859587],[-71.624919,-40.86072],[-71.619072,-40.865933],[-71.617408,-40.866616],[-71.616885,-40.866292],[-71.616838,-40.865897],[-71.617218,-40.865393],[-71.618362,-40.864819],[-71.614889,-40.863344],[-71.614081,-40.861223],[-71.614651,-40.860145],[-71.614366,-40.859893],[-71.614794,-40.85939],[-71.614699,-40.858994],[-71.614719,-40.858658],[-71.614746,-40.858203],[-71.614485,-40.857844],[-71.614045,-40.858248],[-71.613938,-40.858347],[-71.61351,-40.858131],[-71.613668,-40.857981],[-71.614057,-40.85761],[-71.613439,-40.857376],[-71.613136,-40.857545],[-71.612987,-40.857628],[-71.612655,-40.857556],[-71.612793,-40.857264],[-71.612892,-40.857053],[-71.612655,-40.856621],[-71.610611,-40.855219],[-71.608281,-40.85468],[-71.607331,-40.853961],[-71.607331,-40.853421],[-71.605952,-40.853026],[-71.605572,-40.853098],[-71.605382,-40.853529],[-71.604859,-40.853709],[-71.604098,-40.853565],[-71.604003,-40.853206],[-71.603956,-40.852918],[-71.603813,-40.852918],[-71.603385,-40.853385],[-71.603005,-40.853206],[-71.602625,-40.852343],[-71.602957,-40.849286],[-71.60386,-40.848999],[-71.605667,-40.847524],[-71.605737,-40.847445],[-71.606047,-40.847093],[-71.605956,-40.846714],[-71.605857,-40.846302],[-71.598251,-40.839505],[-71.603765,-40.836448],[-71.620641,-40.816323],[-71.635187,-40.806591],[-71.638372,-40.804792]]]},"properties":{"fid":16,"SITE_ID":22,"SITE_PID":"22","SITE_TYPE":"PA","NAME_ENG":"Los Arrayanes","NAME":"Los Arrayanes","DESIG":"Parque Nacional","DESIG_ENG":"National Park","DESIG_TYPE":"National","IUCN_CAT":"II","INT_CRIT":"Not Applicable","REALM":"Terrestrial","REP_M_AREA":0,"GIS_M_AREA":0,"REP_AREA":17.96,"GIS_AREA":17.8667405399324,"NO_TAKE":"Not Applicable","NO_TK_AREA":0,"STATUS":"Designated","STATUS_YR":1971,"GOV_TYPE":"Federal or national ministry or agency","GOVSUBTYPE":"Not Applicable","OWN_TYPE":"Not Reported","OWNSUBTYPE":"Not Applicable","MANG_AUTH":"Administración de Parques Nacionales","MANG_PLAN":"https://sib.gob.ar/archivos/PG_PNNH_2019.pdf","VERIF":"State Verified","METADATAID":1935,"PRNT_ISO3":"ARG","ISO3":"ARG","SUPP_INFO":"Not Applicable","CONS_OBJ":"Not Applicable","INLND_WTRS":"Not Reported","OECM_ASMT":"Not Applicable","layer":"WDPA_W~1","path":"C:/DATAS/PRO/GIS/ARGENT~1/RAW/WDPA_W~1/WDPA_W~1/WDPA_W~1.SHP"}},
{"type":"Feature","geometry":{"type":"Polygon","coordinates":[[[-69.204808,-29.000848],[-69.225711,-29.012476],[-69.288943,-28.988449],[-69.369014,-28.981928],[-69.401034,-28.957257],[-69.401128,-29.167687],[-69.447706,-29.149683],[-69.467808,-29.120611],[-69.467807,-29.30385],[-69.440448,-29.351399],[-69.375628,-29.370972],[-69.355685,-29.393849],[-69.364444,-29.416405],[-69.334735,-29.445179],[-69.299876,-29.449147],[-69.275386,-29.521016],[-69.194331,-29.558066],[-69.190799,-29.544838],[-69.188723,-29.542637],[-69.186587,-29.542908],[-69.181918,-29.540306],[-69.179698,-29.537766],[-69.178538,-29.534487],[-69.180133,-29.532259],[-69.179965,-29.523222],[-69.172137,-29.513918],[-69.170039,-29.508746],[-69.172137,-29.504231],[-69.160571,-29.480545],[-69.167056,-29.47345],[-69.162501,-29.442063],[-69.152674,-29.436295],[-69.148013,-29.434828],[-69.143656,-29.435769],[-69.117526,-29.341326],[-69.093875,-29.315924],[-69.092372,-29.243855],[-69.081744,-29.20925],[-69.085383,-29.182957],[-69.081172,-29.168757],[-69.083071,-29.158518],[-69.08475,-29.153683],[-69.085162,-29.146507],[-69.078836,-29.128073],[-69.082248,-29.119884],[-69.087708,-29.106918],[-69.119782,-29.063925],[-69.138207,-29.055736],[-69.132748,-29.047547],[-69.140255,-29.044817],[-69.142984,-29.041405],[-69.148444,-29.041405],[-69.155908,-29.042738],[-69.177788,-29.024344],[-69.177788,-29.015473],[-69.18939,-29.01479],[-69.196204,-29.012445],[-69.201673,-29.005919],[-69.204808,-29.000848]]]},"properties":{"fid":17,"SITE_ID":23,"SITE_PID":"23_1","SITE_TYPE":"PA","NAME_ENG":"San Guillermo - Zona núcleo","NAME":"San Guillermo - Zona núcleo","DESIG":"Reserva de la Biósfera","DESIG_ENG":"UNESCO-MAB Biosphere Reserve","DESIG_TYPE":"International","IUCN_CAT":"Not Applicable","INT_CRIT":"Not Applicable","REALM":"Terrestrial","REP_M_AREA":0,"GIS_M_AREA":0,"REP_AREA":1660,"GIS_AREA":1639.74679631247,"NO_TAKE":"Not Applicable","NO_TK_AREA":0,"STATUS":"Designated","STATUS_YR":1980,"GOV_TYPE":"Federal or national ministry or agency","GOVSUBTYPE":"Not Applicable","OWN_TYPE":"Not Reported","OWNSUBTYPE":"Not Applicable","MANG_AUTH":"Secretariat for Environmental Policy","MANG_PLAN":"Not Reported","VERIF":"State Verified","METADATAID":1852,"PRNT_ISO3":"ARG","ISO3":"ARG","SUPP_INFO":"Not Applicable","CONS_OBJ":"Not Applicable","INLND_WTRS":"Not Reported","OECM_ASMT":"Not Applicable","layer":"WDPA_W~1","path":"C:/DATAS/PRO/GIS/ARGENT~1/RAW/WDPA_W~1/WDPA_W~1/WDPA_W~1.SHP"}},
{"type":"Feature","geometry":{"type":"MultiPolygon","coordinates":[[[[-69.153541,-29.437345],[-69.152674,-29.436295],[-69.162501,-29.442063],[-69.167056,-29.47345],[-69.160571,-29.480545],[-69.172137,-29.504231],[-69.170039,-29.508746],[-69.172137,-29.513918],[-69.179965,-29.523222],[-69.180133,-29.532259],[-69.179655,-29.529351],[-69.171279,-29.514908],[-69.159147,-29.481113],[-69.162902,-29.458294],[-69.153541,-29.437345]]],[[[-69.142394,-29.436053],[-69.115531,-29.341599],[-69.091846,-29.31647],[-69.091165,-29.245947],[-69.092372,-29.243855],[-69.093875,-29.315924],[-69.117526,-29.341326],[-69.143656,-29.435769],[-69.142394,-29.436053]]],[[[-69.082962,-29.183397],[-69.080911,-29.169041],[-69.081172,-29.168757],[-69.085383,-29.182957],[-69.082962,-29.183397]]],[[[-69.085013,-29.148533],[-69.07681,-29.126999],[-69.082248,-29.119884],[-69.078836,-29.128073],[-69.085162,-29.146507],[-69.08475,-29.153683],[-69.083071,-29.158518],[-69.085013,-29.148533]]],[[[-69.085423,-29.10567],[-69.110853,-29.063833],[-69.119782,-29.063925],[-69.087708,-29.106918],[-69.085423,-29.10567]]],[[[-69.135106,-29.055018],[-69.12726,-29.046607],[-69.132748,-29.047547],[-69.138207,-29.055736],[-69.135106,-29.055018]]],[[[-69.155908,-29.042738],[-69.172378,-29.024458],[-69.175659,-29.014614],[-69.177788,-29.015473],[-69.177788,-29.024344],[-69.155908,-29.042738]]],[[[-69.18939,-29.01479],[-69.191246,-29.012973],[-69.196204,-29.012445],[-69.18939,-29.01479]]],[[[-69.205459,-28.695273],[-69.205459,-28.695266],[-69.205465,-28.695152],[-69.205465,-28.695177],[-69.20546,-28.695272],[-69.205459,-28.695273]]],[[[-69.205465,-28.695152],[-69.205468,-28.694436],[-69.204352,-28.693592],[-69.203162,-28.692671],[-69.202985,-28.69121],[-69.204422,-28.6873],[-69.206015,-28.686501],[-69.206646,-28.68533],[-69.208443,-28.684369],[-69.209779,-28.681815],[-69.209863,-28.680597],[-69.209317,-28.679765],[-69.208309,-28.679967],[-69.2073,-28.680332],[-69.206732,-28.680392],[-69.206438,-28.679629],[-69.20725,-28.678793],[-69.209702,-28.678108],[-69.209989,-28.677309],[-69.208317,-28.671071],[-69.208491,-28.670311],[-69.210492,-28.669419],[-69.211303,-28.667847],[-69.211096,-28.66699],[-69.210462,-28.666382],[-69.209778,-28.665684],[-69.20986,-28.664885],[-69.210569,-28.664046],[-69.211797,-28.663995],[-69.212261,-28.664711],[-69.212806,-28.66462],[-69.211483,-28.659494],[-69.212661,-28.659294],[-69.213422,-28.658869],[-69.213641,-28.658202],[-69.212934,-28.657444],[-69.212858,-28.656717],[-69.213339,-28.656391],[-69.214051,-28.654722],[-69.214474,-28.654737],[-69.216239,-28.653081],[-69.217851,-28.648224],[-69.217053,-28.646419],[-69.216256,-28.645589],[-69.216277,-28.645184],[-69.217294,-28.644077],[-69.217383,-28.643491],[-69.217325,-28.642359],[-69.217493,-28.641346],[-69.215864,-28.640017],[-69.216004,-28.638795],[-69.215297,-28.638413],[-69.21485,-28.637702],[-69.213899,-28.633093],[-69.214148,-28.631911],[-69.215035,-28.630297],[-69.215215,-28.629097],[-69.21406,-28.625781],[-69.215394,-28.624064],[-69.214951,-28.618777],[-69.216928,-28.616543],[-69.216595,-28.606611],[-69.215838,-28.605605],[-69.214708,-28.605055],[-69.214238,-28.604223],[-69.214328,-28.603523],[-69.212339,-28.602165],[-69.211135,-28.601604],[-69.210174,-28.601161],[-69.207729,-28.600215],[-69.20569,-28.60025],[-69.202397,-28.596455],[-69.205289,-28.591692],[-69.20886,-28.586044],[-69.212315,-28.57992],[-69.217286,-28.572436],[-69.2209,-28.566627],[-69.223512,-28.562582],[-69.228732,-28.553425],[-69.24149,-28.532825],[-69.24724,-28.522897],[-69.254663,-28.511568],[-69.260477,-28.503869],[-69.267922,-28.491459],[-69.273714,-28.47905],[-69.289432,-28.454231],[-69.316249,-28.411696],[-69.324327,-28.423702],[-69.32872,-28.426693],[-69.331404,-28.428857],[-69.344586,-28.435776],[-69.348894,-28.43709],[-69.350555,-28.438389],[-69.355776,-28.440041],[-69.361027,-28.440077],[-69.375962,-28.448625],[-69.424496,-28.451829],[-69.426674,-28.451476],[-69.42961,-28.450714],[-69.432466,-28.450011],[-69.436202,-28.448026],[-69.440647,-28.444211],[-69.441838,-28.442489],[-69.444991,-28.440582],[-69.445431,-28.439371],[-69.447297,-28.438581],[-69.449074,-28.438337],[-69.451127,-28.437158],[-69.458552,-28.429723],[-69.459524,-28.42452],[-69.461862,-28.421343],[-69.463444,-28.420471],[-69.465653,-28.41843],[-69.468708,-28.415921],[-69.46997,-28.415272],[-69.471189,-28.41559],[-69.473196,-28.415535],[-69.475897,-28.415677],[-69.478426,-28.415914],[-69.479346,-28.416068],[-69.480294,-28.41603],[-69.4817,-28.415922],[-69.488204,-28.413793],[-69.489632,-28.414716],[-69.491724,-28.415736],[-69.493201,-28.416492],[-69.497892,-28.416414],[-69.500388,-28.417661],[-69.501449,-28.418464],[-69.503109,-28.420202],[-69.504378,-28.421375],[-69.506099,-28.422224],[-69.507924,-28.42403],[-69.508115,-28.425458],[-69.507738,-28.4269],[-69.509697,-28.4308],[-69.51317,-28.43177],[-69.516106,-28.431878],[-69.518899,-28.431212],[-69.521926,-28.430113],[-69.524923,-28.428399],[-69.526264,-28.426735],[-69.528172,-28.423273],[-69.530389,-28.421259],[-69.533033,-28.419525],[-69.536614,-28.416104],[-69.5381,-28.415834],[-69.54079,-28.415652],[-69.542174,-28.41534],[-69.543368,-28.414982],[-69.546216,-28.413137],[-69.553508,-28.406557],[-69.555131,-28.40601],[-69.55654,-28.405557],[-69.559127,-28.406115],[-69.560309,-28.406388],[-69.570668,-28.405348],[-69.606204,-28.419284],[-69.632727,-28.390774],[-69.649217,-28.397281],[-69.655873,-28.414943],[-69.632534,-28.42987],[-69.680234,-28.472191],[-69.649314,-28.538416],[-69.669377,-28.555222],[-69.661757,-28.583135],[-69.693873,-28.595983],[-69.700511,-28.63907],[-69.731586,-28.68439],[-69.729619,-28.737646],[-69.693022,-28.771183],[-69.766363,-28.900304],[-69.75488,-28.984786],[-69.792018,-29.050109],[-69.785353,-29.129331],[-69.875322,-29.138868],[-69.923032,-29.186703],[-69.95181,-29.189586],[-69.935002,-29.245996],[-69.995259,-29.282678],[-70.019403,-29.324114],[-70.02079,-29.3824],[-69.965271,-29.414039],[-69.982414,-29.451916],[-69.947822,-29.48967],[-69.956218,-29.535193],[-69.931369,-29.587108],[-69.939197,-29.654672],[-69.908764,-29.698504],[-69.88066,-29.708045],[-69.878759,-29.734954],[-69.915074,-29.79301],[-69.893229,-29.820398],[-69.897789,-29.84893],[-69.875386,-29.862156],[-69.895511,-29.878654],[-69.887015,-29.903564],[-69.905751,-29.939553],[-69.190485,-29.562404],[-69.189613,-29.547723],[-69.190799,-29.544838],[-69.194331,-29.558066],[-69.275386,-29.521016],[-69.299876,-29.449147],[-69.334735,-29.445179],[-69.364444,-29.416405],[-69.355685,-29.393849],[-69.375628,-29.370972],[-69.440448,-29.351399],[-69.467807,-29.30385],[-69.467808,-29.120611],[-69.447706,-29.149683],[-69.401128,-29.167687],[-69.401034,-28.957257],[-69.369014,-28.981928],[-69.288943,-28.988449],[-69.225711,-29.012476],[-69.204808,-29.000848],[-69.208473,-28.985902],[-69.196168,-28.95473],[-69.166636,-28.935042],[-69.146948,-28.876798],[-69.171558,-28.83086],[-69.15269,-28.793125],[-69.159832,-28.764279],[-69.167822,-28.75321],[-69.170782,-28.736353],[-69.181852,-28.727237],[-69.181553,-28.722185],[-69.189208,-28.719865],[-69.190399,-28.71934],[-69.191784,-28.718414],[-69.198737,-28.709593],[-69.20485,-28.695749],[-69.205459,-28.695273],[-69.205459,-28.695292],[-69.20546,-28.695272],[-69.205465,-28.695268],[-69.205465,-28.695177],[-69.205511,-28.694372],[-69.205465,-28.695152]]]]},"properties":{"fid":18,"SITE_ID":23,"SITE_PID":"23_2","SITE_TYPE":"PA","NAME_ENG":"San Guillermo - Zona de amortiguamiento","NAME":"San Guillermo - Zona de amortiguamiento","DESIG":"Reserva de la Biósfera","DESIG_ENG":"UNESCO-MAB Biosphere Reserve","DESIG_TYPE":"International","IUCN_CAT":"Not Applicable","INT_CRIT":"Not Applicable","REALM":"Terrestrial","REP_M_AREA":0,"GIS_M_AREA":0,"REP_AREA":8240,"GIS_AREA":7820.3686105514,"NO_TAKE":"Not Applicable","NO_TK_AREA":0,"STATUS":"Designated","STATUS_YR":1980,"GOV_TYPE":"Federal or national ministry or agency","GOVSUBTYPE":"Not Applicable","OWN_TYPE":"Not Reported","OWNSUBTYPE":"Not Applicable","MANG_AUTH":"Secretariat for Environmental Policy","MANG_PLAN":"Not Reported","VERIF":"State Verified","METADATAID":1852,"PRNT_ISO3":"ARG","ISO3":"ARG","SUPP_INFO":"Not Applicable","CONS_OBJ":"Not Applicable","INLND_WTRS":"Not Reported","OECM_ASMT":"Not Applicable","layer":"WDPA_W~1","path":"C:/DATAS/PRO/GIS/ARGENT~1/RAW/WDPA_W~1/WDPA_W~1/WDPA_W~1.SHP"}},
{"type":"Feature","geometry":{"type":"Polygon","coordinates":[[[-72.114254,-47.997243],[-72.103176,-47.870161],[-72.067053,-47.880183],[-72.059653,-47.865054],[-72.125453,-47.832746],[-72.175407,-47.839816],[-72.189619,-47.809263],[-72.173085,-47.800879],[-72.121202,-47.810423],[-72.127766,-47.832377],[-72.09028,-47.820108],[-72.116653,-47.795558],[-72.208414,-47.780132],[-72.157608,-47.726111],[-72.447552,-47.719591],[-72.441948,-47.745247],[-72.466064,-47.737892],[-72.47538,-47.758915],[-72.523338,-47.740444],[-72.468162,-47.812749],[-72.476876,-47.870926],[-72.497969,-47.875138],[-72.528007,-47.934967],[-72.497806,-47.96116],[-72.427258,-47.965746],[-72.418776,-48.00272],[-72.443792,-48.064348],[-72.416124,-48.078148],[-72.360306,-48.073599],[-72.322026,-48.131479],[-72.260342,-48.13148],[-72.258141,-48.10246],[-72.250434,-48.000544],[-72.249757,-47.992496],[-72.114254,-47.997243]]]},"properties":{"fid":19,"SITE_ID":2224,"SITE_PID":"2224","SITE_TYPE":"PA","NAME_ENG":"Perito Moreno","NAME":"Perito Moreno","DESIG":"Parque Nacional","DESIG_ENG":"National Park","DESIG_TYPE":"National","IUCN_CAT":"II","INT_CRIT":"Not Applicable","REALM":"Terrestrial","REP_M_AREA":0,"GIS_M_AREA":0,"REP_AREA":951.73,"GIS_AREA":953.033516783182,"NO_TAKE":"Not Applicable","NO_TK_AREA":0,"STATUS":"Designated","STATUS_YR":1937,"GOV_TYPE":"Federal or national ministry or agency","GOVSUBTYPE":"Not Applicable","OWN_TYPE":"Not Reported","OWNSUBTYPE":"Not Applicable","MANG_AUTH":"Administración de Parques Nacionales","MANG_PLAN":"https://sib.gob.ar/archivos/PG_PNPFPM.pdf","VERIF":"State Verified","METADATAID":1935,"PRNT_ISO3":"ARG","ISO3":"ARG","SUPP_INFO":"Not Applicable","CONS_OBJ":"Not Applicable","INLND_WTRS":"Not Reported","OECM_ASMT":"Not Applicable","layer":"WDPA_W~1","path":"C:/DATAS/PRO/GIS/ARGENT~1/RAW/WDPA_W~1/WDPA_W~1/WDPA_W~1.SHP"}},
{"type":"Feature","geometry":{"type":"Polygon","coordinates":[[[-67.958365,-47.654551],[-68.14473,-47.65514],[-68.158041,-47.655182],[-68.157979,-47.66728],[-68.157576,-47.745082],[-67.957562,-47.744443],[-67.958365,-47.654551]]]},"properties":{"fid":20,"SITE_ID":2226,"SITE_PID":"2226","SITE_TYPE":"PA","NAME_ENG":"Bosques Petrificados","NAME":"Bosques Petrificados","DESIG":"Monumento Natural","DESIG_ENG":"Nature Monument","DESIG_TYPE":"National","IUCN_CAT":"III","INT_CRIT":"Not Applicable","REALM":"Terrestrial","REP_M_AREA":0,"GIS_M_AREA":0,"REP_AREA":150,"GIS_AREA":149.92691407655502,"NO_TAKE":"Not Applicable","NO_TK_AREA":0,"STATUS":"Designated","STATUS_YR":1954,"GOV_TYPE":"Federal or national ministry or agency","GOVSUBTYPE":"Not Applicable","OWN_TYPE":"Not Reported","OWNSUBTYPE":"Not Applicable","MANG_AUTH":"Administración de Parques Nacionales","MANG_PLAN":"https://sib.gob.ar/archivos/IF-2018-60876708-APN-DRPA-APNAC.pdf","VERIF":"State Verified","METADATAID":1935,"PRNT_ISO3":"ARG","ISO3":"ARG","SUPP_INFO":"Not Applicable","CONS_OBJ":"Not Applicable","INLND_WTRS":"Not Reported","OECM_ASMT":"Not Applicable","layer":"WDPA_W~1","path":"C:/DATAS/PRO/GIS/ARGENT~1/RAW/WDPA_W~1/WDPA_W~1/WDPA_W~1.SHP"}},
{"type":"Feature","geometry":{"type":"Polygon","coordinates":[[[-71.199972,-40.62515],[-71.359687,-40.492614],[-71.381019,-40.507581],[-71.634695,-40.228618],[-71.630237,-40.180841],[-71.657367,-40.183125],[-71.670304,-40.155609],[-71.701344,-40.142903],[-71.719839,-40.196541],[-71.709937,-40.207579],[-71.722255,-40.223169],[-71.72082,-40.288943],[-71.716922,-40.282983],[-71.715187,-40.280009],[-71.684282,-40.295341],[-71.681192,-40.298613],[-71.676859,-40.327063],[-71.671981,-40.331245],[-71.65617,-40.350053],[-71.657443,-40.356386],[-71.662169,-40.364172],[-71.670229,-40.368717],[-71.688256,-40.372898],[-71.68962,-40.392452],[-71.691642,-40.400392],[-71.705683,-40.417452],[-71.707515,-40.419983],[-71.736853,-40.44082],[-71.751186,-40.432646],[-71.751281,-40.432599],[-71.75494,-40.423396],[-71.754976,-40.421353],[-71.780918,-40.41423],[-71.781112,-40.414042],[-71.808464,-40.406593],[-71.808746,-40.406911],[-71.825317,-40.423337],[-71.825019,-40.423678],[-71.830136,-40.440908],[-71.841691,-40.452563],[-71.840882,-40.455374],[-71.837982,-40.46082],[-71.836479,-40.463667],[-71.838165,-40.464601],[-71.839533,-40.466256],[-71.845014,-40.471961],[-71.846228,-40.47531],[-71.842582,-40.491116],[-71.846057,-40.493396],[-71.846299,-40.494351],[-71.847602,-40.499436],[-71.849395,-40.502737],[-71.855387,-40.511419],[-71.854096,-40.514872],[-71.849325,-40.520851],[-71.846161,-40.519911],[-71.842702,-40.524795],[-71.84271,-40.525112],[-71.851963,-40.526146],[-71.858409,-40.554541],[-71.859076,-40.555352],[-71.866343,-40.557059],[-71.86647,-40.55712],[-71.885282,-40.552847],[-71.88759,-40.552101],[-71.883918,-40.56283],[-71.877023,-40.566205],[-71.861438,-40.588828],[-71.845458,-40.582589],[-71.840272,-40.587047],[-71.825182,-40.578311],[-71.824204,-40.577818],[-71.824184,-40.577818],[-71.82399,-40.577818],[-71.823826,-40.577911],[-71.824047,-40.578753],[-71.824519,-40.579286],[-71.824644,-40.579427],[-71.825753,-40.580681],[-71.827338,-40.58218],[-71.829301,-40.583912],[-71.829999,-40.584744],[-71.830506,-40.586078],[-71.832053,-40.5886],[-71.833812,-40.589587],[-71.834039,-40.589753],[-71.835494,-40.593793],[-71.836463,-40.595086],[-71.843319,-40.626535],[-71.850576,-40.634784],[-71.852838,-40.636992],[-71.868135,-40.649758],[-71.866465,-40.653565],[-71.865612,-40.657061],[-71.877925,-40.66517],[-71.896086,-40.678976],[-71.908528,-40.684713],[-71.962703,-40.722283],[-71.960844,-40.725434],[-71.963187,-40.747169],[-71.962339,-40.747048],[-71.921356,-40.78576],[-71.935137,-40.821915],[-71.912473,-40.841461],[-71.907577,-40.858511],[-71.892294,-40.87004],[-71.890033,-40.873138],[-71.87564,-40.881212],[-71.859012,-40.878281],[-71.861174,-40.935341],[-71.856797,-40.960403],[-71.898606,-40.961177],[-71.905579,-40.962496],[-71.908486,-40.972247],[-71.905123,-40.980327],[-71.906479,-40.983382],[-71.906479,-40.984838],[-71.906437,-40.985367],[-71.906374,-40.98583],[-71.906337,-40.986109],[-71.878911,-40.997362],[-71.872291,-41.003236],[-71.871397,-41.004687],[-71.865595,-41.01806],[-71.865561,-41.018547],[-71.843795,-41.035077],[-71.834151,-41.04641],[-71.835408,-41.047971],[-71.827072,-41.056097],[-71.823774,-41.057163],[-71.823374,-41.05773],[-71.821242,-41.067324],[-71.836699,-41.077084],[-71.841563,-41.078717],[-71.849591,-41.083147],[-71.84656,-41.087111],[-71.846926,-41.087977],[-71.848925,-41.09514],[-71.848492,-41.095373],[-71.849691,-41.096072],[-71.85159,-41.097605],[-71.84596,-41.1045],[-71.843328,-41.129951],[-71.839964,-41.140611],[-71.839031,-41.144675],[-71.887273,-41.167199],[-71.874415,-41.205842],[-71.873982,-41.206341],[-71.872083,-41.207207],[-71.865287,-41.209839],[-71.858858,-41.211638],[-71.856459,-41.213537],[-71.854627,-41.213937],[-71.854028,-41.214603],[-71.853994,-41.215003],[-71.854128,-41.215369],[-71.855893,-41.216935],[-71.857459,-41.219833],[-71.858392,-41.224163],[-71.856393,-41.227994],[-71.859324,-41.233624],[-71.859091,-41.233924],[-71.858392,-41.234357],[-71.854794,-41.235823],[-71.851429,-41.235956],[-71.847398,-41.240786],[-71.847292,-41.241069],[-71.847199,-41.241319],[-71.847065,-41.241986],[-71.847022,-41.24284],[-71.851429,-41.243685],[-71.85586,-41.246183],[-71.856393,-41.247749],[-71.855693,-41.248848],[-71.85506,-41.249248],[-71.854627,-41.249548],[-71.851072,-41.250131],[-71.834381,-41.271797],[-71.834444,-41.272026],[-71.834615,-41.272183],[-71.835772,-41.272911],[-71.836,-41.273311],[-71.836436,-41.273487],[-71.8367,-41.273382],[-71.837888,-41.272053],[-71.838138,-41.271534],[-71.838304,-41.271267],[-71.840936,-41.269802],[-71.846165,-41.269515],[-71.856226,-41.257309],[-71.877913,-41.260374],[-71.885175,-41.259908],[-71.888006,-41.257243],[-71.893451,-41.25651],[-71.896149,-41.254977],[-71.896848,-41.254977],[-71.897215,-41.255377],[-71.897248,-41.25571],[-71.896982,-41.256177],[-71.895935,-41.257314],[-71.891418,-41.260574],[-71.888221,-41.264405],[-71.888206,-41.265269],[-71.888531,-41.266114],[-71.888971,-41.266494],[-71.897288,-41.270844],[-71.897288,-41.271405],[-71.896577,-41.272904],[-71.897177,-41.274803],[-71.896544,-41.278901],[-71.876023,-41.307387],[-71.881653,-41.324144],[-71.88259,-41.324971],[-71.885926,-41.326799],[-71.889215,-41.327841],[-71.890278,-41.327906],[-71.891034,-41.328077],[-71.891791,-41.328391],[-71.893224,-41.328861],[-71.893433,-41.328929],[-71.896188,-41.330018],[-71.898458,-41.330804],[-71.900337,-41.331778],[-71.902343,-41.33726],[-71.91208,-41.34057],[-71.900828,-41.36312],[-71.900328,-41.363453],[-71.867149,-41.392768],[-71.86635,-41.393601],[-71.86934,-41.411711],[-71.836735,-41.431543],[-71.835502,-41.432376],[-71.835369,-41.438173],[-71.838551,-41.446559],[-71.828207,-41.480113],[-71.828274,-41.481944],[-71.828323,-41.482086],[-71.784375,-41.493501],[-71.748816,-41.542215],[-71.624712,-41.535362],[-71.6061,-41.551729],[-71.513499,-41.569799],[-71.500886,-41.57715],[-71.497981,-41.582267],[-71.492825,-41.585878],[-71.49798,-41.581588],[-71.499492,-41.574877],[-71.460392,-41.545544],[-71.454493,-41.520129],[-71.485604,-41.445561],[-71.488824,-41.376314],[-71.528642,-41.354394],[-71.492678,-41.311753],[-71.494479,-41.14145],[-71.586037,-41.139383],[-71.588006,-41.078201],[-71.56355,-41.07141],[-71.577928,-41.037602],[-71.562278,-41.002268],[-71.617348,-40.900692],[-71.667919,-40.867899],[-71.701342,-40.817909],[-71.752577,-40.806441],[-71.748412,-40.792408],[-71.706702,-40.789615],[-71.714787,-40.758963],[-71.796934,-40.74237],[-71.780065,-40.723352],[-71.718729,-40.746089],[-71.707625,-40.726828],[-71.710084,-40.725086],[-71.730499,-40.71581],[-71.723975,-40.690752],[-71.731259,-40.681568],[-71.669133,-40.739561],[-71.651031,-40.714627],[-71.634118,-40.732386],[-71.586335,-40.739313],[-71.583151,-40.791248],[-71.547866,-40.791243],[-71.46582,-40.884942],[-71.444487,-40.895334],[-71.444263,-40.906379],[-71.412587,-40.906376],[-71.349627,-40.914271],[-71.307404,-40.94667],[-71.258288,-40.93512],[-71.19708,-40.895707],[-71.187203,-40.818092],[-71.243755,-40.738294],[-71.48819,-40.627592],[-71.455075,-40.635434],[-71.377074,-40.661659],[-71.295463,-40.674226],[-71.28655,-40.657838],[-71.319085,-40.648787],[-71.283113,-40.623452],[-71.2436,-40.655619],[-71.199972,-40.62515]]]},"properties":{"fid":21,"SITE_ID":2497,"SITE_PID":"2497","SITE_TYPE":"PA","NAME_ENG":"Nahuel Huapi","NAME":"Nahuel Huapi","DESIG":"Parque Nacional","DESIG_ENG":"National Park","DESIG_TYPE":"National","IUCN_CAT":"II","INT_CRIT":"Not Applicable","REALM":"Terrestrial","REP_M_AREA":0,"GIS_M_AREA":0,"REP_AREA":4918.81,"GIS_AREA":4782.85273377715,"NO_TAKE":"Not Applicable","NO_TK_AREA":0,"STATUS":"Designated","STATUS_YR":1934,"GOV_TYPE":"Federal or national ministry or agency","GOVSUBTYPE":"Not Applicable","OWN_TYPE":"Not Reported","OWNSUBTYPE":"Not Applicable","MANG_AUTH":"Administración de Parques Nacionales","MANG_PLAN":"https://sib.gob.ar/archivos/PG_PNNH_2019.pdf","VERIF":"State Verified","METADATAID":1935,"PRNT_ISO3":"ARG","ISO3":"ARG","SUPP_INFO":"Not Applicable","CONS_OBJ":"Not Applicable","INLND_WTRS":"Not Reported","OECM_ASMT":"Not Applicable","layer":"WDPA_W~1","path":"C:/DATAS/PRO/GIS/ARGENT~1/RAW/WDPA_W~1/WDPA_W~1/WDPA_W~1.SHP"}},
{"type":"Feature","geometry":{"type":"Polygon","coordinates":[[[-73.02203,-49.21188],[-73.12659,-49.18571],[-73.16244,-49.19714],[-73.17159,-49.24051],[-73.13789,-49.25629],[-73.13533,-49.3068],[-73.42002,-49.30465],[-73.45798,-49.31865],[-73.45848,-49.39038],[-73.52176,-49.44167],[-73.51589,-49.47654],[-73.53196,-49.5089],[-73.57139,-49.52669],[-73.50044,-49.613],[-73.53092,-49.6852],[-73.5064,-49.71179],[-73.478,-49.73378],[-73.44479,-49.76227],[-73.42291,-49.79535],[-73.49092,-49.83424],[-73.51283,-49.8644],[-73.51309,-49.90006],[-73.5419,-49.93073],[-73.4507,-50.00051],[-73.45467,-50.03502],[-73.47853,-50.06577],[-73.50535,-50.09679],[-73.52882,-50.12231],[-73.51706,-50.15915],[-73.34449,-50.24851],[-73.29874,-50.29286],[-73.25188,-50.4079],[-73.25211,-50.56802],[-73.16887,-50.64439],[-73.15981,-50.68266],[-73.16981,-50.72234],[-73.1608,-50.75598],[-73.08638,-50.77449],[-73.05035,-50.76387],[-73.01343,-50.74915],[-72.98277,-50.72971],[-72.92335,-50.68563],[-72.85423,-50.64664],[-72.79311,-50.62859],[-72.77221,-50.59623],[-72.75562,-50.5242],[-72.74959,-50.48224],[-72.75418,-50.44733],[-72.77762,-50.40837],[-72.94576,-50.44323],[-73.01906,-50.42093],[-73.04379,-50.38567],[-73.02602,-50.34827],[-72.94826,-50.30735],[-72.85063,-50.31193],[-72.80289,-50.30718],[-72.79192,-50.18867],[-72.81554,-50.15888],[-72.8858,-50.18449],[-72.93562,-50.18325],[-72.96011,-50.1499],[-72.95468,-50.07225],[-72.94564,-50.0336],[-72.91502,-50.01622],[-72.84124,-50.02891],[-72.79558,-50.03202],[-72.77498,-50.00406],[-72.73611,-49.80771],[-72.79174,-49.74736],[-72.78908,-49.70395],[-72.63839,-49.40655],[-72.66692,-49.33612],[-72.81214,-49.27776],[-72.85737,-49.22064],[-72.89587,-49.21241],[-72.93001,-49.21606],[-72.9784,-49.22065],[-73.02203,-49.21188]]]},"properties":{"fid":22,"SITE_ID":2570,"SITE_PID":"2570","SITE_TYPE":"PA","NAME_ENG":"Los Glaciares National Park","NAME":"Parque Nacional Los Glaciares","DESIG":"Sitio Patrimonio de la Humanidad (natural o mixto)","DESIG_ENG":"World Heritage Site (natural or mixed)","DESIG_TYPE":"International","IUCN_CAT":"Not Applicable","INT_CRIT":"(vii);(viii)","REALM":"Terrestrial","REP_M_AREA":0,"GIS_M_AREA":0,"REP_AREA":7269.27,"GIS_AREA":7194.53582258433,"NO_TAKE":"Not Applicable","NO_TK_AREA":0,"STATUS":"Inscribed","STATUS_YR":1981,"GOV_TYPE":"Not Reported","GOVSUBTYPE":"Not Applicable","OWN_TYPE":"Not Reported","OWNSUBTYPE":"Not Applicable","MANG_AUTH":"Not Reported","MANG_PLAN":"Not Reported","VERIF":"State Verified","METADATAID":946,"PRNT_ISO3":"ARG","ISO3":"ARG","SUPP_INFO":"Not Applicable","CONS_OBJ":"Not Applicable","INLND_WTRS":"Not Reported","OECM_ASMT":"Not Applicable","layer":"WDPA_W~1","path":"C:/DATAS/PRO/GIS/ARGENT~1/RAW/WDPA_W~1/WDPA_W~1/WDPA_W~1.SHP"}},
{"type":"Feature","geometry":{"type":"Polygon","coordinates":[[[-64.320335,-42.246387],[-64.328979,-42.247034],[-64.349595,-42.241417],[-64.354686,-42.240982],[-64.359505,-42.241806],[-64.364066,-42.23973],[-64.366332,-42.236372],[-64.371308,-42.2368],[-64.376257,-42.23687],[-64.376824,-42.233488],[-64.465286,-42.235774],[-64.56326,-42.309069],[-64.576335,-42.349355],[-64.597211,-42.365211],[-64.597527,-42.368951],[-64.596402,-42.372822],[-64.596082,-42.376377],[-64.602505,-42.384344],[-64.622172,-42.392262],[-64.616848,-42.421526],[-64.61261,-42.423136],[-64.608013,-42.422896],[-64.603155,-42.423584],[-64.579526,-42.417096],[-64.561164,-42.425526],[-64.544792,-42.416898],[-64.500068,-42.427827],[-64.494796,-42.427372],[-64.492041,-42.420397],[-64.490003,-42.416901],[-64.487321,-42.413633],[-64.483099,-42.416098],[-64.482621,-42.419324],[-64.487469,-42.424103],[-64.487469,-42.427424],[-64.483836,-42.430371],[-64.47978,-42.432541],[-64.475059,-42.43411],[-64.470002,-42.434635],[-64.459946,-42.434945],[-64.455466,-42.433195],[-64.45069,-42.433694],[-64.445849,-42.43517],[-64.430799,-42.436715],[-64.425637,-42.436585],[-64.368686,-42.41592],[-64.358045,-42.420335],[-64.353195,-42.419079],[-64.342997,-42.418784],[-64.33873,-42.416705],[-64.337188,-42.412976],[-64.32854,-42.40858],[-64.32307,-42.408145],[-64.318325,-42.407512],[-64.31368,-42.406139],[-64.311329,-42.402783],[-64.30878,-42.399365],[-64.303962,-42.400005],[-64.297749,-42.403383],[-64.293331,-42.405482],[-64.29324,-42.408831],[-64.288474,-42.41045],[-64.283218,-42.410965],[-64.278239,-42.411602],[-64.273226,-42.411971],[-64.268584,-42.410507],[-64.264888,-42.408139],[-64.259975,-42.40928],[-64.256625,-42.41175],[-64.251648,-42.412296],[-64.246848,-42.41077],[-64.24164,-42.410987],[-64.208651,-42.418542],[-64.191329,-42.412724],[-64.142951,-42.420758],[-64.138186,-42.422193],[-64.136051,-42.425361],[-64.129308,-42.424628],[-64.125067,-42.423224],[-64.121338,-42.420791],[-64.117046,-42.418437],[-64.114822,-42.413834],[-64.116376,-42.410064],[-64.107184,-42.408341],[-64.102636,-42.403906],[-64.098667,-42.401498],[-64.09388,-42.397059],[-64.089209,-42.39544],[-64.085182,-42.391043],[-64.080187,-42.386927],[-64.075569,-42.384892],[-64.071473,-42.382807],[-64.067017,-42.38202],[-64.062425,-42.38046],[-64.058334,-42.378226],[-64.054574,-42.373061],[-64.052717,-42.369738],[-64.052593,-42.366],[-64.047231,-42.355797],[-64.046171,-42.351809],[-64.043375,-42.344759],[-64.044206,-42.341185],[-64.049139,-42.336762],[-64.054075,-42.336134],[-64.059107,-42.332364],[-64.061169,-42.328989],[-64.064819,-42.324632],[-64.046915,-42.316915],[-64.044138,-42.313695],[-64.043776,-42.309922],[-64.044889,-42.306235],[-64.046394,-42.302791],[-64.047584,-42.299163],[-64.051649,-42.29431],[-64.052008,-42.290431],[-64.052999,-42.286771],[-64.055341,-42.283341],[-64.057675,-42.280178],[-64.058307,-42.276512],[-64.058462,-42.272748],[-64.069225,-42.262877],[-64.072311,-42.259845],[-64.076447,-42.25775],[-64.081505,-42.256826],[-64.086768,-42.25042],[-64.090744,-42.248292],[-64.100954,-42.24855],[-64.105775,-42.247503],[-64.120466,-42.240687],[-64.13031,-42.238417],[-64.135185,-42.238199],[-64.137494,-42.241113],[-64.142654,-42.240723],[-64.148028,-42.237103],[-64.153039,-42.236324],[-64.15792,-42.237262],[-64.161187,-42.240191],[-64.166076,-42.240862],[-64.170443,-42.243038],[-64.184428,-42.245247],[-64.206278,-42.238228],[-64.210441,-42.239896],[-64.215236,-42.239955],[-64.220178,-42.239341],[-64.225078,-42.243462],[-64.230172,-42.244088],[-64.232662,-42.240011],[-64.234497,-42.236454],[-64.23839,-42.234063],[-64.24304,-42.232456],[-64.24765,-42.233322],[-64.249866,-42.235917],[-64.260271,-42.235678],[-64.265554,-42.235868],[-64.270187,-42.237042],[-64.271011,-42.24275],[-64.276301,-42.242742],[-64.281402,-42.241979],[-64.286158,-42.240836],[-64.291351,-42.239964],[-64.320335,-42.246387]]]},"properties":{"fid":23,"SITE_ID":3371,"SITE_PID":"3371","SITE_TYPE":"PA","NAME_ENG":"Golfo San José","NAME":"Golfo San José","DESIG":"Reserva Natural Turística","DESIG_ENG":"Tourist Nature Reserve","DESIG_TYPE":"National","IUCN_CAT":"II","INT_CRIT":"Not Applicable","REALM":"Marine","REP_M_AREA":0,"GIS_M_AREA":801.785026811098,"REP_AREA":1360,"GIS_AREA":818.770869823466,"NO_TAKE":"Not Reported","NO_TK_AREA":0,"STATUS":"Designated","STATUS_YR":1974,"GOV_TYPE":"Sub-national ministry or agency","GOVSUBTYPE":"Not Applicable","OWN_TYPE":"Not Reported","OWNSUBTYPE":"Not Applicable","MANG_AUTH":"Not Reported","MANG_PLAN":"Not Reported","VERIF":"State Verified","METADATAID":1852,"PRNT_ISO3":"ARG","ISO3":"ARG","SUPP_INFO":"Not Applicable","CONS_OBJ":"Not Applicable","INLND_WTRS":"Not Applicable","OECM_ASMT":"Not Applicable","layer":"WDPA_W~1","path":"C:/DATAS/PRO/GIS/ARGENT~1/RAW/WDPA_W~1/WDPA_W~1/WDPA_W~1.SHP"}},
{"type":"Feature","geometry":{"type":"MultiPolygon","coordinates":[[[[-71.37168,-40.017475],[-71.379332,-40.015818],[-71.386128,-40.016364],[-71.407627,-40.022809],[-71.454324,-40.018622],[-71.514689,-40.031834],[-71.574074,-40.026937],[-71.58807,-40.034389],[-71.627495,-40.014415],[-71.671246,-40.009393],[-71.674145,-40.023259],[-71.676645,-40.026917],[-71.686615,-40.029199],[-71.689423,-40.035918],[-71.666272,-40.073388],[-71.673887,-40.080464],[-71.673901,-40.081634],[-71.673821,-40.082382],[-71.673777,-40.082787],[-71.673416,-40.083176],[-71.670332,-40.085232],[-71.66859,-40.087274],[-71.666606,-40.088073],[-71.666659,-40.088414],[-71.666692,-40.088958],[-71.667177,-40.090172],[-71.667962,-40.09377],[-71.670075,-40.098966],[-71.673235,-40.100275],[-71.673104,-40.100715],[-71.672827,-40.10088],[-71.672497,-40.101084],[-71.672259,-40.101275],[-71.672331,-40.101631],[-71.672397,-40.101809],[-71.672521,-40.102143],[-71.672569,-40.102369],[-71.677351,-40.106317],[-71.682835,-40.108611],[-71.690223,-40.109824],[-71.690866,-40.110606],[-71.690955,-40.111086],[-71.690995,-40.111306],[-71.690809,-40.11172],[-71.689039,-40.112134],[-71.688554,-40.112448],[-71.688439,-40.113233],[-71.688489,-40.113269],[-71.688896,-40.113562],[-71.690467,-40.115203],[-71.696049,-40.11676],[-71.713218,-40.109058],[-71.720275,-40.109697],[-71.731394,-40.102486],[-71.771661,-40.08976],[-71.787114,-40.089457],[-71.799509,-40.085906],[-71.809769,-40.081166],[-71.812377,-40.080804],[-71.813504,-40.080792],[-71.814129,-40.081547],[-71.815472,-40.081837],[-71.816545,-40.083242],[-71.817145,-40.083347],[-71.817438,-40.083335],[-71.817839,-40.083728],[-71.817801,-40.084346],[-71.816659,-40.085279],[-71.816659,-40.085393],[-71.816703,-40.085591],[-71.816716,-40.08565],[-71.816781,-40.085835],[-71.816983,-40.086078],[-71.820032,-40.088153],[-71.825934,-40.089366],[-71.827381,-40.091154],[-71.827472,-40.093487],[-71.827351,-40.100213],[-71.826502,-40.110788],[-71.811196,-40.1046],[-71.801506,-40.117029],[-71.80258,-40.118504],[-71.811868,-40.147813],[-71.810414,-40.149237],[-71.826078,-40.170203],[-71.828444,-40.174042],[-71.808144,-40.183538],[-71.799842,-40.185932],[-71.816264,-40.205838],[-71.828353,-40.206171],[-71.828686,-40.210019],[-71.826172,-40.226411],[-71.806871,-40.233925],[-71.803779,-40.237186],[-71.797085,-40.247317],[-71.798774,-40.25159],[-71.798478,-40.253346],[-71.788722,-40.25874],[-71.786389,-40.266951],[-71.775876,-40.271102],[-71.769301,-40.274737],[-71.763029,-40.276374],[-71.760994,-40.279191],[-71.75606,-40.291886],[-71.756757,-40.293977],[-71.760272,-40.299704],[-71.754636,-40.303642],[-71.721883,-40.289432],[-71.72082,-40.288943],[-71.722255,-40.223169],[-71.709937,-40.207579],[-71.719839,-40.196541],[-71.701344,-40.142903],[-71.670304,-40.155609],[-71.657367,-40.183125],[-71.630237,-40.180841],[-71.634695,-40.228618],[-71.381019,-40.507581],[-71.359687,-40.492614],[-71.199972,-40.62515],[-71.155971,-40.661199],[-71.150481,-40.665697],[-71.15048,-40.665697],[-71.149519,-40.664153],[-71.149315,-40.663223],[-71.149949,-40.661301],[-71.149997,-40.657483],[-71.154217,-40.654475],[-71.154207,-40.653085],[-71.154587,-40.652205],[-71.154357,-40.651745],[-71.153667,-40.651345],[-71.152947,-40.650645],[-71.151117,-40.649655],[-71.151077,-40.647405],[-71.149837,-40.646395],[-71.149597,-40.645815],[-71.153237,-40.641095],[-71.154267,-40.638386],[-71.154977,-40.637726],[-71.154887,-40.637316],[-71.153507,-40.635846],[-71.153067,-40.634876],[-71.152077,-40.633846],[-71.151257,-40.633496],[-71.150907,-40.633116],[-71.150997,-40.632486],[-71.150747,-40.632036],[-71.150437,-40.631576],[-71.149907,-40.630726],[-71.150007,-40.630266],[-71.151427,-40.628506],[-71.151277,-40.623216],[-71.146118,-40.619056],[-71.145688,-40.591827],[-71.148117,-40.584327],[-71.149277,-40.581797],[-71.154994,-40.573008],[-71.155026,-40.572939],[-71.157287,-40.563537],[-71.177476,-40.533148],[-71.181176,-40.513789],[-71.174486,-40.501619],[-71.204255,-40.497989],[-71.23826,-40.479592],[-71.232579,-40.454407],[-71.230058,-40.451216],[-71.23598,-40.426921],[-71.244873,-40.404751],[-71.262005,-40.378951],[-71.261521,-40.378448],[-71.259115,-40.374627],[-71.265232,-40.36724],[-71.279983,-40.360969],[-71.29201,-40.355105],[-71.298107,-40.353812],[-71.302018,-40.349108],[-71.30318,-40.348745],[-71.32023,-40.333628],[-71.325037,-40.335651],[-71.32868,-40.338184],[-71.334175,-40.339028],[-71.338412,-40.340087],[-71.349328,-40.327415],[-71.377858,-40.31953],[-71.378325,-40.316405],[-71.382349,-40.311938],[-71.383608,-40.306368],[-71.384998,-40.303267],[-71.386951,-40.30162],[-71.387188,-40.301265],[-71.387245,-40.301074],[-71.387742,-40.300016],[-71.387824,-40.299694],[-71.3876,-40.299259],[-71.387087,-40.29888],[-71.386613,-40.298685],[-71.386041,-40.298438],[-71.385547,-40.298072],[-71.385176,-40.297646],[-71.385035,-40.297419],[-71.384685,-40.296758],[-71.384508,-40.296427],[-71.384164,-40.295736],[-71.384031,-40.295382],[-71.383677,-40.29311],[-71.383875,-40.292331],[-71.384632,-40.290394],[-71.388708,-40.287773],[-71.388548,-40.286203],[-71.388888,-40.285128],[-71.388992,-40.284008],[-71.388747,-40.279171],[-71.388166,-40.271128],[-71.328137,-40.225296],[-71.325995,-40.167329],[-71.326593,-40.167438],[-71.330159,-40.170012],[-71.331811,-40.170607],[-71.332748,-40.171682],[-71.33756,-40.172073],[-71.338614,-40.165145],[-71.34535,-40.162398],[-71.352941,-40.169263],[-71.353467,-40.169266],[-71.35619,-40.144947],[-71.351786,-40.144395],[-71.3492,-40.14675],[-71.331705,-40.146764],[-71.331022,-40.123077],[-71.311153,-40.113249],[-71.317314,-40.109101],[-71.368259,-40.108385],[-71.368123,-40.037354],[-71.37168,-40.017475]]],[[[-71.337151,-39.610961],[-71.337473,-39.586126],[-71.232598,-39.587214],[-71.326705,-39.55268],[-71.326177,-39.504863],[-71.406123,-39.502779],[-71.39691,-39.58977],[-71.467024,-39.638116],[-71.401922,-39.676554],[-71.34829,-39.685027],[-71.350887,-39.749255],[-71.261557,-39.760006],[-71.254995,-39.762842],[-71.243326,-39.776425],[-71.223018,-39.786871],[-71.218979,-39.790059],[-71.217626,-39.792458],[-71.217029,-39.792799],[-71.216579,-39.79337],[-71.21553,-39.794396],[-71.214782,-39.795079],[-71.213968,-39.795912],[-71.213559,-39.796281],[-71.212629,-39.79672],[-71.215641,-39.746047],[-71.271568,-39.702872],[-71.318414,-39.691928],[-71.337151,-39.610961]]],[[[-71.134065,-39.213082],[-71.149367,-39.218615],[-71.153319,-39.220145],[-71.153778,-39.219707],[-71.156972,-39.218318],[-71.168808,-39.224757],[-71.170978,-39.223537],[-71.212297,-39.244125],[-71.220633,-39.368896],[-71.292675,-39.429435],[-71.292732,-39.491097],[-71.182123,-39.49226],[-71.18019,-39.372544],[-71.171813,-39.377761],[-71.170494,-39.378494],[-71.166566,-39.378728],[-71.165136,-39.375504],[-71.164634,-39.375182],[-71.160338,-39.37603],[-71.157969,-39.374873],[-71.154595,-39.370139],[-71.152484,-39.369545],[-71.15102,-39.371085],[-71.148098,-39.368789],[-71.147106,-39.36532],[-71.143488,-39.367909],[-71.139479,-39.37384],[-71.134175,-39.377314],[-71.133481,-39.37701],[-71.134065,-39.213082]]]]},"properties":{"fid":24,"SITE_ID":4330,"SITE_PID":"4330","SITE_TYPE":"PA","NAME_ENG":"Lanín","NAME":"Lanín","DESIG":"Reserva Nacional","DESIG_ENG":"National Reserve","DESIG_TYPE":"National","IUCN_CAT":"VI","INT_CRIT":"Not Applicable","REALM":"Terrestrial","REP_M_AREA":0,"GIS_M_AREA":0,"REP_AREA":1950.1,"GIS_AREA":1933.1242976980202,"NO_TAKE":"Not Applicable","NO_TK_AREA":0,"STATUS":"Designated","STATUS_YR":1937,"GOV_TYPE":"Federal or national ministry or agency","GOVSUBTYPE":"Not Applicable","OWN_TYPE":"Not Reported","OWNSUBTYPE":"Not Applicable","MANG_AUTH":"Administración de Parques Nacionales","MANG_PLAN":"https://sib.gob.ar/archivos/PlanGestionPNLanin.pdf","VERIF":"State Verified","METADATAID":1935,"PRNT_ISO3":"ARG","ISO3":"ARG","SUPP_INFO":"Not Applicable","CONS_OBJ":"Not Applicable","INLND_WTRS":"Not Reported","OECM_ASMT":"Not Applicable","layer":"WDPA_W~1","path":"C:/DATAS/PRO/GIS/ARGENT~1/RAW/WDPA_W~1/WDPA_W~1/WDPA_W~1.SHP"}},
{"type":"Feature","geometry":{"type":"Polygon","coordinates":[[[-54.442108,-25.680316],[-54.49868,-25.615119],[-54.503082,-25.615],[-54.511017,-25.619083],[-54.514848,-25.62374],[-54.523638,-25.629063],[-54.527678,-25.62832],[-54.537407,-25.618523],[-54.544653,-25.623542],[-54.547353,-25.625536],[-54.547354,-25.625598],[-54.557154,-25.632816],[-54.551373,-25.634207],[-54.550415,-25.634613],[-54.550211,-25.634689],[-54.549607,-25.634915],[-54.549609,-25.635317],[-54.549612,-25.636119],[-54.549467,-25.636287],[-54.549026,-25.636221],[-54.548323,-25.636157],[-54.548066,-25.636392],[-54.547963,-25.63675],[-54.549325,-25.637717],[-54.549475,-25.638273],[-54.54955,-25.638552],[-54.546055,-25.640171],[-54.543016,-25.644158],[-54.542202,-25.644327],[-54.541581,-25.644864],[-54.541978,-25.645804],[-54.542251,-25.646451],[-54.542512,-25.647087],[-54.541259,-25.647591],[-54.54097,-25.648896],[-54.540459,-25.649733],[-54.540108,-25.650201],[-54.53987,-25.650518],[-54.539552,-25.651397],[-54.539138,-25.652539],[-54.53861,-25.655847],[-54.5366,-25.658852],[-54.535323,-25.660509],[-54.534518,-25.66155],[-54.523203,-25.667005],[-54.514612,-25.678905],[-54.506719,-25.680399],[-54.504854,-25.68631],[-54.501154,-25.689564],[-54.490429,-25.708781],[-54.489969,-25.711967],[-54.489034,-25.714417],[-54.488153,-25.71756],[-54.487641,-25.718747],[-54.487279,-25.719586],[-54.486062,-25.723428],[-54.464914,-25.731062],[-54.458742,-25.73531],[-54.449514,-25.749612],[-54.446296,-25.748666],[-54.448381,-25.742446],[-54.447692,-25.740599],[-54.447154,-25.73916],[-54.447019,-25.737907],[-54.447016,-25.737885],[-54.447087,-25.737826],[-54.447094,-25.737822],[-54.447091,-25.737768],[-54.446814,-25.734995],[-54.444182,-25.728153],[-54.441209,-25.714497],[-54.462121,-25.713443],[-54.477772,-25.690656],[-54.442108,-25.680316]]]},"properties":{"fid":25,"SITE_ID":4332,"SITE_PID":"4332","SITE_TYPE":"PA","NAME_ENG":"Iguazú","NAME":"Iguazú","DESIG":"Reserva Nacional","DESIG_ENG":"National Reserve","DESIG_TYPE":"National","IUCN_CAT":"VI","INT_CRIT":"Not Applicable","REALM":"Terrestrial","REP_M_AREA":0,"GIS_M_AREA":0,"REP_AREA":76.75,"GIS_AREA":72.130544792003,"NO_TAKE":"Not Applicable","NO_TK_AREA":0,"STATUS":"Designated","STATUS_YR":1934,"GOV_TYPE":"Federal or national ministry or agency","GOVSUBTYPE":"Not Applicable","OWN_TYPE":"Not Reported","OWNSUBTYPE":"Not Applicable","MANG_AUTH":"Administración de Parques Nacionales","MANG_PLAN":"https://sib.gob.ar/archivos/ANEXO_I_PGIguazu.pdf","VERIF":"State Verified","METADATAID":1935,"PRNT_ISO3":"ARG","ISO3":"ARG","SUPP_INFO":"Not Applicable","CONS_OBJ":"Not Applicable","INLND_WTRS":"Not Reported","OECM_ASMT":"Not Applicable","layer":"WDPA_W~1","path":"C:/DATAS/PRO/GIS/ARGENT~1/RAW/WDPA_W~1/WDPA_W~1/WDPA_W~1.SHP"}},
{"type":"Feature","geometry":{"type":"Polygon","coordinates":[[[-66.847468,-25.89361],[-66.848532,-25.78986],[-66.872152,-25.764455],[-66.842086,-25.712243],[-66.955271,-25.566648],[-67.082407,-25.888998],[-67.089965,-25.921119],[-67.133227,-26.166432],[-67.065653,-26.435217],[-67.064522,-26.438713],[-67.063455,-26.443612],[-67.075555,-26.46386],[-67.107543,-26.515223],[-67.100495,-26.542766],[-67.11876,-26.559444],[-67.111889,-26.585109],[-67.131857,-26.606486],[-67.154761,-26.610833],[-67.158695,-26.63955],[-67.208156,-26.660328],[-67.270984,-26.683303],[-67.295122,-26.711964],[-67.201274,-26.796004],[-67.206442,-26.860606],[-67.240035,-26.901951],[-67.240035,-26.951048],[-66.611863,-26.865774],[-66.616895,-26.843964],[-66.602113,-26.831255],[-66.670768,-26.744492],[-66.647989,-26.716426],[-66.616628,-26.725237],[-66.610385,-26.679281],[-66.584341,-26.682953],[-66.594604,-26.669486],[-66.576855,-26.569512],[-66.553475,-26.554836],[-66.551252,-26.533679],[-66.511518,-26.525943],[-66.47772,-26.548363],[-66.462706,-26.532814],[-66.459562,-26.516739],[-66.482975,-26.494892],[-66.45799,-26.448206],[-66.449593,-26.373098],[-66.540085,-26.352257],[-66.560342,-26.296314],[-66.550446,-26.280377],[-66.508581,-26.271819],[-66.566355,-26.251374],[-66.578426,-26.170404],[-66.597751,-26.14789],[-66.620617,-26.143719],[-66.641035,-26.113383],[-66.646936,-26.109937],[-66.652823,-26.108782],[-66.658539,-26.107269],[-66.660241,-26.106963],[-66.654421,-26.092723],[-66.657478,-26.086739],[-66.658563,-26.081752],[-66.660686,-26.076871],[-66.663271,-26.074933],[-66.668296,-26.075137],[-66.67486,-26.079186],[-66.679417,-26.080008],[-66.684234,-26.078966],[-66.688282,-26.077392],[-66.698736,-26.081994],[-66.71738,-26.076094],[-66.72064,-26.075528],[-66.723256,-26.075431],[-66.724366,-26.075601],[-66.727648,-26.073822],[-66.730058,-26.070923],[-66.730073,-26.067086],[-66.730978,-26.064662],[-66.737218,-26.064032],[-66.743451,-26.064197],[-66.747304,-26.062293],[-66.754266,-26.058384],[-66.756658,-26.055733],[-66.759663,-26.049098],[-66.777875,-26.048466],[-66.780342,-26.032689],[-66.792031,-26.024353],[-66.80349,-26.017715],[-66.807225,-26.015748],[-66.810801,-26.013654],[-66.81858,-26.001016],[-66.82869,-25.993221],[-66.832445,-25.987633],[-66.835442,-25.985919],[-66.838859,-25.980827],[-66.841325,-25.975211],[-66.844942,-25.969649],[-66.852876,-25.916356],[-66.852027,-25.913243],[-66.848846,-25.908785],[-66.847468,-25.89361]]]},"properties":{"fid":26,"SITE_ID":5082,"SITE_PID":"5082","SITE_TYPE":"PA","NAME_ENG":"Laguna Blanca","NAME":"Laguna Blanca","DESIG":"Reserva de la Biósfera","DESIG_ENG":"UNESCO-MAB Biosphere Reserve","DESIG_TYPE":"International","IUCN_CAT":"Not Applicable","INT_CRIT":"Not Applicable","REALM":"Terrestrial","REP_M_AREA":0,"GIS_M_AREA":0,"REP_AREA":6405,"GIS_AREA":6423.68450887953,"NO_TAKE":"Not Applicable","NO_TK_AREA":0,"STATUS":"Designated","STATUS_YR":1982,"GOV_TYPE":"Not Reported","GOVSUBTYPE":"Not Applicable","OWN_TYPE":"Not Reported","OWNSUBTYPE":"Not Applicable","MANG_AUTH":"Not Reported","MANG_PLAN":"Not Reported","VERIF":"State Verified","METADATAID":1852,"PRNT_ISO3":"ARG","ISO3":"ARG","SUPP_INFO":"Not Applicable","CONS_OBJ":"Not Applicable","INLND_WTRS":"Not Reported","OECM_ASMT":"Not Applicable","layer":"WDPA_W~1","path":"C:/DATAS/PRO/GIS/ARGENT~1/RAW/WDPA_W~1/WDPA_W~1/WDPA_W~1.SHP"}},
{"type":"Feature","geometry":{"type":"Polygon","coordinates":[[[-57.257673,-35.606515],[-57.252878,-35.601286],[-57.249146,-35.594998],[-57.241725,-35.586683],[-57.237029,-35.582076],[-57.236979,-35.579255],[-57.234508,-35.577475],[-57.229066,-35.572388],[-57.224547,-35.566966],[-57.218843,-35.561825],[-57.214868,-35.555917],[-57.197337,-35.5402],[-57.181845,-35.522995],[-57.17351,-35.514199],[-57.167095,-35.509232],[-57.161619,-35.502243],[-57.155131,-35.496501],[-57.151889,-35.492846],[-57.149135,-35.487649],[-57.145376,-35.482098],[-57.144294,-35.479831],[-57.141313,-35.476546],[-57.140561,-35.474925],[-57.140216,-35.469858],[-57.137834,-35.464757],[-57.132396,-35.453493],[-57.127311,-35.444264],[-57.129367,-35.439234],[-57.129588,-35.434721],[-57.129025,-35.431938],[-57.128449,-35.429148],[-57.129822,-35.422845],[-57.139142,-35.408253],[-57.146746,-35.392684],[-57.14668,-35.389773],[-57.148284,-35.3874],[-57.151064,-35.383718],[-57.159698,-35.372967],[-57.159837,-35.370471],[-57.166843,-35.364174],[-57.171195,-35.357533],[-57.173433,-35.354854],[-57.174368,-35.351929],[-57.178342,-35.348317],[-57.186532,-35.33517],[-57.186876,-35.332355],[-57.188886,-35.32806],[-57.196859,-35.312644],[-57.224522,-35.272603],[-57.229558,-35.26839],[-57.233941,-35.262529],[-57.238618,-35.258838],[-57.241335,-35.256318],[-57.2426,-35.254492],[-57.244713,-35.253184],[-57.245093,-35.251731],[-57.247141,-35.250932],[-57.248752,-35.248328],[-57.278111,-35.223915],[-57.339914,-35.158156],[-57.343865,-35.155763],[-57.351224,-35.148176],[-57.360359,-35.140821],[-57.361879,-35.139313],[-57.37072,-35.133297],[-57.392598,-35.114083],[-57.409335,-35.102469],[-57.436027,-35.080167],[-57.468661,-35.112202],[-57.437286,-35.165828],[-57.409113,-35.138535],[-57.308748,-35.244184],[-57.297302,-35.238021],[-57.297816,-35.273675],[-57.267369,-35.2794],[-57.167871,-35.414697],[-57.170938,-35.444946],[-57.206621,-35.475729],[-57.198546,-35.488573],[-57.281455,-35.542639],[-57.290831,-35.564111],[-57.276213,-35.583619],[-57.257673,-35.606515]]]},"properties":{"fid":27,"SITE_ID":10722,"SITE_PID":"10722","SITE_TYPE":"PA","NAME_ENG":"Parque Costero del Sur","NAME":"Parque Costero del Sur","DESIG":"Reserva de la Biósfera","DESIG_ENG":"UNESCO-MAB Biosphere Reserve","DESIG_TYPE":"International","IUCN_CAT":"Not Applicable","INT_CRIT":"Not Applicable","REALM":"Terrestrial","REP_M_AREA":0,"GIS_M_AREA":2.31449856450685,"REP_AREA":250,"GIS_AREA":267.701871489334,"NO_TAKE":"Not Applicable","NO_TK_AREA":0,"STATUS":"Designated","STATUS_YR":1984,"GOV_TYPE":"Not Reported","GOVSUBTYPE":"Not Applicable","OWN_TYPE":"Not Reported","OWNSUBTYPE":"Not Applicable","MANG_AUTH":"Not Reported","MANG_PLAN":"Not Reported","VERIF":"State Verified","METADATAID":1852,"PRNT_ISO3":"ARG","ISO3":"ARG","SUPP_INFO":"Not Applicable","CONS_OBJ":"Not Applicable","INLND_WTRS":"Not Reported","OECM_ASMT":"Not Applicable","layer":"WDPA_W~1","path":"C:/DATAS/PRO/GIS/ARGENT~1/RAW/WDPA_W~1/WDPA_W~1/WDPA_W~1.SHP"}},
{"type":"Feature","geometry":{"type":"Polygon","coordinates":[[[-67.165783,-32.411862],[-67.294069,-32.416824],[-67.295682,-32.475121],[-67.248098,-32.586765],[-67.250363,-32.621982],[-67.1799,-32.720231],[-67.031371,-32.721131],[-67.013465,-32.600483],[-67.020156,-32.595017],[-67.019068,-32.560191],[-67.018019,-32.532157],[-66.97768,-32.51457],[-66.977178,-32.54435],[-66.968322,-32.500303],[-66.963262,-32.501053],[-66.956392,-32.468807],[-66.9694,-32.460411],[-66.97828,-32.478951],[-66.978699,-32.453775],[-67.033944,-32.45473],[-67.034428,-32.413673],[-67.082946,-32.414571],[-67.08253,-32.452775],[-67.162174,-32.452782],[-67.165783,-32.411862]]]},"properties":{"fid":28,"SITE_ID":10862,"SITE_PID":"10862","SITE_TYPE":"PA","NAME_ENG":"Sierra de las Quijadas","NAME":"Sierra de las Quijadas","DESIG":"Parque Nacional","DESIG_ENG":"National Park","DESIG_TYPE":"National","IUCN_CAT":"II","INT_CRIT":"Not Applicable","REALM":"Terrestrial","REP_M_AREA":0,"GIS_M_AREA":0,"REP_AREA":737.85,"GIS_AREA":737.609560277466,"NO_TAKE":"Not Applicable","NO_TK_AREA":0,"STATUS":"Designated","STATUS_YR":1991,"GOV_TYPE":"Federal or national ministry or agency","GOVSUBTYPE":"Not Applicable","OWN_TYPE":"Not Reported","OWNSUBTYPE":"Not Applicable","MANG_AUTH":"Administración de Parques Nacionales","MANG_PLAN":"https://sib.gob.ar/archivos/PG_PNSQ_2017_VERSION_FINAL.pdf","VERIF":"State Verified","METADATAID":1935,"PRNT_ISO3":"ARG","ISO3":"ARG","SUPP_INFO":"Not Applicable","CONS_OBJ":"Not Applicable","INLND_WTRS":"Not Reported","OECM_ASMT":"Not Applicable","layer":"WDPA_W~1","path":"C:/DATAS/PRO/GIS/ARGENT~1/RAW/WDPA_W~1/WDPA_W~1/WDPA_W~1.SHP"}},
{"type":"Feature","geometry":{"type":"Polygon","coordinates":[[[-64.737786,-31.766861],[-64.690182,-31.718166],[-64.689789,-31.713092],[-64.691465,-31.70963],[-64.691855,-31.706751],[-64.693181,-31.703385],[-64.692552,-31.698507],[-64.696212,-31.677867],[-64.690315,-31.67562],[-64.682827,-31.679022],[-64.680947,-31.672243],[-64.679487,-31.668649],[-64.681329,-31.624296],[-64.757559,-31.627878],[-64.774946,-31.568895],[-64.822336,-31.597352],[-64.821494,-31.634549],[-64.800009,-31.633653],[-64.799707,-31.666258],[-64.861892,-31.66633],[-64.854471,-31.768404],[-64.737786,-31.766861]]]},"properties":{"fid":29,"SITE_ID":10868,"SITE_PID":"10868","SITE_TYPE":"PA","NAME_ENG":"Quebrada del Condorito","NAME":"Quebrada del Condorito","DESIG":"Parque Nacional","DESIG_ENG":"National Park","DESIG_TYPE":"National","IUCN_CAT":"II","INT_CRIT":"Not Applicable","REALM":"Terrestrial","REP_M_AREA":0,"GIS_M_AREA":0,"REP_AREA":245.89,"GIS_AREA":245.790108860865,"NO_TAKE":"Not Applicable","NO_TK_AREA":0,"STATUS":"Designated","STATUS_YR":1996,"GOV_TYPE":"Federal or national ministry or agency","GOVSUBTYPE":"Not Applicable","OWN_TYPE":"Not Reported","OWNSUBTYPE":"Not Applicable","MANG_AUTH":"Administración de Parques Nacionales","MANG_PLAN":"https://sib.gob.ar/archivos/PG_PNQC_2017-2023__1_.pdf","VERIF":"State Verified","METADATAID":1935,"PRNT_ISO3":"ARG","ISO3":"ARG","SUPP_INFO":"Not Applicable","CONS_OBJ":"Not Applicable","INLND_WTRS":"Not Reported","OECM_ASMT":"Not Applicable","layer":"WDPA_W~1","path":"C:/DATAS/PRO/GIS/ARGENT~1/RAW/WDPA_W~1/WDPA_W~1/WDPA_W~1.SHP"}},
{"type":"Feature","geometry":{"type":"MultiPolygon","coordinates":[[[[-64.31797,-54.736144],[-64.33848,-54.702879],[-64.376314,-54.7528],[-64.370413,-54.811383],[-64.3914,-54.749136],[-64.421524,-54.754894],[-64.412434,-54.782734],[-64.432231,-54.761033],[-64.489909,-54.763746],[-64.54378,-54.725198],[-64.541496,-54.768552],[-64.51142,-54.798058],[-64.556867,-54.795916],[-64.586504,-54.82081],[-64.647893,-54.776814],[-64.695406,-54.78281],[-64.674277,-54.799943],[-64.697348,-54.806053],[-64.708827,-54.789606],[-64.737837,-54.804511],[-64.74863,-54.856479],[-64.675983,-54.843353],[-64.67634,-54.87155],[-64.643634,-54.888431],[-64.704239,-54.915462],[-64.606147,-54.910849],[-64.566267,-54.882771],[-64.539046,-54.888415],[-64.466139,-54.823432],[-64.445009,-54.839993],[-64.501307,-54.862313],[-64.481701,-54.875019],[-64.448626,-54.864644],[-64.448626,-54.8754],[-64.406224,-54.855222],[-64.394422,-54.827335],[-64.324599,-54.824979],[-64.304897,-54.787693],[-64.263647,-54.80454],[-64.233942,-54.782344],[-64.222573,-54.857868],[-64.200575,-54.828398],[-64.179635,-54.838928],[-64.172319,-54.823283],[-64.148167,-54.830064],[-64.120625,-54.81436],[-64.109858,-54.833276],[-64.061198,-54.779738],[-64.034488,-54.807995],[-63.954895,-54.76683],[-63.953408,-54.813348],[-63.882798,-54.779679],[-63.88601,-54.793242],[-63.845678,-54.789197],[-63.795888,-54.727152],[-63.825928,-54.720609],[-63.878753,-54.75523],[-63.854839,-54.731733],[-63.878396,-54.730662],[-63.876314,-54.716802],[-63.958048,-54.741251],[-63.989873,-54.735659],[-64.042578,-54.778132],[-64.047278,-54.730365],[-64.072917,-54.728402],[-64.10843,-54.764331],[-64.126454,-54.75755],[-64.109441,-54.737979],[-64.149504,-54.730338],[-64.164923,-54.740189],[-64.138511,-54.770408],[-64.216319,-54.73386],[-64.24235,-54.745234],[-64.278661,-54.728958],[-64.31797,-54.736144]]],[[[-64.130999,-54.646198],[-64.162407,-54.650659],[-64.139684,-54.668803],[-64.109108,-54.651195],[-64.130999,-54.646198]]]]},"properties":{"fid":30,"SITE_ID":10877,"SITE_PID":"10877","SITE_TYPE":"PA","NAME_ENG":"Isla de los Estados y Archipiélago de Año Nuevo","NAME":"Isla de los Estados y Archipiélago de Año Nuevo","DESIG":"Reserva Natural Silvestre","DESIG_ENG":"Wilderness Nature Reserve","DESIG_TYPE":"National","IUCN_CAT":"Ib","INT_CRIT":"Not Applicable","REALM":"Terrestrial","REP_M_AREA":0,"GIS_M_AREA":18.991706793906,"REP_AREA":527.36,"GIS_AREA":502.057319883278,"NO_TAKE":"Not Applicable","NO_TK_AREA":0,"STATUS":"Designated","STATUS_YR":2016,"GOV_TYPE":"Federal or national ministry or agency","GOVSUBTYPE":"Not Applicable","OWN_TYPE":"Not Reported","OWNSUBTYPE":"Not Applicable","MANG_AUTH":"Ministerio de Defensa, Administración de Parques Nacionales y Pcia. de Tierra del Fuego","MANG_PLAN":"Not Reported","VERIF":"State Verified","METADATAID":1935,"PRNT_ISO3":"ARG","ISO3":"ARG","SUPP_INFO":"Not Applicable","CONS_OBJ":"Not Applicable","INLND_WTRS":"Not Reported","OECM_ASMT":"Not Applicable","layer":"WDPA_W~1","path":"C:/DATAS/PRO/GIS/ARGENT~1/RAW/WDPA_W~1/WDPA_W~1/WDPA_W~1.SHP"}},
{"type":"Feature","geometry":{"type":"Polygon","coordinates":[[[-67.658666,-29.634684],[-67.669653,-29.603895],[-67.693798,-29.608687],[-67.700025,-29.612062],[-67.702256,-29.617075],[-67.738736,-29.621719],[-67.791865,-29.609287],[-67.813111,-29.584433],[-67.819632,-29.579627],[-67.855944,-29.584285],[-67.881528,-29.567092],[-67.884215,-29.57438],[-67.891356,-29.600693],[-67.889876,-29.60419],[-67.892534,-29.604965],[-67.889049,-29.608643],[-67.89363,-29.609362],[-67.899658,-29.650308],[-67.87589,-29.741048],[-68.104464,-29.707435],[-68.212439,-29.667515],[-68.253676,-29.675229],[-68.267448,-29.669853],[-68.275889,-29.666056],[-68.267637,-29.759209],[-68.2527,-29.782236],[-68.192967,-29.785265],[-68.183116,-29.816413],[-68.184135,-29.847997],[-68.160367,-29.885922],[-68.142102,-29.88768],[-68.122203,-29.883051],[-68.10766,-29.884342],[-68.090699,-29.88995],[-68.070375,-29.892754],[-68.045402,-29.907571],[-68.014175,-29.943524],[-67.999401,-29.973348],[-67.99186,-29.97907],[-67.989484,-29.988741],[-67.979651,-29.994589],[-67.967816,-30.009458],[-67.959705,-30.009946],[-67.941986,-30.02564],[-67.92995,-30.030092],[-67.916046,-30.047951],[-67.906157,-30.050984],[-67.912236,-30.056422],[-67.906649,-30.06623],[-67.888454,-30.080403],[-67.882769,-30.078289],[-67.888388,-30.071591],[-67.884459,-30.069907],[-67.871054,-30.080004],[-67.869952,-30.086741],[-67.842671,-30.10194],[-67.833844,-30.108814],[-67.829106,-30.116059],[-67.820739,-30.114028],[-67.815632,-30.119249],[-67.816295,-30.127561],[-67.686744,-30.214966],[-67.671068,-30.203859],[-67.658666,-29.634684]]]},"properties":{"fid":31,"SITE_ID":10879,"SITE_PID":"10879","SITE_TYPE":"PA","NAME_ENG":"Talampaya","NAME":"Talampaya","DESIG":"Parque Nacional","DESIG_ENG":"National Park","DESIG_TYPE":"National","IUCN_CAT":"II","INT_CRIT":"Not Applicable","REALM":"Terrestrial","REP_M_AREA":0,"GIS_M_AREA":0,"REP_AREA":2150,"GIS_AREA":2131.10251922212,"NO_TAKE":"Not Applicable","NO_TK_AREA":0,"STATUS":"Designated","STATUS_YR":1997,"GOV_TYPE":"Federal or national ministry or agency","GOVSUBTYPE":"Not Applicable","OWN_TYPE":"Not Reported","OWNSUBTYPE":"Not Applicable","MANG_AUTH":"Administración de Parques Nacionales","MANG_PLAN":"https://sib.gob.ar/archivos/Plan_de_Gestion_2019.pdf","VERIF":"State Verified","METADATAID":1935,"PRNT_ISO3":"ARG","ISO3":"ARG","SUPP_INFO":"Not Applicable","CONS_OBJ":"Not Applicable","INLND_WTRS":"Not Reported","OECM_ASMT":"Not Applicable","layer":"WDPA_W~1","path":"C:/DATAS/PRO/GIS/ARGENT~1/RAW/WDPA_W~1/WDPA_W~1/WDPA_W~1.SHP"}},
{"type":"Feature","geometry":{"type":"Polygon","coordinates":[[[-54.502552,-25.614184],[-54.510766,-25.618132],[-54.514842,-25.623498],[-54.524365,-25.628755],[-54.537655,-25.618318],[-54.556383,-25.631846],[-54.556715,-25.632601],[-54.549856,-25.63466],[-54.549288,-25.635763],[-54.548251,-25.636386],[-54.549393,-25.637762],[-54.549221,-25.638626],[-54.545824,-25.640233],[-54.54188,-25.644338],[-54.541764,-25.644886],[-54.542128,-25.646539],[-54.541123,-25.647783],[-54.540496,-25.649506],[-54.539686,-25.651515],[-54.539067,-25.65242],[-54.53859,-25.655234],[-54.53484,-25.660914],[-54.529987,-25.662121],[-54.527557,-25.663458],[-54.525193,-25.66597],[-54.522953,-25.666964],[-54.514626,-25.678341],[-54.508928,-25.679368],[-54.506382,-25.680533],[-54.504899,-25.685784],[-54.501239,-25.689289],[-54.490413,-25.708467],[-54.48944,-25.713021],[-54.48603,-25.722897],[-54.467234,-25.729361],[-54.458643,-25.735079],[-54.449415,-25.748907],[-54.44682,-25.748452],[-54.446426,-25.747937],[-54.448178,-25.742422],[-54.448026,-25.741052],[-54.447203,-25.738464],[-54.446985,-25.73766],[-54.446536,-25.737315],[-54.406079,-25.722578],[-54.402873,-25.72716],[-54.40357,-25.729729],[-54.403796,-25.732436],[-54.403573,-25.733559],[-54.402845,-25.735243],[-54.39273,-25.744999],[-54.391496,-25.754032],[-54.164378,-25.761209],[-54.160509,-25.725085],[-54.161145,-25.698035],[-54.161216,-25.691768],[-54.161202,-25.685255],[-54.158692,-25.66596],[-54.159413,-25.651932],[-54.159831,-25.647107],[-54.160066,-25.641386],[-54.162469,-25.600663],[-54.163257,-25.581665],[-54.165566,-25.541507],[-54.173291,-25.54088],[-54.187309,-25.534912],[-54.19575,-25.534254],[-54.196653,-25.534543],[-54.205161,-25.539856],[-54.207364,-25.542865],[-54.207396,-25.551098],[-54.205172,-25.556413],[-54.184883,-25.562213],[-54.173721,-25.572061],[-54.172649,-25.579285],[-54.176579,-25.58482],[-54.182943,-25.585837],[-54.195548,-25.58387],[-54.208686,-25.577209],[-54.215542,-25.570759],[-54.218435,-25.568056],[-54.221617,-25.564989],[-54.229946,-25.562347],[-54.2367,-25.567257],[-54.236604,-25.593704],[-54.245654,-25.597075],[-54.249667,-25.597034],[-54.254421,-25.595853],[-54.280246,-25.556922],[-54.289421,-25.554569],[-54.298211,-25.559442],[-54.318334,-25.5646],[-54.326145,-25.568929],[-54.327951,-25.570715],[-54.329194,-25.572701],[-54.331779,-25.577635],[-54.338589,-25.596695],[-54.345742,-25.606225],[-54.358015,-25.606354],[-54.361485,-25.603526],[-54.363945,-25.600601],[-54.366349,-25.598679],[-54.369166,-25.595876],[-54.371242,-25.594663],[-54.374524,-25.593732],[-54.376769,-25.593755],[-54.385127,-25.596373],[-54.3895,-25.600052],[-54.391249,-25.605955],[-54.389662,-25.617531],[-54.389675,-25.62745],[-54.390339,-25.631906],[-54.390941,-25.632953],[-54.397445,-25.640579],[-54.402952,-25.644806],[-54.40724,-25.647336],[-54.419759,-25.654116],[-54.422721,-25.656346],[-54.42575,-25.660555],[-54.427252,-25.665541],[-54.426152,-25.672011],[-54.424499,-25.680873],[-54.42352,-25.68552],[-54.423293,-25.690377],[-54.428299,-25.695729],[-54.434382,-25.695617],[-54.437864,-25.69189],[-54.44042,-25.686755],[-54.443479,-25.674043],[-54.443556,-25.66901],[-54.459816,-25.646409],[-54.492917,-25.617506],[-54.499414,-25.614419],[-54.502552,-25.614184]]]},"properties":{"fid":32,"SITE_ID":10901,"SITE_PID":"10901","SITE_TYPE":"PA","NAME_ENG":"Iguazu National Park","NAME":"Parque Nacional Iguazú","DESIG":"Sitio Patrimonio de la Humanidad (natural o mixto)","DESIG_ENG":"World Heritage Site (natural or mixed)","DESIG_TYPE":"International","IUCN_CAT":"Not Applicable","INT_CRIT":"(vii);(x)","REALM":"Terrestrial","REP_M_AREA":0,"GIS_M_AREA":0,"REP_AREA":550,"GIS_AREA":586.040286242281,"NO_TAKE":"Not Applicable","NO_TK_AREA":0,"STATUS":"Inscribed","STATUS_YR":1984,"GOV_TYPE":"Not Reported","GOVSUBTYPE":"Not Applicable","OWN_TYPE":"Not Reported","OWNSUBTYPE":"Not Applicable","MANG_AUTH":"Not Reported","MANG_PLAN":"Not Reported","VERIF":"State Verified","METADATAID":946,"PRNT_ISO3":"ARG","ISO3":"ARG","SUPP_INFO":"Not Applicable","CONS_OBJ":"Not Applicable","INLND_WTRS":"Not Reported","OECM_ASMT":"Not Applicable","layer":"WDPA_W~1","path":"C:/DATAS/PRO/GIS/ARGENT~1/RAW/WDPA_W~1/WDPA_W~1/WDPA_W~1.SHP"}},
{"type":"Feature","geometry":{"type":"MultiPolygon","coordinates":[[[[-67.975232,-34.10409],[-67.89821,-34.104961],[-67.893618,-33.943035],[-67.972779,-33.94238],[-67.975232,-34.10409]]],[[[-67.837947,-33.728561],[-67.836921,-33.792057],[-67.710723,-33.789184],[-67.706841,-33.674949],[-67.838788,-33.676444],[-67.837947,-33.728561]]]]},"properties":{"fid":33,"SITE_ID":11584,"SITE_PID":"11584","SITE_TYPE":"PA","NAME_ENG":"Ñacuñan","NAME":"Ñacuñan","DESIG":"Reserva de la Biósfera","DESIG_ENG":"UNESCO-MAB Biosphere Reserve","DESIG_TYPE":"International","IUCN_CAT":"Not Applicable","INT_CRIT":"Not Applicable","REALM":"Terrestrial","REP_M_AREA":0,"GIS_M_AREA":0,"REP_AREA":319,"GIS_AREA":281.938791895906,"NO_TAKE":"Not Applicable","NO_TK_AREA":0,"STATUS":"Designated","STATUS_YR":1986,"GOV_TYPE":"Not Reported","GOVSUBTYPE":"Not Applicable","OWN_TYPE":"Not Reported","OWNSUBTYPE":"Not Applicable","MANG_AUTH":"Not Reported","MANG_PLAN":"Not Reported","VERIF":"State Verified","METADATAID":1852,"PRNT_ISO3":"ARG","ISO3":"ARG","SUPP_INFO":"Not Applicable","CONS_OBJ":"Not Applicable","INLND_WTRS":"Not Reported","OECM_ASMT":"Not Applicable","layer":"WDPA_W~1","path":"C:/DATAS/PRO/GIS/ARGENT~1/RAW/WDPA_W~1/WDPA_W~1/WDPA_W~1.SHP"}},
{"type":"Feature","geometry":{"type":"Polygon","coordinates":[[[-67.975232,-34.10409],[-67.89821,-34.104961],[-67.893618,-33.943035],[-67.972779,-33.94238],[-67.975232,-34.10409]]]},"properties":{"fid":34,"SITE_ID":11646,"SITE_PID":"11646","SITE_TYPE":"PA","NAME_ENG":"Ñancuñan","NAME":"Ñancuñan","DESIG":"Reserva Ecológica y Forestal","DESIG_ENG":"Ecological and Forest Reserve","DESIG_TYPE":"National","IUCN_CAT":"VI","INT_CRIT":"Not Applicable","REALM":"Terrestrial","REP_M_AREA":0,"GIS_M_AREA":0,"REP_AREA":123,"GIS_AREA":129.486132698237,"NO_TAKE":"Not Applicable","NO_TK_AREA":0,"STATUS":"Designated","STATUS_YR":1961,"GOV_TYPE":"Sub-national ministry or agency","GOVSUBTYPE":"Not Applicable","OWN_TYPE":"Not Reported","OWNSUBTYPE":"Not Applicable","MANG_AUTH":"Not Reported","MANG_PLAN":"Not Reported","VERIF":"State Verified","METADATAID":1852,"PRNT_ISO3":"ARG","ISO3":"ARG","SUPP_INFO":"Not Applicable","CONS_OBJ":"Not Applicable","INLND_WTRS":"Not Reported","OECM_ASMT":"Not Applicable","layer":"WDPA_W~1","path":"C:/DATAS/PRO/GIS/ARGENT~1/RAW/WDPA_W~1/WDPA_W~1/WDPA_W~1.SHP"}},
{"type":"Feature","geometry":{"type":"Polygon","coordinates":[[[-67.227933,-23.738584],[-67.321388,-24.033754],[-68.247695,-24.400571],[-68.268931,-24.398059],[-68.264798,-24.432986],[-68.292823,-24.449254],[-68.311736,-24.48978],[-68.391295,-24.48676],[-68.433721,-24.601728],[-68.469509,-24.624097],[-68.48928,-24.600025],[-68.486926,-24.649397],[-68.54623,-24.723886],[-68.550398,-24.758686],[-66.415957,-24.76931],[-66.428871,-24.731608],[-66.408305,-24.703296],[-66.413424,-24.663733],[-66.36866,-24.608678],[-66.356987,-24.543461],[-66.3983,-24.483594],[-66.406151,-24.426277],[-66.48856,-24.368614],[-66.513713,-24.291785],[-66.506239,-24.246046],[-66.236676,-24.437754],[-66.154181,-24.015988],[-66.361482,-23.911702],[-66.364319,-23.982084],[-66.340247,-23.983567],[-66.368537,-24.046315],[-66.362954,-24.08829],[-66.37801,-24.118696],[-66.415802,-24.114679],[-66.41967,-24.160718],[-66.476595,-24.180284],[-66.471001,-24.201829],[-66.484815,-24.213273],[-66.504909,-24.196904],[-66.542767,-24.208077],[-66.561269,-24.186798],[-66.644242,-24.174114],[-66.673279,-24.144747],[-66.718494,-24.132733],[-66.746233,-24.091388],[-66.791753,-24.095481],[-66.800255,-24.095653],[-66.8204,-24.082378],[-66.836876,-24.072029],[-66.848289,-24.058796],[-66.868781,-24.026709],[-66.872767,-24.022157],[-66.877666,-24.018906],[-66.881315,-24.012019],[-66.881574,-24.002979],[-66.881327,-23.993069],[-66.880096,-23.983569],[-66.880197,-23.97441],[-66.883077,-23.971868],[-66.91033,-23.97058],[-66.915003,-23.974123],[-66.92419,-23.976202],[-66.932099,-23.980268],[-66.939449,-23.97755],[-66.941713,-23.973647],[-66.941349,-23.968278],[-66.942641,-23.960031],[-66.951064,-23.950618],[-66.959727,-23.942753],[-66.976593,-23.921477],[-66.996229,-23.886349],[-67.043826,-23.849911],[-67.099549,-23.808461],[-67.175556,-23.751352],[-67.203549,-23.743689],[-67.227933,-23.738584]]]},"properties":{"fid":35,"SITE_ID":16829,"SITE_PID":"16829","SITE_TYPE":"PA","NAME_ENG":"Los Andes","NAME":"Los Andes","DESIG":"Reserva Natural de Fauna Silvestre","DESIG_ENG":"Nature Wildlife Reserve","DESIG_TYPE":"National","IUCN_CAT":"VI","INT_CRIT":"Not Applicable","REALM":"Terrestrial","REP_M_AREA":0,"GIS_M_AREA":0,"REP_AREA":14859.72,"GIS_AREA":15192.6960482318,"NO_TAKE":"Not Applicable","NO_TK_AREA":0,"STATUS":"Designated","STATUS_YR":1980,"GOV_TYPE":"Sub-national ministry or agency","GOVSUBTYPE":"Not Applicable","OWN_TYPE":"Not Reported","OWNSUBTYPE":"Not Applicable","MANG_AUTH":"Not Reported","MANG_PLAN":"Not Reported","VERIF":"State Verified","METADATAID":1852,"PRNT_ISO3":"ARG","ISO3":"ARG","SUPP_INFO":"Not Applicable","CONS_OBJ":"Not Applicable","INLND_WTRS":"Not Reported","OECM_ASMT":"Not Applicable","layer":"WDPA_W~1","path":"C:/DATAS/PRO/GIS/ARGENT~1/RAW/WDPA_W~1/WDPA_W~1/WDPA_W~1.SHP"}},
{"type":"Feature","geometry":{"type":"Polygon","coordinates":[[[-58.087313,-34.763008],[-58.093991,-34.765743],[-58.099555,-34.770762],[-58.1027,-34.773292],[-58.105254,-34.77532],[-58.11902,-34.787224],[-58.12873,-34.796727],[-58.115161,-34.808417],[-58.090151,-34.826309],[-58.066294,-34.836891],[-58.056482,-34.841508],[-58.007329,-34.797841],[-57.998913,-34.789246],[-58.000131,-34.788202],[-58.000863,-34.787554],[-58.002437,-34.786419],[-58.00456,-34.784897],[-58.013307,-34.78125],[-58.017147,-34.780242],[-58.019321,-34.779698],[-58.021641,-34.779089],[-58.024629,-34.778373],[-58.032145,-34.777727],[-58.045088,-34.777245],[-58.046806,-34.777093],[-58.048662,-34.777046],[-58.05019,-34.776919],[-58.051732,-34.776811],[-58.052506,-34.77663],[-58.054506,-34.77612],[-58.055965,-34.775735],[-58.057373,-34.775361],[-58.060577,-34.774472],[-58.061009,-34.774389],[-58.064736,-34.773247],[-58.065861,-34.772832],[-58.066788,-34.772386],[-58.069907,-34.771465],[-58.071854,-34.770735],[-58.073437,-34.770019],[-58.078727,-34.767527],[-58.087313,-34.763008]]]},"properties":{"fid":36,"SITE_ID":16831,"SITE_PID":"16831","SITE_TYPE":"PA","NAME_ENG":"Punta Lara","NAME":"Punta Lara","DESIG":"Reserva Natural Integral Mixta","DESIG_ENG":"Mixed Integral Nature Reserve","DESIG_TYPE":"National","IUCN_CAT":"Ia","INT_CRIT":"Not Applicable","REALM":"Terrestrial","REP_M_AREA":0,"GIS_M_AREA":0.034483136604888,"REP_AREA":55.79,"GIS_AREA":55.8352478310406,"NO_TAKE":"Not Applicable","NO_TK_AREA":0,"STATUS":"Designated","STATUS_YR":2001,"GOV_TYPE":"Sub-national ministry or agency","GOVSUBTYPE":"Not Applicable","OWN_TYPE":"Not Reported","OWNSUBTYPE":"Not Applicable","MANG_AUTH":"Not Reported","MANG_PLAN":"Not Reported","VERIF":"State Verified","METADATAID":1852,"PRNT_ISO3":"ARG","ISO3":"ARG","SUPP_INFO":"Not Applicable","CONS_OBJ":"Not Applicable","INLND_WTRS":"Not Reported","OECM_ASMT":"Not Applicable","layer":"WDPA_W~1","path":"C:/DATAS/PRO/GIS/ARGENT~1/RAW/WDPA_W~1/WDPA_W~1/WDPA_W~1.SHP"}},
{"type":"Feature","geometry":{"type":"Polygon","coordinates":[[[-68.974344,-28.068835],[-69.309719,-28.06042],[-69.31421,-28.061471],[-69.319817,-28.138802],[-69.387208,-28.178801],[-69.396602,-28.194806],[-69.400143,-28.205353],[-69.401697,-28.210998],[-69.402276,-28.213193],[-69.403312,-28.217004],[-69.423728,-28.20923],[-69.437092,-28.20654],[-69.45654,-28.205446],[-69.477921,-28.201597],[-69.483733,-28.200511],[-69.497698,-28.242268],[-69.519605,-28.288185],[-69.528033,-28.308546],[-69.530441,-28.313466],[-69.539921,-28.33291],[-69.542641,-28.338489],[-69.557312,-28.341929],[-69.591519,-28.338753],[-69.666337,-28.372124],[-69.615453,-28.376591],[-69.598252,-28.381564],[-69.592897,-28.383776],[-69.59191,-28.384377],[-69.587844,-28.386913],[-69.582598,-28.389528],[-69.566019,-28.396208],[-69.531435,-28.404362],[-69.489813,-28.400136],[-69.475921,-28.409418],[-69.472344,-28.413982],[-69.470289,-28.418885],[-69.467072,-28.423451],[-69.448285,-28.442478],[-69.44278,-28.443036],[-69.435996,-28.443068],[-69.412818,-28.448534],[-69.401434,-28.447843],[-69.353278,-28.434498],[-69.312931,-28.475089],[-69.264127,-28.524013],[-69.229555,-28.558495],[-69.198928,-28.589276],[-69.142511,-28.739803],[-69.081875,-28.797573],[-69.040581,-28.833848],[-68.961362,-28.860134],[-68.937488,-28.851219],[-68.755469,-28.433328],[-68.707898,-28.30762],[-68.974344,-28.068835]]]},"properties":{"fid":37,"SITE_ID":16845,"SITE_PID":"16845","SITE_TYPE":"PA","NAME_ENG":"Laguna Brava","NAME":"Laguna Brava","DESIG":"Refugio Provincial","DESIG_ENG":"Provincial Refuge","DESIG_TYPE":"National","IUCN_CAT":"IV","INT_CRIT":"Not Applicable","REALM":"Terrestrial","REP_M_AREA":0,"GIS_M_AREA":0,"REP_AREA":4050,"GIS_AREA":4186.20015742065,"NO_TAKE":"Not Applicable","NO_TK_AREA":0,"STATUS":"Designated","STATUS_YR":1980,"GOV_TYPE":"Sub-national ministry or agency","GOVSUBTYPE":"Not Applicable","OWN_TYPE":"Not Reported","OWNSUBTYPE":"Not Applicable","MANG_AUTH":"Not Reported","MANG_PLAN":"Not Reported","VERIF":"State Verified","METADATAID":1852,"PRNT_ISO3":"ARG","ISO3":"ARG","SUPP_INFO":"Not Applicable","CONS_OBJ":"Not Applicable","INLND_WTRS":"Not Reported","OECM_ASMT":"Not Applicable","layer":"WDPA_W~1","path":"C:/DATAS/PRO/GIS/ARGENT~1/RAW/WDPA_W~1/WDPA_W~1/WDPA_W~1.SHP"}},
{"type":"Feature","geometry":{"type":"Polygon","coordinates":[[[-61.712275,-25.655096],[-61.997816,-25.65529],[-62.07591,-25.887467],[-62.068026,-25.972458],[-61.712429,-25.974475],[-61.712275,-25.655096]]]},"properties":{"fid":38,"SITE_ID":16846,"SITE_PID":"16846","SITE_TYPE":"PA","NAME_ENG":"Copo","NAME":"Copo","DESIG":"Parque Nacional","DESIG_ENG":"National Park","DESIG_TYPE":"National","IUCN_CAT":"II","INT_CRIT":"Not Applicable","REALM":"Terrestrial","REP_M_AREA":0,"GIS_M_AREA":0,"REP_AREA":1181.19,"GIS_AREA":1180.75373351006,"NO_TAKE":"Not Applicable","NO_TK_AREA":0,"STATUS":"Designated","STATUS_YR":2000,"GOV_TYPE":"Federal or national ministry or agency","GOVSUBTYPE":"Not Applicable","OWN_TYPE":"Not Reported","OWNSUBTYPE":"Not Applicable","MANG_AUTH":"Administración de Parques Nacionales","MANG_PLAN":"httphttps://sib.gob.ar/archivos/IF-2019-66218828-APN-DRNOA-APNAC.pdff","VERIF":"State Verified","METADATAID":1935,"PRNT_ISO3":"ARG","ISO3":"ARG","SUPP_INFO":"Not Applicable","CONS_OBJ":"Not Applicable","INLND_WTRS":"Not Reported","OECM_ASMT":"Not Applicable","layer":"WDPA_W~1","path":"C:/DATAS/PRO/GIS/ARGENT~1/RAW/WDPA_W~1/WDPA_W~1/WDPA_W~1.SHP"}},
{"type":"Feature","geometry":{"type":"Polygon","coordinates":[[[-60.112095,-26.299347],[-60.013589,-26.300688],[-59.993455,-26.223798],[-59.996378,-26.12796],[-60.112751,-26.127345],[-60.112095,-26.299347]]]},"properties":{"fid":39,"SITE_ID":16848,"SITE_PID":"16848","SITE_TYPE":"PA","NAME_ENG":"Pampa del Indio","NAME":"Pampa del Indio","DESIG":"Parque Natural","DESIG_ENG":"Nature Park","DESIG_TYPE":"National","IUCN_CAT":"II","INT_CRIT":"Not Applicable","REALM":"Terrestrial","REP_M_AREA":0,"GIS_M_AREA":0,"REP_AREA":86.33,"GIS_AREA":222.86165159582296,"NO_TAKE":"Not Applicable","NO_TK_AREA":0,"STATUS":"Designated","STATUS_YR":1957,"GOV_TYPE":"Sub-national ministry or agency","GOVSUBTYPE":"Not Applicable","OWN_TYPE":"Not Reported","OWNSUBTYPE":"Not Applicable","MANG_AUTH":"Not Reported","MANG_PLAN":"Not Reported","VERIF":"State Verified","METADATAID":1852,"PRNT_ISO3":"ARG","ISO3":"ARG","SUPP_INFO":"Not Applicable","CONS_OBJ":"Not Applicable","INLND_WTRS":"Not Reported","OECM_ASMT":"Not Applicable","layer":"WDPA_W~1","path":"C:/DATAS/PRO/GIS/ARGENT~1/RAW/WDPA_W~1/WDPA_W~1/WDPA_W~1.SHP"}},
{"type":"Feature","geometry":{"type":"Polygon","coordinates":[[[-68.003426,-31.727012],[-67.961725,-31.724136],[-67.859629,-31.679559],[-67.754658,-31.577463],[-67.674132,-31.542952],[-67.396605,-31.54439],[-67.327582,-31.511317],[-67.234115,-31.345951],[-67.225487,-31.078489],[-67.264312,-31.036788],[-67.283005,-30.903058],[-67.359217,-30.779393],[-67.656517,-30.503303],[-68.007021,-30.501506],[-68.003426,-31.727012]]]},"properties":{"fid":40,"SITE_ID":16851,"SITE_PID":"16851","SITE_TYPE":"PA","NAME_ENG":"Valle Fértil","NAME":"Valle Fértil","DESIG":"Reserva de Uso Múltiple","DESIG_ENG":"Multiple Use Reserve","DESIG_TYPE":"National","IUCN_CAT":"VI","INT_CRIT":"Not Applicable","REALM":"Terrestrial","REP_M_AREA":0,"GIS_M_AREA":0,"REP_AREA":8000,"GIS_AREA":7776.03956685542,"NO_TAKE":"Not Applicable","NO_TK_AREA":0,"STATUS":"Designated","STATUS_YR":1971,"GOV_TYPE":"Not Reported","GOVSUBTYPE":"Not Applicable","OWN_TYPE":"Not Reported","OWNSUBTYPE":"Not Applicable","MANG_AUTH":"Not Reported","MANG_PLAN":"Not Reported","VERIF":"State Verified","METADATAID":1852,"PRNT_ISO3":"ARG","ISO3":"ARG","SUPP_INFO":"Not Applicable","CONS_OBJ":"Not Applicable","INLND_WTRS":"Not Reported","OECM_ASMT":"Not Applicable","layer":"WDPA_W~1","path":"C:/DATAS/PRO/GIS/ARGENT~1/RAW/WDPA_W~1/WDPA_W~1/WDPA_W~1.SHP"}},
{"type":"Feature","geometry":{"type":"Polygon","coordinates":[[[-66.426147,-36.888357],[-66.499776,-36.896719],[-66.499907,-36.916898],[-66.555566,-36.918092],[-66.555849,-36.957009],[-66.428336,-36.958979],[-66.426147,-36.888357]]]},"properties":{"fid":41,"SITE_ID":16854,"SITE_PID":"16854","SITE_TYPE":"PA","NAME_ENG":"Limay Mahuida","NAME":"Limay Mahuida","DESIG":"Reserva Natural","DESIG_ENG":"Nature Reserve","DESIG_TYPE":"National","IUCN_CAT":"VI","INT_CRIT":"Not Applicable","REALM":"Terrestrial","REP_M_AREA":0,"GIS_M_AREA":0,"REP_AREA":49.83,"GIS_AREA":71.7358005121714,"NO_TAKE":"Not Applicable","NO_TK_AREA":0,"STATUS":"Designated","STATUS_YR":1974,"GOV_TYPE":"Sub-national ministry or agency","GOVSUBTYPE":"Not Applicable","OWN_TYPE":"Not Reported","OWNSUBTYPE":"Not Applicable","MANG_AUTH":"Not Reported","MANG_PLAN":"Not Reported","VERIF":"State Verified","METADATAID":1852,"PRNT_ISO3":"ARG","ISO3":"ARG","SUPP_INFO":"Not Applicable","CONS_OBJ":"Not Applicable","INLND_WTRS":"Not Reported","OECM_ASMT":"Not Applicable","layer":"WDPA_W~1","path":"C:/DATAS/PRO/GIS/ARGENT~1/RAW/WDPA_W~1/WDPA_W~1/WDPA_W~1.SHP"}},
{"type":"Feature","geometry":{"type":"Polygon","coordinates":[[[-68.092193,-36.389241],[-68.094459,-36.422503],[-68.075593,-36.436154],[-67.971397,-36.444581],[-67.967362,-36.393584],[-68.092193,-36.389241]]]},"properties":{"fid":42,"SITE_ID":16855,"SITE_PID":"16855","SITE_TYPE":"PA","NAME_ENG":"La Humada","NAME":"La Humada","DESIG":"Reserva Natural","DESIG_ENG":"Nature Reserve","DESIG_TYPE":"National","IUCN_CAT":"VI","INT_CRIT":"Not Applicable","REALM":"Terrestrial","REP_M_AREA":0,"GIS_M_AREA":0,"REP_AREA":50,"GIS_AREA":60.5001156705853,"NO_TAKE":"Not Applicable","NO_TK_AREA":0,"STATUS":"Designated","STATUS_YR":1974,"GOV_TYPE":"Sub-national ministry or agency","GOVSUBTYPE":"Not Applicable","OWN_TYPE":"Not Reported","OWNSUBTYPE":"Not Applicable","MANG_AUTH":"Not Reported","MANG_PLAN":"Not Reported","VERIF":"State Verified","METADATAID":1852,"PRNT_ISO3":"ARG","ISO3":"ARG","SUPP_INFO":"Not Applicable","CONS_OBJ":"Not Applicable","INLND_WTRS":"Not Reported","OECM_ASMT":"Not Applicable","layer":"WDPA_W~1","path":"C:/DATAS/PRO/GIS/ARGENT~1/RAW/WDPA_W~1/WDPA_W~1/WDPA_W~1.SHP"}},
{"type":"Feature","geometry":{"type":"Polygon","coordinates":[[[-64.935943,-38.77252],[-64.936652,-38.830048],[-64.786803,-38.828878],[-64.78465,-38.781375],[-64.935943,-38.77252]]]},"properties":{"fid":43,"SITE_ID":16858,"SITE_PID":"16858","SITE_TYPE":"PA","NAME_ENG":"Pichi Mahuida","NAME":"Pichi Mahuida","DESIG":"Reserva Natural","DESIG_ENG":"Nature Reserve","DESIG_TYPE":"National","IUCN_CAT":"VI","INT_CRIT":"Not Applicable","REALM":"Terrestrial","REP_M_AREA":0,"GIS_M_AREA":0,"REP_AREA":41.19,"GIS_AREA":78.9697362353475,"NO_TAKE":"Not Applicable","NO_TK_AREA":0,"STATUS":"Designated","STATUS_YR":1974,"GOV_TYPE":"Sub-national ministry or agency","GOVSUBTYPE":"Not Applicable","OWN_TYPE":"Not Reported","OWNSUBTYPE":"Not Applicable","MANG_AUTH":"Not Reported","MANG_PLAN":"Not Reported","VERIF":"State Verified","METADATAID":1852,"PRNT_ISO3":"ARG","ISO3":"ARG","SUPP_INFO":"Not Applicable","CONS_OBJ":"Not Applicable","INLND_WTRS":"Not Reported","OECM_ASMT":"Not Applicable","layer":"WDPA_W~1","path":"C:/DATAS/PRO/GIS/ARGENT~1/RAW/WDPA_W~1/WDPA_W~1/WDPA_W~1.SHP"}},
{"type":"Feature","geometry":{"type":"Polygon","coordinates":[[[-68.875212,-36.001097],[-69.247302,-36.001955],[-69.24736,-36.198649],[-69.374698,-36.301842],[-69.48145,-36.301897],[-69.481589,-36.321674],[-69.529006,-36.293535],[-69.569063,-36.308812],[-69.569174,-36.321562],[-69.622009,-36.321284],[-69.62237,-36.389006],[-69.649121,-36.388923],[-69.649567,-36.473617],[-69.448313,-36.474146],[-69.43387,-36.600896],[-69.167895,-36.602262],[-69.168107,-36.700445],[-69.035493,-36.700557],[-69.000249,-36.752824],[-69.00025,-36.829252],[-68.920104,-36.829227],[-68.920038,-36.892419],[-68.694161,-36.892268],[-68.694625,-36.718449],[-68.461004,-36.845233],[-68.458514,-37.184313],[-68.248911,-37.19372],[-68.247776,-37.125893],[-68.385687,-36.807959],[-68.431806,-36.532474],[-68.487707,-36.532726],[-68.487542,-36.658065],[-68.610567,-36.65853],[-68.610844,-36.603275],[-68.572546,-36.603264],[-68.578709,-36.274737],[-68.652431,-36.12421],[-68.810794,-36.013181],[-68.875212,-36.001097]]]},"properties":{"fid":44,"SITE_ID":16861,"SITE_PID":"16861","SITE_TYPE":"PA","NAME_ENG":"La Payunia","NAME":"La Payunia","DESIG":"Reserva Total","DESIG_ENG":"Total Reserve","DESIG_TYPE":"National","IUCN_CAT":"Ia","INT_CRIT":"Not Applicable","REALM":"Terrestrial","REP_M_AREA":0,"GIS_M_AREA":0,"REP_AREA":6650,"GIS_AREA":6828.34700898566,"NO_TAKE":"Not Applicable","NO_TK_AREA":0,"STATUS":"Designated","STATUS_YR":1982,"GOV_TYPE":"Sub-national ministry or agency","GOVSUBTYPE":"Not Applicable","OWN_TYPE":"Not Reported","OWNSUBTYPE":"Not Applicable","MANG_AUTH":"Not Reported","MANG_PLAN":"Not Reported","VERIF":"State Verified","METADATAID":1852,"PRNT_ISO3":"ARG","ISO3":"ARG","SUPP_INFO":"Not Applicable","CONS_OBJ":"Not Applicable","INLND_WTRS":"Not Reported","OECM_ASMT":"Not Applicable","layer":"WDPA_W~1","path":"C:/DATAS/PRO/GIS/ARGENT~1/RAW/WDPA_W~1/WDPA_W~1/WDPA_W~1.SHP"}},
{"type":"Feature","geometry":{"type":"Polygon","coordinates":[[[-68.88881,-32.878568],[-68.940482,-32.872467],[-68.952887,-32.882784],[-68.88881,-32.878568]]]},"properties":{"fid":45,"SITE_ID":16862,"SITE_PID":"16862","SITE_TYPE":"PA","NAME_ENG":"Divisadero Largo","NAME":"Divisadero Largo","DESIG":"Reserva Natural","DESIG_ENG":"Nature Reserve","DESIG_TYPE":"National","IUCN_CAT":"Ia","INT_CRIT":"Not Applicable","REALM":"Terrestrial","REP_M_AREA":0,"GIS_M_AREA":0,"REP_AREA":4.92,"GIS_AREA":5.08088821220226,"NO_TAKE":"Not Applicable","NO_TK_AREA":0,"STATUS":"Designated","STATUS_YR":1983,"GOV_TYPE":"Sub-national ministry or agency","GOVSUBTYPE":"Not Applicable","OWN_TYPE":"Not Reported","OWNSUBTYPE":"Not Applicable","MANG_AUTH":"Not Reported","MANG_PLAN":"Not Reported","VERIF":"State Verified","METADATAID":1852,"PRNT_ISO3":"ARG","ISO3":"ARG","SUPP_INFO":"Not Applicable","CONS_OBJ":"Not Applicable","INLND_WTRS":"Not Reported","OECM_ASMT":"Not Applicable","layer":"WDPA_W~1","path":"C:/DATAS/PRO/GIS/ARGENT~1/RAW/WDPA_W~1/WDPA_W~1/WDPA_W~1.SHP"}},
{"type":"Feature","geometry":{"type":"Polygon","coordinates":[[[-68.092762,-32.292736],[-68.090907,-32.400868],[-68.06672,-32.400562],[-68.15005,-32.481394],[-67.889841,-32.477882],[-67.912367,-32.290223],[-68.092762,-32.292736]]]},"properties":{"fid":46,"SITE_ID":16864,"SITE_PID":"16864","SITE_TYPE":"PA","NAME_ENG":"Telteca","NAME":"Telteca","DESIG":"Reserva Natural y Cultural","DESIG_ENG":"Cultural and Nature Reserve","DESIG_TYPE":"National","IUCN_CAT":"VI","INT_CRIT":"Not Applicable","REALM":"Terrestrial","REP_M_AREA":0,"GIS_M_AREA":0,"REP_AREA":385.07,"GIS_AREA":384.35033488196996,"NO_TAKE":"Not Applicable","NO_TK_AREA":0,"STATUS":"Designated","STATUS_YR":1985,"GOV_TYPE":"Sub-national ministry or agency","GOVSUBTYPE":"Not Applicable","OWN_TYPE":"Not Reported","OWNSUBTYPE":"Not Applicable","MANG_AUTH":"Not Reported","MANG_PLAN":"Not Reported","VERIF":"State Verified","METADATAID":1852,"PRNT_ISO3":"ARG","ISO3":"ARG","SUPP_INFO":"Not Applicable","CONS_OBJ":"Not Applicable","INLND_WTRS":"Not Reported","OECM_ASMT":"Not Applicable","layer":"WDPA_W~1","path":"C:/DATAS/PRO/GIS/ARGENT~1/RAW/WDPA_W~1/WDPA_W~1/WDPA_W~1.SHP"}},
{"type":"Feature","geometry":{"type":"Polygon","coordinates":[[[-71.100818,-37.903201],[-70.917505,-37.906366],[-70.914121,-37.77545],[-71.160695,-37.772191],[-71.170674,-37.786243],[-71.153758,-37.808859],[-71.121923,-37.821681],[-71.17761,-37.856815],[-71.137989,-37.859556],[-71.100818,-37.903201]]]},"properties":{"fid":47,"SITE_ID":16873,"SITE_PID":"16873","SITE_TYPE":"PA","NAME_ENG":"Copahue Caviahue","NAME":"Copahue Caviahue","DESIG":"Parque Provincial","DESIG_ENG":"Provincial Park","DESIG_TYPE":"National","IUCN_CAT":"II","INT_CRIT":"Not Applicable","REALM":"Terrestrial","REP_M_AREA":0,"GIS_M_AREA":0,"REP_AREA":287.5,"GIS_AREA":287.553862904292,"NO_TAKE":"Not Applicable","NO_TK_AREA":0,"STATUS":"Designated","STATUS_YR":1962,"GOV_TYPE":"Sub-national ministry or agency","GOVSUBTYPE":"Not Applicable","OWN_TYPE":"Not Reported","OWNSUBTYPE":"Not Applicable","MANG_AUTH":"Not Reported","MANG_PLAN":"Not Reported","VERIF":"State Verified","METADATAID":1852,"PRNT_ISO3":"ARG","ISO3":"ARG","SUPP_INFO":"Not Applicable","CONS_OBJ":"Not Applicable","INLND_WTRS":"Not Reported","OECM_ASMT":"Not Applicable","layer":"WDPA_W~1","path":"C:/DATAS/PRO/GIS/ARGENT~1/RAW/WDPA_W~1/WDPA_W~1/WDPA_W~1.SHP"}},
{"type":"Feature","geometry":{"type":"Polygon","coordinates":[[[-71.060646,-38.847636],[-71.057358,-38.81583],[-71.148578,-38.816554],[-71.100041,-38.84803],[-71.060646,-38.847636]]]},"properties":{"fid":48,"SITE_ID":16874,"SITE_PID":"16874","SITE_TYPE":"PA","NAME_ENG":"Batea Mahuida","NAME":"Batea Mahuida","DESIG":"Reserva Forestal","DESIG_ENG":"Forest Reserve","DESIG_TYPE":"National","IUCN_CAT":"VI","INT_CRIT":"Not Applicable","REALM":"Terrestrial","REP_M_AREA":0,"GIS_M_AREA":0,"REP_AREA":12.06,"GIS_AREA":20.4281561435075,"NO_TAKE":"Not Applicable","NO_TK_AREA":0,"STATUS":"Designated","STATUS_YR":1968,"GOV_TYPE":"Sub-national ministry or agency","GOVSUBTYPE":"Not Applicable","OWN_TYPE":"Not Reported","OWNSUBTYPE":"Not Applicable","MANG_AUTH":"Not Reported","MANG_PLAN":"Not Reported","VERIF":"State Verified","METADATAID":1852,"PRNT_ISO3":"ARG","ISO3":"ARG","SUPP_INFO":"Not Applicable","CONS_OBJ":"Not Applicable","INLND_WTRS":"Not Reported","OECM_ASMT":"Not Applicable","layer":"WDPA_W~1","path":"C:/DATAS/PRO/GIS/ARGENT~1/RAW/WDPA_W~1/WDPA_W~1/WDPA_W~1.SHP"}},
{"type":"Feature","geometry":{"type":"Polygon","coordinates":[[[-71.290263,-39.013071],[-71.188912,-38.970795],[-71.16748,-38.926777],[-71.211568,-38.925552],[-71.276461,-38.980745],[-71.29759,-38.981699],[-71.290263,-39.013071]]]},"properties":{"fid":49,"SITE_ID":16875,"SITE_PID":"16875","SITE_TYPE":"PA","NAME_ENG":"Chañy","NAME":"Chañy","DESIG":"Reserva Forestal","DESIG_ENG":"Forest Reserve","DESIG_TYPE":"National","IUCN_CAT":"Not Reported","INT_CRIT":"Not Applicable","REALM":"Terrestrial","REP_M_AREA":0,"GIS_M_AREA":0,"REP_AREA":20.39,"GIS_AREA":49.8695425705839,"NO_TAKE":"Not Applicable","NO_TK_AREA":0,"STATUS":"Designated","STATUS_YR":1986,"GOV_TYPE":"Sub-national ministry or agency","GOVSUBTYPE":"Not Applicable","OWN_TYPE":"Not Reported","OWNSUBTYPE":"Not Applicable","MANG_AUTH":"Not Reported","MANG_PLAN":"Not Reported","VERIF":"State Verified","METADATAID":1852,"PRNT_ISO3":"ARG","ISO3":"ARG","SUPP_INFO":"Not Applicable","CONS_OBJ":"Not Applicable","INLND_WTRS":"Not Reported","OECM_ASMT":"Not Applicable","layer":"WDPA_W~1","path":"C:/DATAS/PRO/GIS/ARGENT~1/RAW/WDPA_W~1/WDPA_W~1/WDPA_W~1.SHP"}},
{"type":"Feature","geometry":{"type":"Polygon","coordinates":[[[-69.936506,-37.062243],[-70.161399,-37.059068],[-70.16564,-37.23922],[-70.052977,-37.240868],[-70.050986,-37.150789],[-69.938356,-37.152327],[-69.936506,-37.062243]]]},"properties":{"fid":50,"SITE_ID":16876,"SITE_PID":"16876","SITE_TYPE":"PA","NAME_ENG":"El Tromen","NAME":"El Tromen","DESIG":"Parque Provincial","DESIG_ENG":"Provincial Park","DESIG_TYPE":"National","IUCN_CAT":"II","INT_CRIT":"Not Applicable","REALM":"Terrestrial","REP_M_AREA":0,"GIS_M_AREA":0,"REP_AREA":300,"GIS_AREA":300.057764008535,"NO_TAKE":"Not Applicable","NO_TK_AREA":0,"STATUS":"Designated","STATUS_YR":1971,"GOV_TYPE":"Sub-national ministry or agency","GOVSUBTYPE":"Not Applicable","OWN_TYPE":"Not Reported","OWNSUBTYPE":"Not Applicable","MANG_AUTH":"Not Reported","MANG_PLAN":"Not Reported","VERIF":"State Verified","METADATAID":1852,"PRNT_ISO3":"ARG","ISO3":"ARG","SUPP_INFO":"Not Applicable","CONS_OBJ":"Not Applicable","INLND_WTRS":"Not Reported","OECM_ASMT":"Not Applicable","layer":"WDPA_W~1","path":"C:/DATAS/PRO/GIS/ARGENT~1/RAW/WDPA_W~1/WDPA_W~1/WDPA_W~1.SHP"}},
{"type":"Feature","geometry":{"type":"Polygon","coordinates":[[[-63.071,-41.145558],[-63.194544,-41.155531],[-63.194019,-41.17165],[-63.064293,-41.16078],[-63.071,-41.145558]]]},"properties":{"fid":51,"SITE_ID":16880,"SITE_PID":"16880","SITE_TYPE":"PA","NAME_ENG":"Punta Bermeja","NAME":"Punta Bermeja","DESIG":"Área Natural Protegida","DESIG_ENG":"Protected Nature Area","DESIG_TYPE":"National","IUCN_CAT":"Not Reported","INT_CRIT":"Not Applicable","REALM":"Coastal","REP_M_AREA":0,"GIS_M_AREA":15.2215599735826,"REP_AREA":19,"GIS_AREA":18.9681500064176,"NO_TAKE":"Not Reported","NO_TK_AREA":0,"STATUS":"Designated","STATUS_YR":1971,"GOV_TYPE":"Sub-national ministry or agency","GOVSUBTYPE":"Not Applicable","OWN_TYPE":"Not Reported","OWNSUBTYPE":"Not Applicable","MANG_AUTH":"Not Reported","MANG_PLAN":"Not Reported","VERIF":"State Verified","METADATAID":1852,"PRNT_ISO3":"ARG","ISO3":"ARG","SUPP_INFO":"Not Applicable","CONS_OBJ":"Not Applicable","INLND_WTRS":"Not Reported","OECM_ASMT":"Not Applicable","layer":"WDPA_W~1","path":"C:/DATAS/PRO/GIS/ARGENT~1/RAW/WDPA_W~1/WDPA_W~1/WDPA_W~1.SHP"}},
{"type":"Feature","geometry":{"type":"Polygon","coordinates":[[[-64.265945,-40.970918],[-64.272216,-41.005297],[-64.235684,-41.0278],[-64.085232,-41.069214],[-64.062997,-41.000656],[-64.084577,-40.97756],[-64.122835,-40.976174],[-64.130953,-40.997665],[-64.176431,-41.012025],[-64.265945,-40.970918]]]},"properties":{"fid":52,"SITE_ID":16882,"SITE_PID":"16882","SITE_TYPE":"PA","NAME_ENG":"Caleta de los Loros","NAME":"Caleta de los Loros","DESIG":"Reserva de Uso Múltiple","DESIG_ENG":"Multiple Use Reserve","DESIG_TYPE":"National","IUCN_CAT":"VI","INT_CRIT":"Not Applicable","REALM":"Coastal","REP_M_AREA":0,"GIS_M_AREA":56.8474680912952,"REP_AREA":90.84,"GIS_AREA":90.7856493393352,"NO_TAKE":"Not Reported","NO_TK_AREA":0,"STATUS":"Designated","STATUS_YR":1984,"GOV_TYPE":"Sub-national ministry or agency","GOVSUBTYPE":"Not Applicable","OWN_TYPE":"Not Reported","OWNSUBTYPE":"Not Applicable","MANG_AUTH":"Not Reported","MANG_PLAN":"Not Reported","VERIF":"State Verified","METADATAID":1852,"PRNT_ISO3":"ARG","ISO3":"ARG","SUPP_INFO":"Not Applicable","CONS_OBJ":"Not Applicable","INLND_WTRS":"Not Reported","OECM_ASMT":"Not Applicable","layer":"WDPA_W~1","path":"C:/DATAS/PRO/GIS/ARGENT~1/RAW/WDPA_W~1/WDPA_W~1/WDPA_W~1.SHP"}},
{"type":"Feature","geometry":{"type":"Polygon","coordinates":[[[-67.050523,-40.755127],[-67.192755,-40.772293],[-67.36313,-40.825274],[-67.543746,-40.925971],[-67.648439,-40.964332],[-67.705303,-41.010026],[-67.755714,-41.144401],[-67.782645,-41.387011],[-67.788869,-41.518172],[-67.770039,-41.623949],[-67.641791,-41.717508],[-67.293031,-41.854763],[-67.195158,-41.843368],[-66.870171,-41.860206],[-66.533092,-41.853748],[-66.345493,-41.877044],[-66.204487,-41.750752],[-66.227223,-41.58856],[-66.214776,-41.527248],[-66.113886,-41.426709],[-66.027235,-41.383637],[-65.989957,-41.248676],[-65.967317,-41.224102],[-65.820705,-41.134004],[-65.83166,-41.010234],[-65.87667,-40.958829],[-65.944359,-40.922196],[-66.045952,-40.908883],[-66.516565,-40.744066],[-66.800536,-40.723372],[-67.050523,-40.755127]]]},"properties":{"fid":53,"SITE_ID":16883,"SITE_PID":"16883","SITE_TYPE":"PA","NAME_ENG":"Meseta de Somuncurá","NAME":"Meseta de Somuncurá","DESIG":"Área Natural Protegida","DESIG_ENG":"Protected Nature Area","DESIG_TYPE":"National","IUCN_CAT":"VI","INT_CRIT":"Not Applicable","REALM":"Terrestrial","REP_M_AREA":0,"GIS_M_AREA":0,"REP_AREA":16136.89,"GIS_AREA":16158.0715550737,"NO_TAKE":"Not Applicable","NO_TK_AREA":0,"STATUS":"Designated","STATUS_YR":1986,"GOV_TYPE":"Sub-national ministry or agency","GOVSUBTYPE":"Not Applicable","OWN_TYPE":"Not Reported","OWNSUBTYPE":"Not Applicable","MANG_AUTH":"Not Reported","MANG_PLAN":"Not Reported","VERIF":"State Verified","METADATAID":1852,"PRNT_ISO3":"ARG","ISO3":"ARG","SUPP_INFO":"Not Applicable","CONS_OBJ":"Not Applicable","INLND_WTRS":"Not Reported","OECM_ASMT":"Not Applicable","layer":"WDPA_W~1","path":"C:/DATAS/PRO/GIS/ARGENT~1/RAW/WDPA_W~1/WDPA_W~1/WDPA_W~1.SHP"}},
{"type":"Feature","geometry":{"type":"Polygon","coordinates":[[[-65.925045,-27.020616],[-65.927272,-27.018178],[-65.931483,-27.017211],[-65.933058,-27.017722],[-65.933608,-27.018597],[-65.938383,-27.019481],[-65.941781,-27.020756],[-65.946142,-27.023037],[-65.95411,-27.029604],[-65.956241,-27.032514],[-65.962053,-27.032582],[-65.915707,-27.119603],[-65.87275,-27.166295],[-65.826057,-27.188708],[-65.833528,-27.140148],[-65.863411,-27.114],[-65.863411,-27.093455],[-65.925045,-27.020616]]]},"properties":{"fid":54,"SITE_ID":16884,"SITE_PID":"16884","SITE_TYPE":"PA","NAME_ENG":"La Florida","NAME":"La Florida","DESIG":"Parque Provincial","DESIG_ENG":"Provincial Park","DESIG_TYPE":"National","IUCN_CAT":"Ia","INT_CRIT":"Not Applicable","REALM":"Terrestrial","REP_M_AREA":0,"GIS_M_AREA":0,"REP_AREA":98.82,"GIS_AREA":93.368309316114,"NO_TAKE":"Not Applicable","NO_TK_AREA":0,"STATUS":"Designated","STATUS_YR":1936,"GOV_TYPE":"Sub-national ministry or agency","GOVSUBTYPE":"Not Applicable","OWN_TYPE":"Not Reported","OWNSUBTYPE":"Not Applicable","MANG_AUTH":"Not Reported","MANG_PLAN":"Not Reported","VERIF":"State Verified","METADATAID":1852,"PRNT_ISO3":"ARG","ISO3":"ARG","SUPP_INFO":"Not Applicable","CONS_OBJ":"Not Applicable","INLND_WTRS":"Not Reported","OECM_ASMT":"Not Applicable","layer":"WDPA_W~1","path":"C:/DATAS/PRO/GIS/ARGENT~1/RAW/WDPA_W~1/WDPA_W~1/WDPA_W~1.SHP"}},
{"type":"Feature","geometry":{"type":"Polygon","coordinates":[[[-65.657094,-27.094394],[-65.642735,-27.108408],[-65.602343,-27.104736],[-65.560789,-27.132276],[-65.550789,-27.104287],[-65.594387,-27.082704],[-65.637931,-27.088293],[-65.653645,-27.072299],[-65.657094,-27.094394]]]},"properties":{"fid":55,"SITE_ID":16885,"SITE_PID":"16885","SITE_TYPE":"PA","NAME_ENG":"Los Sosa","NAME":"Los Sosa","DESIG":"Reserva Natural","DESIG_ENG":"Nature Reserve","DESIG_TYPE":"National","IUCN_CAT":"VI","INT_CRIT":"Not Applicable","REALM":"Terrestrial","REP_M_AREA":0,"GIS_M_AREA":0,"REP_AREA":8.9,"GIS_AREA":26.9975118230736,"NO_TAKE":"Not Applicable","NO_TK_AREA":0,"STATUS":"Designated","STATUS_YR":1940,"GOV_TYPE":"Sub-national ministry or agency","GOVSUBTYPE":"Not Applicable","OWN_TYPE":"Not Reported","OWNSUBTYPE":"Not Applicable","MANG_AUTH":"Not Reported","MANG_PLAN":"Not Reported","VERIF":"State Verified","METADATAID":1852,"PRNT_ISO3":"ARG","ISO3":"ARG","SUPP_INFO":"Not Applicable","CONS_OBJ":"Not Applicable","INLND_WTRS":"Not Reported","OECM_ASMT":"Not Applicable","layer":"WDPA_W~1","path":"C:/DATAS/PRO/GIS/ARGENT~1/RAW/WDPA_W~1/WDPA_W~1/WDPA_W~1.SHP"}},
{"type":"Feature","geometry":{"type":"Polygon","coordinates":[[[-65.923799,-27.449404],[-65.892491,-27.487661],[-65.88303,-27.492194],[-65.877928,-27.500624],[-65.855358,-27.51228],[-65.741852,-27.510818],[-65.74267,-27.471894],[-65.78122,-27.47196],[-65.798738,-27.43825],[-65.788593,-27.42007],[-65.755883,-27.417421],[-65.803188,-27.38895],[-65.82645,-27.387035],[-65.856219,-27.409776],[-65.919471,-27.400744],[-65.923799,-27.449404]]]},"properties":{"fid":56,"SITE_ID":16886,"SITE_PID":"16886","SITE_TYPE":"PA","NAME_ENG":"Santa Ana","NAME":"Santa Ana","DESIG":"Reserva Natural","DESIG_ENG":"Nature Reserve","DESIG_TYPE":"National","IUCN_CAT":"VI","INT_CRIT":"Not Applicable","REALM":"Terrestrial","REP_M_AREA":0,"GIS_M_AREA":0,"REP_AREA":200,"GIS_AREA":172.609676568496,"NO_TAKE":"Not Applicable","NO_TK_AREA":0,"STATUS":"Designated","STATUS_YR":1951,"GOV_TYPE":"Sub-national ministry or agency","GOVSUBTYPE":"Not Applicable","OWN_TYPE":"Not Reported","OWNSUBTYPE":"Not Applicable","MANG_AUTH":"Not Reported","MANG_PLAN":"Not Reported","VERIF":"State Verified","METADATAID":1852,"PRNT_ISO3":"ARG","ISO3":"ARG","SUPP_INFO":"Not Applicable","CONS_OBJ":"Not Applicable","INLND_WTRS":"Not Reported","OECM_ASMT":"Not Applicable","layer":"WDPA_W~1","path":"C:/DATAS/PRO/GIS/ARGENT~1/RAW/WDPA_W~1/WDPA_W~1/WDPA_W~1.SHP"}},
{"type":"Feature","geometry":{"type":"Polygon","coordinates":[[[-64.89409,-42.818088],[-64.929512,-42.809462],[-64.927413,-42.850411],[-64.812023,-42.846241],[-64.878143,-42.838779],[-64.89409,-42.818088]]]},"properties":{"fid":57,"SITE_ID":16888,"SITE_PID":"16888","SITE_TYPE":"PA","NAME_ENG":"Punta Loma","NAME":"Punta Loma","DESIG":"Reserva Natural Turística","DESIG_ENG":"Tourist Nature Reserve","DESIG_TYPE":"National","IUCN_CAT":"IV","INT_CRIT":"Not Applicable","REALM":"Terrestrial","REP_M_AREA":0,"GIS_M_AREA":0,"REP_AREA":17.07,"GIS_AREA":17.1140755361689,"NO_TAKE":"Not Applicable","NO_TK_AREA":0,"STATUS":"Designated","STATUS_YR":1967,"GOV_TYPE":"Sub-national ministry or agency","GOVSUBTYPE":"Not Applicable","OWN_TYPE":"Not Reported","OWNSUBTYPE":"Not Applicable","MANG_AUTH":"Not Reported","MANG_PLAN":"Not Reported","VERIF":"State Verified","METADATAID":1852,"PRNT_ISO3":"ARG","ISO3":"ARG","SUPP_INFO":"Not Applicable","CONS_OBJ":"Not Applicable","INLND_WTRS":"Not Reported","OECM_ASMT":"Not Applicable","layer":"WDPA_W~1","path":"C:/DATAS/PRO/GIS/ARGENT~1/RAW/WDPA_W~1/WDPA_W~1/WDPA_W~1.SHP"}},
{"type":"Feature","geometry":{"type":"Polygon","coordinates":[[[-64.248403,-42.676284],[-64.243182,-42.777487],[-64.142591,-42.87136],[-63.728907,-42.808554],[-63.692692,-42.794782],[-63.674872,-42.781712],[-63.657798,-42.773165],[-63.65421,-42.770484],[-63.650816,-42.7689],[-63.649762,-42.768346],[-63.641635,-42.76391],[-63.635728,-42.758258],[-63.633807,-42.755114],[-63.632049,-42.751149],[-63.630557,-42.747141],[-63.629723,-42.739654],[-63.639756,-42.695478],[-63.581035,-42.598744],[-63.620728,-42.482756],[-63.621786,-42.354318],[-63.67147,-42.305356],[-63.656666,-42.306239],[-63.678653,-42.281893],[-63.669223,-42.254439],[-63.618899,-42.310845],[-63.616132,-42.442113],[-63.605736,-42.317534],[-63.752769,-42.075089],[-63.807746,-42.068793],[-63.89067,-42.084919],[-64.074546,-42.17561],[-64.108627,-42.180751],[-64.113517,-42.184746],[-64.133188,-42.188557],[-64.175361,-42.201638],[-64.200745,-42.20336],[-64.249823,-42.213079],[-64.294832,-42.216587],[-64.333088,-42.226157],[-64.353212,-42.228192],[-64.362389,-42.231578],[-64.372408,-42.231815],[-64.376869,-42.233575],[-64.376213,-42.236867],[-64.371265,-42.236797],[-64.366327,-42.23635],[-64.364082,-42.239713],[-64.359458,-42.241816],[-64.328984,-42.247035],[-64.297801,-42.245397],[-64.293735,-42.243168],[-64.291283,-42.239972],[-64.285799,-42.240927],[-64.281518,-42.241995],[-64.276166,-42.242764],[-64.271026,-42.242733],[-64.270229,-42.237062],[-64.265312,-42.235856],[-64.260305,-42.235639],[-64.249889,-42.235952],[-64.247615,-42.233276],[-64.243005,-42.232451],[-64.238521,-42.233986],[-64.234517,-42.236471],[-64.232575,-42.240119],[-64.230116,-42.24409],[-64.225057,-42.243446],[-64.220222,-42.239315],[-64.215063,-42.239989],[-64.210432,-42.239917],[-64.206291,-42.238249],[-64.184449,-42.245262],[-64.170422,-42.243106],[-64.166171,-42.240868],[-64.161303,-42.240225],[-64.157963,-42.237247],[-64.1529,-42.236324],[-64.147963,-42.237135],[-64.14263,-42.240725],[-64.137422,-42.241061],[-64.135229,-42.23822],[-64.130254,-42.238446],[-64.120536,-42.240652],[-64.105589,-42.24753],[-64.101004,-42.248567],[-64.090643,-42.24835],[-64.086804,-42.250424],[-64.081516,-42.256836],[-64.076454,-42.257731],[-64.072191,-42.25993],[-64.058435,-42.27261],[-64.05825,-42.276703],[-64.057661,-42.280255],[-64.055163,-42.283508],[-64.052959,-42.286899],[-64.052009,-42.290489],[-64.05159,-42.294356],[-64.047604,-42.299141],[-64.046607,-42.302286],[-64.044929,-42.306131],[-64.043794,-42.309851],[-64.044213,-42.313732],[-64.046934,-42.31694],[-64.05567,-42.321585],[-64.060361,-42.323179],[-64.064875,-42.32468],[-64.061204,-42.328937],[-64.059178,-42.332375],[-64.054082,-42.336118],[-64.049263,-42.336704],[-64.044142,-42.341203],[-64.043371,-42.344796],[-64.046149,-42.351968],[-64.047229,-42.35586],[-64.05062,-42.362685],[-64.052617,-42.366058],[-64.052801,-42.369846],[-64.054678,-42.373217],[-64.058307,-42.378221],[-64.062561,-42.380475],[-64.067018,-42.382019],[-64.071557,-42.382853],[-64.075224,-42.384695],[-64.080082,-42.386869],[-64.085241,-42.391052],[-64.089252,-42.395438],[-64.093828,-42.397072],[-64.098681,-42.401472],[-64.102573,-42.403896],[-64.107245,-42.408337],[-64.116387,-42.410046],[-64.114829,-42.413894],[-64.117154,-42.418518],[-64.12147,-42.420904],[-64.125245,-42.423281],[-64.129351,-42.42464],[-64.136062,-42.425328],[-64.138198,-42.422201],[-64.142927,-42.420764],[-64.147998,-42.42],[-64.152973,-42.420437],[-64.191296,-42.412753],[-64.208612,-42.418559],[-64.241635,-42.411032],[-64.246927,-42.410781],[-64.251751,-42.412324],[-64.256815,-42.411689],[-64.259825,-42.40933],[-64.264905,-42.408116],[-64.268505,-42.410486],[-64.273391,-42.411985],[-64.278268,-42.411613],[-64.283514,-42.410934],[-64.288515,-42.41043],[-64.293183,-42.408897],[-64.293336,-42.405471],[-64.303876,-42.400017],[-64.308878,-42.399423],[-64.313626,-42.406083],[-64.318215,-42.407486],[-64.322944,-42.408134],[-64.328521,-42.408527],[-64.337174,-42.413017],[-64.3387,-42.41669],[-64.343031,-42.418801],[-64.348131,-42.419097],[-64.353239,-42.419081],[-64.357954,-42.420307],[-64.368646,-42.415873],[-64.420045,-42.430436],[-64.425676,-42.43658],[-64.445697,-42.435184],[-64.450693,-42.433693],[-64.455438,-42.433201],[-64.459917,-42.434946],[-64.464976,-42.434444],[-64.470142,-42.434627],[-64.474801,-42.434142],[-64.47965,-42.43262],[-64.483844,-42.430376],[-64.487487,-42.427497],[-64.487495,-42.424072],[-64.482603,-42.419418],[-64.483058,-42.416149],[-64.487351,-42.413627],[-64.490091,-42.417009],[-64.492079,-42.42038],[-64.495193,-42.427401],[-64.493467,-42.499435],[-64.330676,-42.531617],[-64.303442,-42.558385],[-64.315812,-42.578758],[-64.280026,-42.572029],[-64.260865,-42.585022],[-64.2678,-42.61934],[-64.262989,-42.618616],[-64.261049,-42.615445],[-64.255981,-42.614504],[-64.250939,-42.61399],[-64.242117,-42.610072],[-64.221995,-42.612699],[-64.207329,-42.625206],[-64.210164,-42.629707],[-64.223572,-42.633833],[-64.222678,-42.637188],[-64.218886,-42.639448],[-64.219434,-42.643289],[-64.2252,-42.647262],[-64.227684,-42.649697],[-64.237696,-42.650411],[-64.248403,-42.676284]]]},"properties":{"fid":58,"SITE_ID":16889,"SITE_PID":"16889","SITE_TYPE":"PA","NAME_ENG":"Península de Valdés","NAME":"Península de Valdés","DESIG":"Reserva Natural Turística","DESIG_ENG":"Tourist Nature Reserve","DESIG_TYPE":"National","IUCN_CAT":"VI","INT_CRIT":"Not Applicable","REALM":"Terrestrial","REP_M_AREA":37.13,"GIS_M_AREA":51.2842122486968,"REP_AREA":8400,"GIS_AREA":3875.88418506553,"NO_TAKE":"Not Applicable","NO_TK_AREA":0,"STATUS":"Designated","STATUS_YR":1983,"GOV_TYPE":"Sub-national ministry or agency","GOVSUBTYPE":"Not Applicable","OWN_TYPE":"Not Reported","OWNSUBTYPE":"Not Applicable","MANG_AUTH":"Not Reported","MANG_PLAN":"Not Reported","VERIF":"State Verified","METADATAID":1852,"PRNT_ISO3":"ARG","ISO3":"ARG","SUPP_INFO":"Not Applicable","CONS_OBJ":"Not Applicable","INLND_WTRS":"Not Reported","OECM_ASMT":"Not Applicable","layer":"WDPA_W~1","path":"C:/DATAS/PRO/GIS/ARGENT~1/RAW/WDPA_W~1/WDPA_W~1/WDPA_W~1.SHP"}},
{"type":"Feature","geometry":{"type":"Polygon","coordinates":[[[-57.537753,-27.981],[-57.576653,-27.9771],[-57.628153,-28.0437],[-57.624753,-28.0825],[-57.660453,-28.105],[-57.652153,-28.2081],[-57.685753,-28.2571],[-57.725853,-28.276],[-57.781453,-28.3751],[-57.886753,-28.4274],[-57.970653,-28.4934],[-57.991353,-28.5284],[-58.008853,-28.5167],[-58.034753,-28.5232],[-58.033153,-28.5439],[-58.072553,-28.5568],[-58.103053,-28.5371],[-58.161599,-28.617159],[-58.291916,-28.69544],[-58.388176,-28.81869],[-58.551438,-28.935533],[-58.554953,-28.951701],[-58.533253,-28.970101],[-58.504453,-28.965801],[-58.453253,-28.996101],[-58.412331,-28.985839],[-58.378,-28.963024],[-58.369426,-28.937301],[-58.239381,-28.875852],[-58.200797,-28.807257],[-58.139347,-28.78725],[-58.11934,-28.721513],[-58.000728,-28.767243],[-57.942137,-28.77153],[-57.843531,-28.728658],[-57.762075,-28.730087],[-57.61631,-28.705793],[-57.513418,-28.652918],[-57.500144,-28.629997],[-57.484174,-28.627475],[-57.478291,-28.629997],[-57.470726,-28.632518],[-57.46064,-28.637561],[-57.312712,-28.612346],[-57.236227,-28.572002],[-57.228663,-28.56891],[-57.221324,-28.569596],[-57.215786,-28.564239],[-57.205103,-28.559283],[-57.199799,-28.549028],[-57.194932,-28.545869],[-57.175506,-28.57631],[-57.176946,-28.530023],[-57.133822,-28.536139],[-57.120379,-28.524793],[-57.108132,-28.51901],[-57.099627,-28.516596],[-57.087538,-28.511187],[-57.077964,-28.508398],[-57.056688,-28.499],[-57.04144,-28.483328],[-57.012247,-28.469844],[-56.920828,-28.395846],[-56.845959,-28.370501],[-56.744265,-28.25104],[-56.64031,-28.062186],[-56.500297,-27.922705],[-56.479549,-27.822519],[-56.476446,-27.682938],[-56.441609,-27.607489],[-56.555554,-27.56581],[-56.738161,-27.625848],[-56.865093,-27.636226],[-56.997411,-27.614003],[-57.149628,-27.553889],[-57.193351,-27.675533],[-57.2703,-27.775123],[-57.320811,-27.796873],[-57.429201,-27.900645],[-57.494754,-27.9252],[-57.537753,-27.981]]]},"properties":{"fid":59,"SITE_ID":16890,"SITE_PID":"16890","SITE_TYPE":"PA","NAME_ENG":"Iberá","NAME":"Iberá","DESIG":"Reserva Natural Provincial","DESIG_ENG":"Provincial Nature Reserve","DESIG_TYPE":"National","IUCN_CAT":"VI","INT_CRIT":"Not Applicable","REALM":"Terrestrial","REP_M_AREA":0,"GIS_M_AREA":0,"REP_AREA":13245,"GIS_AREA":11441.7954145078,"NO_TAKE":"Not Applicable","NO_TK_AREA":0,"STATUS":"Designated","STATUS_YR":1982,"GOV_TYPE":"Sub-national ministry or agency","GOVSUBTYPE":"Not Applicable","OWN_TYPE":"Not Reported","OWNSUBTYPE":"Not Applicable","MANG_AUTH":"Not Reported","MANG_PLAN":"Not Reported","VERIF":"State Verified","METADATAID":1852,"PRNT_ISO3":"ARG","ISO3":"ARG","SUPP_INFO":"Not Applicable","CONS_OBJ":"Not Applicable","INLND_WTRS":"Not Reported","OECM_ASMT":"Not Applicable","layer":"WDPA_W~1","path":"C:/DATAS/PRO/GIS/ARGENT~1/RAW/WDPA_W~1/WDPA_W~1/WDPA_W~1.SHP"}},
{"type":"Feature","geometry":{"type":"Polygon","coordinates":[[[-64.909883,-30.10523],[-64.945635,-29.965589],[-64.966651,-29.966027],[-64.980934,-30.041532],[-64.939242,-30.145696],[-64.909883,-30.10523]]]},"properties":{"fid":60,"SITE_ID":16892,"SITE_PID":"16892","SITE_TYPE":"PA","NAME_ENG":"Monte de las Barrancas","NAME":"Monte de las Barrancas","DESIG":"Refugio de Vida Silvestre","DESIG_ENG":"Wildlife Refuge","DESIG_TYPE":"National","IUCN_CAT":"VI","INT_CRIT":"Not Applicable","REALM":"Terrestrial","REP_M_AREA":0,"GIS_M_AREA":0,"REP_AREA":76.56,"GIS_AREA":76.5179635341516,"NO_TAKE":"Not Applicable","NO_TK_AREA":0,"STATUS":"Designated","STATUS_YR":1988,"GOV_TYPE":"Sub-national ministry or agency","GOVSUBTYPE":"Not Applicable","OWN_TYPE":"Not Reported","OWNSUBTYPE":"Not Applicable","MANG_AUTH":"Not Reported","MANG_PLAN":"Not Reported","VERIF":"State Verified","METADATAID":1852,"PRNT_ISO3":"ARG","ISO3":"ARG","SUPP_INFO":"Not Applicable","CONS_OBJ":"Not Applicable","INLND_WTRS":"Not Reported","OECM_ASMT":"Not Applicable","layer":"WDPA_W~1","path":"C:/DATAS/PRO/GIS/ARGENT~1/RAW/WDPA_W~1/WDPA_W~1/WDPA_W~1.SHP"}},
{"type":"Feature","geometry":{"type":"Polygon","coordinates":[[[-65.499425,-31.340161],[-65.470803,-31.399323],[-65.39112,-31.40038],[-65.410587,-31.341128],[-65.499425,-31.340161]]]},"properties":{"fid":61,"SITE_ID":16893,"SITE_PID":"16893","SITE_TYPE":"PA","NAME_ENG":"Chancani","NAME":"Chancani","DESIG":"Parque Natural Provincial y Reserva Forestal Natural","DESIG_ENG":"Provincial Nature Park and Natural Forest Reserve","DESIG_TYPE":"National","IUCN_CAT":"VI","INT_CRIT":"Not Applicable","REALM":"Terrestrial","REP_M_AREA":0,"GIS_M_AREA":0,"REP_AREA":49.6,"GIS_AREA":50.043353046701,"NO_TAKE":"Not Applicable","NO_TK_AREA":0,"STATUS":"Designated","STATUS_YR":1986,"GOV_TYPE":"Sub-national ministry or agency","GOVSUBTYPE":"Not Applicable","OWN_TYPE":"Not Reported","OWNSUBTYPE":"Not Applicable","MANG_AUTH":"Not Reported","MANG_PLAN":"Not Reported","VERIF":"State Verified","METADATAID":1852,"PRNT_ISO3":"ARG","ISO3":"ARG","SUPP_INFO":"Not Applicable","CONS_OBJ":"Not Applicable","INLND_WTRS":"Not Reported","OECM_ASMT":"Not Applicable","layer":"WDPA_W~1","path":"C:/DATAS/PRO/GIS/ARGENT~1/RAW/WDPA_W~1/WDPA_W~1/WDPA_W~1.SHP"}},
{"type":"Feature","geometry":{"type":"Polygon","coordinates":[[[-65.968171,-22.277329],[-65.978982,-22.278694],[-65.977211,-22.273458],[-65.97109,-22.266473],[-66.004623,-22.247477],[-65.991172,-22.282186],[-65.992214,-22.28655],[-66.011075,-22.295471],[-66.012846,-22.295859],[-66.015347,-22.29518],[-66.014607,-22.297409],[-66.014514,-22.297604],[-66.015764,-22.299447],[-66.023059,-22.30187],[-66.029043,-22.302782],[-66.039023,-22.309335],[-66.036738,-22.334001],[-66.044162,-22.358662],[-66.046624,-22.366178],[-66.04698,-22.37925],[-66.048005,-22.387087],[-66.04327,-22.394042],[-66.04452,-22.407602],[-66.032362,-22.425699],[-66.024094,-22.442437],[-66.017281,-22.445604],[-65.97398,-22.405344],[-65.968277,-22.389594],[-65.96781,-22.388303],[-65.965006,-22.38055],[-65.962543,-22.367624],[-65.962223,-22.365945],[-65.960991,-22.361532],[-65.957631,-22.349494],[-65.957059,-22.346095],[-65.955373,-22.336081],[-65.945009,-22.295417],[-65.953593,-22.270088],[-65.968171,-22.277329]]]},"properties":{"fid":62,"SITE_ID":16894,"SITE_PID":"16894_1","SITE_TYPE":"PA","NAME_ENG":"Laguna de los Pozuelos - Zona núcleo","NAME":"Laguna de los Pozuelos - Zona núcleo","DESIG":"Reserva de la Biósfera","DESIG_ENG":"UNESCO-MAB Biosphere Reserve","DESIG_TYPE":"International","IUCN_CAT":"Not Applicable","INT_CRIT":"Not Applicable","REALM":"Terrestrial","REP_M_AREA":0,"GIS_M_AREA":0,"REP_AREA":3640,"GIS_AREA":135.593022519591,"NO_TAKE":"Not Applicable","NO_TK_AREA":0,"STATUS":"Designated","STATUS_YR":1990,"GOV_TYPE":"Not Reported","GOVSUBTYPE":"Not Applicable","OWN_TYPE":"Not Reported","OWNSUBTYPE":"Not Applicable","MANG_AUTH":"Not Reported","MANG_PLAN":"Not Reported","VERIF":"State Verified","METADATAID":1852,"PRNT_ISO3":"ARG","ISO3":"ARG","SUPP_INFO":"Not Applicable","CONS_OBJ":"Not Applicable","INLND_WTRS":"Not Reported","OECM_ASMT":"Not Applicable","layer":"WDPA_W~1","path":"C:/DATAS/PRO/GIS/ARGENT~1/RAW/WDPA_W~1/WDPA_W~1/WDPA_W~1.SHP"}},
{"type":"Feature","geometry":{"type":"Polygon","coordinates":[[[-66.048848,-21.918413],[-66.043789,-21.872013],[-66.077476,-21.834905],[-66.12798,-21.817313],[-66.169525,-21.833912],[-66.16672,-21.855044],[-66.19503,-21.868219],[-66.183743,-21.892001],[-66.2149,-21.910451],[-66.259749,-21.911919],[-66.27267,-21.941306],[-66.217875,-22.005526],[-66.263165,-21.992254],[-66.278623,-22.003982],[-66.246251,-22.037178],[-66.23781,-22.071524],[-66.266194,-22.09789],[-66.274922,-22.214079],[-66.306161,-22.23251],[-66.232504,-22.290733],[-66.21838,-22.333008],[-66.226956,-22.36997],[-66.292374,-22.422683],[-66.275498,-22.507221],[-66.360772,-22.509693],[-66.35812,-22.583643],[-66.406573,-22.620499],[-66.36975,-22.678686],[-66.401253,-22.747271],[-66.455401,-22.76297],[-66.407238,-22.844964],[-66.341785,-22.876807],[-66.284766,-22.866356],[-66.162126,-22.779382],[-66.088076,-22.771518],[-66.031125,-22.790025],[-66.002643,-22.742493],[-65.940031,-22.687024],[-65.851791,-22.700171],[-65.826222,-22.663174],[-65.817765,-22.602425],[-65.780811,-22.589174],[-65.741085,-22.54158],[-65.752705,-22.401631],[-65.656298,-22.338073],[-65.636556,-22.287852],[-65.636597,-22.272007],[-65.701903,-22.251012],[-65.713332,-22.211418],[-65.702087,-22.16386],[-65.728648,-22.105028],[-65.805444,-22.074904],[-65.92579,-21.932941],[-66.048848,-21.918413]],[[-66.011075,-22.295471],[-65.992214,-22.28655],[-65.991172,-22.282186],[-66.004623,-22.247477],[-65.97109,-22.266473],[-65.977211,-22.273458],[-65.978982,-22.278694],[-65.968171,-22.277329],[-65.953593,-22.270088],[-65.945009,-22.295417],[-65.955373,-22.336081],[-65.957631,-22.349494],[-65.962223,-22.365945],[-65.965006,-22.38055],[-65.968277,-22.389594],[-65.97398,-22.405344],[-66.017281,-22.445604],[-66.024094,-22.442437],[-66.032362,-22.425699],[-66.04452,-22.407602],[-66.04327,-22.394042],[-66.048005,-22.387087],[-66.04698,-22.37925],[-66.046624,-22.366178],[-66.044162,-22.358662],[-66.036738,-22.334001],[-66.039023,-22.309335],[-66.029043,-22.302782],[-66.023059,-22.30187],[-66.015764,-22.299447],[-66.014514,-22.297604],[-66.014607,-22.297409],[-66.015347,-22.29518],[-66.012846,-22.295859],[-66.011075,-22.295471]]]},"properties":{"fid":63,"SITE_ID":16894,"SITE_PID":"16894_2","SITE_TYPE":"PA","NAME_ENG":"Laguna de los Pozuelos - Zona de amortiguamiento","NAME":"Laguna de los Pozuelos - Zona de amortiguamiento","DESIG":"Reserva de la Biósfera","DESIG_ENG":"UNESCO-MAB Biosphere Reserve","DESIG_TYPE":"International","IUCN_CAT":"Not Applicable","INT_CRIT":"Not Applicable","REALM":"Terrestrial","REP_M_AREA":0,"GIS_M_AREA":0,"REP_AREA":160,"GIS_AREA":5239.33981844782,"NO_TAKE":"Not Applicable","NO_TK_AREA":0,"STATUS":"Designated","STATUS_YR":1990,"GOV_TYPE":"Not Reported","GOVSUBTYPE":"Not Applicable","OWN_TYPE":"Not Reported","OWNSUBTYPE":"Not Applicable","MANG_AUTH":"Not Reported","MANG_PLAN":"Not Reported","VERIF":"State Verified","METADATAID":1852,"PRNT_ISO3":"ARG","ISO3":"ARG","SUPP_INFO":"Not Applicable","CONS_OBJ":"Not Applicable","INLND_WTRS":"Not Reported","OECM_ASMT":"Not Applicable","layer":"WDPA_W~1","path":"C:/DATAS/PRO/GIS/ARGENT~1/RAW/WDPA_W~1/WDPA_W~1/WDPA_W~1.SHP"}},
{"type":"Feature","geometry":{"type":"Polygon","coordinates":[[[-66.870237,-23.365874],[-66.876403,-23.436932],[-66.964833,-23.632491],[-66.980589,-23.816841],[-67.035884,-23.855962],[-66.996392,-23.885792],[-66.975886,-23.922087],[-66.972898,-23.924164],[-66.966343,-23.934283],[-66.959756,-23.942151],[-66.951636,-23.950128],[-66.94314,-23.960295],[-66.941038,-23.96857],[-66.942274,-23.97267],[-66.941235,-23.976094],[-66.936599,-23.979486],[-66.930618,-23.979873],[-66.898579,-23.973632],[-66.883003,-23.971895],[-66.879616,-23.975277],[-66.880418,-23.987567],[-66.881845,-24.004592],[-66.881003,-24.013006],[-66.877368,-24.01916],[-66.871328,-24.022689],[-66.862504,-24.03844],[-66.848567,-24.058617],[-66.836638,-24.071872],[-66.8069,-24.091016],[-66.800632,-24.095822],[-66.745767,-24.090639],[-66.723634,-24.132709],[-66.673689,-24.163789],[-66.673814,-24.124594],[-66.680328,-24.099382],[-66.690811,-23.721831],[-66.706745,-23.58001],[-66.657946,-23.533882],[-66.674966,-23.480501],[-66.666106,-23.364839],[-66.870237,-23.365874]]]},"properties":{"fid":64,"SITE_ID":16895,"SITE_PID":"16895","SITE_TYPE":"PA","NAME_ENG":"Olaroz Caucharí","NAME":"Olaroz Caucharí","DESIG":"Reserva Provincial de Fauna","DESIG_ENG":"Provincial Faunal Reserve","DESIG_TYPE":"National","IUCN_CAT":"VI","INT_CRIT":"Not Applicable","REALM":"Terrestrial","REP_M_AREA":0,"GIS_M_AREA":0,"REP_AREA":2057.21,"GIS_AREA":2092.96983338089,"NO_TAKE":"Not Applicable","NO_TK_AREA":0,"STATUS":"Designated","STATUS_YR":1981,"GOV_TYPE":"Sub-national ministry or agency","GOVSUBTYPE":"Not Applicable","OWN_TYPE":"Not Reported","OWNSUBTYPE":"Not Applicable","MANG_AUTH":"Not Reported","MANG_PLAN":"Not Reported","VERIF":"State Verified","METADATAID":1852,"PRNT_ISO3":"ARG","ISO3":"ARG","SUPP_INFO":"Not Applicable","CONS_OBJ":"Not Applicable","INLND_WTRS":"Not Reported","OECM_ASMT":"Not Applicable","layer":"WDPA_W~1","path":"C:/DATAS/PRO/GIS/ARGENT~1/RAW/WDPA_W~1/WDPA_W~1/WDPA_W~1.SHP"}},
{"type":"Feature","geometry":{"type":"Polygon","coordinates":[[[-66.495619,-48.43393],[-66.466737,-48.425044],[-66.448964,-48.413936],[-66.433413,-48.376168],[-66.344547,-48.376168],[-66.335661,-48.360616],[-66.360099,-48.35173],[-66.408975,-48.342843],[-66.486732,-48.358395],[-66.495619,-48.43393]]]},"properties":{"fid":65,"SITE_ID":16899,"SITE_PID":"16899","SITE_TYPE":"PA","NAME_ENG":"Bahía Laura","NAME":"Bahía Laura","DESIG":"Reserva Natural Intangible","DESIG_ENG":"Intangible Nature Reserve","DESIG_TYPE":"National","IUCN_CAT":"IV","INT_CRIT":"Not Applicable","REALM":"Coastal","REP_M_AREA":0,"GIS_M_AREA":37.0043535419557,"REP_AREA":16.57,"GIS_AREA":51.8397887685054,"NO_TAKE":"Not Reported","NO_TK_AREA":0,"STATUS":"Designated","STATUS_YR":1977,"GOV_TYPE":"Sub-national ministry or agency","GOVSUBTYPE":"Not Applicable","OWN_TYPE":"Not Reported","OWNSUBTYPE":"Not Applicable","MANG_AUTH":"Not Reported","MANG_PLAN":"Not Reported","VERIF":"State Verified","METADATAID":1852,"PRNT_ISO3":"ARG","ISO3":"ARG","SUPP_INFO":"Not Applicable","CONS_OBJ":"Not Applicable","INLND_WTRS":"Not Reported","OECM_ASMT":"Not Applicable","layer":"WDPA_W~1","path":"C:/DATAS/PRO/GIS/ARGENT~1/RAW/WDPA_W~1/WDPA_W~1/WDPA_W~1.SHP"}},
{"type":"Feature","geometry":{"type":"Polygon","coordinates":[[[-65.900312,-47.751328],[-65.991,-47.741585],[-66.009856,-47.722993],[-66.008408,-47.740118],[-66.046132,-47.747937],[-66.108619,-47.795354],[-66.290878,-47.861577],[-66.396577,-47.850496],[-66.457112,-47.873756],[-66.524719,-47.87151],[-66.450614,-47.879163],[-66.374866,-47.863779],[-66.303698,-47.878178],[-66.096311,-47.814446],[-66.009862,-47.754796],[-65.993898,-47.768495],[-65.900312,-47.751328]]]},"properties":{"fid":66,"SITE_ID":16900,"SITE_PID":"16900","SITE_TYPE":"PA","NAME_ENG":"Ría de Puerto Deseado","NAME":"Ría de Puerto Deseado","DESIG":"Reserva Natural Intangible","DESIG_ENG":"Intangible Nature Reserve","DESIG_TYPE":"National","IUCN_CAT":"VI","INT_CRIT":"Not Applicable","REALM":"Coastal","REP_M_AREA":0,"GIS_M_AREA":36.7848244843393,"REP_AREA":34.4,"GIS_AREA":75.553502671251,"NO_TAKE":"Not Reported","NO_TK_AREA":0,"STATUS":"Designated","STATUS_YR":1977,"GOV_TYPE":"Sub-national ministry or agency","GOVSUBTYPE":"Not Applicable","OWN_TYPE":"Not Reported","OWNSUBTYPE":"Not Applicable","MANG_AUTH":"Not Reported","MANG_PLAN":"Not Reported","VERIF":"State Verified","METADATAID":1852,"PRNT_ISO3":"ARG","ISO3":"ARG","SUPP_INFO":"Not Applicable","CONS_OBJ":"Not Applicable","INLND_WTRS":"Not Reported","OECM_ASMT":"Not Applicable","layer":"WDPA_W~1","path":"C:/DATAS/PRO/GIS/ARGENT~1/RAW/WDPA_W~1/WDPA_W~1/WDPA_W~1.SHP"}},
{"type":"Feature","geometry":{"type":"Polygon","coordinates":[[[-65.708384,-47.253354],[-65.699414,-47.226444],[-65.798085,-47.166644],[-65.816025,-47.127773],[-65.830975,-47.130763],[-65.830975,-47.163654],[-65.777155,-47.217474],[-65.708384,-47.253354]]]},"properties":{"fid":67,"SITE_ID":16901,"SITE_PID":"16901","SITE_TYPE":"PA","NAME_ENG":"Cabo Blanco","NAME":"Cabo Blanco","DESIG":"Reserva Natural Intangible","DESIG_ENG":"Intangible Nature Reserve","DESIG_TYPE":"National","IUCN_CAT":"IV","INT_CRIT":"Not Applicable","REALM":"Coastal","REP_M_AREA":0,"GIS_M_AREA":20.1217050750412,"REP_AREA":73.7,"GIS_AREA":36.5682784172701,"NO_TAKE":"Not Reported","NO_TK_AREA":0,"STATUS":"Designated","STATUS_YR":1977,"GOV_TYPE":"Sub-national ministry or agency","GOVSUBTYPE":"Not Applicable","OWN_TYPE":"Not Reported","OWNSUBTYPE":"Not Applicable","MANG_AUTH":"Not Reported","MANG_PLAN":"Not Reported","VERIF":"State Verified","METADATAID":1852,"PRNT_ISO3":"ARG","ISO3":"ARG","SUPP_INFO":"Not Applicable","CONS_OBJ":"Not Applicable","INLND_WTRS":"Not Reported","OECM_ASMT":"Not Applicable","layer":"WDPA_W~1","path":"C:/DATAS/PRO/GIS/ARGENT~1/RAW/WDPA_W~1/WDPA_W~1/WDPA_W~1.SHP"}},
{"type":"Feature","geometry":{"type":"Polygon","coordinates":[[[-62.27209,-39.830604],[-62.388828,-39.832365],[-62.399489,-40.16349],[-62.534471,-40.270287],[-62.538801,-40.362937],[-62.448605,-40.477882],[-62.531145,-40.48918],[-62.531015,-40.770642],[-62.272957,-40.776622],[-62.225651,-40.678687],[-62.175666,-40.643029],[-62.175327,-40.581681],[-62.422003,-40.460798],[-62.423509,-40.429638],[-62.492503,-40.332251],[-62.489308,-40.3052],[-62.466864,-40.280434],[-62.452064,-40.261248],[-62.428808,-40.248608],[-62.401714,-40.240282],[-62.383601,-40.229491],[-62.371948,-40.220159],[-62.340259,-40.18817],[-62.326096,-40.165578],[-62.327631,-40.155191],[-62.328637,-40.142808],[-62.340018,-40.118055],[-62.341903,-40.105253],[-62.345189,-40.095138],[-62.346709,-40.081955],[-62.343544,-40.072376],[-62.343503,-40.059145],[-62.341387,-40.05076],[-62.338741,-40.03998],[-62.331852,-40.007242],[-62.340836,-39.983619],[-62.344652,-39.97278],[-62.338186,-39.964417],[-62.339446,-39.957521],[-62.32198,-39.933891],[-62.330759,-39.859516],[-62.27664,-39.854241],[-62.27209,-39.830604]]]},"properties":{"fid":68,"SITE_ID":19602,"SITE_PID":"19602","SITE_TYPE":"PA","NAME_ENG":"Bahía San Blas","NAME":"Bahia San Blas","DESIG":"Refugio de Vida Silvestre","DESIG_ENG":"Wildlife Refuge","DESIG_TYPE":"National","IUCN_CAT":"VI","INT_CRIT":"Not Applicable","REALM":"Terrestrial","REP_M_AREA":0,"GIS_M_AREA":27.4186274089727,"REP_AREA":1219.13,"GIS_AREA":1220.51801049081,"NO_TAKE":"Not Applicable","NO_TK_AREA":0,"STATUS":"Designated","STATUS_YR":2001,"GOV_TYPE":"Not Reported","GOVSUBTYPE":"Not Applicable","OWN_TYPE":"Not Reported","OWNSUBTYPE":"Not Applicable","MANG_AUTH":"Not Reported","MANG_PLAN":"Not Reported","VERIF":"State Verified","METADATAID":1852,"PRNT_ISO3":"ARG","ISO3":"ARG","SUPP_INFO":"Not Applicable","CONS_OBJ":"Not Applicable","INLND_WTRS":"Not Reported","OECM_ASMT":"Not Applicable","layer":"WDPA_W~1","path":"C:/DATAS/PRO/GIS/ARGENT~1/RAW/WDPA_W~1/WDPA_W~1/WDPA_W~1.SHP"}},
{"type":"Feature","geometry":{"type":"Polygon","coordinates":[[[-65.574879,-44.898327],[-65.575178,-44.906671],[-65.574493,-44.907551],[-65.536461,-44.92676],[-65.54486,-44.913309],[-65.557081,-44.914511],[-65.561245,-44.906618],[-65.572445,-44.904795],[-65.570427,-44.901122],[-65.571402,-44.899845],[-65.572656,-44.898897],[-65.574879,-44.898327]]]},"properties":{"fid":69,"SITE_ID":19603,"SITE_PID":"19603","SITE_TYPE":"PA","NAME_ENG":"Cabo dos Bahías","NAME":"Cabo dos Bahías","DESIG":"Reserva Natural Turística","DESIG_ENG":"Tourist Nature Reserve","DESIG_TYPE":"National","IUCN_CAT":"IV","INT_CRIT":"Not Applicable","REALM":"Terrestrial","REP_M_AREA":0,"GIS_M_AREA":0.077263383196489,"REP_AREA":1.6,"GIS_AREA":1.94109082527844,"NO_TAKE":"Not Applicable","NO_TK_AREA":0,"STATUS":"Designated","STATUS_YR":1973,"GOV_TYPE":"Sub-national ministry or agency","GOVSUBTYPE":"Not Applicable","OWN_TYPE":"Not Reported","OWNSUBTYPE":"Not Applicable","MANG_AUTH":"Not Reported","MANG_PLAN":"Not Reported","VERIF":"State Verified","METADATAID":1852,"PRNT_ISO3":"ARG","ISO3":"ARG","SUPP_INFO":"Not Applicable","CONS_OBJ":"Not Applicable","INLND_WTRS":"Not Reported","OECM_ASMT":"Not Applicable","layer":"WDPA_W~1","path":"C:/DATAS/PRO/GIS/ARGENT~1/RAW/WDPA_W~1/WDPA_W~1/WDPA_W~1.SHP"}},
{"type":"Feature","geometry":{"type":"Polygon","coordinates":[[[-57.716664,-34.927901],[-57.939529,-35.113138],[-57.721479,-35.248328],[-57.555761,-35.313743],[-57.520874,-35.313743],[-57.385683,-35.392241],[-57.359517,-35.427129],[-57.357772,-35.517838],[-57.298463,-35.591102],[-57.448481,-35.835318],[-57.469414,-35.939982],[-57.458947,-36.086511],[-57.367541,-36.465394],[-57.317302,-36.515633],[-57.186124,-36.468185],[-57.113557,-36.465394],[-57.096811,-36.473767],[-57.074482,-36.498887],[-57.001915,-36.482141],[-56.940513,-36.431902],[-56.837244,-36.415156],[-56.809334,-36.387245],[-56.742349,-36.387245],[-56.798638,-36.32656],[-56.795379,-36.323052],[-56.805302,-36.323385],[-56.812058,-36.324877],[-56.818397,-36.325015],[-56.833236,-36.327903],[-56.853337,-36.323592],[-56.858725,-36.328524],[-56.861129,-36.330015],[-56.866061,-36.322308],[-56.871573,-36.323551],[-56.873065,-36.328897],[-56.877209,-36.330058],[-56.879016,-36.329972],[-56.881832,-36.330113],[-56.887973,-36.330815],[-56.891574,-36.33312],[-56.900118,-36.333479],[-56.90334,-36.334847],[-56.9053,-36.337942],[-56.914269,-36.338297],[-56.913976,-36.33747],[-56.914472,-36.336765],[-56.916108,-36.33597],[-56.918301,-36.336001],[-56.920621,-36.334198],[-56.92296,-36.334731],[-56.927702,-36.332],[-56.932641,-36.333648],[-56.943737,-36.333753],[-56.94623,-36.334411],[-56.949345,-36.33319],[-56.952196,-36.335353],[-56.953263,-36.332627],[-56.95373,-36.332752],[-56.956638,-36.33281],[-56.960447,-36.333145],[-56.96189,-36.331576],[-56.970622,-36.330658],[-56.976005,-36.331354],[-56.978574,-36.332841],[-56.982289,-36.32992],[-56.989337,-36.329569],[-56.995364,-36.327989],[-56.999842,-36.32794],[-57.006482,-36.325857],[-57.009981,-36.325192],[-57.015937,-36.323733],[-57.107958,-36.276881],[-57.135885,-36.258858],[-57.20015,-36.203711],[-57.231767,-36.175298],[-57.243983,-36.162109],[-57.25025,-36.156707],[-57.260993,-36.144052],[-57.270596,-36.134929],[-57.280568,-36.126676],[-57.282276,-36.122368],[-57.293069,-36.10454],[-57.293676,-36.101595],[-57.296028,-36.099652],[-57.30035,-36.096493],[-57.303347,-36.094187],[-57.317518,-36.071545],[-57.319534,-36.064051],[-57.324894,-36.059761],[-57.329018,-36.052868],[-57.33033,-36.049004],[-57.330465,-36.048214],[-57.33196,-36.045414],[-57.332267,-36.043858],[-57.333722,-36.043206],[-57.333642,-36.044598],[-57.334449,-36.047404],[-57.33494,-36.050236],[-57.350869,-36.028202],[-57.354745,-36.020288],[-57.349952,-36.017995],[-57.356075,-36.011416],[-57.354296,-36.009832],[-57.359756,-35.999402],[-57.360833,-35.996678],[-57.360713,-35.995487],[-57.36183,-35.991672],[-57.363461,-35.986929],[-57.367576,-35.978197],[-57.369517,-35.976783],[-57.370483,-35.971503],[-57.371104,-35.969587],[-57.374529,-35.959204],[-57.370635,-35.955469],[-57.369638,-35.954474],[-57.369163,-35.950541],[-57.384858,-35.90712],[-57.384296,-35.899489],[-57.385155,-35.891642],[-57.384886,-35.881769],[-57.384612,-35.874558],[-57.386409,-35.862932],[-57.382805,-35.841797],[-57.384804,-35.834556],[-57.384299,-35.829519],[-57.363785,-35.746829],[-57.357275,-35.737691],[-57.349677,-35.72701],[-57.348144,-35.724464],[-57.347375,-35.716698],[-57.343871,-35.714801],[-57.343236,-35.714457],[-57.342098,-35.713272],[-57.340767,-35.712969],[-57.340107,-35.711191],[-57.329613,-35.698859],[-57.324392,-35.694415],[-57.296769,-35.657833],[-57.294377,-35.655834],[-57.291689,-35.651901],[-57.288082,-35.64769],[-57.285047,-35.644394],[-57.282005,-35.639918],[-57.278762,-35.635409],[-57.272641,-35.627459],[-57.259461,-35.610128],[-57.255881,-35.604064],[-57.242449,-35.587165],[-57.237942,-35.584321],[-57.238086,-35.581039],[-57.230551,-35.572201],[-57.223731,-35.567551],[-57.220024,-35.562221],[-57.200959,-35.543219],[-57.189424,-35.532817],[-57.185773,-35.52532],[-57.167982,-35.508418],[-57.152796,-35.495184],[-57.146469,-35.481941],[-57.141127,-35.475366],[-57.138908,-35.465613],[-57.130972,-35.451405],[-57.126617,-35.44513],[-57.127998,-35.424936],[-57.135376,-35.41409],[-57.143139,-35.396777],[-57.150469,-35.383088],[-57.15955,-35.372964],[-57.170285,-35.36041],[-57.17496,-35.347934],[-57.187797,-35.330911],[-57.197236,-35.313846],[-57.210396,-35.295322],[-57.223803,-35.278158],[-57.239936,-35.256668],[-57.249325,-35.255223],[-57.293579,-35.218848],[-57.307534,-35.194427],[-57.356377,-35.142095],[-57.373821,-35.135117],[-57.413,-35.105385],[-57.43611,-35.095217],[-57.439317,-35.087221],[-57.451363,-35.080426],[-57.470479,-35.061168],[-57.48649,-35.055005],[-57.49712,-35.039291],[-57.52035,-35.023476],[-57.572458,-35.008786],[-57.656413,-34.943233],[-57.716664,-34.927901]]]},"properties":{"fid":70,"SITE_ID":19604,"SITE_PID":"19604","SITE_TYPE":"PA","NAME_ENG":"Bahía de Samborombón","NAME":"Bahía de Samborombón","DESIG":"Reserva Natural Integral","DESIG_ENG":"Integral Nature Reserve","DESIG_TYPE":"National","IUCN_CAT":"VI","INT_CRIT":"Not Applicable","REALM":"Terrestrial","REP_M_AREA":0,"GIS_M_AREA":23.2742116065511,"REP_AREA":4023.51,"GIS_AREA":3871.70509745243,"NO_TAKE":"Not Applicable","NO_TK_AREA":0,"STATUS":"Designated","STATUS_YR":1997,"GOV_TYPE":"Sub-national ministry or agency","GOVSUBTYPE":"Not Applicable","OWN_TYPE":"Not Reported","OWNSUBTYPE":"Not Applicable","MANG_AUTH":"Not Reported","MANG_PLAN":"Not Reported","VERIF":"State Verified","METADATAID":1852,"PRNT_ISO3":"ARG","ISO3":"ARG","SUPP_INFO":"Not Applicable","CONS_OBJ":"Not Applicable","INLND_WTRS":"Not Reported","OECM_ASMT":"Not Applicable","layer":"WDPA_W~1","path":"C:/DATAS/PRO/GIS/ARGENT~1/RAW/WDPA_W~1/WDPA_W~1/WDPA_W~1.SHP"}},
{"type":"Feature","geometry":{"type":"Polygon","coordinates":[[[-59.678577,-29.914161],[-59.64817,-29.907315],[-59.677652,-29.866445],[-59.70225,-29.866237],[-59.678577,-29.914161]]]},"properties":{"fid":71,"SITE_ID":19605,"SITE_PID":"19605","SITE_TYPE":"PA","NAME_ENG":"Del Medio - Los Caballos","NAME":"Del Medio - Los Caballos","DESIG":"Parque Natural Provincial","DESIG_ENG":"Provincial Nature Park","DESIG_TYPE":"National","IUCN_CAT":"II","INT_CRIT":"Not Applicable","REALM":"Terrestrial","REP_M_AREA":0,"GIS_M_AREA":0,"REP_AREA":20.5,"GIS_AREA":15.9997926480632,"NO_TAKE":"Not Applicable","NO_TK_AREA":0,"STATUS":"Designated","STATUS_YR":1970,"GOV_TYPE":"Sub-national ministry or agency","GOVSUBTYPE":"Not Applicable","OWN_TYPE":"Not Reported","OWNSUBTYPE":"Not Applicable","MANG_AUTH":"Not Reported","MANG_PLAN":"Not Reported","VERIF":"State Verified","METADATAID":1852,"PRNT_ISO3":"ARG","ISO3":"ARG","SUPP_INFO":"Not Applicable","CONS_OBJ":"Not Applicable","INLND_WTRS":"Not Reported","OECM_ASMT":"Not Applicable","layer":"WDPA_W~1","path":"C:/DATAS/PRO/GIS/ARGENT~1/RAW/WDPA_W~1/WDPA_W~1/WDPA_W~1.SHP"}},
{"type":"Feature","geometry":{"type":"Polygon","coordinates":[[[-66.258993,-37.286723],[-66.255761,-37.387624],[-66.176255,-37.387787],[-66.161677,-37.338806],[-66.179735,-37.338776],[-66.179597,-37.288329],[-66.258993,-37.286723]]]},"properties":{"fid":72,"SITE_ID":19606,"SITE_PID":"19606","SITE_TYPE":"PA","NAME_ENG":"La Reforma","NAME":"La Reforma","DESIG":"Reserva Natural","DESIG_ENG":"Nature Reserve","DESIG_TYPE":"National","IUCN_CAT":"VI","INT_CRIT":"Not Applicable","REALM":"Terrestrial","REP_M_AREA":0,"GIS_M_AREA":0,"REP_AREA":50,"GIS_AREA":82.935882904933,"NO_TAKE":"Not Applicable","NO_TK_AREA":0,"STATUS":"Designated","STATUS_YR":1974,"GOV_TYPE":"Sub-national ministry or agency","GOVSUBTYPE":"Not Applicable","OWN_TYPE":"Not Reported","OWNSUBTYPE":"Not Applicable","MANG_AUTH":"Not Reported","MANG_PLAN":"Not Reported","VERIF":"State Verified","METADATAID":1852,"PRNT_ISO3":"ARG","ISO3":"ARG","SUPP_INFO":"Not Applicable","CONS_OBJ":"Not Applicable","INLND_WTRS":"Not Reported","OECM_ASMT":"Not Applicable","layer":"WDPA_W~1","path":"C:/DATAS/PRO/GIS/ARGENT~1/RAW/WDPA_W~1/WDPA_W~1/WDPA_W~1.SHP"}},
{"type":"Feature","geometry":{"type":"Polygon","coordinates":[[[-65.427614,-26.814693],[-65.401817,-26.815089],[-65.387968,-26.783332],[-65.352136,-26.775122],[-65.344196,-26.693575],[-65.37657,-26.611707],[-65.418396,-26.642576],[-65.410039,-26.743173],[-65.427614,-26.814693]]]},"properties":{"fid":73,"SITE_ID":19611,"SITE_PID":"19611","SITE_TYPE":"PA","NAME_ENG":"Sierra de San Javier","NAME":"Sierra de San Javier","DESIG":"Parque Universitario","DESIG_ENG":"University Park","DESIG_TYPE":"National","IUCN_CAT":"II","INT_CRIT":"Not Applicable","REALM":"Terrestrial","REP_M_AREA":0,"GIS_M_AREA":0,"REP_AREA":141.74,"GIS_AREA":121.281620539286,"NO_TAKE":"Not Applicable","NO_TK_AREA":0,"STATUS":"Designated","STATUS_YR":1973,"GOV_TYPE":"Sub-national ministry or agency","GOVSUBTYPE":"Not Applicable","OWN_TYPE":"Not Reported","OWNSUBTYPE":"Not Applicable","MANG_AUTH":"Not Reported","MANG_PLAN":"Not Reported","VERIF":"State Verified","METADATAID":1852,"PRNT_ISO3":"ARG","ISO3":"ARG","SUPP_INFO":"Not Applicable","CONS_OBJ":"Not Applicable","INLND_WTRS":"Not Reported","OECM_ASMT":"Not Applicable","layer":"WDPA_W~1","path":"C:/DATAS/PRO/GIS/ARGENT~1/RAW/WDPA_W~1/WDPA_W~1/WDPA_W~1.SHP"}},
{"type":"Feature","geometry":{"type":"Polygon","coordinates":[[[-65.230974,-44.044704],[-65.21882,-44.059534],[-65.187474,-44.038068],[-65.230974,-44.044704]]]},"properties":{"fid":74,"SITE_ID":19612,"SITE_PID":"19612","SITE_TYPE":"PA","NAME_ENG":"Punta Tombo","NAME":"Punta Tombo","DESIG":"Reserva Natural Turística","DESIG_ENG":"Tourist Nature Reserve","DESIG_TYPE":"National","IUCN_CAT":"IV","INT_CRIT":"Not Applicable","REALM":"Coastal","REP_M_AREA":0,"GIS_M_AREA":0.658376865541211,"REP_AREA":2.1,"GIS_AREA":2.37023580847288,"NO_TAKE":"Not Reported","NO_TK_AREA":0,"STATUS":"Designated","STATUS_YR":1972,"GOV_TYPE":"Sub-national ministry or agency","GOVSUBTYPE":"Not Applicable","OWN_TYPE":"Not Reported","OWNSUBTYPE":"Not Applicable","MANG_AUTH":"Not Reported","MANG_PLAN":"Not Reported","VERIF":"State Verified","METADATAID":1852,"PRNT_ISO3":"ARG","ISO3":"ARG","SUPP_INFO":"Not Applicable","CONS_OBJ":"Not Applicable","INLND_WTRS":"Not Reported","OECM_ASMT":"Not Applicable","layer":"WDPA_W~1","path":"C:/DATAS/PRO/GIS/ARGENT~1/RAW/WDPA_W~1/WDPA_W~1/WDPA_W~1.SHP"}},
{"type":"Feature","geometry":{"type":"Polygon","coordinates":[[[-64.308993,-36.877962],[-64.304578,-36.964932],[-64.243443,-36.967045],[-64.240395,-36.936988],[-64.174418,-36.933992],[-64.177092,-36.874011],[-64.308993,-36.877962]]]},"properties":{"fid":75,"SITE_ID":19616,"SITE_PID":"19616","SITE_TYPE":"PA","NAME_ENG":"Parque Luro","NAME":"Parque Luro","DESIG":"Reserva Flora y Fauna con Recursos Manejados","DESIG_ENG":"Flora and Fauna Reserve with Managed Resources","DESIG_TYPE":"National","IUCN_CAT":"VI","INT_CRIT":"Not Applicable","REALM":"Terrestrial","REP_M_AREA":0,"GIS_M_AREA":0,"REP_AREA":76.08,"GIS_AREA":96.7723937575204,"NO_TAKE":"Not Applicable","NO_TK_AREA":0,"STATUS":"Designated","STATUS_YR":1967,"GOV_TYPE":"Sub-national ministry or agency","GOVSUBTYPE":"Not Applicable","OWN_TYPE":"Not Reported","OWNSUBTYPE":"Not Applicable","MANG_AUTH":"Not Reported","MANG_PLAN":"Not Reported","VERIF":"State Verified","METADATAID":1852,"PRNT_ISO3":"ARG","ISO3":"ARG","SUPP_INFO":"Not Applicable","CONS_OBJ":"Not Applicable","INLND_WTRS":"Not Reported","OECM_ASMT":"Not Applicable","layer":"WDPA_W~1","path":"C:/DATAS/PRO/GIS/ARGENT~1/RAW/WDPA_W~1/WDPA_W~1/WDPA_W~1.SHP"}},
{"type":"Feature","geometry":{"type":"Polygon","coordinates":[[[-60.172163,-31.234052],[-60.153326,-31.217311],[-60.170354,-31.225233],[-60.186468,-31.225667],[-60.172163,-31.234052]]]},"properties":{"fid":76,"SITE_ID":19618,"SITE_PID":"19618","SITE_TYPE":"PA","NAME_ENG":"Cayastá","NAME":"Cayastá","DESIG":"Parque Natural Provincial","DESIG_ENG":"Provincial Nature Park","DESIG_TYPE":"National","IUCN_CAT":"II","INT_CRIT":"Not Applicable","REALM":"Terrestrial","REP_M_AREA":0,"GIS_M_AREA":0,"REP_AREA":3,"GIS_AREA":3.70166233571762,"NO_TAKE":"Not Applicable","NO_TK_AREA":0,"STATUS":"Designated","STATUS_YR":1970,"GOV_TYPE":"Sub-national ministry or agency","GOVSUBTYPE":"Not Applicable","OWN_TYPE":"Not Reported","OWNSUBTYPE":"Not Applicable","MANG_AUTH":"Not Reported","MANG_PLAN":"Not Reported","VERIF":"State Verified","METADATAID":1852,"PRNT_ISO3":"ARG","ISO3":"ARG","SUPP_INFO":"Not Applicable","CONS_OBJ":"Not Applicable","INLND_WTRS":"Not Reported","OECM_ASMT":"Not Applicable","layer":"WDPA_W~1","path":"C:/DATAS/PRO/GIS/ARGENT~1/RAW/WDPA_W~1/WDPA_W~1/WDPA_W~1.SHP"}},
{"type":"Feature","geometry":{"type":"MultiPolygon","coordinates":[[[[-69.53745,-33.233968],[-69.5375,-33.24579],[-69.601478,-33.245497],[-69.601999,-33.328799],[-69.572621,-33.328938],[-69.553348,-33.353979],[-69.537327,-33.345116],[-69.526259,-33.369696],[-69.489411,-33.327381],[-69.450033,-33.309309],[-69.447795,-33.279426],[-69.53745,-33.233968]]],[[[-69.514668,-33.03335],[-69.873751,-32.878977],[-70.054198,-32.851871],[-69.988739,-32.894336],[-69.999728,-32.943945],[-70.029159,-32.965876],[-70.028526,-33.018512],[-70.078361,-33.026291],[-70.093772,-33.05264],[-70.070351,-33.072773],[-70.074951,-33.122427],[-70.051129,-33.136606],[-70.066452,-33.157182],[-70.063293,-33.207091],[-70.025847,-33.237365],[-70.036703,-33.270019],[-70.008222,-33.285006],[-70.00839,-33.316494],[-69.970603,-33.31067],[-69.917436,-33.267074],[-69.840349,-33.271441],[-69.800232,-33.287037],[-69.772075,-33.35373],[-69.677914,-33.365475],[-69.677505,-33.306186],[-69.690337,-33.309352],[-69.743652,-33.198824],[-69.681076,-33.216587],[-69.680938,-33.198671],[-69.660237,-33.198783],[-69.659896,-33.153226],[-69.611213,-33.153475],[-69.514668,-33.03335]]]]},"properties":{"fid":77,"SITE_ID":19621,"SITE_PID":"19621","SITE_TYPE":"PA","NAME_ENG":"Volcán Tupungato","NAME":"Volcán Tupungato","DESIG":"Parque Provincial","DESIG_ENG":"Provincial Park","DESIG_TYPE":"National","IUCN_CAT":"II","INT_CRIT":"Not Applicable","REALM":"Terrestrial","REP_M_AREA":0,"GIS_M_AREA":0,"REP_AREA":1500,"GIS_AREA":1857.34369626468,"NO_TAKE":"Not Applicable","NO_TK_AREA":0,"STATUS":"Designated","STATUS_YR":1985,"GOV_TYPE":"Sub-national ministry or agency","GOVSUBTYPE":"Not Applicable","OWN_TYPE":"Not Reported","OWNSUBTYPE":"Not Applicable","MANG_AUTH":"Not Reported","MANG_PLAN":"Not Reported","VERIF":"State Verified","METADATAID":1852,"PRNT_ISO3":"ARG","ISO3":"ARG","SUPP_INFO":"Not Applicable","CONS_OBJ":"Not Applicable","INLND_WTRS":"Not Reported","OECM_ASMT":"Not Applicable","layer":"WDPA_W~1","path":"C:/DATAS/PRO/GIS/ARGENT~1/RAW/WDPA_W~1/WDPA_W~1/WDPA_W~1.SHP"}},
{"type":"Feature","geometry":{"type":"Polygon","coordinates":[[[-58.984926,-24.867216],[-58.93885,-24.866895],[-58.939424,-24.801666],[-58.928071,-24.801498],[-58.928933,-24.702843],[-58.9621,-24.693367],[-58.973945,-24.693367],[-58.97339,-24.761717],[-58.949887,-24.777076],[-58.949705,-24.798741],[-58.985482,-24.798988],[-58.984926,-24.867216]]]},"properties":{"fid":78,"SITE_ID":19633,"SITE_PID":"19633","SITE_TYPE":"PA","NAME_ENG":"Agua Dulce","NAME":"Agua Dulce","DESIG":"Reserva de Caza","DESIG_ENG":"Hunting Reserve","DESIG_TYPE":"National","IUCN_CAT":"VI","INT_CRIT":"Not Applicable","REALM":"Terrestrial","REP_M_AREA":0,"GIS_M_AREA":0,"REP_AREA":90.1402,"GIS_AREA":79.2995841161265,"NO_TAKE":"Not Applicable","NO_TK_AREA":0,"STATUS":"Designated","STATUS_YR":1970,"GOV_TYPE":"Not Reported","GOVSUBTYPE":"Not Applicable","OWN_TYPE":"Not Reported","OWNSUBTYPE":"Not Applicable","MANG_AUTH":"Not Reported","MANG_PLAN":"Not Reported","VERIF":"State Verified","METADATAID":1852,"PRNT_ISO3":"ARG","ISO3":"ARG","SUPP_INFO":"Not Applicable","CONS_OBJ":"Not Applicable","INLND_WTRS":"Not Reported","OECM_ASMT":"Not Applicable","layer":"WDPA_W~1","path":"C:/DATAS/PRO/GIS/ARGENT~1/RAW/WDPA_W~1/WDPA_W~1/WDPA_W~1.SHP"}},
{"type":"Feature","geometry":{"type":"Polygon","coordinates":[[[-58.434008,-25.626832],[-58.438767,-25.614538],[-58.407761,-25.612276],[-58.407621,-25.601481],[-58.443777,-25.589249],[-58.478066,-25.60571],[-58.434008,-25.626832]]]},"properties":{"fid":79,"SITE_ID":19634,"SITE_PID":"19634","SITE_TYPE":"PA","NAME_ENG":"Laguna Hu","NAME":"Laguna Hu","DESIG":"Reserva de Caza","DESIG_ENG":"Hunting Reserve","DESIG_TYPE":"National","IUCN_CAT":"VI","INT_CRIT":"Not Applicable","REALM":"Terrestrial","REP_M_AREA":0,"GIS_M_AREA":0,"REP_AREA":18,"GIS_AREA":14.3082937033794,"NO_TAKE":"Not Applicable","NO_TK_AREA":0,"STATUS":"Designated","STATUS_YR":1970,"GOV_TYPE":"Sub-national ministry or agency","GOVSUBTYPE":"Not Applicable","OWN_TYPE":"Not Reported","OWNSUBTYPE":"Not Applicable","MANG_AUTH":"Not Reported","MANG_PLAN":"Not Reported","VERIF":"State Verified","METADATAID":1852,"PRNT_ISO3":"ARG","ISO3":"ARG","SUPP_INFO":"Not Applicable","CONS_OBJ":"Not Applicable","INLND_WTRS":"Not Reported","OECM_ASMT":"Not Applicable","layer":"WDPA_W~1","path":"C:/DATAS/PRO/GIS/ARGENT~1/RAW/WDPA_W~1/WDPA_W~1/WDPA_W~1.SHP"}},
{"type":"Feature","geometry":{"type":"Polygon","coordinates":[[[-64.463632,-43.065286],[-64.429015,-43.053798],[-64.432962,-43.044643],[-64.463632,-43.065286]]]},"properties":{"fid":80,"SITE_ID":20190,"SITE_PID":"20190","SITE_TYPE":"PA","NAME_ENG":"Punta León","NAME":"Punta León","DESIG":"Reserva Natural Turística","DESIG_ENG":"Tourist Nature Reserve","DESIG_TYPE":"National","IUCN_CAT":"Not Reported","INT_CRIT":"Not Applicable","REALM":"Coastal","REP_M_AREA":0,"GIS_M_AREA":1.92693688452697,"REP_AREA":1.5,"GIS_AREA":3.4104563756841,"NO_TAKE":"Not Reported","NO_TK_AREA":0,"STATUS":"Designated","STATUS_YR":1985,"GOV_TYPE":"Sub-national ministry or agency","GOVSUBTYPE":"Not Applicable","OWN_TYPE":"Not Reported","OWNSUBTYPE":"Not Applicable","MANG_AUTH":"Not Reported","MANG_PLAN":"Not Reported","VERIF":"State Verified","METADATAID":1852,"PRNT_ISO3":"ARG","ISO3":"ARG","SUPP_INFO":"Not Applicable","CONS_OBJ":"Not Applicable","INLND_WTRS":"Not Reported","OECM_ASMT":"Not Applicable","layer":"WDPA_W~1","path":"C:/DATAS/PRO/GIS/ARGENT~1/RAW/WDPA_W~1/WDPA_W~1/WDPA_W~1.SHP"}},
{"type":"Feature","geometry":{"type":"Polygon","coordinates":[[[-58.248007,-34.174939],[-58.258266,-34.181706],[-58.252288,-34.191334],[-58.248007,-34.174939]]]},"properties":{"fid":81,"SITE_ID":20194,"SITE_PID":"20194","SITE_TYPE":"PA","NAME_ENG":"Isla Martin Garcia","NAME":"Isla Martin Garcia","DESIG":"Reserva Natural de Uso Múltiple","DESIG_ENG":"Multiple Use Nature Reserve","DESIG_TYPE":"National","IUCN_CAT":"VI","INT_CRIT":"Not Applicable","REALM":"Terrestrial","REP_M_AREA":0,"GIS_M_AREA":0.081943440934271,"REP_AREA":1.9,"GIS_AREA":1.93510349504142,"NO_TAKE":"Not Applicable","NO_TK_AREA":0,"STATUS":"Designated","STATUS_YR":1969,"GOV_TYPE":"Sub-national ministry or agency","GOVSUBTYPE":"Not Applicable","OWN_TYPE":"Not Reported","OWNSUBTYPE":"Not Applicable","MANG_AUTH":"Not Reported","MANG_PLAN":"Not Reported","VERIF":"State Verified","METADATAID":1852,"PRNT_ISO3":"ARG","ISO3":"ARG","SUPP_INFO":"Not Applicable","CONS_OBJ":"Not Applicable","INLND_WTRS":"Not Reported","OECM_ASMT":"Not Applicable","layer":"WDPA_W~1","path":"C:/DATAS/PRO/GIS/ARGENT~1/RAW/WDPA_W~1/WDPA_W~1/WDPA_W~1.SHP"}},
{"type":"Feature","geometry":{"type":"Polygon","coordinates":[[[-70.435433,-43.169345],[-70.416802,-43.151557],[-70.470628,-43.141126],[-70.435433,-43.169345]]]},"properties":{"fid":82,"SITE_ID":20198,"SITE_PID":"20198","SITE_TYPE":"PA","NAME_ENG":"Laguna Aleusco","NAME":"Laguna Aleusco","DESIG":"Reserva Natural Turística","DESIG_ENG":"Tourist Nature Reserve","DESIG_TYPE":"National","IUCN_CAT":"VI","INT_CRIT":"Not Applicable","REALM":"Terrestrial","REP_M_AREA":0,"GIS_M_AREA":0,"REP_AREA":12,"GIS_AREA":10.1584833483827,"NO_TAKE":"Not Applicable","NO_TK_AREA":0,"STATUS":"Designated","STATUS_YR":1983,"GOV_TYPE":"Sub-national ministry or agency","GOVSUBTYPE":"Not Applicable","OWN_TYPE":"Not Reported","OWNSUBTYPE":"Not Applicable","MANG_AUTH":"Not Reported","MANG_PLAN":"Not Reported","VERIF":"State Verified","METADATAID":1852,"PRNT_ISO3":"ARG","ISO3":"ARG","SUPP_INFO":"Not Applicable","CONS_OBJ":"Not Applicable","INLND_WTRS":"Not Reported","OECM_ASMT":"Not Applicable","layer":"WDPA_W~1","path":"C:/DATAS/PRO/GIS/ARGENT~1/RAW/WDPA_W~1/WDPA_W~1/WDPA_W~1.SHP"}},
{"type":"Feature","geometry":{"type":"Polygon","coordinates":[[[-53.910691,-27.173744],[-53.890774,-27.136865],[-53.92432,-27.145191],[-53.925384,-27.159924],[-53.913782,-27.173555],[-53.910691,-27.173744]]]},"properties":{"fid":83,"SITE_ID":21212,"SITE_PID":"21212","SITE_TYPE":"PA","NAME_ENG":"Moconá","NAME":"Moconá","DESIG":"Parque Provincial","DESIG_ENG":"Provincial Park","DESIG_TYPE":"National","IUCN_CAT":"II","INT_CRIT":"Not Applicable","REALM":"Terrestrial","REP_M_AREA":0,"GIS_M_AREA":0,"REP_AREA":9.99,"GIS_AREA":7.53123954655282,"NO_TAKE":"Not Applicable","NO_TK_AREA":0,"STATUS":"Designated","STATUS_YR":1988,"GOV_TYPE":"Sub-national ministry or agency","GOVSUBTYPE":"Not Applicable","OWN_TYPE":"Not Reported","OWNSUBTYPE":"Not Applicable","MANG_AUTH":"Not Reported","MANG_PLAN":"Not Reported","VERIF":"State Verified","METADATAID":1852,"PRNT_ISO3":"ARG","ISO3":"ARG","SUPP_INFO":"Not Applicable","CONS_OBJ":"Not Applicable","INLND_WTRS":"Not Reported","OECM_ASMT":"Not Applicable","layer":"WDPA_W~1","path":"C:/DATAS/PRO/GIS/ARGENT~1/RAW/WDPA_W~1/WDPA_W~1/WDPA_W~1.SHP"}},
{"type":"Feature","geometry":{"type":"Polygon","coordinates":[[[-54.411163,-26.037438],[-54.426373,-26.042231],[-54.43131,-26.103674],[-54.415543,-26.117976],[-54.372727,-26.108009],[-54.371639,-26.090904],[-54.400931,-26.090322],[-54.392849,-26.056492],[-54.373233,-26.050184],[-54.411163,-26.037438]]]},"properties":{"fid":84,"SITE_ID":21213,"SITE_PID":"21213","SITE_TYPE":"PA","NAME_ENG":"Aguaray-mí","NAME":"Aguaray-mí","DESIG":"Reserva Privada","DESIG_ENG":"Private Reserve","DESIG_TYPE":"National","IUCN_CAT":"VI","INT_CRIT":"Not Applicable","REALM":"Terrestrial","REP_M_AREA":0,"GIS_M_AREA":0,"REP_AREA":47.69,"GIS_AREA":32.6708601552415,"NO_TAKE":"Not Applicable","NO_TK_AREA":0,"STATUS":"Designated","STATUS_YR":1988,"GOV_TYPE":"Not Reported","GOVSUBTYPE":"Not Applicable","OWN_TYPE":"Not Reported","OWNSUBTYPE":"Not Applicable","MANG_AUTH":"Not Reported","MANG_PLAN":"Not Reported","VERIF":"State Verified","METADATAID":1852,"PRNT_ISO3":"ARG","ISO3":"ARG","SUPP_INFO":"Not Applicable","CONS_OBJ":"Not Applicable","INLND_WTRS":"Not Reported","OECM_ASMT":"Not Applicable","layer":"WDPA_W~1","path":"C:/DATAS/PRO/GIS/ARGENT~1/RAW/WDPA_W~1/WDPA_W~1/WDPA_W~1.SHP"}},
{"type":"Feature","geometry":{"type":"Polygon","coordinates":[[[-62.06672,-37.992539],[-62.049164,-38.031764],[-62.074126,-38.049869],[-62.013779,-38.08882],[-61.950414,-38.062761],[-61.91832,-38.071813],[-61.934504,-38.090466],[-61.870042,-38.093209],[-61.868945,-38.079768],[-61.931213,-38.038348],[-61.958369,-38.055629],[-62.06672,-37.992539]]]},"properties":{"fid":85,"SITE_ID":21215,"SITE_PID":"21215","SITE_TYPE":"PA","NAME_ENG":"Ernesto Tornquist","NAME":"Ernesto Tornquist","DESIG":"Parque Provincial","DESIG_ENG":"Provincial Park","DESIG_TYPE":"National","IUCN_CAT":"II","INT_CRIT":"Not Applicable","REALM":"Terrestrial","REP_M_AREA":0,"GIS_M_AREA":0,"REP_AREA":61.13,"GIS_AREA":70.2598665811888,"NO_TAKE":"Not Applicable","NO_TK_AREA":0,"STATUS":"Designated","STATUS_YR":2001,"GOV_TYPE":"Sub-national ministry or agency","GOVSUBTYPE":"Not Applicable","OWN_TYPE":"Not Reported","OWNSUBTYPE":"Not Applicable","MANG_AUTH":"Not Reported","MANG_PLAN":"Not Reported","VERIF":"State Verified","METADATAID":1852,"PRNT_ISO3":"ARG","ISO3":"ARG","SUPP_INFO":"Not Applicable","CONS_OBJ":"Not Applicable","INLND_WTRS":"Not Reported","OECM_ASMT":"Not Applicable","layer":"WDPA_W~1","path":"C:/DATAS/PRO/GIS/ARGENT~1/RAW/WDPA_W~1/WDPA_W~1/WDPA_W~1.SHP"}},
{"type":"Feature","geometry":{"type":"Polygon","coordinates":[[[-69.848734,-32.569596],[-69.857644,-32.564114],[-69.859489,-32.561349],[-69.887329,-32.558237],[-69.890988,-32.559795],[-69.89288,-32.561867],[-69.897616,-32.562751],[-69.899808,-32.560022],[-69.902211,-32.559382],[-69.904417,-32.553445],[-69.92734,-32.541852],[-69.965179,-32.544653],[-69.994431,-32.518571],[-70.003209,-32.520169],[-69.999747,-32.527536],[-70.005601,-32.531427],[-70.00698,-32.531648],[-70.009169,-32.533799],[-70.008525,-32.537807],[-70.011285,-32.539942],[-70.012593,-32.5413],[-70.011363,-32.54504],[-70.012282,-32.547952],[-70.020488,-32.550888],[-70.026597,-32.559929],[-70.026006,-32.577197],[-70.041928,-32.584666],[-70.041859,-32.58712],[-70.040389,-32.589184],[-70.040269,-32.591632],[-70.044067,-32.602561],[-70.046304,-32.603769],[-70.052434,-32.611494],[-70.0588,-32.615298],[-70.061956,-32.621057],[-70.062719,-32.623414],[-70.064364,-32.625826],[-70.092886,-32.629926],[-70.095488,-32.710622],[-70.061569,-32.726387],[-70.023863,-32.780107],[-70.002103,-32.793035],[-69.973311,-32.786454],[-69.943841,-32.823593],[-69.919776,-32.821795],[-69.923804,-32.788542],[-69.829925,-32.779117],[-69.818475,-32.808488],[-69.748073,-32.800847],[-69.848898,-32.5766],[-69.848734,-32.569596]]]},"properties":{"fid":86,"SITE_ID":21216,"SITE_PID":"21216","SITE_TYPE":"PA","NAME_ENG":"Cerro Aconcagua","NAME":"Cerro Aconcagua","DESIG":"Parque Provincial","DESIG_ENG":"Provincial Park","DESIG_TYPE":"National","IUCN_CAT":"II","INT_CRIT":"Not Applicable","REALM":"Terrestrial","REP_M_AREA":0,"GIS_M_AREA":0,"REP_AREA":660,"GIS_AREA":657.156748526671,"NO_TAKE":"Not Applicable","NO_TK_AREA":0,"STATUS":"Designated","STATUS_YR":1983,"GOV_TYPE":"Sub-national ministry or agency","GOVSUBTYPE":"Not Applicable","OWN_TYPE":"Not Reported","OWNSUBTYPE":"Not Applicable","MANG_AUTH":"Not Reported","MANG_PLAN":"Not Reported","VERIF":"State Verified","METADATAID":1852,"PRNT_ISO3":"ARG","ISO3":"ARG","SUPP_INFO":"Not Applicable","CONS_OBJ":"Not Applicable","INLND_WTRS":"Not Reported","OECM_ASMT":"Not Applicable","layer":"WDPA_W~1","path":"C:/DATAS/PRO/GIS/ARGENT~1/RAW/WDPA_W~1/WDPA_W~1/WDPA_W~1.SHP"}},
{"type":"Feature","geometry":{"type":"Polygon","coordinates":[[[-54.0314,-25.999399],[-54.007517,-26.007873],[-54.017996,-26.166627],[-53.773163,-26.193628],[-53.767365,-26.141102],[-53.90819,-26.044885],[-53.920133,-26.049294],[-53.952814,-25.998302],[-53.977894,-25.992252],[-54.006347,-25.889271],[-53.976354,-25.87137],[-54.017683,-25.801305],[-54.055508,-25.800738],[-54.154728,-25.700137],[-54.167013,-25.79347],[-54.169492,-25.837152],[-54.175106,-25.849339],[-54.183832,-25.835735],[-54.214311,-25.848362],[-54.222495,-25.87553],[-54.242308,-25.856424],[-54.262312,-25.885454],[-54.277094,-25.883115],[-54.280979,-25.924062],[-54.237114,-25.935608],[-54.231982,-25.959483],[-54.207731,-25.939948],[-54.209639,-25.97558],[-54.203847,-25.954908],[-54.189627,-25.968844],[-54.16914,-25.950526],[-54.116517,-25.969198],[-54.0314,-25.999399]],[[-54.066154,-25.797814],[-54.074269,-25.809302],[-54.080097,-25.799768],[-54.066154,-25.797814]]]},"properties":{"fid":87,"SITE_ID":21217,"SITE_PID":"21217","SITE_TYPE":"PA","NAME_ENG":"Urugua-í","NAME":"Urugua-í","DESIG":"Parque Provincial","DESIG_ENG":"Provincial Park","DESIG_TYPE":"National","IUCN_CAT":"II","INT_CRIT":"Not Applicable","REALM":"Terrestrial","REP_M_AREA":0,"GIS_M_AREA":0,"REP_AREA":840,"GIS_AREA":851.719459153136,"NO_TAKE":"Not Applicable","NO_TK_AREA":0,"STATUS":"Designated","STATUS_YR":1988,"GOV_TYPE":"Sub-national ministry or agency","GOVSUBTYPE":"Not Applicable","OWN_TYPE":"Not Reported","OWNSUBTYPE":"Not Applicable","MANG_AUTH":"Not Reported","MANG_PLAN":"Not Reported","VERIF":"State Verified","METADATAID":1852,"PRNT_ISO3":"ARG","ISO3":"ARG","SUPP_INFO":"Not Applicable","CONS_OBJ":"Not Applicable","INLND_WTRS":"Not Reported","OECM_ASMT":"Not Applicable","layer":"WDPA_W~1","path":"C:/DATAS/PRO/GIS/ARGENT~1/RAW/WDPA_W~1/WDPA_W~1/WDPA_W~1.SHP"}},
{"type":"Feature","geometry":{"type":"Polygon","coordinates":[[[-63.58165,-33.131483],[-63.565267,-33.13455],[-63.5692,-33.150583],[-63.546467,-33.146617],[-63.535967,-33.108583],[-63.557517,-33.104717],[-63.58165,-33.131483]]]},"properties":{"fid":88,"SITE_ID":21220,"SITE_PID":"21220","SITE_TYPE":"PA","NAME_ENG":"Laguna La Felipa","NAME":"Laguna La Felipa","DESIG":"Reserva Natural de Fauna","DESIG_ENG":"Nature Fauna Reserve","DESIG_TYPE":"National","IUCN_CAT":"VI","INT_CRIT":"Not Applicable","REALM":"Terrestrial","REP_M_AREA":0,"GIS_M_AREA":0,"REP_AREA":13.07,"GIS_AREA":12.7609625366898,"NO_TAKE":"Not Applicable","NO_TK_AREA":0,"STATUS":"Designated","STATUS_YR":1986,"GOV_TYPE":"Sub-national ministry or agency","GOVSUBTYPE":"Not Applicable","OWN_TYPE":"Not Reported","OWNSUBTYPE":"Not Applicable","MANG_AUTH":"Not Reported","MANG_PLAN":"Not Reported","VERIF":"State Verified","METADATAID":1852,"PRNT_ISO3":"ARG","ISO3":"ARG","SUPP_INFO":"Not Applicable","CONS_OBJ":"Not Applicable","INLND_WTRS":"Not Reported","OECM_ASMT":"Not Applicable","layer":"WDPA_W~1","path":"C:/DATAS/PRO/GIS/ARGENT~1/RAW/WDPA_W~1/WDPA_W~1/WDPA_W~1.SHP"}},
{"type":"Feature","geometry":{"type":"Polygon","coordinates":[[[-70.987591,-36.777409],[-71.017654,-36.751242],[-71.012706,-36.696212],[-71.065666,-36.713461],[-71.085941,-36.676624],[-71.112896,-36.678764],[-71.133211,-36.815476],[-71.16264,-36.818221],[-71.180459,-36.842186],[-71.167861,-36.858803],[-71.13735,-36.853621],[-71.122955,-36.865399],[-71.149653,-36.901496],[-71.144298,-36.928776],[-71.102464,-36.927684],[-71.060751,-36.889953],[-71.023578,-36.908764],[-70.962218,-36.833141],[-70.957614,-36.793597],[-70.987591,-36.777409]]]},"properties":{"fid":89,"SITE_ID":21223,"SITE_PID":"21223","SITE_TYPE":"PA","NAME_ENG":"Epulauquen","NAME":"Epulauquen","DESIG":"Reserva Provincial Turístico Forestal","DESIG_ENG":"Tourist and Forest Provincial Reserve","DESIG_TYPE":"National","IUCN_CAT":"VI","INT_CRIT":"Not Applicable","REALM":"Terrestrial","REP_M_AREA":0,"GIS_M_AREA":0,"REP_AREA":74.5,"GIS_AREA":308.966706033217,"NO_TAKE":"Not Applicable","NO_TK_AREA":0,"STATUS":"Designated","STATUS_YR":1973,"GOV_TYPE":"Not Reported","GOVSUBTYPE":"Not Applicable","OWN_TYPE":"Not Reported","OWNSUBTYPE":"Not Applicable","MANG_AUTH":"Not Reported","MANG_PLAN":"Not Reported","VERIF":"State Verified","METADATAID":1852,"PRNT_ISO3":"ARG","ISO3":"ARG","SUPP_INFO":"Not Applicable","CONS_OBJ":"Not Applicable","INLND_WTRS":"Not Reported","OECM_ASMT":"Not Applicable","layer":"WDPA_W~1","path":"C:/DATAS/PRO/GIS/ARGENT~1/RAW/WDPA_W~1/WDPA_W~1/WDPA_W~1.SHP"}},
{"type":"Feature","geometry":{"type":"Polygon","coordinates":[[[-63.444892,-24.185249],[-63.471429,-24.267899],[-63.448627,-24.261897],[-63.428444,-24.131108],[-63.552168,-24.118404],[-63.585761,-24.246095],[-63.444892,-24.185249]]]},"properties":{"fid":90,"SITE_ID":21224,"SITE_PID":"21224","SITE_TYPE":"PA","NAME_ENG":"Los Palmares","NAME":"Los Palmares","DESIG":"Reserva de Flora y Fauna","DESIG_ENG":"Flora and Fauna Reserve","DESIG_TYPE":"National","IUCN_CAT":"VI","INT_CRIT":"Not Applicable","REALM":"Terrestrial","REP_M_AREA":0,"GIS_M_AREA":0,"REP_AREA":103.5,"GIS_AREA":141.7794496182,"NO_TAKE":"Not Applicable","NO_TK_AREA":0,"STATUS":"Designated","STATUS_YR":1979,"GOV_TYPE":"Sub-national ministry or agency","GOVSUBTYPE":"Not Applicable","OWN_TYPE":"Not Reported","OWNSUBTYPE":"Not Applicable","MANG_AUTH":"Not Reported","MANG_PLAN":"Not Reported","VERIF":"State Verified","METADATAID":1852,"PRNT_ISO3":"ARG","ISO3":"ARG","SUPP_INFO":"Not Applicable","CONS_OBJ":"Not Applicable","INLND_WTRS":"Not Reported","OECM_ASMT":"Not Applicable","layer":"WDPA_W~1","path":"C:/DATAS/PRO/GIS/ARGENT~1/RAW/WDPA_W~1/WDPA_W~1/WDPA_W~1.SHP"}},
{"type":"Feature","geometry":{"type":"Polygon","coordinates":[[[-63.94461,-22.207301],[-63.872992,-22.209135],[-63.871391,-22.15555],[-63.870024,-22.110382],[-63.941575,-22.108499],[-63.94461,-22.207301]]]},"properties":{"fid":91,"SITE_ID":21225,"SITE_PID":"21225","SITE_TYPE":"PA","NAME_ENG":"Acambuco","NAME":"Acambuco","DESIG":"Reserva de Flora y Fauna","DESIG_ENG":"Flora and Fauna Reserve","DESIG_TYPE":"National","IUCN_CAT":"VI","INT_CRIT":"Not Applicable","REALM":"Terrestrial","REP_M_AREA":0,"GIS_M_AREA":0,"REP_AREA":82.66,"GIS_AREA":80.0378589510631,"NO_TAKE":"Not Applicable","NO_TK_AREA":0,"STATUS":"Designated","STATUS_YR":2004,"GOV_TYPE":"Sub-national ministry or agency","GOVSUBTYPE":"Not Applicable","OWN_TYPE":"Not Reported","OWNSUBTYPE":"Not Applicable","MANG_AUTH":"Not Reported","MANG_PLAN":"Not Reported","VERIF":"State Verified","METADATAID":1852,"PRNT_ISO3":"ARG","ISO3":"ARG","SUPP_INFO":"Not Applicable","CONS_OBJ":"Not Applicable","INLND_WTRS":"Not Reported","OECM_ASMT":"Not Applicable","layer":"WDPA_W~1","path":"C:/DATAS/PRO/GIS/ARGENT~1/RAW/WDPA_W~1/WDPA_W~1/WDPA_W~1.SHP"}},
{"type":"Feature","geometry":{"type":"Polygon","coordinates":[[[-68.431736,-52.393067],[-68.353937,-52.315268],[-68.436313,-52.296963],[-68.431736,-52.393067]]]},"properties":{"fid":92,"SITE_ID":21226,"SITE_PID":"21226","SITE_TYPE":"PA","NAME_ENG":"Cabo Vírgenes","NAME":"Cabo Vírgenes","DESIG":"Reserva Provincial","DESIG_ENG":"Provincial Reserve","DESIG_TYPE":"National","IUCN_CAT":"IV","INT_CRIT":"Not Applicable","REALM":"Terrestrial","REP_M_AREA":0,"GIS_M_AREA":0.064556600225658,"REP_AREA":12.3,"GIS_AREA":24.3429090859405,"NO_TAKE":"Not Applicable","NO_TK_AREA":0,"STATUS":"Designated","STATUS_YR":1986,"GOV_TYPE":"Sub-national ministry or agency","GOVSUBTYPE":"Not Applicable","OWN_TYPE":"Not Reported","OWNSUBTYPE":"Not Applicable","MANG_AUTH":"Not Reported","MANG_PLAN":"Not Reported","VERIF":"State Verified","METADATAID":1852,"PRNT_ISO3":"ARG","ISO3":"ARG","SUPP_INFO":"Not Applicable","CONS_OBJ":"Not Applicable","INLND_WTRS":"Not Reported","OECM_ASMT":"Not Applicable","layer":"WDPA_W~1","path":"C:/DATAS/PRO/GIS/ARGENT~1/RAW/WDPA_W~1/WDPA_W~1/WDPA_W~1.SHP"}},
{"type":"Feature","geometry":{"type":"Polygon","coordinates":[[[-67.66625,-49.407818],[-67.631649,-49.3576],[-67.619427,-49.325049],[-67.609675,-49.30767],[-67.605079,-49.296756],[-67.604119,-49.288918],[-67.606532,-49.274342],[-67.608208,-49.270151],[-67.609957,-49.264423],[-67.611782,-49.255017],[-67.612423,-49.251231],[-67.618583,-49.2506],[-67.626512,-49.252753],[-67.634773,-49.252049],[-67.647687,-49.25761],[-67.665932,-49.255406],[-67.67277,-49.299565],[-67.69955,-49.309031],[-67.682077,-49.344649],[-67.725477,-49.389313],[-67.71772,-49.393138],[-67.673928,-49.405322],[-67.66625,-49.407818]]]},"properties":{"fid":93,"SITE_ID":21227,"SITE_PID":"21227","SITE_TYPE":"PA","NAME_ENG":"Península San Julián","NAME":"Península San Julián","DESIG":"Reserva Provincial","DESIG_ENG":"Provincial Reserve","DESIG_TYPE":"National","IUCN_CAT":"VI","INT_CRIT":"Not Applicable","REALM":"Terrestrial","REP_M_AREA":0,"GIS_M_AREA":0.648414105247002,"REP_AREA":117.1,"GIS_AREA":74.398124225153,"NO_TAKE":"Not Applicable","NO_TK_AREA":0,"STATUS":"Designated","STATUS_YR":1986,"GOV_TYPE":"Sub-national ministry or agency","GOVSUBTYPE":"Not Applicable","OWN_TYPE":"Not Reported","OWNSUBTYPE":"Not Applicable","MANG_AUTH":"Not Reported","MANG_PLAN":"Not Reported","VERIF":"State Verified","METADATAID":1852,"PRNT_ISO3":"ARG","ISO3":"ARG","SUPP_INFO":"Not Applicable","CONS_OBJ":"Not Applicable","INLND_WTRS":"Not Reported","OECM_ASMT":"Not Applicable","layer":"WDPA_W~1","path":"C:/DATAS/PRO/GIS/ARGENT~1/RAW/WDPA_W~1/WDPA_W~1/WDPA_W~1.SHP"}},
{"type":"Feature","geometry":{"type":"Polygon","coordinates":[[[-64.364807,-31.12419],[-64.430371,-31.12648],[-64.419057,-31.176687],[-64.380242,-31.183101],[-64.344054,-31.159523],[-64.339854,-31.141753],[-64.364807,-31.12419]]]},"properties":{"fid":94,"SITE_ID":21232,"SITE_PID":"21232","SITE_TYPE":"PA","NAME_ENG":"La Quebrada","NAME":"La Quebrada","DESIG":"Reserva Hídrica Natural","DESIG_ENG":"Nature Water Reserve","DESIG_TYPE":"National","IUCN_CAT":"VI","INT_CRIT":"Not Applicable","REALM":"Terrestrial","REP_M_AREA":0,"GIS_M_AREA":0,"REP_AREA":42,"GIS_AREA":42.185582358519,"NO_TAKE":"Not Applicable","NO_TK_AREA":0,"STATUS":"Designated","STATUS_YR":1987,"GOV_TYPE":"Sub-national ministry or agency","GOVSUBTYPE":"Not Applicable","OWN_TYPE":"Not Reported","OWNSUBTYPE":"Not Applicable","MANG_AUTH":"Not Reported","MANG_PLAN":"Not Reported","VERIF":"State Verified","METADATAID":1852,"PRNT_ISO3":"ARG","ISO3":"ARG","SUPP_INFO":"Not Applicable","CONS_OBJ":"Not Applicable","INLND_WTRS":"Not Reported","OECM_ASMT":"Not Applicable","layer":"WDPA_W~1","path":"C:/DATAS/PRO/GIS/ARGENT~1/RAW/WDPA_W~1/WDPA_W~1/WDPA_W~1.SHP"}},
{"type":"Feature","geometry":{"type":"Polygon","coordinates":[[[-68.063159,-29.897523],[-68.06998,-29.895285],[-68.072522,-29.892205],[-68.10625,-29.884089],[-68.108302,-29.884413],[-68.110196,-29.884772],[-68.111283,-29.884913],[-68.113571,-29.884482],[-68.114898,-29.885077],[-68.116431,-29.885067],[-68.122938,-29.883456],[-68.128132,-29.885233],[-68.130279,-29.884692],[-68.131671,-29.884095],[-68.137135,-29.883994],[-68.14106,-29.884805],[-68.14263,-29.886128],[-68.147535,-29.888098],[-68.150227,-29.917403],[-68.151686,-29.939746],[-68.150074,-29.951329],[-68.099702,-30.044472],[-68.055982,-30.119556],[-68.011311,-30.200343],[-67.909615,-30.254517],[-67.858292,-30.227905],[-67.748779,-30.172894],[-67.798155,-30.139349],[-67.813306,-30.129237],[-67.816067,-30.127379],[-67.817146,-30.121742],[-67.820065,-30.11825],[-67.824946,-30.116465],[-67.828934,-30.11599],[-67.830088,-30.115062],[-67.831187,-30.114275],[-67.832764,-30.112964],[-67.833445,-30.109541],[-67.834314,-30.107767],[-67.834962,-30.106753],[-67.835741,-30.105974],[-67.836815,-30.10542],[-67.838041,-30.106105],[-67.839171,-30.107255],[-67.84103,-30.107706],[-67.84713,-30.100634],[-67.857571,-30.100067],[-67.870508,-30.088892],[-67.874092,-30.083777],[-67.872264,-30.080281],[-67.875248,-30.078259],[-67.876968,-30.075887],[-67.877304,-30.075194],[-67.878154,-30.074967],[-67.881563,-30.074548],[-67.88496,-30.073635],[-67.886365,-30.073812],[-67.886233,-30.075029],[-67.884851,-30.077396],[-67.884936,-30.078456],[-67.886579,-30.079946],[-67.888123,-30.079714],[-67.889393,-30.078121],[-67.890831,-30.077879],[-67.89342,-30.074899],[-67.897499,-30.07459],[-67.898173,-30.074369],[-67.899146,-30.073157],[-67.899174,-30.072444],[-67.899491,-30.071698],[-67.899997,-30.071391],[-67.900747,-30.069874],[-67.905526,-30.066794],[-67.903892,-30.061461],[-67.904301,-30.060241],[-67.909315,-30.057356],[-67.911015,-30.054969],[-67.908967,-30.052222],[-67.919308,-30.047587],[-67.930486,-30.030198],[-67.93506,-30.029183],[-67.943324,-30.0246],[-67.946703,-30.020473],[-67.948503,-30.018771],[-67.9572,-30.01327],[-67.958019,-30.011028],[-67.960879,-30.010412],[-67.963886,-30.010173],[-67.967991,-30.008759],[-67.968281,-30.006726],[-67.970335,-30.004485],[-67.975093,-30.001923],[-67.980262,-29.995169],[-67.987811,-29.990575],[-67.989548,-29.987955],[-67.99084,-29.981908],[-67.992895,-29.978235],[-67.998968,-29.974682],[-68.005706,-29.963928],[-68.015022,-29.943],[-68.063159,-29.897523]]]},"properties":{"fid":95,"SITE_ID":21235,"SITE_PID":"21235","SITE_TYPE":"PA","NAME_ENG":"Ischigualasto","NAME":"Ischigualasto","DESIG":"Parque Provincial","DESIG_ENG":"Provincial Park","DESIG_TYPE":"National","IUCN_CAT":"II","INT_CRIT":"Not Applicable","REALM":"Terrestrial","REP_M_AREA":0,"GIS_M_AREA":0,"REP_AREA":629.16,"GIS_AREA":665.397692370992,"NO_TAKE":"Not Applicable","NO_TK_AREA":0,"STATUS":"Designated","STATUS_YR":1971,"GOV_TYPE":"Sub-national ministry or agency","GOVSUBTYPE":"Not Applicable","OWN_TYPE":"Not Reported","OWNSUBTYPE":"Not Applicable","MANG_AUTH":"Not Reported","MANG_PLAN":"Not Reported","VERIF":"State Verified","METADATAID":1852,"PRNT_ISO3":"ARG","ISO3":"ARG","SUPP_INFO":"Not Applicable","CONS_OBJ":"Not Applicable","INLND_WTRS":"Not Reported","OECM_ASMT":"Not Applicable","layer":"WDPA_W~1","path":"C:/DATAS/PRO/GIS/ARGENT~1/RAW/WDPA_W~1/WDPA_W~1/WDPA_W~1.SHP"}},
{"type":"Feature","geometry":{"type":"Polygon","coordinates":[[[-70.396812,-36.811665],[-70.319281,-36.735724],[-70.287963,-36.755061],[-70.206635,-36.698356],[-70.27889,-36.684574],[-70.303818,-36.659946],[-70.290791,-36.639243],[-70.334479,-36.572916],[-70.340307,-36.519127],[-70.389019,-36.516602],[-70.460397,-36.483454],[-70.483447,-36.50888],[-70.575598,-36.479893],[-70.652353,-36.564644],[-70.626297,-36.686005],[-70.674688,-36.737248],[-70.603065,-36.713898],[-70.557523,-36.721389],[-70.512834,-36.784728],[-70.522477,-36.806597],[-70.437153,-36.827472],[-70.396812,-36.811665]]]},"properties":{"fid":96,"SITE_ID":21238,"SITE_PID":"21238","SITE_TYPE":"PA","NAME_ENG":"Domuyo","NAME":"Domuyo","DESIG":"Área Natural Protegida","DESIG_ENG":"Protected Nature Area","DESIG_TYPE":"National","IUCN_CAT":"VI","INT_CRIT":"Not Applicable","REALM":"Terrestrial","REP_M_AREA":0,"GIS_M_AREA":0,"REP_AREA":928.35,"GIS_AREA":930.535632324028,"NO_TAKE":"Not Applicable","NO_TK_AREA":0,"STATUS":"Designated","STATUS_YR":1989,"GOV_TYPE":"Sub-national ministry or agency","GOVSUBTYPE":"Not Applicable","OWN_TYPE":"Not Reported","OWNSUBTYPE":"Not Applicable","MANG_AUTH":"Not Reported","MANG_PLAN":"Not Reported","VERIF":"State Verified","METADATAID":1852,"PRNT_ISO3":"ARG","ISO3":"ARG","SUPP_INFO":"Not Applicable","CONS_OBJ":"Not Applicable","INLND_WTRS":"Not Reported","OECM_ASMT":"Not Applicable","layer":"WDPA_W~1","path":"C:/DATAS/PRO/GIS/ARGENT~1/RAW/WDPA_W~1/WDPA_W~1/WDPA_W~1.SHP"}},
{"type":"Feature","geometry":{"type":"Polygon","coordinates":[[[-63.940414,-30.113427],[-63.928219,-30.131771],[-63.935203,-30.025786],[-63.962763,-30.031065],[-63.971045,-30.048288],[-63.955512,-30.052865],[-63.950672,-30.083208],[-63.933985,-30.084828],[-63.956155,-30.105158],[-63.940414,-30.113427]]]},"properties":{"fid":97,"SITE_ID":26617,"SITE_PID":"26617","SITE_TYPE":"PA","NAME_ENG":"Cerro Colorado","NAME":"Cerro Colorado","DESIG":"Reserva Cultural Natural","DESIG_ENG":"Nature and Cultural Reserve","DESIG_TYPE":"National","IUCN_CAT":"VI","INT_CRIT":"Not Applicable","REALM":"Terrestrial","REP_M_AREA":0,"GIS_M_AREA":0,"REP_AREA":30,"GIS_AREA":28.1543587010462,"NO_TAKE":"Not Applicable","NO_TK_AREA":0,"STATUS":"Designated","STATUS_YR":1957,"GOV_TYPE":"Sub-national ministry or agency","GOVSUBTYPE":"Not Applicable","OWN_TYPE":"Not Reported","OWNSUBTYPE":"Not Applicable","MANG_AUTH":"Not Reported","MANG_PLAN":"Not Reported","VERIF":"State Verified","METADATAID":1852,"PRNT_ISO3":"ARG","ISO3":"ARG","SUPP_INFO":"Not Applicable","CONS_OBJ":"Not Applicable","INLND_WTRS":"Not Reported","OECM_ASMT":"Not Applicable","layer":"WDPA_W~1","path":"C:/DATAS/PRO/GIS/ARGENT~1/RAW/WDPA_W~1/WDPA_W~1/WDPA_W~1.SHP"}},
{"type":"Feature","geometry":{"type":"Polygon","coordinates":[[[-54.107247,-26.630319],[-54.102267,-26.637078],[-54.093278,-26.631592],[-54.107247,-26.630319]]]},"properties":{"fid":98,"SITE_ID":30832,"SITE_PID":"30832","SITE_TYPE":"PA","NAME_ENG":"Araucaria","NAME":"Araucaria","DESIG":"Parque Provincial","DESIG_ENG":"Provincial Park","DESIG_TYPE":"National","IUCN_CAT":"II","INT_CRIT":"Not Applicable","REALM":"Terrestrial","REP_M_AREA":0,"GIS_M_AREA":0,"REP_AREA":0.92,"GIS_AREA":0.917763963439724,"NO_TAKE":"Not Applicable","NO_TK_AREA":0,"STATUS":"Designated","STATUS_YR":1991,"GOV_TYPE":"Sub-national ministry or agency","GOVSUBTYPE":"Not Applicable","OWN_TYPE":"Not Reported","OWNSUBTYPE":"Not Applicable","MANG_AUTH":"Not Reported","MANG_PLAN":"Not Reported","VERIF":"State Verified","METADATAID":1852,"PRNT_ISO3":"ARG","ISO3":"ARG","SUPP_INFO":"Not Applicable","CONS_OBJ":"Not Applicable","INLND_WTRS":"Not Reported","OECM_ASMT":"Not Applicable","layer":"WDPA_W~1","path":"C:/DATAS/PRO/GIS/ARGENT~1/RAW/WDPA_W~1/WDPA_W~1/WDPA_W~1.SHP"}},
{"type":"Feature","geometry":{"type":"Polygon","coordinates":[[[-54.007409,-26.523226],[-53.969922,-26.522564],[-53.9799,-26.508069],[-54.007409,-26.523226]]]},"properties":{"fid":99,"SITE_ID":30833,"SITE_PID":"30833","SITE_TYPE":"PA","NAME_ENG":"Cruce Caballero","NAME":"Cruce Caballero","DESIG":"Parque Provincial","DESIG_ENG":"Provincial Park","DESIG_TYPE":"National","IUCN_CAT":"II","INT_CRIT":"Not Applicable","REALM":"Terrestrial","REP_M_AREA":0,"GIS_M_AREA":0,"REP_AREA":5.22,"GIS_AREA":5.36790623989723,"NO_TAKE":"Not Applicable","NO_TK_AREA":0,"STATUS":"Designated","STATUS_YR":1989,"GOV_TYPE":"Sub-national ministry or agency","GOVSUBTYPE":"Not Applicable","OWN_TYPE":"Not Reported","OWNSUBTYPE":"Not Applicable","MANG_AUTH":"Not Reported","MANG_PLAN":"Not Reported","VERIF":"State Verified","METADATAID":1852,"PRNT_ISO3":"ARG","ISO3":"ARG","SUPP_INFO":"Not Applicable","CONS_OBJ":"Not Applicable","INLND_WTRS":"Not Reported","OECM_ASMT":"Not Applicable","layer":"WDPA_W~1","path":"C:/DATAS/PRO/GIS/ARGENT~1/RAW/WDPA_W~1/WDPA_W~1/WDPA_W~1.SHP"}},
{"type":"Feature","geometry":{"type":"Polygon","coordinates":[[[-54.411192,-26.037373],[-54.315259,-26.069727],[-54.411721,-26.031142],[-54.411192,-26.037373]]]},"properties":{"fid":100,"SITE_ID":30834,"SITE_PID":"30834","SITE_TYPE":"PA","NAME_ENG":"Esperanza","NAME":"Esperanza","DESIG":"Parque Provincial","DESIG_ENG":"Provincial Park","DESIG_TYPE":"National","IUCN_CAT":"II","INT_CRIT":"Not Applicable","REALM":"Terrestrial","REP_M_AREA":0,"GIS_M_AREA":0,"REP_AREA":6.86,"GIS_AREA":6.70935248294207,"NO_TAKE":"Not Applicable","NO_TK_AREA":0,"STATUS":"Designated","STATUS_YR":1989,"GOV_TYPE":"Sub-national ministry or agency","GOVSUBTYPE":"Not Applicable","OWN_TYPE":"Not Reported","OWNSUBTYPE":"Not Applicable","MANG_AUTH":"Not Reported","MANG_PLAN":"Not Reported","VERIF":"State Verified","METADATAID":1852,"PRNT_ISO3":"ARG","ISO3":"ARG","SUPP_INFO":"Not Applicable","CONS_OBJ":"Not Applicable","INLND_WTRS":"Not Reported","OECM_ASMT":"Not Applicable","layer":"WDPA_W~1","path":"C:/DATAS/PRO/GIS/ARGENT~1/RAW/WDPA_W~1/WDPA_W~1/WDPA_W~1.SHP"}},
{"type":"Feature","geometry":{"type":"Polygon","coordinates":[[[-54.886293,-27.045108],[-54.888091,-27.06729],[-54.825402,-27.063467],[-54.886293,-27.045108]]]},"properties":{"fid":101,"SITE_ID":30835,"SITE_PID":"30835","SITE_TYPE":"PA","NAME_ENG":"Salto Encantado Valle Ao. Cuña Piru","NAME":"Salto Encantado Valle Ao. Cuña Piru","DESIG":"Parque Provincial","DESIG_ENG":"Provincial Park","DESIG_TYPE":"National","IUCN_CAT":"II","INT_CRIT":"Not Applicable","REALM":"Terrestrial","REP_M_AREA":0,"GIS_M_AREA":0,"REP_AREA":7.06,"GIS_AREA":9.1788683757201,"NO_TAKE":"Not Applicable","NO_TK_AREA":0,"STATUS":"Designated","STATUS_YR":1991,"GOV_TYPE":"Sub-national ministry or agency","GOVSUBTYPE":"Not Applicable","OWN_TYPE":"Not Reported","OWNSUBTYPE":"Not Applicable","MANG_AUTH":"Not Reported","MANG_PLAN":"Not Reported","VERIF":"State Verified","METADATAID":1852,"PRNT_ISO3":"ARG","ISO3":"ARG","SUPP_INFO":"Not Applicable","CONS_OBJ":"Not Applicable","INLND_WTRS":"Not Reported","OECM_ASMT":"Not Applicable","layer":"WDPA_W~1","path":"C:/DATAS/PRO/GIS/ARGENT~1/RAW/WDPA_W~1/WDPA_W~1/WDPA_W~1.SHP"}},
{"type":"Feature","geometry":{"type":"Polygon","coordinates":[[[-55.595958,-27.28],[-55.594372,-27.290353],[-55.587459,-27.27916],[-55.595958,-27.28]]]},"properties":{"fid":102,"SITE_ID":30836,"SITE_PID":"30836","SITE_TYPE":"PA","NAME_ENG":"Teyú Cuare","NAME":"Teyú Cuare","DESIG":"Parque Provincial","DESIG_ENG":"Provincial Park","DESIG_TYPE":"National","IUCN_CAT":"II","INT_CRIT":"Not Applicable","REALM":"Terrestrial","REP_M_AREA":0,"GIS_M_AREA":0,"REP_AREA":0.78,"GIS_AREA":0.786703977862218,"NO_TAKE":"Not Applicable","NO_TK_AREA":0,"STATUS":"Designated","STATUS_YR":1989,"GOV_TYPE":"Sub-national ministry or agency","GOVSUBTYPE":"Not Applicable","OWN_TYPE":"Not Reported","OWNSUBTYPE":"Not Applicable","MANG_AUTH":"Not Reported","MANG_PLAN":"Not Reported","VERIF":"State Verified","METADATAID":1852,"PRNT_ISO3":"ARG","ISO3":"ARG","SUPP_INFO":"Not Applicable","CONS_OBJ":"Not Applicable","INLND_WTRS":"Not Reported","OECM_ASMT":"Not Applicable","layer":"WDPA_W~1","path":"C:/DATAS/PRO/GIS/ARGENT~1/RAW/WDPA_W~1/WDPA_W~1/WDPA_W~1.SHP"}},
{"type":"Feature","geometry":{"type":"Polygon","coordinates":[[[-55.165352,-27.407685],[-55.163443,-27.410187],[-55.162285,-27.409368],[-55.165352,-27.407685]]]},"properties":{"fid":103,"SITE_ID":30838,"SITE_PID":"30838","SITE_TYPE":"PA","NAME_ENG":"Amado Bonpland","NAME":"Amado Bonpland","DESIG":"Parque Natural Municipal","DESIG_ENG":"Municipal Nature Park","DESIG_TYPE":"National","IUCN_CAT":"II","INT_CRIT":"Not Applicable","REALM":"Terrestrial","REP_M_AREA":0,"GIS_M_AREA":0,"REP_AREA":0.02,"GIS_AREA":0.047779071180613,"NO_TAKE":"Not Applicable","NO_TK_AREA":0,"STATUS":"Designated","STATUS_YR":1989,"GOV_TYPE":"Not Reported","GOVSUBTYPE":"Not Applicable","OWN_TYPE":"Not Reported","OWNSUBTYPE":"Not Applicable","MANG_AUTH":"Not Reported","MANG_PLAN":"Not Reported","VERIF":"State Verified","METADATAID":1852,"PRNT_ISO3":"ARG","ISO3":"ARG","SUPP_INFO":"Not Applicable","CONS_OBJ":"Not Applicable","INLND_WTRS":"Not Reported","OECM_ASMT":"Not Applicable","layer":"WDPA_W~1","path":"C:/DATAS/PRO/GIS/ARGENT~1/RAW/WDPA_W~1/WDPA_W~1/WDPA_W~1.SHP"}},
{"type":"Feature","geometry":{"type":"Polygon","coordinates":[[[-65.008436,-41.52237],[-65.008347,-41.535068],[-65.018027,-41.540671],[-65.025643,-41.550671],[-65.028611,-41.560497],[-65.026993,-41.569885],[-65.024519,-41.578762],[-65.029263,-41.592464],[-65.035091,-41.597127],[-65.034166,-41.599559],[-65.025373,-41.6153],[-64.970987,-41.615293],[-64.937757,-41.580502],[-64.947069,-41.550145],[-64.948971,-41.495098],[-64.987664,-41.414278],[-65.002734,-41.39257],[-65.038638,-41.376701],[-65.100384,-41.382785],[-65.092499,-41.417138],[-65.067232,-41.464352],[-65.042943,-41.484823],[-65.024039,-41.497453],[-65.01697,-41.502648],[-65.008436,-41.52237]]]},"properties":{"fid":104,"SITE_ID":30844,"SITE_PID":"30844","SITE_TYPE":"PA","NAME_ENG":"Complejo Islote Lobos","NAME":"Complejo Islote Lobos","DESIG":"Reserva Natural Científica","DESIG_ENG":"Scientific Nature Reserve","DESIG_TYPE":"National","IUCN_CAT":"VI","INT_CRIT":"Not Applicable","REALM":"Coastal","REP_M_AREA":0,"GIS_M_AREA":137.203274583068,"REP_AREA":186.84,"GIS_AREA":186.807083570476,"NO_TAKE":"Not Reported","NO_TK_AREA":0,"STATUS":"Designated","STATUS_YR":1977,"GOV_TYPE":"Sub-national ministry or agency","GOVSUBTYPE":"Not Applicable","OWN_TYPE":"Not Reported","OWNSUBTYPE":"Not Applicable","MANG_AUTH":"Not Reported","MANG_PLAN":"Not Reported","VERIF":"State Verified","METADATAID":1852,"PRNT_ISO3":"ARG","ISO3":"ARG","SUPP_INFO":"Not Applicable","CONS_OBJ":"Not Applicable","INLND_WTRS":"Not Reported","OECM_ASMT":"Not Applicable","layer":"WDPA_W~1","path":"C:/DATAS/PRO/GIS/ARGENT~1/RAW/WDPA_W~1/WDPA_W~1/WDPA_W~1.SHP"}},
{"type":"Feature","geometry":{"type":"Polygon","coordinates":[[[-54.6973,-27.468174],[-54.681529,-27.463673],[-54.685842,-27.452484],[-54.6973,-27.468174]]]},"properties":{"fid":105,"SITE_ID":32483,"SITE_PID":"32483","SITE_TYPE":"PA","NAME_ENG":"Chancay","NAME":"Chancay","DESIG":"Refugio Privado de Vida Silvestre","DESIG_ENG":"Private Wildlife Refuge","DESIG_TYPE":"National","IUCN_CAT":"VI","INT_CRIT":"Not Applicable","REALM":"Terrestrial","REP_M_AREA":0,"GIS_M_AREA":0,"REP_AREA":2.63,"GIS_AREA":2.65667571465838,"NO_TAKE":"Not Applicable","NO_TK_AREA":0,"STATUS":"Designated","STATUS_YR":1991,"GOV_TYPE":"Not Reported","GOVSUBTYPE":"Not Applicable","OWN_TYPE":"Not Reported","OWNSUBTYPE":"Not Applicable","MANG_AUTH":"Not Reported","MANG_PLAN":"Not Reported","VERIF":"State Verified","METADATAID":1852,"PRNT_ISO3":"ARG","ISO3":"ARG","SUPP_INFO":"Not Applicable","CONS_OBJ":"Not Applicable","INLND_WTRS":"Not Reported","OECM_ASMT":"Not Applicable","layer":"WDPA_W~1","path":"C:/DATAS/PRO/GIS/ARGENT~1/RAW/WDPA_W~1/WDPA_W~1/WDPA_W~1.SHP"}},
{"type":"Feature","geometry":{"type":"Polygon","coordinates":[[[-55.093224,-27.476203],[-55.095485,-27.480743],[-55.090754,-27.480713],[-55.093224,-27.476203]]]},"properties":{"fid":106,"SITE_ID":32484,"SITE_PID":"32484","SITE_TYPE":"PA","NAME_ENG":"Chachi","NAME":"Chachi","DESIG":"Refugio Privado de Vida Silvestre","DESIG_ENG":"Private Wildlife Refuge","DESIG_TYPE":"National","IUCN_CAT":"VI","INT_CRIT":"Not Applicable","REALM":"Terrestrial","REP_M_AREA":0,"GIS_M_AREA":0,"REP_AREA":0.18,"GIS_AREA":0.177850975881167,"NO_TAKE":"Not Applicable","NO_TK_AREA":0,"STATUS":"Designated","STATUS_YR":1990,"GOV_TYPE":"Not Reported","GOVSUBTYPE":"Not Applicable","OWN_TYPE":"Not Reported","OWNSUBTYPE":"Not Applicable","MANG_AUTH":"Not Reported","MANG_PLAN":"Not Reported","VERIF":"State Verified","METADATAID":1852,"PRNT_ISO3":"ARG","ISO3":"ARG","SUPP_INFO":"Not Applicable","CONS_OBJ":"Not Applicable","INLND_WTRS":"Not Reported","OECM_ASMT":"Not Applicable","layer":"WDPA_W~1","path":"C:/DATAS/PRO/GIS/ARGENT~1/RAW/WDPA_W~1/WDPA_W~1/WDPA_W~1.SHP"}},
{"type":"Feature","geometry":{"type":"Polygon","coordinates":[[[-58.831657,-26.2856],[-58.831122,-26.334899],[-58.773973,-26.33456],[-58.774383,-26.274815],[-58.831657,-26.2856]]]},"properties":{"fid":107,"SITE_ID":32487,"SITE_PID":"32487","SITE_TYPE":"PA","NAME_ENG":"El Bagual","NAME":"El Bagual","DESIG":"Reserva Privada","DESIG_ENG":"Private Reserve","DESIG_TYPE":"National","IUCN_CAT":"Ia","INT_CRIT":"Not Applicable","REALM":"Terrestrial","REP_M_AREA":0,"GIS_M_AREA":0,"REP_AREA":38,"GIS_AREA":32.2490744443691,"NO_TAKE":"Not Applicable","NO_TK_AREA":0,"STATUS":"Designated","STATUS_YR":1985,"GOV_TYPE":"Not Reported","GOVSUBTYPE":"Not Applicable","OWN_TYPE":"Not Reported","OWNSUBTYPE":"Not Applicable","MANG_AUTH":"Not Reported","MANG_PLAN":"Not Reported","VERIF":"State Verified","METADATAID":1852,"PRNT_ISO3":"ARG","ISO3":"ARG","SUPP_INFO":"Not Applicable","CONS_OBJ":"Not Applicable","INLND_WTRS":"Not Reported","OECM_ASMT":"Not Applicable","layer":"WDPA_W~1","path":"C:/DATAS/PRO/GIS/ARGENT~1/RAW/WDPA_W~1/WDPA_W~1/WDPA_W~1.SHP"}},
{"type":"Feature","geometry":{"type":"Polygon","coordinates":[[[-54.489337,-26.427201],[-54.489402,-26.443631],[-54.47507,-26.444631],[-54.489337,-26.427201]]]},"properties":{"fid":108,"SITE_ID":32497,"SITE_PID":"32497","SITE_TYPE":"PA","NAME_ENG":"Itacuarahy","NAME":"Itacuarahy","DESIG":"Refugio Privado","DESIG_ENG":"Private Refuge","DESIG_TYPE":"National","IUCN_CAT":"VI","INT_CRIT":"Not Applicable","REALM":"Terrestrial","REP_M_AREA":0,"GIS_M_AREA":0,"REP_AREA":2.5,"GIS_AREA":2.43630128129487,"NO_TAKE":"Not Applicable","NO_TK_AREA":0,"STATUS":"Designated","STATUS_YR":1989,"GOV_TYPE":"Not Reported","GOVSUBTYPE":"Not Applicable","OWN_TYPE":"Not Reported","OWNSUBTYPE":"Not Applicable","MANG_AUTH":"Not Reported","MANG_PLAN":"Not Reported","VERIF":"State Verified","METADATAID":1852,"PRNT_ISO3":"ARG","ISO3":"ARG","SUPP_INFO":"Not Applicable","CONS_OBJ":"Not Applicable","INLND_WTRS":"Not Reported","OECM_ASMT":"Not Applicable","layer":"WDPA_W~1","path":"C:/DATAS/PRO/GIS/ARGENT~1/RAW/WDPA_W~1/WDPA_W~1/WDPA_W~1.SHP"}},
{"type":"Feature","geometry":{"type":"Polygon","coordinates":[[[-65.405168,-24.096843],[-65.481917,-24.080607],[-65.493724,-24.100901],[-65.470109,-24.14149],[-65.411071,-24.14149],[-65.405168,-24.096843]]]},"properties":{"fid":109,"SITE_ID":32509,"SITE_PID":"32509","SITE_TYPE":"PA","NAME_ENG":"Potrero de Yala","NAME":"Potrero de Yala","DESIG":"Parque Provincial","DESIG_ENG":"Provincial Park","DESIG_TYPE":"National","IUCN_CAT":"II","INT_CRIT":"Not Applicable","REALM":"Terrestrial","REP_M_AREA":0,"GIS_M_AREA":0,"REP_AREA":42.92,"GIS_AREA":45.4648211187149,"NO_TAKE":"Not Applicable","NO_TK_AREA":0,"STATUS":"Designated","STATUS_YR":1952,"GOV_TYPE":"Sub-national ministry or agency","GOVSUBTYPE":"Not Applicable","OWN_TYPE":"Not Reported","OWNSUBTYPE":"Not Applicable","MANG_AUTH":"Not Reported","MANG_PLAN":"Not Reported","VERIF":"State Verified","METADATAID":1852,"PRNT_ISO3":"ARG","ISO3":"ARG","SUPP_INFO":"Not Applicable","CONS_OBJ":"Not Applicable","INLND_WTRS":"Not Reported","OECM_ASMT":"Not Applicable","layer":"WDPA_W~1","path":"C:/DATAS/PRO/GIS/ARGENT~1/RAW/WDPA_W~1/WDPA_W~1/WDPA_W~1.SHP"}},
{"type":"Feature","geometry":{"type":"Polygon","coordinates":[[[-55.705672,-27.557182],[-55.710915,-27.549961],[-55.712915,-27.558928],[-55.705672,-27.557182]]]},"properties":{"fid":110,"SITE_ID":32511,"SITE_PID":"32511","SITE_TYPE":"PA","NAME_ENG":"Cañadón de Profundidad","NAME":"Cañadón de Profundidad","DESIG":"Parque Provincial","DESIG_ENG":"Provincial Park","DESIG_TYPE":"National","IUCN_CAT":"II","INT_CRIT":"Not Applicable","REALM":"Terrestrial","REP_M_AREA":0,"GIS_M_AREA":0,"REP_AREA":0.19,"GIS_AREA":0.524446986107853,"NO_TAKE":"Not Applicable","NO_TK_AREA":0,"STATUS":"Designated","STATUS_YR":1991,"GOV_TYPE":"Sub-national ministry or agency","GOVSUBTYPE":"Not Applicable","OWN_TYPE":"Not Reported","OWNSUBTYPE":"Not Applicable","MANG_AUTH":"Not Reported","MANG_PLAN":"Not Reported","VERIF":"State Verified","METADATAID":1852,"PRNT_ISO3":"ARG","ISO3":"ARG","SUPP_INFO":"Not Applicable","CONS_OBJ":"Not Applicable","INLND_WTRS":"Not Reported","OECM_ASMT":"Not Applicable","layer":"WDPA_W~1","path":"C:/DATAS/PRO/GIS/ARGENT~1/RAW/WDPA_W~1/WDPA_W~1/WDPA_W~1.SHP"}},
{"type":"Feature","geometry":{"type":"Polygon","coordinates":[[[-67.530895,-45.958758],[-67.541328,-45.955253],[-67.543898,-45.958924],[-67.530895,-45.958758]]]},"properties":{"fid":111,"SITE_ID":32513,"SITE_PID":"32513","SITE_TYPE":"PA","NAME_ENG":"Punta del Márquez","NAME":"Punta del Marqués","DESIG":"Reserva Natural Turística y de Investigación Biológica","DESIG_ENG":"Tourist and Scientific Research Nature Reserve","DESIG_TYPE":"National","IUCN_CAT":"IV","INT_CRIT":"Not Applicable","REALM":"Coastal","REP_M_AREA":0,"GIS_M_AREA":0.136804880920634,"REP_AREA":0.5,"GIS_AREA":0.507977264739625,"NO_TAKE":"Not Reported","NO_TK_AREA":0,"STATUS":"Designated","STATUS_YR":2002,"GOV_TYPE":"Not Reported","GOVSUBTYPE":"Not Applicable","OWN_TYPE":"Not Reported","OWNSUBTYPE":"Not Applicable","MANG_AUTH":"Not Reported","MANG_PLAN":"Not Reported","VERIF":"State Verified","METADATAID":1852,"PRNT_ISO3":"ARG","ISO3":"ARG","SUPP_INFO":"Not Applicable","CONS_OBJ":"Not Applicable","INLND_WTRS":"Not Reported","OECM_ASMT":"Not Applicable","layer":"WDPA_W~1","path":"C:/DATAS/PRO/GIS/ARGENT~1/RAW/WDPA_W~1/WDPA_W~1/WDPA_W~1.SHP"}},
{"type":"Feature","geometry":{"type":"Polygon","coordinates":[[[-57.006442,-36.325846],[-57.009864,-36.325184],[-57.011731,-36.326584],[-57.016165,-36.328451],[-57.020599,-36.341404],[-57.006246,-36.352022],[-56.969489,-36.35704],[-56.946151,-36.340003],[-56.950235,-36.33837],[-56.952569,-36.335219],[-56.952257,-36.333532],[-56.954338,-36.332762],[-56.958104,-36.332721],[-56.959782,-36.332702],[-56.960942,-36.332393],[-56.963481,-36.332311],[-56.976115,-36.331242],[-56.978007,-36.333235],[-56.981344,-36.330107],[-56.989422,-36.328972],[-56.990944,-36.329075],[-56.994577,-36.327959],[-57.001295,-36.328167],[-57.006442,-36.325846]]]},"properties":{"fid":112,"SITE_ID":32516,"SITE_PID":"32516","SITE_TYPE":"PA","NAME_ENG":"Rincón de Ajó","NAME":"Rincón de Ajó","DESIG":"Reserva Natural Integral","DESIG_ENG":"Integral Nature Reserve","DESIG_TYPE":"National","IUCN_CAT":"IV","INT_CRIT":"Not Applicable","REALM":"Terrestrial","REP_M_AREA":0,"GIS_M_AREA":0.746750752163915,"REP_AREA":15.737,"GIS_AREA":14.9609127365829,"NO_TAKE":"Not Applicable","NO_TK_AREA":0,"STATUS":"Designated","STATUS_YR":1997,"GOV_TYPE":"Sub-national ministry or agency","GOVSUBTYPE":"Not Applicable","OWN_TYPE":"Not Reported","OWNSUBTYPE":"Not Applicable","MANG_AUTH":"Not Reported","MANG_PLAN":"Not Reported","VERIF":"State Verified","METADATAID":1852,"PRNT_ISO3":"ARG","ISO3":"ARG","SUPP_INFO":"Not Applicable","CONS_OBJ":"Not Applicable","INLND_WTRS":"Not Reported","OECM_ASMT":"Not Applicable","layer":"WDPA_W~1","path":"C:/DATAS/PRO/GIS/ARGENT~1/RAW/WDPA_W~1/WDPA_W~1/WDPA_W~1.SHP"}},
{"type":"Feature","geometry":{"type":"Polygon","coordinates":[[[-54.615522,-27.065409],[-54.589819,-27.102735],[-54.581865,-27.083522],[-54.615522,-27.065409]]]},"properties":{"fid":113,"SITE_ID":32517,"SITE_PID":"32517","SITE_TYPE":"PA","NAME_ENG":"Alejandro Orloff  Saltitos","NAME":"Alejandro Orloff  Saltitos","DESIG":"Reserva de Uso Múltiple","DESIG_ENG":"Multiple Use Reserve","DESIG_TYPE":"National","IUCN_CAT":"VI","INT_CRIT":"Not Applicable","REALM":"Terrestrial","REP_M_AREA":0,"GIS_M_AREA":0,"REP_AREA":4.09,"GIS_AREA":3.30502848600465,"NO_TAKE":"Not Applicable","NO_TK_AREA":0,"STATUS":"Designated","STATUS_YR":1997,"GOV_TYPE":"Sub-national ministry or agency","GOVSUBTYPE":"Not Applicable","OWN_TYPE":"Not Reported","OWNSUBTYPE":"Not Applicable","MANG_AUTH":"Not Reported","MANG_PLAN":"Not Reported","VERIF":"State Verified","METADATAID":1852,"PRNT_ISO3":"ARG","ISO3":"ARG","SUPP_INFO":"Not Applicable","CONS_OBJ":"Not Applicable","INLND_WTRS":"Not Reported","OECM_ASMT":"Not Applicable","layer":"WDPA_W~1","path":"C:/DATAS/PRO/GIS/ARGENT~1/RAW/WDPA_W~1/WDPA_W~1/WDPA_W~1.SHP"}},
{"type":"Feature","geometry":{"type":"Polygon","coordinates":[[[-54.782664,-26.682857],[-54.771207,-26.690833],[-54.764101,-26.680082],[-54.782664,-26.682857]]]},"properties":{"fid":114,"SITE_ID":32518,"SITE_PID":"32518","SITE_TYPE":"PA","NAME_ENG":"Timbó Gigante","NAME":"Timbó Gigante","DESIG":"Refugio Privado","DESIG_ENG":"Private Refuge","DESIG_TYPE":"National","IUCN_CAT":"Ia","INT_CRIT":"Not Applicable","REALM":"Terrestrial","REP_M_AREA":0,"GIS_M_AREA":0,"REP_AREA":1.99,"GIS_AREA":1.39699729283958,"NO_TAKE":"Not Applicable","NO_TK_AREA":0,"STATUS":"Designated","STATUS_YR":1995,"GOV_TYPE":"Not Reported","GOVSUBTYPE":"Not Applicable","OWN_TYPE":"Not Reported","OWNSUBTYPE":"Not Applicable","MANG_AUTH":"Not Reported","MANG_PLAN":"Not Reported","VERIF":"State Verified","METADATAID":1852,"PRNT_ISO3":"ARG","ISO3":"ARG","SUPP_INFO":"Not Applicable","CONS_OBJ":"Not Applicable","INLND_WTRS":"Not Reported","OECM_ASMT":"Not Applicable","layer":"WDPA_W~1","path":"C:/DATAS/PRO/GIS/ARGENT~1/RAW/WDPA_W~1/WDPA_W~1/WDPA_W~1.SHP"}},
{"type":"Feature","geometry":{"type":"Polygon","coordinates":[[[-54.162134,-25.614962],[-54.16188,-25.614502],[-54.161274,-25.614275],[-54.160463,-25.614128],[-54.159434,-25.613687],[-54.158623,-25.6131],[-54.157108,-25.613149],[-54.155538,-25.612219],[-54.154617,-25.609718],[-54.150667,-25.608053],[-54.145367,-25.610508],[-54.1425,-25.595165],[-54.146376,-25.594217],[-54.149732,-25.595191],[-54.152049,-25.596415],[-54.152686,-25.596519],[-54.153091,-25.596834],[-54.153433,-25.598158],[-54.15379,-25.598422],[-54.153984,-25.597804],[-54.15396,-25.5972],[-54.153959,-25.596518],[-54.154074,-25.595678],[-54.154337,-25.595157],[-54.155229,-25.594418],[-54.156733,-25.593682],[-54.159625,-25.593154],[-54.162053,-25.591],[-54.162515,-25.590527],[-54.162977,-25.589897],[-54.16315,-25.589267],[-54.162976,-25.58869],[-54.162801,-25.588218],[-54.162801,-25.587746],[-54.162974,-25.587431],[-54.163031,-25.586958],[-54.163204,-25.586696],[-54.163204,-25.586223],[-54.163146,-25.586066],[-54.162914,-25.585751],[-54.162682,-25.585332],[-54.162739,-25.584807],[-54.16297,-25.584387],[-54.163201,-25.584072],[-54.163663,-25.583337],[-54.164067,-25.583179],[-54.164456,-25.583179],[-54.164137,-25.589227],[-54.163952,-25.593078],[-54.163517,-25.601241],[-54.163383,-25.604388],[-54.1633,-25.605986],[-54.163166,-25.608633],[-54.163063,-25.610616],[-54.162816,-25.615254],[-54.162134,-25.614962]]]},"properties":{"fid":115,"SITE_ID":32522,"SITE_PID":"32522","SITE_TYPE":"PA","NAME_ENG":"Yacuy","NAME":"Yacuy","DESIG":"Parque Provincial","DESIG_ENG":"Provincial Park","DESIG_TYPE":"National","IUCN_CAT":"II","INT_CRIT":"Not Applicable","REALM":"Terrestrial","REP_M_AREA":0,"GIS_M_AREA":0,"REP_AREA":3.47,"GIS_AREA":3.61321237192521,"NO_TAKE":"Not Applicable","NO_TK_AREA":0,"STATUS":"Designated","STATUS_YR":1989,"GOV_TYPE":"Sub-national ministry or agency","GOVSUBTYPE":"Not Applicable","OWN_TYPE":"Not Reported","OWNSUBTYPE":"Not Applicable","MANG_AUTH":"Not Reported","MANG_PLAN":"Not Reported","VERIF":"State Verified","METADATAID":1852,"PRNT_ISO3":"ARG","ISO3":"ARG","SUPP_INFO":"Not Applicable","CONS_OBJ":"Not Applicable","INLND_WTRS":"Not Reported","OECM_ASMT":"Not Applicable","layer":"WDPA_W~1","path":"C:/DATAS/PRO/GIS/ARGENT~1/RAW/WDPA_W~1/WDPA_W~1/WDPA_W~1.SHP"}},
{"type":"Feature","geometry":{"type":"Polygon","coordinates":[[[-58.948822,-27.317816],[-58.952584,-27.317239],[-58.950464,-27.319181],[-58.948822,-27.317816]]]},"properties":{"fid":116,"SITE_ID":32633,"SITE_PID":"32633","SITE_TYPE":"PA","NAME_ENG":"Colonia Benítez","NAME":"Colonia Benítez","DESIG":"Reserva Natural Educativa","DESIG_ENG":"Educational Nature Reserve","DESIG_TYPE":"National","IUCN_CAT":"Ia","INT_CRIT":"Not Applicable","REALM":"Terrestrial","REP_M_AREA":0,"GIS_M_AREA":0,"REP_AREA":0.0799999982,"GIS_AREA":0.074670869159819,"NO_TAKE":"Not Applicable","NO_TK_AREA":0,"STATUS":"Designated","STATUS_YR":1990,"GOV_TYPE":"Federal or national ministry or agency","GOVSUBTYPE":"Not Applicable","OWN_TYPE":"Not Reported","OWNSUBTYPE":"Not Applicable","MANG_AUTH":"Administración de Parques Nacionales","MANG_PLAN":"Not Reported","VERIF":"State Verified","METADATAID":1935,"PRNT_ISO3":"ARG","ISO3":"ARG","SUPP_INFO":"Not Applicable","CONS_OBJ":"Not Applicable","INLND_WTRS":"Not Reported","OECM_ASMT":"Not Applicable","layer":"WDPA_W~1","path":"C:/DATAS/PRO/GIS/ARGENT~1/RAW/WDPA_W~1/WDPA_W~1/WDPA_W~1.SHP"}},
{"type":"Feature","geometry":{"type":"Polygon","coordinates":[[[-54.269435,-26.97719],[-54.268459,-26.97664],[-54.26816,-26.976487],[-54.184823,-26.933544],[-54.188652,-26.931343],[-54.1895,-26.929719],[-54.178895,-26.92572],[-54.180956,-26.918699],[-54.199205,-26.89146],[-54.292171,-26.933392],[-54.273727,-26.962836],[-54.289394,-26.97548],[-54.269435,-26.97719]]]},"properties":{"fid":117,"SITE_ID":32723,"SITE_PID":"32723","SITE_TYPE":"PA","NAME_ENG":"Guarani","NAME":"Guarani","DESIG":"Área Experimental","DESIG_ENG":"Experimental Area","DESIG_TYPE":"National","IUCN_CAT":"VI","INT_CRIT":"Not Applicable","REALM":"Terrestrial","REP_M_AREA":0,"GIS_M_AREA":0,"REP_AREA":53.43,"GIS_AREA":52.1553419320281,"NO_TAKE":"Not Applicable","NO_TK_AREA":0,"STATUS":"Designated","STATUS_YR":1975,"GOV_TYPE":"Not Reported","GOVSUBTYPE":"Not Applicable","OWN_TYPE":"Not Reported","OWNSUBTYPE":"Not Applicable","MANG_AUTH":"Not Reported","MANG_PLAN":"Not Reported","VERIF":"State Verified","METADATAID":1852,"PRNT_ISO3":"ARG","ISO3":"ARG","SUPP_INFO":"Not Applicable","CONS_OBJ":"Not Applicable","INLND_WTRS":"Not Reported","OECM_ASMT":"Not Applicable","layer":"WDPA_W~1","path":"C:/DATAS/PRO/GIS/ARGENT~1/RAW/WDPA_W~1/WDPA_W~1/WDPA_W~1.SHP"}},
{"type":"Feature","geometry":{"type":"Polygon","coordinates":[[[-70.313277,-39.015905],[-70.381422,-38.9599],[-70.444227,-39.00636],[-70.409249,-39.035127],[-70.409227,-39.035047],[-70.38533,-39.007451],[-70.362816,-39.001233],[-70.313277,-39.015905]]]},"properties":{"fid":118,"SITE_ID":61819,"SITE_PID":"61819","SITE_TYPE":"PA","NAME_ENG":"Laguna Blanca","NAME":"Laguna Blanca","DESIG":"Reserva Nacional","DESIG_ENG":"National Reserve","DESIG_TYPE":"National","IUCN_CAT":"VI","INT_CRIT":"Not Applicable","REALM":"Terrestrial","REP_M_AREA":0,"GIS_M_AREA":0,"REP_AREA":35.6,"GIS_AREA":35.0096933635676,"NO_TAKE":"Not Applicable","NO_TK_AREA":0,"STATUS":"Designated","STATUS_YR":1940,"GOV_TYPE":"Federal or national ministry or agency","GOVSUBTYPE":"Not Applicable","OWN_TYPE":"Not Reported","OWNSUBTYPE":"Not Applicable","MANG_AUTH":"Administración de Parques Nacionales","MANG_PLAN":"https://sib.gob.ar/archivos/PG_PN_Laguna_Blanca.pdf","VERIF":"State Verified","METADATAID":1935,"PRNT_ISO3":"ARG","ISO3":"ARG","SUPP_INFO":"Not Applicable","CONS_OBJ":"Not Applicable","INLND_WTRS":"Not Reported","OECM_ASMT":"Not Applicable","layer":"WDPA_W~1","path":"C:/DATAS/PRO/GIS/ARGENT~1/RAW/WDPA_W~1/WDPA_W~1/WDPA_W~1.SHP"}},
{"type":"Feature","geometry":{"type":"Polygon","coordinates":[[[-71.768667,-43.166508],[-71.688383,-43.175936],[-71.68577,-43.164687],[-71.656502,-43.180536],[-71.640122,-43.166312],[-71.633037,-43.178655],[-71.580245,-43.168625],[-71.566326,-43.149145],[-71.591187,-43.13998],[-71.566722,-42.672238],[-71.627195,-42.670495],[-71.622393,-42.580547],[-71.642733,-42.579512],[-71.643376,-42.580115],[-71.644285,-42.582061],[-71.641733,-42.588601],[-71.642875,-42.59723],[-71.645234,-42.605294],[-71.645295,-42.606864],[-71.658987,-42.620147],[-71.66063,-42.621264],[-71.673389,-42.632686],[-71.674734,-42.637973],[-71.671565,-42.65466],[-71.675145,-42.661274],[-71.678461,-42.666439],[-71.688365,-42.667005],[-71.689779,-42.667346],[-71.697561,-42.672421],[-71.708402,-42.687712],[-71.705972,-42.690508],[-71.709708,-42.692989],[-71.714911,-42.691326],[-71.719104,-42.699736],[-71.724793,-42.710305],[-71.725645,-42.716758],[-71.732893,-42.722326],[-71.738378,-42.723344],[-71.741373,-42.728848],[-71.751434,-42.754953],[-71.739088,-42.765725],[-71.735746,-42.768335],[-71.734953,-42.777169],[-71.717181,-42.807029],[-71.716923,-42.81476],[-71.704971,-42.816121],[-71.688547,-42.811455],[-71.681895,-42.808491],[-71.673134,-42.805276],[-71.668355,-42.805467],[-71.660843,-42.807776],[-71.651095,-42.812288],[-71.62364,-42.822714],[-71.618747,-42.823147],[-71.612272,-42.827748],[-71.60388,-42.853981],[-71.603649,-42.855371],[-71.605613,-42.861268],[-71.597683,-42.883616],[-71.611495,-42.887069],[-71.61374,-42.888087],[-71.661082,-42.955476],[-71.722455,-42.9576],[-71.72368,-42.976962],[-71.765001,-43.022584],[-71.804557,-43.035061],[-71.82347,-43.039436],[-71.830115,-43.041267],[-71.84338,-43.081721],[-71.847567,-43.089104],[-71.866884,-43.110342],[-71.868265,-43.116193],[-71.874843,-43.124622],[-71.875507,-43.125212],[-71.878368,-43.12627],[-71.879912,-43.12708],[-71.880393,-43.12749],[-71.878654,-43.12832],[-71.876513,-43.128148],[-71.873686,-43.129048],[-71.869846,-43.129067],[-71.865436,-43.128045],[-71.863837,-43.128159],[-71.859763,-43.129529],[-71.852986,-43.127112],[-71.854426,-43.134888],[-71.768667,-43.166508]]]},"properties":{"fid":119,"SITE_ID":61822,"SITE_PID":"61822","SITE_TYPE":"PA","NAME_ENG":"Los Alerces","NAME":"Los Alerces","DESIG":"Reserva Nacional","DESIG_ENG":"National Reserve","DESIG_TYPE":"National","IUCN_CAT":"VI","INT_CRIT":"Not Applicable","REALM":"Terrestrial","REP_M_AREA":0,"GIS_M_AREA":0,"REP_AREA":714.43,"GIS_AREA":713.998473393436,"NO_TAKE":"Not Applicable","NO_TK_AREA":0,"STATUS":"Designated","STATUS_YR":1937,"GOV_TYPE":"Federal or national ministry or agency","GOVSUBTYPE":"Not Applicable","OWN_TYPE":"Not Reported","OWNSUBTYPE":"Not Applicable","MANG_AUTH":"Administración de Parques Nacionales","MANG_PLAN":"https://sib.gob.ar/archivos/PG_Los_Alerces.pdf","VERIF":"State Verified","METADATAID":1935,"PRNT_ISO3":"ARG","ISO3":"ARG","SUPP_INFO":"Not Applicable","CONS_OBJ":"Not Applicable","INLND_WTRS":"Not Reported","OECM_ASMT":"Not Applicable","layer":"WDPA_W~1","path":"C:/DATAS/PRO/GIS/ARGENT~1/RAW/WDPA_W~1/WDPA_W~1/WDPA_W~1.SHP"}},
{"type":"Feature","geometry":{"type":"MultiPolygon","coordinates":[[[[-72.986857,-50.751808],[-72.954699,-50.740959],[-72.952022,-50.718384],[-72.905465,-50.697195],[-72.891438,-50.670176],[-72.874734,-50.670497],[-72.851784,-50.653187],[-72.829834,-50.652509],[-72.774118,-50.627453],[-72.73732,-50.624883],[-72.731524,-50.615378],[-72.731152,-50.611251],[-72.720044,-50.487881],[-72.732983,-50.491596],[-72.760804,-50.509574],[-72.763232,-50.510151],[-72.763114,-50.509826],[-72.764771,-50.507572],[-72.765843,-50.507152],[-72.766556,-50.505237],[-72.768083,-50.504593],[-72.768807,-50.504588],[-72.768988,-50.504587],[-72.769169,-50.504585],[-72.769259,-50.504585],[-72.769531,-50.504583],[-72.769713,-50.504697],[-72.769894,-50.504696],[-72.769986,-50.504753],[-72.770168,-50.504867],[-72.77026,-50.504924],[-72.77035,-50.504924],[-72.770351,-50.504981],[-72.770898,-50.505209],[-72.771169,-50.505207],[-72.771259,-50.505206],[-72.77144,-50.505205],[-72.771531,-50.505204],[-72.771622,-50.505261],[-72.772165,-50.505258],[-72.772711,-50.505485],[-72.772804,-50.5056],[-72.772805,-50.505657],[-72.772805,-50.505715],[-72.772806,-50.505773],[-72.77281,-50.505966],[-72.774824,-50.506452],[-72.774988,-50.506451],[-72.77535,-50.506448],[-72.775622,-50.506446],[-72.775802,-50.506445],[-72.776617,-50.50644],[-72.776708,-50.506497],[-72.77689,-50.506553],[-72.776981,-50.50661],[-72.777617,-50.506779],[-72.777798,-50.506778],[-72.777889,-50.506777],[-72.777889,-50.506835],[-72.778342,-50.506832],[-72.778977,-50.506943],[-72.779432,-50.507113],[-72.779617,-50.5074],[-72.780437,-50.507741],[-72.780621,-50.507913],[-72.780711,-50.507912],[-72.780803,-50.507969],[-72.780894,-50.508026],[-72.780895,-50.508084],[-72.782343,-50.508132],[-72.782435,-50.508189],[-72.782706,-50.508187],[-72.782887,-50.508186],[-72.782978,-50.508185],[-72.783068,-50.508185],[-72.783249,-50.508184],[-72.783972,-50.508179],[-72.784245,-50.508235],[-72.784538,-50.509559],[-72.793182,-50.515212],[-72.795114,-50.517102],[-72.795212,-50.517563],[-72.795582,-50.51808],[-72.795583,-50.518138],[-72.795584,-50.518195],[-72.795861,-50.518482],[-72.796226,-50.51871],[-72.79722,-50.518588],[-72.797401,-50.518587],[-72.797762,-50.518584],[-72.797853,-50.518584],[-72.797943,-50.518583],[-72.798034,-50.518582],[-72.798124,-50.518582],[-72.798578,-50.518636],[-72.799942,-50.519031],[-72.800239,-50.520586],[-72.802337,-50.521553],[-72.802341,-50.521783],[-72.802525,-50.521955],[-72.802532,-50.522416],[-72.802812,-50.522876],[-72.802818,-50.523222],[-72.802819,-50.52328],[-72.80282,-50.523338],[-72.802911,-50.523395],[-72.802914,-50.523568],[-72.803648,-50.524139],[-72.806983,-50.523366],[-72.809265,-50.524562],[-72.813907,-50.526087],[-72.815735,-50.525382],[-72.815795,-50.525382],[-72.815976,-50.52538],[-72.816066,-50.52538],[-72.816247,-50.525379],[-72.817152,-50.525372],[-72.817425,-50.525428],[-72.819095,-50.527839],[-72.82438,-50.530392],[-72.82517,-50.531751],[-72.826319,-50.532069],[-72.826321,-50.532172],[-72.826411,-50.532172],[-72.826413,-50.532287],[-72.827146,-50.532801],[-72.827241,-50.533031],[-72.832393,-50.530052],[-72.832844,-50.529991],[-72.833025,-50.52999],[-72.833116,-50.52999],[-72.833839,-50.529984],[-72.834021,-50.530041],[-72.850397,-50.539787],[-72.849027,-50.549317],[-72.849463,-50.550055],[-72.850613,-50.551479],[-72.851395,-50.551966],[-72.91858,-50.572265],[-72.923634,-50.596683],[-72.935702,-50.589386],[-72.965217,-50.68769],[-72.990995,-50.68738],[-72.989399,-50.688798],[-72.991102,-50.690011],[-72.986857,-50.751808]]],[[[-72.982549,-50.215523],[-72.965648,-50.036851],[-72.826311,-50.042212],[-72.803813,-49.794468],[-72.859247,-49.792724],[-72.847078,-49.65583],[-72.741848,-49.430852],[-72.748169,-49.382674],[-72.804166,-49.375244],[-72.878147,-49.334285],[-72.892932,-49.311689],[-72.875166,-49.249932],[-72.93585,-49.247471],[-72.947032,-49.247014],[-72.987963,-49.286892],[-73.03427,-49.423567],[-72.966864,-49.481608],[-72.987031,-49.479961],[-73.003809,-49.504124],[-72.889163,-49.655343],[-73.025016,-49.669015],[-73.037485,-49.704988],[-73.298364,-49.990421],[-73.251813,-49.99906],[-73.230989,-50.048506],[-73.160999,-50.097138],[-73.153623,-50.066573],[-73.185674,-50.058732],[-73.196204,-50.00573],[-73.220312,-49.997573],[-73.199133,-49.975486],[-73.164723,-50.015422],[-73.144395,-49.956353],[-73.120198,-49.981367],[-73.139688,-50.048662],[-73.114286,-50.115655],[-73.104771,-50.125079],[-73.095249,-50.09491],[-73.079931,-50.108668],[-73.106844,-50.065349],[-73.073829,-50.069948],[-73.040029,-50.178669],[-72.982549,-50.215523]]]]},"properties":{"fid":120,"SITE_ID":61823,"SITE_PID":"61823","SITE_TYPE":"PA","NAME_ENG":"Los Glaciares","NAME":"Los Glaciares","DESIG":"Reserva Nacional","DESIG_ENG":"National Reserve","DESIG_TYPE":"National","IUCN_CAT":"VI","INT_CRIT":"Not Applicable","REALM":"Terrestrial","REP_M_AREA":0,"GIS_M_AREA":0,"REP_AREA":1883.77,"GIS_AREA":1898.05811498121,"NO_TAKE":"Not Applicable","NO_TK_AREA":0,"STATUS":"Designated","STATUS_YR":1937,"GOV_TYPE":"Federal or national ministry or agency","GOVSUBTYPE":"Not Applicable","OWN_TYPE":"Not Reported","OWNSUBTYPE":"Not Applicable","MANG_AUTH":"Administración de Parques Nacionales","MANG_PLAN":"https://sib.gob.ar/archivos/PG_PN_LOS_GLACIARES_2019-2029__1_.pdf","VERIF":"State Verified","METADATAID":1935,"PRNT_ISO3":"ARG","ISO3":"ARG","SUPP_INFO":"Not Applicable","CONS_OBJ":"Not Applicable","INLND_WTRS":"Not Reported","OECM_ASMT":"Not Applicable","layer":"WDPA_W~1","path":"C:/DATAS/PRO/GIS/ARGENT~1/RAW/WDPA_W~1/WDPA_W~1/WDPA_W~1.SHP"}},
{"type":"Feature","geometry":{"type":"MultiPolygon","coordinates":[[[[-71.494479,-41.14145],[-71.492678,-41.311753],[-71.528642,-41.354394],[-71.488824,-41.376314],[-71.485604,-41.445561],[-71.454493,-41.520129],[-71.460392,-41.545544],[-71.499492,-41.574877],[-71.49798,-41.581588],[-71.492825,-41.585878],[-71.497981,-41.582267],[-71.500886,-41.57715],[-71.513499,-41.569799],[-71.6061,-41.551729],[-71.624712,-41.535362],[-71.748816,-41.542215],[-71.784375,-41.493501],[-71.828323,-41.482086],[-71.833337,-41.487841],[-71.833994,-41.488442],[-71.837609,-41.498193],[-71.841833,-41.501872],[-71.775025,-41.563746],[-71.774644,-41.59163],[-71.72867,-41.598799],[-71.646888,-41.580374],[-71.610363,-41.601753],[-71.521297,-41.600552],[-71.51331,-41.570567],[-71.50078,-41.5774],[-71.497915,-41.58253],[-71.488959,-41.589397],[-71.485745,-41.589941],[-71.477162,-41.578193],[-71.456989,-41.586019],[-71.431971,-41.559592],[-71.450858,-41.522817],[-71.43926,-41.500187],[-71.2382,-41.42292],[-71.230467,-41.28649],[-71.166894,-41.240665],[-71.154463,-41.18282],[-71.111535,-41.148734],[-71.115583,-41.124398],[-71.139668,-41.111902],[-71.173451,-41.14219],[-71.245196,-41.165404],[-71.243101,-41.185927],[-71.310468,-41.182606],[-71.343417,-41.206503],[-71.353841,-41.188378],[-71.391405,-41.185978],[-71.407443,-41.160693],[-71.43017,-41.19927],[-71.45072,-41.19512],[-71.48651,-41.17024],[-71.450727,-41.144179],[-71.494479,-41.14145]]],[[[-71.494479,-41.14145],[-71.519707,-41.139458],[-71.514371,-41.116864],[-71.534994,-41.107861],[-71.547814,-41.121454],[-71.581317,-41.106813],[-71.570221,-41.092291],[-71.588006,-41.078201],[-71.586037,-41.139383],[-71.494479,-41.14145]]],[[[-71.15048,-40.665697],[-71.150481,-40.665697],[-71.155971,-40.661199],[-71.199972,-40.62515],[-71.2436,-40.655619],[-71.283113,-40.623452],[-71.319085,-40.648787],[-71.28655,-40.657838],[-71.295463,-40.674226],[-71.377074,-40.661659],[-71.385167,-40.671547],[-71.455075,-40.635434],[-71.48819,-40.627592],[-71.243755,-40.738294],[-71.187203,-40.818092],[-71.19708,-40.895707],[-71.258288,-40.93512],[-71.307404,-40.94667],[-71.349627,-40.914271],[-71.412587,-40.906376],[-71.444263,-40.906379],[-71.444487,-40.895334],[-71.46582,-40.884942],[-71.547866,-40.791243],[-71.583151,-40.791248],[-71.565567,-40.819162],[-71.535863,-40.819153],[-71.53952,-40.839718],[-71.579922,-40.826403],[-71.587036,-40.802162],[-71.612561,-40.801786],[-71.627454,-40.780863],[-71.658574,-40.783093],[-71.638372,-40.804792],[-71.635187,-40.806591],[-71.620641,-40.816323],[-71.603765,-40.836448],[-71.598251,-40.839505],[-71.595161,-40.841807],[-71.599963,-40.841339],[-71.605857,-40.846302],[-71.605956,-40.846714],[-71.606047,-40.847093],[-71.605741,-40.847441],[-71.605737,-40.847445],[-71.605667,-40.847524],[-71.60386,-40.848999],[-71.602957,-40.849286],[-71.602625,-40.852343],[-71.603005,-40.853206],[-71.603385,-40.853385],[-71.603813,-40.852918],[-71.603956,-40.852918],[-71.604003,-40.853206],[-71.604098,-40.853565],[-71.604478,-40.853565],[-71.604859,-40.853709],[-71.605382,-40.853529],[-71.605572,-40.853098],[-71.605952,-40.853026],[-71.607331,-40.853421],[-71.607331,-40.853961],[-71.608281,-40.85468],[-71.612655,-40.856621],[-71.612655,-40.857556],[-71.612987,-40.857628],[-71.613136,-40.857545],[-71.613439,-40.857376],[-71.614057,-40.85761],[-71.613668,-40.857981],[-71.61351,-40.858131],[-71.613938,-40.858347],[-71.614045,-40.858248],[-71.614354,-40.857964],[-71.614485,-40.857844],[-71.614746,-40.858203],[-71.614719,-40.858658],[-71.614699,-40.858994],[-71.614794,-40.85939],[-71.614758,-40.859431],[-71.614366,-40.859893],[-71.614651,-40.860145],[-71.614081,-40.861223],[-71.614223,-40.861583],[-71.614841,-40.862086],[-71.614889,-40.863344],[-71.618362,-40.864819],[-71.617877,-40.865212],[-71.617218,-40.865393],[-71.616838,-40.865897],[-71.616885,-40.866292],[-71.617313,-40.866557],[-71.617408,-40.866616],[-71.624919,-40.86072],[-71.625775,-40.859587],[-71.62606,-40.858707],[-71.62606,-40.857089],[-71.627914,-40.856513],[-71.663399,-40.786348],[-71.667803,-40.744005],[-71.723975,-40.690752],[-71.730499,-40.71581],[-71.710084,-40.725086],[-71.707625,-40.726828],[-71.718729,-40.746089],[-71.780065,-40.723352],[-71.796934,-40.74237],[-71.714787,-40.758963],[-71.706702,-40.789615],[-71.748412,-40.792408],[-71.752577,-40.806441],[-71.701342,-40.817909],[-71.667919,-40.867899],[-71.617348,-40.900692],[-71.562278,-41.002268],[-71.577928,-41.037602],[-71.530393,-41.054871],[-71.520473,-41.042108],[-71.471147,-41.046855],[-71.421379,-41.091601],[-71.491163,-41.059367],[-71.437647,-41.106034],[-71.338163,-41.131498],[-71.25808,-41.128495],[-71.188997,-41.101668],[-71.185044,-41.080065],[-71.166149,-41.069297],[-71.165565,-41.067915],[-71.165684,-41.067595],[-71.165845,-41.067071],[-71.164559,-41.065138],[-71.152418,-41.055736],[-71.147376,-41.057159],[-71.144875,-41.057159],[-71.143258,-41.057012],[-71.14106,-41.056198],[-71.140283,-41.055598],[-71.139286,-41.0551],[-71.139276,-41.05509],[-71.138962,-41.054951],[-71.133492,-41.050603],[-71.128842,-41.045645],[-71.125686,-41.038482],[-71.125375,-41.037372],[-71.125226,-41.036387],[-71.126284,-41.030118],[-71.125223,-41.024325],[-71.11439,-41.007355],[-71.112885,-41.006636],[-71.107553,-41.007513],[-71.103954,-41.003331],[-71.101025,-41.001332],[-71.087996,-40.997206],[-71.088013,-40.995976],[-71.088639,-40.99475],[-71.089865,-40.994144],[-71.091295,-40.99354],[-71.092718,-40.993397],[-71.094543,-40.993566],[-71.095964,-40.993577],[-71.100238,-40.992841],[-71.101268,-40.991772],[-71.101191,-40.990786],[-71.082071,-40.983764],[-71.080526,-40.983764],[-71.078614,-40.983764],[-71.078535,-40.983767],[-71.07556,-40.984338],[-71.07293,-40.983702],[-71.068931,-40.980013],[-71.060775,-40.981911],[-71.059768,-40.981287],[-71.059137,-40.980023],[-71.058611,-40.979572],[-71.057464,-40.977422],[-71.055777,-40.976486],[-71.049994,-40.962583],[-71.037725,-40.957951],[-71.042078,-40.947857],[-71.041603,-40.946992],[-71.041127,-40.946249],[-71.040645,-40.945876],[-71.039839,-40.9455],[-71.039523,-40.944882],[-71.039208,-40.944264],[-71.038245,-40.943518],[-71.037466,-40.942758],[-71.036961,-40.942522],[-71.036813,-40.941537],[-71.035698,-40.94005],[-71.036709,-40.938278],[-71.035592,-40.936918],[-71.034563,-40.936771],[-71.032798,-40.935153],[-71.032798,-40.935114],[-71.031889,-40.934526],[-71.031261,-40.933044],[-71.032139,-40.928497],[-71.033296,-40.92703],[-71.034773,-40.925935],[-71.034949,-40.924952],[-71.035607,-40.924342],[-71.03498,-40.92264],[-71.03402,-40.921867],[-71.033914,-40.921528],[-71.033033,-40.920459],[-71.032906,-40.920381],[-71.032208,-40.919501],[-71.03136,-40.919322],[-71.030966,-40.918549],[-71.034255,-40.9155],[-71.03448,-40.913963],[-71.0353,-40.913355],[-71.034523,-40.911041],[-71.033721,-40.910418],[-71.033531,-40.909494],[-71.033416,-40.903493],[-71.033848,-40.90165],[-71.035285,-40.900432],[-71.037123,-40.899524],[-71.037342,-40.898449],[-71.037959,-40.897839],[-71.038583,-40.896767],[-71.038592,-40.896151],[-71.038925,-40.895885],[-71.039248,-40.895408],[-71.038744,-40.894345],[-71.038557,-40.893267],[-71.03817,-40.892033],[-71.039065,-40.886194],[-71.040709,-40.884669],[-71.045794,-40.88348],[-71.049037,-40.883507],[-71.050456,-40.883519],[-71.052493,-40.882766],[-71.053115,-40.881848],[-71.052129,-40.880076],[-71.047876,-40.879651],[-71.046867,-40.879335],[-71.04627,-40.878561],[-71.046587,-40.870564],[-71.067704,-40.850767],[-71.072913,-40.849209],[-71.073391,-40.849828],[-71.073384,-40.85032],[-71.073863,-40.850817],[-71.074511,-40.850822],[-71.074663,-40.851562],[-71.077243,-40.852567],[-71.078215,-40.852575],[-71.079832,-40.852834],[-71.081291,-40.852845],[-71.083406,-40.852247],[-71.084212,-40.852622],[-71.085674,-40.852388],[-71.086005,-40.851898],[-71.085855,-40.851035],[-71.085539,-40.850418],[-71.08588,-40.849189],[-71.087543,-40.846126],[-71.092478,-40.840749],[-71.096222,-40.839548],[-71.09978,-40.840068],[-71.10101,-40.834849],[-71.090797,-40.831874],[-71.091698,-40.825235],[-71.101139,-40.821986],[-71.100251,-40.812351],[-71.103082,-40.811395],[-71.103392,-40.811049],[-71.104857,-40.810568],[-71.105186,-40.810202],[-71.105997,-40.810085],[-71.109096,-40.808509],[-71.109103,-40.808017],[-71.111879,-40.806315],[-71.112689,-40.806321],[-71.113181,-40.805833],[-71.114803,-40.805722],[-71.117242,-40.805002],[-71.118302,-40.804035],[-71.118396,-40.802334],[-71.117451,-40.799498],[-71.117073,-40.796852],[-71.117205,-40.796551],[-71.117056,-40.796077],[-71.118592,-40.790181],[-71.117017,-40.786846],[-71.117356,-40.783241],[-71.11872,-40.780459],[-71.120511,-40.779734],[-71.120835,-40.779737],[-71.121808,-40.779621],[-71.123027,-40.779731],[-71.123027,-40.779015],[-71.122949,-40.779014],[-71.12273,-40.778797],[-71.12225,-40.778301],[-71.121941,-40.777191],[-71.12261,-40.775604],[-71.119152,-40.770671],[-71.117924,-40.768402],[-71.117538,-40.767311],[-71.117396,-40.765833],[-71.118547,-40.764488],[-71.118879,-40.763875],[-71.118884,-40.763506],[-71.11889,-40.763014],[-71.118897,-40.762521],[-71.120003,-40.761088],[-71.120003,-40.760179],[-71.119625,-40.758951],[-71.093818,-40.727372],[-71.093023,-40.727036],[-71.091835,-40.727105],[-71.088102,-40.725887],[-71.086782,-40.725744],[-71.086268,-40.724808],[-71.083533,-40.725291],[-71.079798,-40.726704],[-71.079109,-40.726017],[-71.079107,-40.726017],[-71.07812,-40.725037],[-71.078124,-40.725034],[-71.078093,-40.725002],[-71.15048,-40.665697]]]]},"properties":{"fid":121,"SITE_ID":61824,"SITE_PID":"61824","SITE_TYPE":"PA","NAME_ENG":"Nahuel Huapi","NAME":"Nahuel Huapi","DESIG":"Reserva Nacional","DESIG_ENG":"National Reserve","DESIG_TYPE":"National","IUCN_CAT":"VI","INT_CRIT":"Not Applicable","REALM":"Terrestrial","REP_M_AREA":0,"GIS_M_AREA":0,"REP_AREA":2253.8,"GIS_AREA":2380.53031662711,"NO_TAKE":"Not Applicable","NO_TK_AREA":0,"STATUS":"Designated","STATUS_YR":1934,"GOV_TYPE":"Federal or national ministry or agency","GOVSUBTYPE":"Not Applicable","OWN_TYPE":"Not Reported","OWNSUBTYPE":"Not Applicable","MANG_AUTH":"Administración de Parques Nacionales","MANG_PLAN":"https://sib.gob.ar/archivos/PG_PNNH_2019.pdf","VERIF":"State Verified","METADATAID":1935,"PRNT_ISO3":"ARG","ISO3":"ARG","SUPP_INFO":"Not Applicable","CONS_OBJ":"Not Applicable","INLND_WTRS":"Not Reported","OECM_ASMT":"Not Applicable","layer":"WDPA_W~1","path":"C:/DATAS/PRO/GIS/ARGENT~1/RAW/WDPA_W~1/WDPA_W~1/WDPA_W~1.SHP"}},
{"type":"Feature","geometry":{"type":"Polygon","coordinates":[[[-72.114254,-47.997243],[-71.980409,-48.001422],[-71.967621,-47.848219],[-72.012014,-47.833893],[-72.02445,-47.730026],[-72.089286,-47.728123],[-72.155792,-47.726165],[-72.157608,-47.726111],[-72.208414,-47.780132],[-72.116653,-47.795558],[-72.09028,-47.820108],[-72.127766,-47.832377],[-72.121202,-47.810423],[-72.173085,-47.800879],[-72.189619,-47.809263],[-72.175407,-47.839816],[-72.125453,-47.832746],[-72.059653,-47.865054],[-72.067053,-47.880183],[-72.103176,-47.870161],[-72.114254,-47.997243]]]},"properties":{"fid":122,"SITE_ID":61827,"SITE_PID":"61827","SITE_TYPE":"PA","NAME_ENG":"Perito Moreno","NAME":"Perito Moreno","DESIG":"Reserva Nacional","DESIG_ENG":"National Reserve","DESIG_TYPE":"National","IUCN_CAT":"VI","INT_CRIT":"Not Applicable","REALM":"Terrestrial","REP_M_AREA":0,"GIS_M_AREA":0,"REP_AREA":319.47,"GIS_AREA":320.021913296753,"NO_TAKE":"Not Applicable","NO_TK_AREA":0,"STATUS":"Designated","STATUS_YR":1937,"GOV_TYPE":"Federal or national ministry or agency","GOVSUBTYPE":"Not Applicable","OWN_TYPE":"Not Reported","OWNSUBTYPE":"Not Applicable","MANG_AUTH":"Administración de Parques Nacionales","MANG_PLAN":"https://sib.gob.ar/archivos/PG_PNPFPM.pdf","VERIF":"State Verified","METADATAID":1935,"PRNT_ISO3":"ARG","ISO3":"ARG","SUPP_INFO":"Not Applicable","CONS_OBJ":"Not Applicable","INLND_WTRS":"Not Reported","OECM_ASMT":"Not Applicable","layer":"WDPA_W~1","path":"C:/DATAS/PRO/GIS/ARGENT~1/RAW/WDPA_W~1/WDPA_W~1/WDPA_W~1.SHP"}},
{"type":"Feature","geometry":{"type":"Polygon","coordinates":[[[-69.057007,-45.80259],[-69.081632,-45.81943],[-69.069101,-45.838664],[-68.999897,-45.81946],[-68.996633,-45.806028],[-69.057007,-45.80259]]]},"properties":{"fid":123,"SITE_ID":61847,"SITE_PID":"61847","SITE_TYPE":"PA","NAME_ENG":"Bosque Petrificado Sarmiento","NAME":"Bosque Petrificado Sarmiento","DESIG":"Reserva Natural Turística","DESIG_ENG":"Tourist Nature Reserve","DESIG_TYPE":"National","IUCN_CAT":"III","INT_CRIT":"Not Applicable","REALM":"Terrestrial","REP_M_AREA":0,"GIS_M_AREA":0,"REP_AREA":18.32,"GIS_AREA":18.862783722565,"NO_TAKE":"Not Applicable","NO_TK_AREA":0,"STATUS":"Designated","STATUS_YR":1973,"GOV_TYPE":"Sub-national ministry or agency","GOVSUBTYPE":"Not Applicable","OWN_TYPE":"Not Reported","OWNSUBTYPE":"Not Applicable","MANG_AUTH":"Not Reported","MANG_PLAN":"Not Reported","VERIF":"State Verified","METADATAID":1852,"PRNT_ISO3":"ARG","ISO3":"ARG","SUPP_INFO":"Not Applicable","CONS_OBJ":"Not Applicable","INLND_WTRS":"Not Reported","OECM_ASMT":"Not Applicable","layer":"WDPA_W~1","path":"C:/DATAS/PRO/GIS/ARGENT~1/RAW/WDPA_W~1/WDPA_W~1/WDPA_W~1.SHP"}},
{"type":"Feature","geometry":{"type":"Polygon","coordinates":[[[-69.207565,-32.006912],[-69.130424,-31.997571],[-69.118072,-31.970962],[-69.101361,-31.84723],[-69.147441,-31.735318],[-69.301883,-31.714809],[-69.36992,-31.724184],[-69.406645,-32.077285],[-69.379776,-32.064237],[-69.314983,-32.092092],[-69.27856,-32.073326],[-69.252245,-32.024038],[-69.207565,-32.006912]]]},"properties":{"fid":124,"SITE_ID":61849,"SITE_PID":"61849","SITE_TYPE":"PA","NAME_ENG":"El Leoncito","NAME":"El Leoncito","DESIG":"Parque Nacional","DESIG_ENG":"National Park","DESIG_TYPE":"National","IUCN_CAT":"II","INT_CRIT":"Not Applicable","REALM":"Terrestrial","REP_M_AREA":0,"GIS_M_AREA":0,"REP_AREA":897.06,"GIS_AREA":901.718501754886,"NO_TAKE":"Not Applicable","NO_TK_AREA":0,"STATUS":"Designated","STATUS_YR":2002,"GOV_TYPE":"Federal or national ministry or agency","GOVSUBTYPE":"Not Applicable","OWN_TYPE":"Not Reported","OWNSUBTYPE":"Not Applicable","MANG_AUTH":"Administración de Parques Nacionales","MANG_PLAN":"http://www.sib.gov.ar/archivos/PM_PN_EL_LEONCITO_completo.pdf","VERIF":"State Verified","METADATAID":1935,"PRNT_ISO3":"ARG","ISO3":"ARG","SUPP_INFO":"Not Applicable","CONS_OBJ":"Not Applicable","INLND_WTRS":"Not Reported","OECM_ASMT":"Not Applicable","layer":"WDPA_W~1","path":"C:/DATAS/PRO/GIS/ARGENT~1/RAW/WDPA_W~1/WDPA_W~1/WDPA_W~1.SHP"}},
{"type":"Feature","geometry":{"type":"Polygon","coordinates":[[[-55.141489,-27.472797],[-55.141253,-27.476469],[-55.137475,-27.475848],[-55.141489,-27.472797]]]},"properties":{"fid":125,"SITE_ID":61862,"SITE_PID":"61862","SITE_TYPE":"PA","NAME_ENG":"Mbotaby","NAME":"Mbotaby","DESIG":"Reserva Ecológica","DESIG_ENG":"Ecological Reserve","DESIG_TYPE":"National","IUCN_CAT":"VI","INT_CRIT":"Not Applicable","REALM":"Terrestrial","REP_M_AREA":0,"GIS_M_AREA":0,"REP_AREA":0.135,"GIS_AREA":0.132419107306096,"NO_TAKE":"Not Applicable","NO_TK_AREA":0,"STATUS":"Designated","STATUS_YR":1991,"GOV_TYPE":"Not Reported","GOVSUBTYPE":"Not Applicable","OWN_TYPE":"Not Reported","OWNSUBTYPE":"Not Applicable","MANG_AUTH":"Not Reported","MANG_PLAN":"Not Reported","VERIF":"State Verified","METADATAID":1852,"PRNT_ISO3":"ARG","ISO3":"ARG","SUPP_INFO":"Not Applicable","CONS_OBJ":"Not Applicable","INLND_WTRS":"Not Reported","OECM_ASMT":"Not Applicable","layer":"WDPA_W~1","path":"C:/DATAS/PRO/GIS/ARGENT~1/RAW/WDPA_W~1/WDPA_W~1/WDPA_W~1.SHP"}},
{"type":"Feature","geometry":{"type":"Polygon","coordinates":[[[-65.649584,-25.022335],[-65.68074,-25.023466],[-65.705008,-25.035191],[-65.724273,-25.091229],[-65.70083,-25.060031],[-65.701169,-25.033373],[-65.68094,-25.038887],[-65.649584,-25.022335]]]},"properties":{"fid":126,"SITE_ID":61876,"SITE_PID":"61876","SITE_TYPE":"PA","NAME_ENG":"Carabajal","NAME":"Carabajal","DESIG":"Reserva de Fauna Silvestre","DESIG_ENG":"Wildlife Reserve","DESIG_TYPE":"National","IUCN_CAT":"IV","INT_CRIT":"Not Applicable","REALM":"Terrestrial","REP_M_AREA":0,"GIS_M_AREA":0,"REP_AREA":9.22,"GIS_AREA":10.9951072874773,"NO_TAKE":"Not Applicable","NO_TK_AREA":0,"STATUS":"Designated","STATUS_YR":1971,"GOV_TYPE":"Sub-national ministry or agency","GOVSUBTYPE":"Not Applicable","OWN_TYPE":"Not Reported","OWNSUBTYPE":"Not Applicable","MANG_AUTH":"Not Reported","MANG_PLAN":"Not Reported","VERIF":"State Verified","METADATAID":1852,"PRNT_ISO3":"ARG","ISO3":"ARG","SUPP_INFO":"Not Applicable","CONS_OBJ":"Not Applicable","INLND_WTRS":"Not Reported","OECM_ASMT":"Not Applicable","layer":"WDPA_W~1","path":"C:/DATAS/PRO/GIS/ARGENT~1/RAW/WDPA_W~1/WDPA_W~1/WDPA_W~1.SHP"}},
{"type":"Feature","geometry":{"type":"Polygon","coordinates":[[[-57.368984,-37.699227],[-57.201811,-37.554283],[-57.219019,-37.544409],[-57.296561,-37.614486],[-57.372443,-37.690783],[-57.389859,-37.709028],[-57.419714,-37.741786],[-57.422063,-37.739875],[-57.424233,-37.736499],[-57.428332,-37.734691],[-57.427126,-37.731556],[-57.423389,-37.73023],[-57.422424,-37.72601],[-57.427488,-37.697436],[-57.425077,-37.696351],[-57.418807,-37.691167],[-57.414588,-37.689117],[-57.411212,-37.685621],[-57.409403,-37.684535],[-57.407143,-37.683254],[-57.403074,-37.68235],[-57.400361,-37.682802],[-57.397799,-37.682953],[-57.395237,-37.683405],[-57.394031,-37.683857],[-57.393127,-37.683857],[-57.392072,-37.684159],[-57.39162,-37.684611],[-57.39162,-37.685515],[-57.39162,-37.686118],[-57.390414,-37.686269],[-57.388756,-37.685816],[-57.387099,-37.685515],[-57.353793,-37.657936],[-57.385629,-37.620316],[-57.366791,-37.605622],[-57.342694,-37.603289],[-57.363369,-37.619926],[-57.345319,-37.615774],[-57.341118,-37.604543],[-57.347246,-37.577623],[-57.323227,-37.559727],[-57.356901,-37.568675],[-57.412121,-37.625102],[-57.403879,-37.649533],[-57.423306,-37.666016],[-57.403585,-37.662484],[-57.432136,-37.698983],[-57.43196,-37.737278],[-57.42466,-37.742929],[-57.422776,-37.744107],[-57.419227,-37.745208],[-57.415326,-37.739592],[-57.410086,-37.734318],[-57.405495,-37.73063],[-57.39747,-37.723797],[-57.391454,-37.718478],[-57.38701,-37.714549],[-57.368984,-37.699227]]]},"properties":{"fid":127,"SITE_ID":61878,"SITE_PID":"61878","SITE_TYPE":"PA","NAME_ENG":"Mar Chiquita","NAME":"Mar Chiquita","DESIG":"Reserva Natural de Uso Múltiple","DESIG_ENG":"Multiple Use Nature Reserve","DESIG_TYPE":"National","IUCN_CAT":"VI","INT_CRIT":"Not Applicable","REALM":"Coastal","REP_M_AREA":0,"GIS_M_AREA":42.2291058900622,"REP_AREA":90.07,"GIS_AREA":83.6519630524173,"NO_TAKE":"Not Reported","NO_TK_AREA":0,"STATUS":"Designated","STATUS_YR":1989,"GOV_TYPE":"Sub-national ministry or agency","GOVSUBTYPE":"Not Applicable","OWN_TYPE":"Not Reported","OWNSUBTYPE":"Not Applicable","MANG_AUTH":"Not Reported","MANG_PLAN":"Not Reported","VERIF":"State Verified","METADATAID":1852,"PRNT_ISO3":"ARG","ISO3":"ARG","SUPP_INFO":"Not Applicable","CONS_OBJ":"Not Applicable","INLND_WTRS":"Not Reported","OECM_ASMT":"Not Applicable","layer":"WDPA_W~1","path":"C:/DATAS/PRO/GIS/ARGENT~1/RAW/WDPA_W~1/WDPA_W~1/WDPA_W~1.SHP"}},
{"type":"Feature","geometry":{"type":"Polygon","coordinates":[[[-65.989698,-22.474227],[-65.93889,-22.274771],[-66.010391,-22.210488],[-66.043172,-22.307447],[-66.062093,-22.407487],[-65.994556,-22.474272],[-65.989698,-22.474227]]]},"properties":{"fid":128,"SITE_ID":67757,"SITE_PID":"67757","SITE_TYPE":"PA","NAME_ENG":"Laguna de los Pozuelos","NAME":"Laguna de los Pozuelos","DESIG":"Sitio Ramsar, Humedal de Importancia Internacional","DESIG_ENG":"Wetland of International Importance (Ramsar Site)","DESIG_TYPE":"International","IUCN_CAT":"Not Reported","INT_CRIT":"(i);(ii);(iii);(iv);(v);(vi)","REALM":"Terrestrial","REP_M_AREA":0,"GIS_M_AREA":0,"REP_AREA":162.24,"GIS_AREA":211.099478892057,"NO_TAKE":"Not Applicable","NO_TK_AREA":0,"STATUS":"Designated","STATUS_YR":1992,"GOV_TYPE":"Not Reported","GOVSUBTYPE":"Not Applicable","OWN_TYPE":"Not Reported","OWNSUBTYPE":"Not Applicable","MANG_AUTH":"Not Reported","MANG_PLAN":"Management plan is not implented but is available","VERIF":"State Verified","METADATAID":1852,"PRNT_ISO3":"ARG","ISO3":"ARG","SUPP_INFO":"Not Applicable","CONS_OBJ":"Not Applicable","INLND_WTRS":"Not Reported","OECM_ASMT":"Not Applicable","layer":"WDPA_W~1","path":"C:/DATAS/PRO/GIS/ARGENT~1/RAW/WDPA_W~1/WDPA_W~1/WDPA_W~1.SHP"}},
{"type":"Feature","geometry":{"type":"Polygon","coordinates":[[[-70.261151,-39.056062],[-70.380364,-38.958091],[-70.443185,-39.004548],[-70.408425,-39.033177],[-70.323984,-39.102582],[-70.261151,-39.056062]]]},"properties":{"fid":129,"SITE_ID":67758,"SITE_PID":"67758","SITE_TYPE":"PA","NAME_ENG":"Parque Nacional Laguna Blanca","NAME":"Parque Nacional Laguna Blanca","DESIG":"Sitio Ramsar, Humedal de Importancia Internacional","DESIG_ENG":"Wetland of International Importance (Ramsar Site)","DESIG_TYPE":"International","IUCN_CAT":"Not Reported","INT_CRIT":"Not Reported","REALM":"Terrestrial","REP_M_AREA":0,"GIS_M_AREA":0,"REP_AREA":112.5,"GIS_AREA":112.45739912636301,"NO_TAKE":"Not Applicable","NO_TK_AREA":0,"STATUS":"Designated","STATUS_YR":1992,"GOV_TYPE":"Not Reported","GOVSUBTYPE":"Not Applicable","OWN_TYPE":"Not Reported","OWNSUBTYPE":"Not Applicable","MANG_AUTH":"Not Reported","MANG_PLAN":"Not Reported","VERIF":"State Verified","METADATAID":1852,"PRNT_ISO3":"ARG","ISO3":"ARG","SUPP_INFO":"Not Applicable","CONS_OBJ":"Not Applicable","INLND_WTRS":"Not Reported","OECM_ASMT":"Not Applicable","layer":"WDPA_W~1","path":"C:/DATAS/PRO/GIS/ARGENT~1/RAW/WDPA_W~1/WDPA_W~1/WDPA_W~1.SHP"}},
{"type":"Feature","geometry":{"type":"Polygon","coordinates":[[[-57.966655,-25.078575],[-57.970314,-25.076694],[-57.975609,-25.085398],[-57.988052,-25.080381],[-57.991055,-25.074228],[-57.999424,-25.073563],[-58.000126,-25.071175],[-58.000057,-25.068748],[-58.000912,-25.066494],[-57.998951,-25.064142],[-57.999367,-25.061848],[-57.997562,-25.060537],[-57.996193,-25.058781],[-57.997746,-25.05312],[-58.002407,-25.048656],[-58.001953,-25.046408],[-58.003586,-25.045074],[-58.003792,-25.040398],[-58.004692,-25.0385],[-58.002693,-25.037146],[-58.006016,-25.034122],[-58.016079,-25.041393],[-58.031582,-25.0348],[-58.037411,-25.040974],[-58.048687,-25.037275],[-58.057068,-25.043486],[-58.061581,-25.039824],[-58.071377,-25.043102],[-58.070438,-25.040947],[-58.076412,-25.037374],[-58.076618,-25.033358],[-58.078342,-25.032261],[-58.077934,-25.029524],[-58.077091,-25.027458],[-58.079792,-25.026257],[-58.079968,-25.024216],[-58.078285,-25.022707],[-58.079384,-25.020849],[-58.082825,-25.02231],[-58.090603,-25.008541],[-58.129082,-25.013159],[-58.129692,-25.011078],[-58.132111,-25.010662],[-58.135571,-25.00926],[-58.137665,-25.005833],[-58.135868,-25.004568],[-58.136524,-25.002443],[-58.138149,-25.000002],[-58.139801,-24.998821],[-58.142384,-24.991156],[-58.146008,-24.989723],[-58.155697,-24.980221],[-58.157181,-24.974857],[-58.1898,-24.971066],[-58.21476,-24.951494],[-58.212727,-24.943865],[-58.225105,-24.924141],[-58.256165,-24.929615],[-58.323047,-24.987801],[-58.318831,-24.993301],[-58.18167,-25.137217],[-58.182497,-25.155269],[-58.162209,-25.162777],[-58.15167,-25.163882],[-58.142777,-25.168598],[-58.141122,-25.177496],[-58.136941,-25.178044],[-58.130554,-25.17666],[-58.126117,-25.174449],[-58.130554,-25.166662],[-57.966679,-25.166525],[-57.966655,-25.078575]]]},"properties":{"fid":130,"SITE_ID":67759,"SITE_PID":"67759","SITE_TYPE":"PA","NAME_ENG":"Parque Nacional Rio Pilcomayo","NAME":"Parque Nacional Rio Pilcomayo","DESIG":"Sitio Ramsar, Humedal de Importancia Internacional","DESIG_ENG":"Wetland of International Importance (Ramsar Site)","DESIG_TYPE":"International","IUCN_CAT":"Not Reported","INT_CRIT":"(i);(ii);(iv)","REALM":"Terrestrial","REP_M_AREA":0,"GIS_M_AREA":0,"REP_AREA":518.89,"GIS_AREA":515.013009099316,"NO_TAKE":"Not Applicable","NO_TK_AREA":0,"STATUS":"Designated","STATUS_YR":1992,"GOV_TYPE":"Not Reported","GOVSUBTYPE":"Not Applicable","OWN_TYPE":"Not Reported","OWNSUBTYPE":"Not Applicable","MANG_AUTH":"Not Reported","MANG_PLAN":"Not Reported","VERIF":"State Verified","METADATAID":1852,"PRNT_ISO3":"ARG","ISO3":"ARG","SUPP_INFO":"Not Applicable","CONS_OBJ":"Not Applicable","INLND_WTRS":"Not Reported","OECM_ASMT":"Not Applicable","layer":"WDPA_W~1","path":"C:/DATAS/PRO/GIS/ARGENT~1/RAW/WDPA_W~1/WDPA_W~1/WDPA_W~1.SHP"}},
{"type":"Feature","geometry":{"type":"Polygon","coordinates":[[[-66.630795,-22.527175],[-66.641469,-22.517669],[-66.6482,-22.517151],[-66.665493,-22.504276],[-66.667581,-22.500704],[-66.69901,-22.482663],[-66.732136,-22.478303],[-66.742436,-22.480348],[-66.756646,-22.482525],[-66.763801,-22.477478],[-66.764425,-22.445111],[-66.779479,-22.436615],[-66.789602,-22.442069],[-66.866286,-22.470079],[-66.92783,-22.491335],[-66.972777,-22.539995],[-67.028731,-22.540929],[-67.014879,-22.654483],[-67.127504,-22.721011],[-67.180196,-22.814003],[-66.991643,-22.998047],[-67.115132,-23.382179],[-67.15487,-23.513912],[-67.227641,-23.739151],[-67.174667,-23.752034],[-67.124518,-23.789081],[-67.056215,-23.840178],[-67.035088,-23.856204],[-66.98137,-23.816659],[-66.966454,-23.633471],[-67.00531,-23.55213],[-66.851509,-23.005917],[-66.741269,-22.969378],[-66.848504,-22.914948],[-66.858556,-22.623635],[-66.830046,-22.584715],[-66.808086,-22.581117],[-66.610192,-22.622742],[-66.630795,-22.527175]]]},"properties":{"fid":131,"SITE_ID":81004,"SITE_PID":"81004","SITE_TYPE":"PA","NAME_ENG":"Alto Andina de la Chinchilla","NAME":"Alto Andina de la Chinchilla","DESIG":"Reserva Provincial","DESIG_ENG":"Provincial Reserve","DESIG_TYPE":"National","IUCN_CAT":"VI","INT_CRIT":"Not Applicable","REALM":"Terrestrial","REP_M_AREA":0,"GIS_M_AREA":0,"REP_AREA":3695.29,"GIS_AREA":3217.00840560536,"NO_TAKE":"Not Applicable","NO_TK_AREA":0,"STATUS":"Designated","STATUS_YR":1992,"GOV_TYPE":"Sub-national ministry or agency","GOVSUBTYPE":"Not Applicable","OWN_TYPE":"Not Reported","OWNSUBTYPE":"Not Applicable","MANG_AUTH":"Not Reported","MANG_PLAN":"Not Reported","VERIF":"State Verified","METADATAID":1852,"PRNT_ISO3":"ARG","ISO3":"ARG","SUPP_INFO":"Not Applicable","CONS_OBJ":"Not Applicable","INLND_WTRS":"Not Reported","OECM_ASMT":"Not Applicable","layer":"WDPA_W~1","path":"C:/DATAS/PRO/GIS/ARGENT~1/RAW/WDPA_W~1/WDPA_W~1/WDPA_W~1.SHP"}},
{"type":"Feature","geometry":{"type":"Polygon","coordinates":[[[-69.399946,-31.473982],[-69.400496,-31.482787],[-69.389123,-31.482971],[-69.399946,-31.473982]]]},"properties":{"fid":132,"SITE_ID":81005,"SITE_PID":"81005","SITE_TYPE":"PA","NAME_ENG":"Cerro Alcázar","NAME":"Cerro Alcázar","DESIG":"Monumento Natural","DESIG_ENG":"Nature Monument","DESIG_TYPE":"National","IUCN_CAT":"III","INT_CRIT":"Not Applicable","REALM":"Terrestrial","REP_M_AREA":0,"GIS_M_AREA":0,"REP_AREA":1,"GIS_AREA":1.01605584346747,"NO_TAKE":"Not Applicable","NO_TK_AREA":0,"STATUS":"Designated","STATUS_YR":1993,"GOV_TYPE":"Not Reported","GOVSUBTYPE":"Not Applicable","OWN_TYPE":"Not Reported","OWNSUBTYPE":"Not Applicable","MANG_AUTH":"Not Reported","MANG_PLAN":"Not Reported","VERIF":"State Verified","METADATAID":1852,"PRNT_ISO3":"ARG","ISO3":"ARG","SUPP_INFO":"Not Applicable","CONS_OBJ":"Not Applicable","INLND_WTRS":"Not Reported","OECM_ASMT":"Not Applicable","layer":"WDPA_W~1","path":"C:/DATAS/PRO/GIS/ARGENT~1/RAW/WDPA_W~1/WDPA_W~1/WDPA_W~1.SHP"}},
{"type":"Feature","geometry":{"type":"Polygon","coordinates":[[[-54.117804,-26.993147],[-54.097952,-27.012028],[-54.113478,-27.022632],[-54.089611,-27.081951],[-54.098385,-27.112431],[-54.079158,-27.1169],[-54.073953,-27.144982],[-54.040667,-27.139408],[-54.006343,-27.169718],[-54.00343,-27.194366],[-53.962832,-27.194961],[-53.952531,-27.150529],[-53.925384,-27.159924],[-53.913782,-27.173555],[-53.910691,-27.173744],[-53.876397,-27.123009],[-53.836806,-27.166171],[-53.828389,-27.14477],[-53.799408,-27.145012],[-53.825621,-27.13111],[-53.805194,-27.121079],[-53.819761,-27.10157],[-53.776844,-27.102478],[-53.806295,-27.077642],[-53.798313,-27.06531],[-53.772648,-27.072618],[-53.802386,-27.039379],[-53.761117,-27.064326],[-53.785627,-27.02493],[-53.76539,-27.044375],[-53.747837,-27.031448],[-53.764301,-27.007901],[-53.741097,-27.01368],[-53.744431,-26.991254],[-53.719118,-26.99022],[-53.737926,-26.973188],[-53.726719,-26.957413],[-53.704142,-26.959674],[-53.708851,-26.932609],[-53.672785,-26.94398],[-53.697902,-26.929144],[-53.67194,-26.893621],[-53.696938,-26.886995],[-53.680441,-26.869817],[-53.697488,-26.859268],[-53.660933,-26.85723],[-53.694668,-26.847109],[-53.711105,-26.812445],[-53.69837,-26.812872],[-53.701049,-26.796927],[-53.717559,-26.782651],[-53.699208,-26.76881],[-53.744994,-26.763422],[-53.714794,-26.749934],[-53.731493,-26.730343],[-53.749534,-26.741032],[-53.758638,-26.719559],[-53.755305,-26.708424],[-53.734645,-26.715592],[-53.743283,-26.679197],[-53.730105,-26.690918],[-53.717484,-26.682865],[-53.731814,-26.677493],[-53.720797,-26.648122],[-53.727947,-26.657332],[-53.759013,-26.639369],[-53.738712,-26.642908],[-53.729564,-26.6212],[-53.928963,-26.621506],[-53.928858,-26.697757],[-53.862513,-26.697664],[-53.84122,-26.723693],[-53.860286,-26.743114],[-53.842678,-26.751033],[-54.139929,-26.759344],[-54.138665,-26.747568],[-54.23513,-26.802037],[-54.215426,-26.858139],[-54.279188,-26.885077],[-54.299978,-26.878163],[-54.317616,-26.911963],[-54.298417,-26.912948],[-54.306613,-26.928611],[-54.292171,-26.933392],[-54.273727,-26.962836],[-54.289394,-26.97548],[-54.269435,-26.97719],[-54.269431,-26.977193],[-54.268282,-27.00853],[-54.248872,-27.015735],[-54.254481,-27.033961],[-54.233547,-27.052778],[-54.117804,-26.993147]]]},"properties":{"fid":133,"SITE_ID":93409,"SITE_PID":"93409","SITE_TYPE":"PA","NAME_ENG":"Yabotí","NAME":"Yabotí","DESIG":"Reserva de la Biósfera","DESIG_ENG":"UNESCO-MAB Biosphere Reserve","DESIG_TYPE":"International","IUCN_CAT":"Not Applicable","INT_CRIT":"Not Applicable","REALM":"Terrestrial","REP_M_AREA":0,"GIS_M_AREA":0,"REP_AREA":2538,"GIS_AREA":2280.88479151153,"NO_TAKE":"Not Applicable","NO_TK_AREA":0,"STATUS":"Designated","STATUS_YR":1995,"GOV_TYPE":"Not Reported","GOVSUBTYPE":"Not Applicable","OWN_TYPE":"Not Reported","OWNSUBTYPE":"Not Applicable","MANG_AUTH":"Not Reported","MANG_PLAN":"Not Reported","VERIF":"State Verified","METADATAID":1852,"PRNT_ISO3":"ARG","ISO3":"ARG","SUPP_INFO":"Not Applicable","CONS_OBJ":"Not Applicable","INLND_WTRS":"Not Reported","OECM_ASMT":"Not Applicable","layer":"WDPA_W~1","path":"C:/DATAS/PRO/GIS/ARGENT~1/RAW/WDPA_W~1/WDPA_W~1/WDPA_W~1.SHP"}},
{"type":"Feature","geometry":{"type":"Polygon","coordinates":[[[-67.324561,-54.082625],[-67.178123,-54.133097],[-67.156423,-54.115724],[-67.157612,-54.112878],[-67.164948,-54.113292],[-67.172911,-54.108229],[-67.246795,-54.083323],[-67.252241,-54.080753],[-67.2835,-54.064224],[-67.286601,-54.05823],[-67.309373,-54.052097],[-67.334489,-54.018002],[-67.4382,-53.986235],[-67.473762,-53.963502],[-67.519063,-53.934102],[-67.560338,-53.898906],[-67.570521,-53.84873],[-67.556372,-53.847949],[-67.541792,-53.840722],[-67.563467,-53.836499],[-67.587963,-53.831209],[-67.607371,-53.820377],[-67.62054,-53.81566],[-67.674496,-53.785387],[-67.683603,-53.787978],[-67.673098,-53.793488],[-67.672948,-53.799036],[-67.680803,-53.806254],[-67.733112,-53.811458],[-67.740729,-53.819591],[-67.755918,-53.823209],[-67.765123,-53.83307],[-67.775314,-53.835652],[-67.778279,-53.833755],[-67.776036,-53.832249],[-67.769041,-53.831548],[-67.734458,-53.804384],[-67.68169,-53.797297],[-67.68375,-53.795042],[-67.687197,-53.79361],[-67.689215,-53.792344],[-67.689979,-53.791528],[-67.691328,-53.790107],[-67.691327,-53.784332],[-67.704553,-53.768786],[-67.724421,-53.754694],[-67.835688,-53.697542],[-67.842967,-53.689482],[-67.856172,-53.682],[-67.884481,-53.668951],[-67.8875,-53.66718],[-67.892232,-53.664105],[-67.903101,-53.657934],[-67.913826,-53.650816],[-67.918838,-53.648161],[-67.954469,-53.620624],[-68.024181,-53.547896],[-68.040893,-53.517166],[-68.073186,-53.415286],[-68.074618,-53.406223],[-68.101088,-53.359575],[-68.156143,-53.323409],[-68.174251,-53.316003],[-68.207126,-53.305745],[-68.299487,-53.319925],[-68.336327,-53.317672],[-68.441066,-53.300134],[-68.525175,-53.243174],[-68.52855,-53.182847],[-68.499704,-53.15776],[-68.492064,-53.113291],[-68.493803,-53.111873],[-68.500178,-53.111097],[-68.503113,-53.110033],[-68.502805,-53.106471],[-68.492918,-53.101812],[-68.487834,-53.101284],[-68.480442,-53.100747],[-68.477239,-53.101992],[-68.466702,-53.099815],[-68.458334,-53.094884],[-68.460707,-53.092704],[-68.461244,-53.092537],[-68.461852,-53.092291],[-68.463261,-53.091817],[-68.465068,-53.090595],[-68.463063,-53.089903],[-68.460618,-53.090199],[-68.458322,-53.090806],[-68.45719,-53.090972],[-68.45464,-53.091276],[-68.448381,-53.093718],[-68.452814,-53.089465],[-68.451903,-53.088568],[-68.451147,-53.0877],[-68.449724,-53.086926],[-68.44837,-53.086289],[-68.446911,-53.085352],[-68.44558,-53.082748],[-68.447485,-53.082296],[-68.447064,-53.079433],[-68.417355,-53.06379],[-68.417823,-53.051235],[-68.410507,-53.049186],[-68.40764,-53.04965],[-68.404605,-53.050591],[-68.391994,-53.050477],[-68.364774,-53.022464],[-68.28397,-53.008095],[-68.278078,-53.009189],[-68.270068,-53.011501],[-68.267134,-53.015724],[-68.270536,-53.038793],[-68.211553,-53.125987],[-68.213313,-53.142332],[-68.214429,-53.144142],[-68.214789,-53.147862],[-68.215693,-53.151081],[-68.213469,-53.152934],[-68.201878,-53.142782],[-68.210016,-53.12591],[-68.246096,-53.059893],[-68.251578,-53.035468],[-68.258073,-53.017833],[-68.262407,-53.000409],[-68.267939,-52.985606],[-68.268453,-52.983428],[-68.271419,-52.976433],[-68.271709,-52.974437],[-68.272281,-52.97343],[-68.304575,-52.968612],[-68.417233,-52.987809],[-68.561504,-53.11034],[-68.578263,-53.220219],[-68.570454,-53.260196],[-68.471798,-53.320464],[-68.385644,-53.334467],[-68.267624,-53.327583],[-68.216529,-53.328544],[-68.133786,-53.412723],[-67.982765,-53.690881],[-67.797653,-53.825448],[-67.493439,-54.001055],[-67.324561,-54.082625]]]},"properties":{"fid":134,"SITE_ID":95315,"SITE_PID":"95315","SITE_TYPE":"PA","NAME_ENG":"Reserva Costa Atlantica de Tierra del Fuego","NAME":"Reserva Costa Atlantica de Tierra del Fuego","DESIG":"Sitio Ramsar, Humedal de Importancia Internacional","DESIG_ENG":"Wetland of International Importance (Ramsar Site)","DESIG_TYPE":"International","IUCN_CAT":"Not Reported","INT_CRIT":"Not Reported","REALM":"Terrestrial","REP_M_AREA":0,"GIS_M_AREA":32.9934365001778,"REP_AREA":286,"GIS_AREA":794.261047024348,"NO_TAKE":"Not Applicable","NO_TK_AREA":0,"STATUS":"Designated","STATUS_YR":1995,"GOV_TYPE":"Not Reported","GOVSUBTYPE":"Not Applicable","OWN_TYPE":"Not Reported","OWNSUBTYPE":"Not Applicable","MANG_AUTH":"Not Reported","MANG_PLAN":"Management plan is not implented and not available","VERIF":"State Verified","METADATAID":1852,"PRNT_ISO3":"ARG","ISO3":"ARG","SUPP_INFO":"Not Applicable","CONS_OBJ":"Not Applicable","INLND_WTRS":"Not Reported","OECM_ASMT":"Not Applicable","layer":"WDPA_W~1","path":"C:/DATAS/PRO/GIS/ARGENT~1/RAW/WDPA_W~1/WDPA_W~1/WDPA_W~1.SHP"}},
{"type":"Feature","geometry":{"type":"Polygon","coordinates":[[[-69.05605,-35.503097],[-69.188731,-35.503552],[-69.254718,-35.583381],[-69.249402,-35.704831],[-69.198158,-35.707286],[-69.181763,-35.748301],[-69.054716,-35.74857],[-69.081084,-35.654985],[-69.04759,-35.556724],[-69.05605,-35.503097]]]},"properties":{"fid":135,"SITE_ID":95316,"SITE_PID":"95316","SITE_TYPE":"PA","NAME_ENG":"Reserva Provincial Laguna de Llancanelo","NAME":"Reserva Provincial Laguna de Llancanelo","DESIG":"Sitio Ramsar, Humedal de Importancia Internacional","DESIG_ENG":"Wetland of International Importance (Ramsar Site)","DESIG_TYPE":"International","IUCN_CAT":"Not Reported","INT_CRIT":"(i);(iii);(iv);(v)","REALM":"Terrestrial","REP_M_AREA":0,"GIS_M_AREA":0,"REP_AREA":650,"GIS_AREA":422.250642581638,"NO_TAKE":"Not Applicable","NO_TK_AREA":0,"STATUS":"Designated","STATUS_YR":1995,"GOV_TYPE":"Not Reported","GOVSUBTYPE":"Not Applicable","OWN_TYPE":"Not Reported","OWNSUBTYPE":"Not Applicable","MANG_AUTH":"Not Reported","MANG_PLAN":"Not Reported","VERIF":"State Verified","METADATAID":1852,"PRNT_ISO3":"ARG","ISO3":"ARG","SUPP_INFO":"Not Applicable","CONS_OBJ":"Not Applicable","INLND_WTRS":"Not Reported","OECM_ASMT":"Not Applicable","layer":"WDPA_W~1","path":"C:/DATAS/PRO/GIS/ARGENT~1/RAW/WDPA_W~1/WDPA_W~1/WDPA_W~1.SHP"}},
{"type":"Feature","geometry":{"type":"Polygon","coordinates":[[[-58.231576,-26.533396],[-58.23175,-26.534672],[-58.22516,-26.546475],[-58.213187,-26.554072],[-58.21244,-26.553006],[-58.214467,-26.551726],[-58.218199,-26.548313],[-58.223745,-26.539995],[-58.223778,-26.532093],[-58.220129,-26.525542],[-58.221053,-26.516859],[-58.230007,-26.525924],[-58.231576,-26.533396]]]},"properties":{"fid":136,"SITE_ID":555587084,"SITE_PID":"555587084","SITE_TYPE":"PA","NAME_ENG":"Boca de la Laguna Herradura","NAME":"Boca de la Laguna Herradura","DESIG":"Reserva de Pesca","DESIG_ENG":"Fisheries Reserve","DESIG_TYPE":"National","IUCN_CAT":"VI","INT_CRIT":"Not Applicable","REALM":"Terrestrial","REP_M_AREA":0,"GIS_M_AREA":0,"REP_AREA":1.87,"GIS_AREA":2.19155462955991,"NO_TAKE":"Not Applicable","NO_TK_AREA":0,"STATUS":"Designated","STATUS_YR":1967,"GOV_TYPE":"Not Reported","GOVSUBTYPE":"Not Applicable","OWN_TYPE":"Not Reported","OWNSUBTYPE":"Not Applicable","MANG_AUTH":"Not Reported","MANG_PLAN":"Not Reported","VERIF":"State Verified","METADATAID":1852,"PRNT_ISO3":"ARG","ISO3":"ARG","SUPP_INFO":"Not Applicable","CONS_OBJ":"Not Applicable","INLND_WTRS":"Not Reported","OECM_ASMT":"Not Applicable","layer":"WDPA_W~1","path":"C:/DATAS/PRO/GIS/ARGENT~1/RAW/WDPA_W~1/WDPA_W~3/WDPA_W~1.SHP"}},
{"type":"Feature","geometry":{"type":"Polygon","coordinates":[[[-58.392556,-26.848007],[-58.395963,-26.85974],[-58.393605,-26.861701],[-58.387998,-26.860056],[-58.3868,-26.859626],[-58.384616,-26.858783],[-58.380361,-26.860066],[-58.387514,-26.864276],[-58.387445,-26.865061],[-58.387169,-26.867241],[-58.386901,-26.868855],[-58.386033,-26.87022],[-58.33353,-26.869071],[-58.364837,-26.859555],[-58.378909,-26.862082],[-58.379124,-26.861714],[-58.379339,-26.861284],[-58.37897,-26.859042],[-58.38026,-26.857538],[-58.383142,-26.856741],[-58.392443,-26.857308],[-58.392556,-26.848007]]]},"properties":{"fid":137,"SITE_ID":555587085,"SITE_PID":"555587085","SITE_TYPE":"PA","NAME_ENG":"Boca del Rio Bermejo","NAME":"Boca del Rio Bermejo","DESIG":"Reserva de Pesca","DESIG_ENG":"Fisheries Reserve","DESIG_TYPE":"National","IUCN_CAT":"VI","INT_CRIT":"Not Applicable","REALM":"Terrestrial","REP_M_AREA":0,"GIS_M_AREA":0,"REP_AREA":1.7,"GIS_AREA":3.57384948169803,"NO_TAKE":"Not Applicable","NO_TK_AREA":0,"STATUS":"Designated","STATUS_YR":1971,"GOV_TYPE":"Not Reported","GOVSUBTYPE":"Not Applicable","OWN_TYPE":"Not Reported","OWNSUBTYPE":"Not Applicable","MANG_AUTH":"Not Reported","MANG_PLAN":"Not Reported","VERIF":"State Verified","METADATAID":1852,"PRNT_ISO3":"ARG","ISO3":"ARG","SUPP_INFO":"Not Applicable","CONS_OBJ":"Not Applicable","INLND_WTRS":"Not Reported","OECM_ASMT":"Not Applicable","layer":"WDPA_W~1","path":"C:/DATAS/PRO/GIS/ARGENT~1/RAW/WDPA_W~1/WDPA_W~3/WDPA_W~1.SHP"}},
{"type":"Feature","geometry":{"type":"Polygon","coordinates":[[[-58.260138,-26.67087],[-58.246556,-26.641222],[-58.266662,-26.644879],[-58.260138,-26.67087]]]},"properties":{"fid":138,"SITE_ID":555587086,"SITE_PID":"555587086","SITE_TYPE":"PA","NAME_ENG":"Arroyo Ramirez","NAME":"Arroyo Ramirez","DESIG":"Reserva de Pesca","DESIG_ENG":"Fisheries Reserve","DESIG_TYPE":"National","IUCN_CAT":"VI","INT_CRIT":"Not Applicable","REALM":"Terrestrial","REP_M_AREA":0,"GIS_M_AREA":0,"REP_AREA":1.8,"GIS_AREA":2.18956617527899,"NO_TAKE":"Not Applicable","NO_TK_AREA":0,"STATUS":"Designated","STATUS_YR":1967,"GOV_TYPE":"Not Reported","GOVSUBTYPE":"Not Applicable","OWN_TYPE":"Not Reported","OWNSUBTYPE":"Not Applicable","MANG_AUTH":"Not Reported","MANG_PLAN":"Not Reported","VERIF":"State Verified","METADATAID":1852,"PRNT_ISO3":"ARG","ISO3":"ARG","SUPP_INFO":"Not Applicable","CONS_OBJ":"Not Applicable","INLND_WTRS":"Not Reported","OECM_ASMT":"Not Applicable","layer":"WDPA_W~1","path":"C:/DATAS/PRO/GIS/ARGENT~1/RAW/WDPA_W~1/WDPA_W~3/WDPA_W~1.SHP"}},
{"type":"Feature","geometry":{"type":"Polygon","coordinates":[[[-57.879412,-25.878031],[-57.860494,-25.849117],[-57.875693,-25.857282],[-57.879412,-25.878031]]]},"properties":{"fid":139,"SITE_ID":555587087,"SITE_PID":"555587087","SITE_TYPE":"PA","NAME_ENG":"Puerto Dalmacia","NAME":"Puerto Dalmacia","DESIG":"Reserva de Pesca","DESIG_ENG":"Fisheries Reserve","DESIG_TYPE":"National","IUCN_CAT":"VI","INT_CRIT":"Not Applicable","REALM":"Terrestrial","REP_M_AREA":0,"GIS_M_AREA":0,"REP_AREA":1.87,"GIS_AREA":1.64715435119794,"NO_TAKE":"Not Applicable","NO_TK_AREA":0,"STATUS":"Designated","STATUS_YR":1967,"GOV_TYPE":"Not Reported","GOVSUBTYPE":"Not Applicable","OWN_TYPE":"Not Reported","OWNSUBTYPE":"Not Applicable","MANG_AUTH":"Not Reported","MANG_PLAN":"Not Reported","VERIF":"State Verified","METADATAID":1852,"PRNT_ISO3":"ARG","ISO3":"ARG","SUPP_INFO":"Not Applicable","CONS_OBJ":"Not Applicable","INLND_WTRS":"Not Reported","OECM_ASMT":"Not Applicable","layer":"WDPA_W~1","path":"C:/DATAS/PRO/GIS/ARGENT~1/RAW/WDPA_W~1/WDPA_W~3/WDPA_W~1.SHP"}},
{"type":"Feature","geometry":{"type":"Polygon","coordinates":[[[-58.406116,-31.799951],[-58.383129,-31.821374],[-58.353985,-31.827235],[-58.323132,-31.860616],[-58.324396,-31.856064],[-58.320603,-31.844684],[-58.31504,-31.821418],[-58.326672,-31.810544],[-58.330972,-31.820154],[-58.344122,-31.817625],[-58.342605,-31.808521],[-58.373636,-31.803952],[-58.375345,-31.810608],[-58.379779,-31.80321],[-58.406116,-31.799951]]]},"properties":{"fid":140,"SITE_ID":555587099,"SITE_PID":"555587099","SITE_TYPE":"PA","NAME_ENG":"La Aurora del Palmar","NAME":"La Aurora del Palmar","DESIG":"Refugio Privado de Vida Silvestre","DESIG_ENG":"Private Wildlife Refuge","DESIG_TYPE":"National","IUCN_CAT":"VI","INT_CRIT":"Not Applicable","REALM":"Terrestrial","REP_M_AREA":0,"GIS_M_AREA":0,"REP_AREA":11.39,"GIS_AREA":21.2335732456194,"NO_TAKE":"Not Applicable","NO_TK_AREA":0,"STATUS":"Designated","STATUS_YR":1998,"GOV_TYPE":"Not Reported","GOVSUBTYPE":"Not Applicable","OWN_TYPE":"Not Reported","OWNSUBTYPE":"Not Applicable","MANG_AUTH":"Not Reported","MANG_PLAN":"Not Reported","VERIF":"State Verified","METADATAID":1852,"PRNT_ISO3":"ARG","ISO3":"ARG","SUPP_INFO":"Not Applicable","CONS_OBJ":"Not Applicable","INLND_WTRS":"Not Reported","OECM_ASMT":"Not Applicable","layer":"WDPA_W~1","path":"C:/DATAS/PRO/GIS/ARGENT~1/RAW/WDPA_W~1/WDPA_W~3/WDPA_W~1.SHP"}},
{"type":"Feature","geometry":{"type":"Polygon","coordinates":[[[-58.652124,-35.221898],[-58.658409,-35.22686],[-58.643689,-35.239264],[-58.652124,-35.221898]]]},"properties":{"fid":141,"SITE_ID":555587100,"SITE_PID":"555587100","SITE_TYPE":"PA","NAME_ENG":"Guardia del Juncal","NAME":"Guardia del Juncal","DESIG":"Reserva Natural","DESIG_ENG":"Municipal Nature Reserve","DESIG_TYPE":"National","IUCN_CAT":"IV","INT_CRIT":"Not Applicable","REALM":"Terrestrial","REP_M_AREA":0,"GIS_M_AREA":0,"REP_AREA":1.29,"GIS_AREA":1.30433182875445,"NO_TAKE":"Not Applicable","NO_TK_AREA":0,"STATUS":"Designated","STATUS_YR":2006,"GOV_TYPE":"Not Reported","GOVSUBTYPE":"Not Applicable","OWN_TYPE":"Not Reported","OWNSUBTYPE":"Not Applicable","MANG_AUTH":"Not Reported","MANG_PLAN":"Not Reported","VERIF":"State Verified","METADATAID":1852,"PRNT_ISO3":"ARG","ISO3":"ARG","SUPP_INFO":"Not Applicable","CONS_OBJ":"Not Applicable","INLND_WTRS":"Not Reported","OECM_ASMT":"Not Applicable","layer":"WDPA_W~1","path":"C:/DATAS/PRO/GIS/ARGENT~1/RAW/WDPA_W~1/WDPA_W~3/WDPA_W~1.SHP"}},
{"type":"Feature","geometry":{"type":"Polygon","coordinates":[[[-58.783732,-34.276768],[-58.784768,-34.27516],[-58.788252,-34.268791],[-58.79224,-34.263474],[-58.800482,-34.264803],[-58.802875,-34.253902],[-58.823348,-34.245926],[-58.816169,-34.231303],[-58.829197,-34.22572],[-58.854987,-34.26241],[-58.849138,-34.256561],[-58.842225,-34.259486],[-58.835046,-34.261879],[-58.825209,-34.267994],[-58.828134,-34.274641],[-58.82707,-34.274375],[-58.824943,-34.273577],[-58.823614,-34.273311],[-58.822816,-34.272248],[-58.81936,-34.274641],[-58.812181,-34.264537],[-58.811383,-34.264537],[-58.808459,-34.267994],[-58.805534,-34.264006],[-58.802875,-34.269855],[-58.783732,-34.276768]]]},"properties":{"fid":142,"SITE_ID":555587101,"SITE_PID":"555587101","SITE_TYPE":"PA","NAME_ENG":"Rio Lujan","NAME":"Rio Lujan","DESIG":"Reserva Natural de Uso Múltiple","DESIG_ENG":"Multiple Use Nature Reserve","DESIG_TYPE":"National","IUCN_CAT":"VI","INT_CRIT":"Not Applicable","REALM":"Terrestrial","REP_M_AREA":0,"GIS_M_AREA":0,"REP_AREA":12.57,"GIS_AREA":12.5203633552091,"NO_TAKE":"Not Applicable","NO_TK_AREA":0,"STATUS":"Designated","STATUS_YR":1994,"GOV_TYPE":"Not Reported","GOVSUBTYPE":"Not Applicable","OWN_TYPE":"Not Reported","OWNSUBTYPE":"Not Applicable","MANG_AUTH":"Not Reported","MANG_PLAN":"Not Reported","VERIF":"State Verified","METADATAID":1852,"PRNT_ISO3":"ARG","ISO3":"ARG","SUPP_INFO":"Not Applicable","CONS_OBJ":"Not Applicable","INLND_WTRS":"Not Reported","OECM_ASMT":"Not Applicable","layer":"WDPA_W~1","path":"C:/DATAS/PRO/GIS/ARGENT~1/RAW/WDPA_W~1/WDPA_W~3/WDPA_W~1.SHP"}},
{"type":"Feature","geometry":{"type":"Polygon","coordinates":[[[-59.424908,-33.830018],[-59.407914,-33.838627],[-59.399835,-33.833917],[-59.424908,-33.830018]]]},"properties":{"fid":143,"SITE_ID":555587102,"SITE_PID":"555587102","SITE_TYPE":"PA","NAME_ENG":"Barranca Norte","NAME":"Barranca Norte","DESIG":"Reserva Natural","DESIG_ENG":"Nature Reserve","DESIG_TYPE":"National","IUCN_CAT":"IV","INT_CRIT":"Not Applicable","REALM":"Terrestrial","REP_M_AREA":0,"GIS_M_AREA":0,"REP_AREA":1.17,"GIS_AREA":1.17288377956071,"NO_TAKE":"Not Applicable","NO_TK_AREA":0,"STATUS":"Designated","STATUS_YR":2011,"GOV_TYPE":"Not Reported","GOVSUBTYPE":"Not Applicable","OWN_TYPE":"Not Reported","OWNSUBTYPE":"Not Applicable","MANG_AUTH":"Not Reported","MANG_PLAN":"Not Reported","VERIF":"State Verified","METADATAID":1852,"PRNT_ISO3":"ARG","ISO3":"ARG","SUPP_INFO":"Not Applicable","CONS_OBJ":"Not Applicable","INLND_WTRS":"Not Reported","OECM_ASMT":"Not Applicable","layer":"WDPA_W~1","path":"C:/DATAS/PRO/GIS/ARGENT~1/RAW/WDPA_W~1/WDPA_W~3/WDPA_W~1.SHP"}},
{"type":"Feature","geometry":{"type":"Polygon","coordinates":[[[-57.368984,-37.699227],[-57.337814,-37.674813],[-57.323194,-37.663494],[-57.320347,-37.661182],[-57.309103,-37.652402],[-57.295294,-37.643064],[-57.273282,-37.623437],[-57.256189,-37.61038],[-57.221984,-37.576442],[-57.218406,-37.573875],[-57.213118,-37.570034],[-57.210354,-37.568147],[-57.198122,-37.559543],[-57.194996,-37.556652],[-57.187586,-37.549747],[-57.290329,-37.475885],[-57.368795,-37.419376],[-57.595419,-37.613829],[-57.565396,-37.636199],[-57.527719,-37.665045],[-57.452955,-37.72156],[-57.43196,-37.737278],[-57.42466,-37.742929],[-57.422776,-37.744107],[-57.420577,-37.745696],[-57.410461,-37.734523],[-57.370538,-37.700367],[-57.368984,-37.699227]]]},"properties":{"fid":144,"SITE_ID":555587103,"SITE_PID":"555587103","SITE_TYPE":"PA","NAME_ENG":"Mar Chiquita","NAME":"Mar Chiquita","DESIG":"Refugio de Vida Silvestre","DESIG_ENG":"Wildlife Refuge","DESIG_TYPE":"National","IUCN_CAT":"VI","INT_CRIT":"Not Applicable","REALM":"Terrestrial","REP_M_AREA":0,"GIS_M_AREA":43.6130017239058,"REP_AREA":560.3,"GIS_AREA":629.56521419182,"NO_TAKE":"Not Applicable","NO_TK_AREA":0,"STATUS":"Designated","STATUS_YR":1998,"GOV_TYPE":"Not Reported","GOVSUBTYPE":"Not Applicable","OWN_TYPE":"Not Reported","OWNSUBTYPE":"Not Applicable","MANG_AUTH":"Not Reported","MANG_PLAN":"Not Reported","VERIF":"State Verified","METADATAID":1852,"PRNT_ISO3":"ARG","ISO3":"ARG","SUPP_INFO":"Not Applicable","CONS_OBJ":"Not Applicable","INLND_WTRS":"Not Reported","OECM_ASMT":"Not Applicable","layer":"WDPA_W~1","path":"C:/DATAS/PRO/GIS/ARGENT~1/RAW/WDPA_W~1/WDPA_W~3/WDPA_W~1.SHP"}},
{"type":"Feature","geometry":{"type":"Polygon","coordinates":[[[-58.920752,-34.712334],[-58.8654,-34.70134],[-58.909315,-34.698191],[-58.920752,-34.712334]]]},"properties":{"fid":145,"SITE_ID":555587104,"SITE_PID":"555587104","SITE_TYPE":"PA","NAME_ENG":"Arroyo El Durazno","NAME":"Arroyo El Durazno","DESIG":"Reserva Natural","DESIG_ENG":"Nature Reserve","DESIG_TYPE":"National","IUCN_CAT":"IV","INT_CRIT":"Not Applicable","REALM":"Terrestrial","REP_M_AREA":0,"GIS_M_AREA":0,"REP_AREA":5.14,"GIS_AREA":4.40885801446278,"NO_TAKE":"Not Applicable","NO_TK_AREA":0,"STATUS":"Designated","STATUS_YR":2011,"GOV_TYPE":"Not Reported","GOVSUBTYPE":"Not Applicable","OWN_TYPE":"Not Reported","OWNSUBTYPE":"Not Applicable","MANG_AUTH":"Not Reported","MANG_PLAN":"Not Reported","VERIF":"State Verified","METADATAID":1852,"PRNT_ISO3":"ARG","ISO3":"ARG","SUPP_INFO":"Not Applicable","CONS_OBJ":"Not Applicable","INLND_WTRS":"Not Reported","OECM_ASMT":"Not Applicable","layer":"WDPA_W~1","path":"C:/DATAS/PRO/GIS/ARGENT~1/RAW/WDPA_W~1/WDPA_W~3/WDPA_W~1.SHP"}},
{"type":"Feature","geometry":{"type":"Polygon","coordinates":[[[-72.309026,-47.551587],[-72.326952,-47.571036],[-72.311856,-47.589969],[-72.355362,-47.637306],[-72.421253,-47.661728],[-72.409809,-47.678359],[-72.450868,-47.704471],[-72.447662,-47.71956],[-72.19399,-47.726291],[-72.194037,-47.64349],[-72.259511,-47.61579],[-72.262029,-47.550316],[-72.309026,-47.551587]]]},"properties":{"fid":146,"SITE_ID":555587105,"SITE_PID":"555587105","SITE_TYPE":"PA","NAME_ENG":"San Lorenzo","NAME":"San Lorenzo","DESIG":"Reserva Provincial","DESIG_ENG":"Provincial Reserve","DESIG_TYPE":"National","IUCN_CAT":"VI","INT_CRIT":"Not Applicable","REALM":"Terrestrial","REP_M_AREA":0,"GIS_M_AREA":0,"REP_AREA":294.14,"GIS_AREA":215.170315280958,"NO_TAKE":"Not Applicable","NO_TK_AREA":0,"STATUS":"Designated","STATUS_YR":1993,"GOV_TYPE":"Not Reported","GOVSUBTYPE":"Not Applicable","OWN_TYPE":"Not Reported","OWNSUBTYPE":"Not Applicable","MANG_AUTH":"Not Reported","MANG_PLAN":"Not Reported","VERIF":"State Verified","METADATAID":1852,"PRNT_ISO3":"ARG","ISO3":"ARG","SUPP_INFO":"Not Applicable","CONS_OBJ":"Not Applicable","INLND_WTRS":"Not Reported","OECM_ASMT":"Not Applicable","layer":"WDPA_W~1","path":"C:/DATAS/PRO/GIS/ARGENT~1/RAW/WDPA_W~1/WDPA_W~3/WDPA_W~1.SHP"}},
{"type":"Feature","geometry":{"type":"Polygon","coordinates":[[[-72.82574,-48.964201],[-72.921029,-48.937379],[-72.951801,-48.950411],[-72.961253,-48.984657],[-72.991957,-48.992468],[-72.981499,-49.02837],[-73.013029,-49.036512],[-73.005928,-49.062273],[-73.047265,-49.082234],[-73.061502,-49.125125],[-73.136903,-49.176022],[-73.142666,-49.18691],[-73.136916,-49.195026],[-73.135493,-49.200929],[-73.1439,-49.21667],[-73.143121,-49.237786],[-73.130507,-49.262812],[-73.086655,-49.249516],[-73.065269,-49.264475],[-73.052491,-49.267339],[-73.04937,-49.266986],[-73.045911,-49.268919],[-73.043317,-49.26905],[-73.040002,-49.242904],[-73.023083,-49.243879],[-72.98445,-49.245207],[-72.901937,-49.248987],[-72.903635,-49.236834],[-72.910127,-49.217361],[-72.919864,-49.207624],[-72.880916,-49.194641],[-72.858196,-49.142711],[-72.838723,-49.126483],[-72.816003,-49.132974],[-72.747845,-49.071307],[-72.744599,-48.947973],[-72.760827,-48.941481],[-72.793284,-48.970692],[-72.82574,-48.964201]]]},"properties":{"fid":147,"SITE_ID":555587106,"SITE_PID":"555587106","SITE_TYPE":"PA","NAME_ENG":"Lago del Desierto","NAME":"Lago del Desierto","DESIG":"Reserva Provincial","DESIG_ENG":"Provincial Reserve","DESIG_TYPE":"National","IUCN_CAT":"VI","INT_CRIT":"Not Applicable","REALM":"Terrestrial","REP_M_AREA":0,"GIS_M_AREA":0,"REP_AREA":599.82,"GIS_AREA":597.472243348324,"NO_TAKE":"Not Applicable","NO_TK_AREA":0,"STATUS":"Designated","STATUS_YR":2005,"GOV_TYPE":"Not Reported","GOVSUBTYPE":"Not Applicable","OWN_TYPE":"Not Reported","OWNSUBTYPE":"Not Applicable","MANG_AUTH":"Not Reported","MANG_PLAN":"Not Reported","VERIF":"State Verified","METADATAID":1852,"PRNT_ISO3":"ARG","ISO3":"ARG","SUPP_INFO":"Not Applicable","CONS_OBJ":"Not Applicable","INLND_WTRS":"Not Reported","OECM_ASMT":"Not Applicable","layer":"WDPA_W~1","path":"C:/DATAS/PRO/GIS/ARGENT~1/RAW/WDPA_W~1/WDPA_W~3/WDPA_W~1.SHP"}},
{"type":"Feature","geometry":{"type":"Polygon","coordinates":[[[-72.049257,-51.502272],[-72.06873,-51.550207],[-72.006565,-51.560693],[-72.005816,-51.498527],[-72.049257,-51.502272]]]},"properties":{"fid":148,"SITE_ID":555587107,"SITE_PID":"555587107","SITE_TYPE":"PA","NAME_ENG":"Punta Gruesa","NAME":"Punta Gruesa","DESIG":"Reserva Provincial","DESIG_ENG":"Provincial Reserve","DESIG_TYPE":"National","IUCN_CAT":"VI","INT_CRIT":"Not Applicable","REALM":"Terrestrial","REP_M_AREA":0,"GIS_M_AREA":0,"REP_AREA":22.94,"GIS_AREA":23.1714974676536,"NO_TAKE":"Not Applicable","NO_TK_AREA":0,"STATUS":"Designated","STATUS_YR":2002,"GOV_TYPE":"Not Reported","GOVSUBTYPE":"Not Applicable","OWN_TYPE":"Not Reported","OWNSUBTYPE":"Not Applicable","MANG_AUTH":"Not Reported","MANG_PLAN":"Not Reported","VERIF":"State Verified","METADATAID":1852,"PRNT_ISO3":"ARG","ISO3":"ARG","SUPP_INFO":"Not Applicable","CONS_OBJ":"Not Applicable","INLND_WTRS":"Not Reported","OECM_ASMT":"Not Applicable","layer":"WDPA_W~1","path":"C:/DATAS/PRO/GIS/ARGENT~1/RAW/WDPA_W~1/WDPA_W~3/WDPA_W~1.SHP"}},
{"type":"Feature","geometry":{"type":"MultiPolygon","coordinates":[[[[-67.537577,-54.402951],[-67.575666,-54.426142],[-67.586649,-54.421655],[-67.603013,-54.419661],[-67.608538,-54.41761],[-67.626133,-54.417274],[-67.630758,-54.414008],[-67.632551,-54.41344],[-67.641311,-54.408317],[-67.654018,-54.406521],[-67.719997,-54.403807],[-67.780849,-54.361964],[-67.814587,-54.388227],[-67.798441,-54.40253],[-68.24034,-54.405032],[-68.240524,-54.431619],[-68.384409,-54.432311],[-68.385735,-54.40001],[-68.498653,-54.41245],[-68.489287,-54.357426],[-68.609305,-54.357853],[-68.607729,-54.428403],[-68.546802,-54.42976],[-68.532648,-54.442378],[-68.556472,-54.458391],[-68.404145,-54.447307],[-68.368443,-54.45941],[-68.3684,-54.459425],[-68.367229,-54.534848],[-68.163534,-54.559218],[-67.891991,-54.540743],[-67.79052,-54.524995],[-67.763763,-54.50071],[-67.622059,-54.543641],[-67.306276,-54.532013],[-67.308122,-54.488326],[-67.510044,-54.501706],[-67.508282,-54.464483],[-67.537577,-54.402951]],[[-67.712113,-54.438666],[-67.707613,-54.440842],[-67.710292,-54.440538],[-67.712537,-54.439021],[-67.712113,-54.438666]],[[-67.75527,-54.463547],[-67.713756,-54.471541],[-67.737576,-54.480094],[-67.75527,-54.463547]]],[[[-67.632551,-54.41344],[-67.630758,-54.414008],[-67.626133,-54.417274],[-67.608538,-54.41761],[-67.603013,-54.419661],[-67.586649,-54.421655],[-67.575666,-54.426142],[-67.537577,-54.402951],[-67.557498,-54.378788],[-67.632418,-54.369091],[-67.654018,-54.406521],[-67.641311,-54.408317],[-67.632551,-54.41344]]]]},"properties":{"fid":149,"SITE_ID":555587110,"SITE_PID":"555587110","SITE_TYPE":"PA","NAME_ENG":"Corazon de la Isla","NAME":"Corazon de la Isla","DESIG":"Reserva Provincial de Uso Múltiple","DESIG_ENG":"Multiple Use Provincial Reserve","DESIG_TYPE":"National","IUCN_CAT":"VI","INT_CRIT":"Not Applicable","REALM":"Terrestrial","REP_M_AREA":0,"GIS_M_AREA":0,"REP_AREA":1000,"GIS_AREA":1022.57607078142,"NO_TAKE":"Not Applicable","NO_TK_AREA":0,"STATUS":"Designated","STATUS_YR":2000,"GOV_TYPE":"Not Reported","GOVSUBTYPE":"Not Applicable","OWN_TYPE":"Not Reported","OWNSUBTYPE":"Not Applicable","MANG_AUTH":"Not Reported","MANG_PLAN":"Not Reported","VERIF":"State Verified","METADATAID":1852,"PRNT_ISO3":"ARG","ISO3":"ARG","SUPP_INFO":"Not Applicable","CONS_OBJ":"Not Applicable","INLND_WTRS":"Not Reported","OECM_ASMT":"Not Applicable","layer":"WDPA_W~1","path":"C:/DATAS/PRO/GIS/ARGENT~1/RAW/WDPA_W~1/WDPA_W~3/WDPA_W~1.SHP"}},
{"type":"Feature","geometry":{"type":"Polygon","coordinates":[[[-71.784379,-41.744106],[-71.652132,-41.744526],[-71.650971,-41.729443],[-71.684031,-41.728049],[-71.683145,-41.706079],[-71.722613,-41.713628],[-71.734099,-41.700065],[-71.680557,-41.676843],[-71.679184,-41.653196],[-71.708982,-41.651041],[-71.792713,-41.70335],[-71.794439,-41.707263],[-71.797162,-41.710432],[-71.803114,-41.714166],[-71.806579,-41.718454],[-71.805324,-41.722548],[-71.803325,-41.726267],[-71.799833,-41.730357],[-71.795601,-41.73277],[-71.79187,-41.733694],[-71.787888,-41.735362],[-71.784898,-41.737405],[-71.784391,-41.740382],[-71.784379,-41.744106]]]},"properties":{"fid":150,"SITE_ID":555587111,"SITE_PID":"555587111","SITE_TYPE":"PA","NAME_ENG":"Azul","NAME":"Azul","DESIG":"Parque Provincial","DESIG_ENG":"Provincial Park","DESIG_TYPE":"National","IUCN_CAT":"II","INT_CRIT":"Not Applicable","REALM":"Terrestrial","REP_M_AREA":0,"GIS_M_AREA":0,"REP_AREA":131.55,"GIS_AREA":71.8483844888274,"NO_TAKE":"Not Applicable","NO_TK_AREA":0,"STATUS":"Designated","STATUS_YR":2003,"GOV_TYPE":"Not Reported","GOVSUBTYPE":"Not Applicable","OWN_TYPE":"Not Reported","OWNSUBTYPE":"Not Applicable","MANG_AUTH":"Not Reported","MANG_PLAN":"Not Reported","VERIF":"State Verified","METADATAID":1852,"PRNT_ISO3":"ARG","ISO3":"ARG","SUPP_INFO":"Not Applicable","CONS_OBJ":"Not Applicable","INLND_WTRS":"Not Reported","OECM_ASMT":"Not Applicable","layer":"WDPA_W~1","path":"C:/DATAS/PRO/GIS/ARGENT~1/RAW/WDPA_W~1/WDPA_W~3/WDPA_W~1.SHP"}},
{"type":"Feature","geometry":{"type":"Polygon","coordinates":[[[-71.396633,-41.726483],[-71.369065,-41.68741],[-71.384525,-41.67198],[-71.447208,-41.746829],[-71.426218,-41.785382],[-71.385781,-41.784608],[-71.40253,-41.769698],[-71.396633,-41.726483]]]},"properties":{"fid":151,"SITE_ID":555587112,"SITE_PID":"555587112","SITE_TYPE":"PA","NAME_ENG":"Cipresal de las Guaitecas","NAME":"Cipresal de las Guaitecas","DESIG":"Área Natural Protegida","DESIG_ENG":"Protected Nature Area","DESIG_TYPE":"National","IUCN_CAT":"V","INT_CRIT":"Not Applicable","REALM":"Terrestrial","REP_M_AREA":0,"GIS_M_AREA":0,"REP_AREA":39.11,"GIS_AREA":38.9126144724392,"NO_TAKE":"Not Applicable","NO_TK_AREA":0,"STATUS":"Designated","STATUS_YR":2005,"GOV_TYPE":"Not Reported","GOVSUBTYPE":"Not Applicable","OWN_TYPE":"Not Reported","OWNSUBTYPE":"Not Applicable","MANG_AUTH":"Not Reported","MANG_PLAN":"Not Reported","VERIF":"State Verified","METADATAID":1852,"PRNT_ISO3":"ARG","ISO3":"ARG","SUPP_INFO":"Not Applicable","CONS_OBJ":"Not Applicable","INLND_WTRS":"Not Reported","OECM_ASMT":"Not Applicable","layer":"WDPA_W~1","path":"C:/DATAS/PRO/GIS/ARGENT~1/RAW/WDPA_W~1/WDPA_W~3/WDPA_W~1.SHP"}},
{"type":"Feature","geometry":{"type":"Polygon","coordinates":[[[-67.26252,-54.522596],[-67.264842,-54.485499],[-67.308247,-54.485054],[-67.306238,-54.532057],[-67.26252,-54.522596]]]},"properties":{"fid":152,"SITE_ID":555587113,"SITE_PID":"555587113","SITE_TYPE":"PA","NAME_ENG":"Laguna Negra","NAME":"Laguna Negra","DESIG":"Reserva Provincial de Uso Múltiple","DESIG_ENG":"Multiple Use Provincial Reserve","DESIG_TYPE":"National","IUCN_CAT":"VI","INT_CRIT":"Not Applicable","REALM":"Terrestrial","REP_M_AREA":0,"GIS_M_AREA":0,"REP_AREA":13.4,"GIS_AREA":13.3818483205678,"NO_TAKE":"Not Applicable","NO_TK_AREA":0,"STATUS":"Designated","STATUS_YR":2003,"GOV_TYPE":"Not Reported","GOVSUBTYPE":"Not Applicable","OWN_TYPE":"Not Reported","OWNSUBTYPE":"Not Applicable","MANG_AUTH":"Not Reported","MANG_PLAN":"Not Reported","VERIF":"State Verified","METADATAID":1852,"PRNT_ISO3":"ARG","ISO3":"ARG","SUPP_INFO":"Not Applicable","CONS_OBJ":"Not Applicable","INLND_WTRS":"Not Reported","OECM_ASMT":"Not Applicable","layer":"WDPA_W~1","path":"C:/DATAS/PRO/GIS/ARGENT~1/RAW/WDPA_W~1/WDPA_W~3/WDPA_W~1.SHP"}},
{"type":"Feature","geometry":{"type":"Polygon","coordinates":[[[-67.260038,-54.568465],[-67.336761,-54.582756],[-67.257417,-54.64532],[-67.260038,-54.568465]]]},"properties":{"fid":153,"SITE_ID":555587114,"SITE_PID":"555587114","SITE_TYPE":"PA","NAME_ENG":"Rio Valdez","NAME":"Rio Valdez","DESIG":"Reserva Provincial de Uso Múltiple","DESIG_ENG":"Multiple Use Provincial Reserve","DESIG_TYPE":"National","IUCN_CAT":"VI","INT_CRIT":"Not Applicable","REALM":"Terrestrial","REP_M_AREA":0,"GIS_M_AREA":0,"REP_AREA":32.77,"GIS_AREA":27.4275414031415,"NO_TAKE":"Not Applicable","NO_TK_AREA":0,"STATUS":"Designated","STATUS_YR":2003,"GOV_TYPE":"Not Reported","GOVSUBTYPE":"Not Applicable","OWN_TYPE":"Not Reported","OWNSUBTYPE":"Not Applicable","MANG_AUTH":"Not Reported","MANG_PLAN":"Not Reported","VERIF":"State Verified","METADATAID":1852,"PRNT_ISO3":"ARG","ISO3":"ARG","SUPP_INFO":"Not Applicable","CONS_OBJ":"Not Applicable","INLND_WTRS":"Not Reported","OECM_ASMT":"Not Applicable","layer":"WDPA_W~1","path":"C:/DATAS/PRO/GIS/ARGENT~1/RAW/WDPA_W~1/WDPA_W~3/WDPA_W~1.SHP"}},
{"type":"Feature","geometry":{"type":"Polygon","coordinates":[[[-66.248241,-24.872397],[-66.24418,-24.71615],[-66.166764,-24.64204],[-66.128138,-24.679525],[-66.120348,-24.626458],[-66.125471,-24.575915],[-66.205943,-24.573759],[-66.242523,-24.536596],[-66.306003,-24.555653],[-66.321235,-24.862463],[-66.261027,-24.858493],[-66.248241,-24.872397]]]},"properties":{"fid":154,"SITE_ID":555587115,"SITE_PID":"555587115","SITE_TYPE":"PA","NAME_ENG":"Abra del Acay","NAME":"Abra del Acay","DESIG":"Monumento Natural","DESIG_ENG":"Nature Monument","DESIG_TYPE":"National","IUCN_CAT":"III","INT_CRIT":"Not Applicable","REALM":"Terrestrial","REP_M_AREA":0,"GIS_M_AREA":0,"REP_AREA":1200.6,"GIS_AREA":381.809098580905,"NO_TAKE":"Not Applicable","NO_TK_AREA":0,"STATUS":"Designated","STATUS_YR":1995,"GOV_TYPE":"Not Reported","GOVSUBTYPE":"Not Applicable","OWN_TYPE":"Not Reported","OWNSUBTYPE":"Not Applicable","MANG_AUTH":"Not Reported","MANG_PLAN":"Not Reported","VERIF":"State Verified","METADATAID":1852,"PRNT_ISO3":"ARG","ISO3":"ARG","SUPP_INFO":"Not Applicable","CONS_OBJ":"Not Applicable","INLND_WTRS":"Not Reported","OECM_ASMT":"Not Applicable","layer":"WDPA_W~1","path":"C:/DATAS/PRO/GIS/ARGENT~1/RAW/WDPA_W~1/WDPA_W~3/WDPA_W~1.SHP"}},
{"type":"Feature","geometry":{"type":"Polygon","coordinates":[[[-58.991943,-30.607729],[-59.059529,-30.688575],[-59.217273,-30.760439],[-59.216068,-30.777535],[-59.185037,-30.794775],[-59.153476,-30.791388],[-58.90922,-30.896559],[-58.891264,-30.897284],[-58.856428,-30.857618],[-58.782536,-30.859183],[-58.563695,-30.693374],[-58.557462,-30.669689],[-58.567587,-30.659506],[-58.647937,-30.6984],[-58.77978,-30.686972],[-58.821468,-30.660135],[-58.859012,-30.662215],[-58.903774,-30.620079],[-58.991943,-30.607729]]]},"properties":{"fid":155,"SITE_ID":555587117,"SITE_PID":"555587117","SITE_TYPE":"PA","NAME_ENG":"El Gato y Lomas Limpias","NAME":"El Gato y Lomas Limpias","DESIG":"Reserva de Uso Múltiple","DESIG_ENG":"Multiple Use Reserve","DESIG_TYPE":"National","IUCN_CAT":"VI","INT_CRIT":"Not Applicable","REALM":"Terrestrial","REP_M_AREA":0,"GIS_M_AREA":0,"REP_AREA":680,"GIS_AREA":997.754848840678,"NO_TAKE":"Not Applicable","NO_TK_AREA":0,"STATUS":"Designated","STATUS_YR":2006,"GOV_TYPE":"Not Reported","GOVSUBTYPE":"Not Applicable","OWN_TYPE":"Not Reported","OWNSUBTYPE":"Not Applicable","MANG_AUTH":"Not Reported","MANG_PLAN":"Not Reported","VERIF":"State Verified","METADATAID":1852,"PRNT_ISO3":"ARG","ISO3":"ARG","SUPP_INFO":"Not Applicable","CONS_OBJ":"Not Applicable","INLND_WTRS":"Not Reported","OECM_ASMT":"Not Applicable","layer":"WDPA_W~1","path":"C:/DATAS/PRO/GIS/ARGENT~1/RAW/WDPA_W~1/WDPA_W~3/WDPA_W~1.SHP"}},
{"type":"Feature","geometry":{"type":"Polygon","coordinates":[[[-60.529188,-31.839593],[-60.52295,-31.840272],[-60.522396,-31.836293],[-60.529188,-31.839593]]]},"properties":{"fid":156,"SITE_ID":555587118,"SITE_PID":"555587118","SITE_TYPE":"PA","NAME_ENG":"Escuela Rural Juan B. Alberdi","NAME":"Escuela Rural Juan B. Alberdi","DESIG":"Reserva de Uso Múltiple","DESIG_ENG":"Multiple Use Reserve","DESIG_TYPE":"National","IUCN_CAT":"VI","INT_CRIT":"Not Applicable","REALM":"Terrestrial","REP_M_AREA":0,"GIS_M_AREA":0,"REP_AREA":0.2,"GIS_AREA":0.149925883271223,"NO_TAKE":"Not Applicable","NO_TK_AREA":0,"STATUS":"Designated","STATUS_YR":1992,"GOV_TYPE":"Not Reported","GOVSUBTYPE":"Not Applicable","OWN_TYPE":"Not Reported","OWNSUBTYPE":"Not Applicable","MANG_AUTH":"Not Reported","MANG_PLAN":"Not Reported","VERIF":"State Verified","METADATAID":1852,"PRNT_ISO3":"ARG","ISO3":"ARG","SUPP_INFO":"Not Applicable","CONS_OBJ":"Not Applicable","INLND_WTRS":"Not Reported","OECM_ASMT":"Not Applicable","layer":"WDPA_W~1","path":"C:/DATAS/PRO/GIS/ARGENT~1/RAW/WDPA_W~1/WDPA_W~3/WDPA_W~1.SHP"}},
{"type":"Feature","geometry":{"type":"Polygon","coordinates":[[[-60.323012,-31.729409],[-60.329974,-31.719786],[-60.352949,-31.729414],[-60.320521,-31.754402],[-60.323012,-31.729409]]]},"properties":{"fid":157,"SITE_ID":555587119,"SITE_PID":"555587119","SITE_TYPE":"PA","NAME_ENG":"Escuela Rural Enrique Berduc","NAME":"Escuela Rural Enrique Berduc","DESIG":"Reserva de Uso Múltiple","DESIG_ENG":"Multiple Use Reserve","DESIG_TYPE":"National","IUCN_CAT":"VI","INT_CRIT":"Not Applicable","REALM":"Terrestrial","REP_M_AREA":0,"GIS_M_AREA":0,"REP_AREA":5.94,"GIS_AREA":5.63945875685928,"NO_TAKE":"Not Applicable","NO_TK_AREA":0,"STATUS":"Designated","STATUS_YR":1997,"GOV_TYPE":"Not Reported","GOVSUBTYPE":"Not Applicable","OWN_TYPE":"Not Reported","OWNSUBTYPE":"Not Applicable","MANG_AUTH":"Not Reported","MANG_PLAN":"Not Reported","VERIF":"State Verified","METADATAID":1852,"PRNT_ISO3":"ARG","ISO3":"ARG","SUPP_INFO":"Not Applicable","CONS_OBJ":"Not Applicable","INLND_WTRS":"Not Reported","OECM_ASMT":"Not Applicable","layer":"WDPA_W~1","path":"C:/DATAS/PRO/GIS/ARGENT~1/RAW/WDPA_W~1/WDPA_W~3/WDPA_W~1.SHP"}},
{"type":"Feature","geometry":{"type":"Polygon","coordinates":[[[-64.753977,-34.830713],[-64.919219,-34.831988],[-64.9184,-34.923431],[-64.753018,-34.921807],[-64.753977,-34.830713]]]},"properties":{"fid":158,"SITE_ID":555587121,"SITE_PID":"555587121","SITE_TYPE":"PA","NAME_ENG":"Estancia Ralicó","NAME":"Estancia Ralicó","DESIG":"Reserva Forestal Natural","DESIG_ENG":"Nature Forest Reserve","DESIG_TYPE":"National","IUCN_CAT":"VI","INT_CRIT":"Not Applicable","REALM":"Terrestrial","REP_M_AREA":0,"GIS_M_AREA":0,"REP_AREA":67,"GIS_AREA":152.479309695916,"NO_TAKE":"Not Applicable","NO_TK_AREA":0,"STATUS":"Designated","STATUS_YR":2004,"GOV_TYPE":"Not Reported","GOVSUBTYPE":"Not Applicable","OWN_TYPE":"Not Reported","OWNSUBTYPE":"Not Applicable","MANG_AUTH":"Not Reported","MANG_PLAN":"Not Reported","VERIF":"State Verified","METADATAID":1852,"PRNT_ISO3":"ARG","ISO3":"ARG","SUPP_INFO":"Not Applicable","CONS_OBJ":"Not Applicable","INLND_WTRS":"Not Reported","OECM_ASMT":"Not Applicable","layer":"WDPA_W~1","path":"C:/DATAS/PRO/GIS/ARGENT~1/RAW/WDPA_W~1/WDPA_W~3/WDPA_W~1.SHP"}},
{"type":"Feature","geometry":{"type":"Polygon","coordinates":[[[-63.107561,-38.568429],[-63.102313,-38.597113],[-63.129507,-38.606301],[-63.138356,-38.628073],[-63.069178,-38.666428],[-63.004207,-38.670685],[-63.015544,-38.658029],[-62.993349,-38.638447],[-63.070519,-38.575007],[-63.107561,-38.568429]]]},"properties":{"fid":159,"SITE_ID":555587122,"SITE_PID":"555587122","SITE_TYPE":"PA","NAME_ENG":"Chasico","NAME":"Chasico","DESIG":"Reserva Natural de Objetos Definidos","DESIG_ENG":"Nature Reserve of Define Objects","DESIG_TYPE":"National","IUCN_CAT":"IV","INT_CRIT":"Not Applicable","REALM":"Terrestrial","REP_M_AREA":0,"GIS_M_AREA":0,"REP_AREA":78.07,"GIS_AREA":78.1289296559127,"NO_TAKE":"Not Applicable","NO_TK_AREA":0,"STATUS":"Designated","STATUS_YR":1999,"GOV_TYPE":"Not Reported","GOVSUBTYPE":"Not Applicable","OWN_TYPE":"Not Reported","OWNSUBTYPE":"Not Applicable","MANG_AUTH":"Not Reported","MANG_PLAN":"Not Reported","VERIF":"State Verified","METADATAID":1852,"PRNT_ISO3":"ARG","ISO3":"ARG","SUPP_INFO":"Not Applicable","CONS_OBJ":"Not Applicable","INLND_WTRS":"Not Reported","OECM_ASMT":"Not Applicable","layer":"WDPA_W~1","path":"C:/DATAS/PRO/GIS/ARGENT~1/RAW/WDPA_W~1/WDPA_W~3/WDPA_W~1.SHP"}},
{"type":"Feature","geometry":{"type":"Polygon","coordinates":[[[-62.17998,-30.329067],[-62.521265,-30.326442],[-62.522318,-30.319769],[-62.524432,-30.306705],[-62.525554,-30.301151],[-62.527377,-30.296994],[-62.576104,-30.262986],[-62.584239,-30.254159],[-62.588794,-30.249053],[-62.592223,-30.244358],[-62.598594,-30.223679],[-62.598512,-30.217694],[-62.59777,-30.213369],[-62.586646,-30.189177],[-62.578158,-30.189089],[-62.577877,-30.186301],[-62.577464,-30.181284],[-62.575331,-30.173606],[-62.540804,-30.14039],[-62.531958,-30.098258],[-62.548387,-30.09606],[-62.555947,-30.093218],[-62.561425,-30.09049],[-62.566106,-30.087476],[-62.570603,-30.086132],[-62.601218,-30.081848],[-62.622791,-30.065783],[-62.628882,-30.064594],[-62.636883,-30.064392],[-62.68482,-30.055668],[-62.794846,-29.987902],[-62.811821,-29.963546],[-62.792513,-29.940131],[-62.833036,-29.887578],[-63.354581,-29.779467],[-63.324324,-29.94459],[-63.334895,-29.958312],[-63.338247,-30.015239],[-63.345101,-30.015221],[-63.358057,-30.078245],[-63.359561,-30.087614],[-63.364309,-30.086551],[-63.364486,-30.134668],[-63.396003,-30.134377],[-63.400515,-30.159075],[-63.420038,-30.180328],[-63.433364,-30.212363],[-63.426489,-30.270194],[-63.415225,-30.290326],[-63.414915,-30.319228],[-63.432208,-30.343031],[-63.44464,-30.372714],[-63.45304,-30.386843],[-63.471927,-30.431085],[-63.463418,-30.43222],[-63.444506,-30.455466],[-63.444647,-30.486566],[-63.452191,-30.522327],[-63.445484,-30.558298],[-63.439776,-30.572927],[-63.386236,-30.582685],[-63.387917,-30.603294],[-63.216817,-30.631016],[-63.220514,-30.649028],[-63.174031,-30.656072],[-63.19973,-30.758557],[-63.168653,-30.759027],[-63.164197,-30.74966],[-63.146924,-30.743716],[-63.112119,-30.749179],[-63.095163,-30.773586],[-63.057176,-30.780851],[-62.96621,-30.774425],[-62.952946,-30.767548],[-62.953003,-30.904402],[-62.868451,-30.954188],[-62.833278,-30.925535],[-62.833302,-30.911789],[-62.785478,-30.909427],[-62.772176,-30.916278],[-62.76149,-30.939169],[-62.75604,-30.991853],[-62.718822,-30.987195],[-62.684388,-30.945877],[-62.673841,-30.920649],[-62.652648,-30.902265],[-62.611208,-30.881248],[-62.581032,-30.874561],[-62.559939,-30.893557],[-62.590226,-30.956485],[-62.592324,-30.968665],[-62.592996,-30.983008],[-62.585468,-30.991667],[-62.572682,-30.992315],[-62.527381,-30.982054],[-62.512431,-30.976765],[-62.505037,-30.972477],[-62.496326,-30.936659],[-62.482511,-30.920025],[-62.443498,-30.927496],[-62.436981,-30.94323],[-62.439306,-30.968375],[-62.407141,-30.973343],[-62.354946,-30.921743],[-62.333751,-30.912471],[-62.310737,-30.903852],[-62.283626,-30.895611],[-62.248959,-30.882224],[-62.217234,-30.863708],[-62.201434,-30.847574],[-62.188466,-30.810838],[-62.173579,-30.68932],[-62.201404,-30.529118],[-62.180962,-30.441929],[-62.176116,-30.389202],[-62.176909,-30.373533],[-62.176366,-30.359419],[-62.176443,-30.350255],[-62.177273,-30.33008],[-62.17998,-30.329067]]]},"properties":{"fid":160,"SITE_ID":555587123,"SITE_PID":"555587123","SITE_TYPE":"PA","NAME_ENG":"Bañados del Río Dulce y Laguna de Mar Chiquita","NAME":"Bañados del Río Dulce y Laguna de Mar Chiquita","DESIG":"Reserva Provincial de Uso Múltiple","DESIG_ENG":"Multiple Use Provincial Reserve","DESIG_TYPE":"National","IUCN_CAT":"VI","INT_CRIT":"Not Applicable","REALM":"Terrestrial","REP_M_AREA":0,"GIS_M_AREA":0,"REP_AREA":10600,"GIS_AREA":10486.816543834602,"NO_TAKE":"Not Applicable","NO_TK_AREA":0,"STATUS":"Designated","STATUS_YR":1994,"GOV_TYPE":"Not Reported","GOVSUBTYPE":"Not Applicable","OWN_TYPE":"Not Reported","OWNSUBTYPE":"Not Applicable","MANG_AUTH":"Not Reported","MANG_PLAN":"Not Reported","VERIF":"State Verified","METADATAID":1852,"PRNT_ISO3":"ARG","ISO3":"ARG","SUPP_INFO":"Not Applicable","CONS_OBJ":"Not Applicable","INLND_WTRS":"Not Reported","OECM_ASMT":"Not Applicable","layer":"WDPA_W~1","path":"C:/DATAS/PRO/GIS/ARGENT~1/RAW/WDPA_W~1/WDPA_W~3/WDPA_W~1.SHP"}},
{"type":"Feature","geometry":{"type":"Polygon","coordinates":[[[-64.800121,-31.357238],[-64.833664,-31.29986],[-64.87426,-31.299437],[-64.883247,-31.326818],[-64.895401,-31.322649],[-64.91378,-31.346903],[-64.93262,-31.339659],[-64.937737,-31.359905],[-64.941993,-31.350723],[-64.943124,-31.414969],[-64.979072,-31.420189],[-64.988228,-31.442902],[-64.971263,-31.449254],[-64.991029,-31.453376],[-64.994416,-31.475798],[-64.975975,-31.527123],[-64.995945,-31.544455],[-64.983099,-31.547405],[-64.986328,-31.571792],[-64.961825,-31.512589],[-64.95469,-31.524384],[-64.964738,-31.600361],[-64.946716,-31.605476],[-64.950205,-31.634448],[-64.930077,-31.644731],[-64.927171,-31.702612],[-64.900998,-31.703879],[-64.925984,-31.713329],[-64.887824,-31.821554],[-64.967398,-31.922982],[-64.969166,-32.043719],[-64.889595,-32.055824],[-64.870659,-32.073479],[-64.851339,-32.071423],[-64.872931,-32.047512],[-64.858641,-32.059186],[-64.845829,-32.048418],[-64.835198,-32.019423],[-64.847516,-31.998808],[-64.826909,-31.997089],[-64.823304,-31.967648],[-64.842595,-31.958384],[-64.815509,-31.909539],[-64.768699,-31.881264],[-64.745565,-31.849841],[-64.76524,-31.822496],[-64.737818,-31.826616],[-64.747506,-31.816427],[-64.717562,-31.797057],[-64.716007,-31.764363],[-64.688796,-31.765375],[-64.672355,-31.729397],[-64.674569,-31.713418],[-64.680013,-31.722018],[-64.683105,-31.709034],[-64.686781,-31.710292],[-64.68779,-31.70948],[-64.688899,-31.709904],[-64.68969,-31.708681],[-64.690374,-31.708801],[-64.69135,-31.708424],[-64.691886,-31.708293],[-64.692521,-31.708218],[-64.693492,-31.707722],[-64.694823,-31.707685],[-64.695106,-31.707451],[-64.694738,-31.707197],[-64.692169,-31.707391],[-64.691846,-31.70736],[-64.691464,-31.707317],[-64.69118,-31.707242],[-64.688712,-31.705044],[-64.682304,-31.703735],[-64.674915,-31.695237],[-64.687935,-31.689507],[-64.683402,-31.681476],[-64.692873,-31.680771],[-64.694312,-31.678028],[-64.694765,-31.677759],[-64.695424,-31.677752],[-64.695491,-31.677706],[-64.69561,-31.677613],[-64.695838,-31.67753],[-64.696547,-31.6764],[-64.696666,-31.67445],[-64.695129,-31.671146],[-64.689577,-31.673411],[-64.680958,-31.670817],[-64.68017,-31.670252],[-64.679789,-31.669935],[-64.675853,-31.668359],[-64.670194,-31.619522],[-64.699063,-31.596367],[-64.711462,-31.550811],[-64.732071,-31.550864],[-64.718206,-31.538142],[-64.73983,-31.507761],[-64.721836,-31.494295],[-64.746611,-31.481409],[-64.728603,-31.457574],[-64.76216,-31.45526],[-64.735204,-31.431553],[-64.723894,-31.444296],[-64.723676,-31.40097],[-64.697859,-31.391819],[-64.768974,-31.399204],[-64.759605,-31.378422],[-64.800121,-31.357238]]]},"properties":{"fid":161,"SITE_ID":555587124,"SITE_PID":"555587124","SITE_TYPE":"PA","NAME_ENG":"Pampa de Achala","NAME":"Pampa de Achala","DESIG":"Reserva Hídrica Provincial","DESIG_ENG":"Provincial Water Reserve","DESIG_TYPE":"National","IUCN_CAT":"VI","INT_CRIT":"Not Applicable","REALM":"Terrestrial","REP_M_AREA":0,"GIS_M_AREA":0,"REP_AREA":1460,"GIS_AREA":1543.71640525225,"NO_TAKE":"Not Applicable","NO_TK_AREA":0,"STATUS":"Designated","STATUS_YR":1999,"GOV_TYPE":"Not Reported","GOVSUBTYPE":"Not Applicable","OWN_TYPE":"Not Reported","OWNSUBTYPE":"Not Applicable","MANG_AUTH":"Not Reported","MANG_PLAN":"Not Reported","VERIF":"State Verified","METADATAID":1852,"PRNT_ISO3":"ARG","ISO3":"ARG","SUPP_INFO":"Not Applicable","CONS_OBJ":"Not Applicable","INLND_WTRS":"Not Reported","OECM_ASMT":"Not Applicable","layer":"WDPA_W~1","path":"C:/DATAS/PRO/GIS/ARGENT~1/RAW/WDPA_W~1/WDPA_W~3/WDPA_W~1.SHP"}},
{"type":"Feature","geometry":{"type":"Polygon","coordinates":[[[-64.660846,-30.022519],[-64.682472,-29.938392],[-64.669472,-29.872602],[-64.75325,-29.808786],[-64.836037,-29.683511],[-64.827967,-29.574706],[-64.964785,-29.598047],[-64.936909,-29.847682],[-65.157611,-30.046175],[-65.194508,-30.144798],[-65.372791,-30.331049],[-65.442564,-30.431071],[-65.415771,-30.435459],[-65.375267,-30.414127],[-65.343132,-30.358806],[-65.317017,-30.362497],[-65.29715,-30.32592],[-65.19931,-30.266311],[-65.112808,-30.25258],[-64.978874,-30.186754],[-64.918976,-30.184742],[-64.916832,-30.215946],[-64.904907,-30.182172],[-64.888176,-30.197355],[-64.867683,-30.170519],[-64.841476,-30.174627],[-64.843765,-30.159328],[-64.827423,-30.171135],[-64.808563,-30.157173],[-64.754875,-30.167398],[-64.7043,-30.12738],[-64.660846,-30.022519]]]},"properties":{"fid":162,"SITE_ID":555587125,"SITE_PID":"555587125","SITE_TYPE":"PA","NAME_ENG":"Salinas Grandes","NAME":"Salinas Grandes","DESIG":"Reserva Provincial de Uso Múltiple","DESIG_ENG":"Multiple Use Provincial Reserve","DESIG_TYPE":"National","IUCN_CAT":"VI","INT_CRIT":"Not Applicable","REALM":"Terrestrial","REP_M_AREA":0,"GIS_M_AREA":0,"REP_AREA":2000,"GIS_AREA":2217.33554347522,"NO_TAKE":"Not Applicable","NO_TK_AREA":0,"STATUS":"Designated","STATUS_YR":2003,"GOV_TYPE":"Not Reported","GOVSUBTYPE":"Not Applicable","OWN_TYPE":"Not Reported","OWNSUBTYPE":"Not Applicable","MANG_AUTH":"Not Reported","MANG_PLAN":"Not Reported","VERIF":"State Verified","METADATAID":1852,"PRNT_ISO3":"ARG","ISO3":"ARG","SUPP_INFO":"Not Applicable","CONS_OBJ":"Not Applicable","INLND_WTRS":"Not Reported","OECM_ASMT":"Not Applicable","layer":"WDPA_W~1","path":"C:/DATAS/PRO/GIS/ARGENT~1/RAW/WDPA_W~1/WDPA_W~3/WDPA_W~1.SHP"}},
{"type":"Feature","geometry":{"type":"Polygon","coordinates":[[[-60.212154,-24.373155],[-60.299111,-24.330975],[-60.333547,-24.332894],[-60.389425,-24.26414],[-60.457378,-24.237958],[-60.524708,-24.145503],[-60.559605,-24.130526],[-60.566292,-24.105251],[-60.569907,-24.117714],[-60.598962,-24.101859],[-60.631025,-24.106928],[-60.675925,-24.090992],[-60.690525,-24.066704],[-60.761449,-24.052716],[-60.773298,-24.032753],[-60.811408,-24.023942],[-60.796173,-24.018377],[-60.866473,-23.9423],[-60.87133,-23.902936],[-60.895793,-23.897416],[-60.915939,-23.850228],[-60.928431,-23.859231],[-60.927263,-23.849152],[-61.014104,-23.829105],[-61.010714,-23.812351],[-61.040718,-23.803099],[-61.063281,-23.769635],[-61.095198,-23.7689],[-61.097235,-23.746167],[-61.128177,-23.719126],[-61.139945,-23.728264],[-61.145908,-23.688761],[-61.199903,-23.65026],[-61.223885,-23.63692],[-61.256569,-23.642467],[-61.247436,-23.656889],[-61.261194,-23.660706],[-61.294362,-23.639252],[-61.345301,-23.634548],[-61.375622,-23.573133],[-61.413577,-23.57006],[-61.430683,-23.506876],[-61.451266,-23.509076],[-61.448252,-23.521402],[-61.477611,-23.513099],[-61.465082,-23.502286],[-61.479752,-23.489166],[-61.481238,-23.442034],[-61.533411,-23.432738],[-61.526106,-23.402037],[-61.563244,-23.376817],[-61.60984,-23.374295],[-61.62598,-23.347483],[-61.611269,-23.324065],[-61.627702,-23.337047],[-61.665413,-23.305565],[-61.723469,-23.290591],[-61.765205,-23.244696],[-61.756648,-23.226346],[-61.771999,-23.186366],[-61.874735,-23.131961],[-61.987977,-23.026904],[-62.005755,-22.988018],[-61.997846,-22.966444],[-62.011823,-22.976741],[-61.999915,-22.935078],[-62.019828,-22.921882],[-62.023188,-22.932234],[-62.041662,-22.874503],[-62.078979,-22.873435],[-62.0839,-22.843789],[-62.106165,-22.832659],[-62.113222,-22.798591],[-62.132167,-22.798046],[-62.139423,-22.777154],[-62.204203,-22.759579],[-62.217631,-22.711069],[-62.21407,-22.744798],[-62.229152,-22.733246],[-62.237588,-22.754135],[-62.155684,-22.827017],[-62.164009,-22.884485],[-62.202045,-22.851946],[-62.217227,-22.861943],[-62.16923,-22.89787],[-62.177699,-22.932737],[-62.15809,-22.957831],[-62.1773,-22.955906],[-62.146883,-22.962973],[-62.135448,-23.002565],[-62.119377,-22.975934],[-62.112843,-23.001205],[-62.068596,-23.011174],[-62.051549,-23.054874],[-62.060502,-23.069606],[-62.03916,-23.084614],[-62.062148,-23.093343],[-62.06371,-23.07788],[-62.076188,-23.06326],[-62.072554,-23.053349],[-62.13101,-23.079362],[-62.071257,-23.084433],[-62.058698,-23.102891],[-62.026702,-23.127183],[-62.001539,-23.110636],[-61.965169,-23.123767],[-61.958933,-23.143622],[-61.979396,-23.176965],[-61.952674,-23.186128],[-61.934852,-23.227269],[-61.944862,-23.231317],[-61.943792,-23.251641],[-61.949182,-23.230286],[-61.947261,-23.248476],[-61.942073,-23.25551],[-61.954955,-23.244753],[-61.95494,-23.257747],[-61.861598,-23.29572],[-61.798723,-23.350514],[-61.746498,-23.36957],[-61.720883,-23.361924],[-61.626153,-23.420767],[-61.602359,-23.411983],[-61.606141,-23.426676],[-61.57309,-23.440795],[-61.596042,-23.443413],[-61.594781,-23.467069],[-61.576563,-23.451334],[-61.56692,-23.463549],[-61.582,-23.475278],[-61.536944,-23.478405],[-61.585135,-23.501643],[-61.641857,-23.485013],[-61.612423,-23.498727],[-61.626148,-23.504406],[-61.609287,-23.516224],[-61.554571,-23.515285],[-61.564356,-23.529989],[-61.543123,-23.52129],[-61.520368,-23.576565],[-61.478598,-23.601032],[-61.467597,-23.635247],[-61.481597,-23.646528],[-61.456139,-23.645781],[-61.458588,-23.662164],[-61.441013,-23.663001],[-61.419976,-23.693269],[-61.396586,-23.702426],[-61.375617,-23.69237],[-61.365448,-23.722535],[-61.33646,-23.727244],[-61.346739,-23.746461],[-61.322544,-23.747042],[-61.32605,-23.734759],[-61.287831,-23.74455],[-61.265143,-23.780189],[-61.24061,-23.782382],[-61.232779,-23.807146],[-61.194753,-23.809107],[-61.169478,-23.850285],[-61.144973,-23.871183],[-61.141337,-23.856832],[-61.130179,-23.86327],[-61.11676,-23.887405],[-61.084078,-23.904649],[-61.073574,-23.895033],[-61.059778,-23.908064],[-61.046808,-23.891225],[-61.010909,-23.909109],[-61.014347,-23.929742],[-61.035911,-23.903993],[-61.052073,-23.905605],[-61.038907,-23.927426],[-61.056438,-23.924294],[-61.05678,-23.937632],[-61.053879,-23.926249],[-61.034283,-23.934558],[-61.006102,-23.983373],[-60.969973,-24.005983],[-60.958634,-24.024559],[-60.977653,-24.030463],[-60.949174,-24.044198],[-60.95672,-24.050821],[-60.923542,-24.056725],[-60.921375,-24.070402],[-60.894366,-24.04668],[-60.877778,-24.081946],[-60.841864,-24.082],[-60.818385,-24.104109],[-60.770152,-24.101686],[-60.715717,-24.147549],[-60.682043,-24.146367],[-60.661727,-24.161606],[-60.646359,-24.195833],[-60.622124,-24.207074],[-60.618838,-24.197284],[-60.589744,-24.246119],[-60.551701,-24.249528],[-60.562498,-24.294206],[-60.527347,-24.309609],[-60.488624,-24.375582],[-60.472393,-24.369824],[-60.467993,-24.393881],[-60.450793,-24.391557],[-60.445378,-24.419645],[-60.435928,-24.407493],[-60.419085,-24.415264],[-60.436644,-24.421205],[-60.432425,-24.435804],[-60.425928,-24.424454],[-60.392533,-24.431673],[-60.388696,-24.450101],[-60.411081,-24.448259],[-60.414376,-24.4634],[-60.396862,-24.467012],[-60.369673,-24.436269],[-60.328776,-24.424141],[-60.320194,-24.379392],[-60.297972,-24.42209],[-60.200429,-24.455209],[-60.166995,-24.507244],[-60.089975,-24.550314],[-60.099999,-24.555948],[-60.084598,-24.578165],[-60.054144,-24.573067],[-60.006156,-24.593874],[-60.013289,-24.602863],[-59.989474,-24.596297],[-59.977754,-24.643158],[-59.952938,-24.639339],[-59.957213,-24.655337],[-59.951586,-24.645155],[-59.935584,-24.637041],[-59.926324,-24.645321],[-59.938663,-24.649556],[-59.941945,-24.641626],[-59.958521,-24.666659],[-59.948671,-24.700319],[-59.924931,-24.716523],[-59.905504,-24.796317],[-59.887911,-24.792696],[-59.885627,-24.804966],[-59.87536,-24.79034],[-59.857168,-24.793572],[-59.84381,-24.844339],[-59.825996,-24.85402],[-59.835004,-24.86655],[-59.82029,-24.86721],[-59.818693,-24.839291],[-59.801956,-24.870711],[-59.7334,-24.846588],[-59.716141,-24.791646],[-59.735261,-24.788328],[-59.714966,-24.774019],[-59.754351,-24.771735],[-59.754385,-24.751692],[-59.792323,-24.727718],[-59.839518,-24.730675],[-59.819471,-24.688704],[-59.865866,-24.682628],[-59.874687,-24.62613],[-59.906926,-24.608045],[-59.921079,-24.502847],[-59.99154,-24.497808],[-60.03036,-24.457874],[-60.12151,-24.435937],[-60.134189,-24.413643],[-60.164709,-24.408104],[-60.169776,-24.36474],[-60.212154,-24.373155]]]},"properties":{"fid":163,"SITE_ID":555587126,"SITE_PID":"555587126","SITE_TYPE":"PA","NAME_ENG":"Bañado la Estrella","NAME":"Bañado la Estrella","DESIG":"Reserva Natural Provincial","DESIG_ENG":"Provincial Nature Reserve","DESIG_TYPE":"National","IUCN_CAT":"Not Reported","INT_CRIT":"Not Applicable","REALM":"Terrestrial","REP_M_AREA":0,"GIS_M_AREA":0,"REP_AREA":3816,"GIS_AREA":3728.13334711755,"NO_TAKE":"Not Applicable","NO_TK_AREA":0,"STATUS":"Designated","STATUS_YR":2005,"GOV_TYPE":"Not Reported","GOVSUBTYPE":"Not Applicable","OWN_TYPE":"Not Reported","OWNSUBTYPE":"Not Applicable","MANG_AUTH":"Not Reported","MANG_PLAN":"Not Reported","VERIF":"State Verified","METADATAID":1852,"PRNT_ISO3":"ARG","ISO3":"ARG","SUPP_INFO":"Not Applicable","CONS_OBJ":"Not Applicable","INLND_WTRS":"Not Reported","OECM_ASMT":"Not Applicable","layer":"WDPA_W~1","path":"C:/DATAS/PRO/GIS/ARGENT~1/RAW/WDPA_W~1/WDPA_W~3/WDPA_W~1.SHP"}},
{"type":"Feature","geometry":{"type":"Polygon","coordinates":[[[-65.364178,-24.756689],[-65.393809,-24.743485],[-65.389422,-24.798695],[-65.376424,-24.776856],[-65.340218,-24.784116],[-65.341271,-24.768784],[-65.36905,-24.763469],[-65.338938,-24.760339],[-65.364178,-24.756689]]]},"properties":{"fid":164,"SITE_ID":555587127,"SITE_PID":"555587127","SITE_TYPE":"PA","NAME_ENG":"Bosques Protectores","NAME":"Bosques Petrificados","DESIG":"Reserva Pública","DESIG_ENG":"Reserva Pública","DESIG_TYPE":"National","IUCN_CAT":"VI","INT_CRIT":"Not Applicable","REALM":"Terrestrial","REP_M_AREA":0,"GIS_M_AREA":0,"REP_AREA":18.43,"GIS_AREA":18.3989732144464,"NO_TAKE":"Not Applicable","NO_TK_AREA":0,"STATUS":"Designated","STATUS_YR":1967,"GOV_TYPE":"Federal or national ministry or agency","GOVSUBTYPE":"Not Applicable","OWN_TYPE":"Not Reported","OWNSUBTYPE":"Not Applicable","MANG_AUTH":"Not Reported","MANG_PLAN":"Not Reported","VERIF":"State Verified","METADATAID":1852,"PRNT_ISO3":"ARG","ISO3":"ARG","SUPP_INFO":"Not Applicable","CONS_OBJ":"Not Applicable","INLND_WTRS":"Not Reported","OECM_ASMT":"Not Applicable","layer":"WDPA_W~1","path":"C:/DATAS/PRO/GIS/ARGENT~1/RAW/WDPA_W~1/WDPA_W~3/WDPA_W~1.SHP"}},
{"type":"Feature","geometry":{"type":"Polygon","coordinates":[[[-62.229219,-26.058712],[-61.948448,-26.176052],[-61.953007,-26.043956],[-62.126963,-26.048732],[-62.151685,-25.93544],[-62.037241,-25.657074],[-62.240466,-25.653526],[-62.229219,-26.058712]]]},"properties":{"fid":165,"SITE_ID":555587128,"SITE_PID":"555587128","SITE_TYPE":"PA","NAME_ENG":"Copo","NAME":"Copo","DESIG":"Reserva Provincial de Uso Múltiple","DESIG_ENG":"Multiple Use Provincial Reserve","DESIG_TYPE":"National","IUCN_CAT":"VI","INT_CRIT":"Not Applicable","REALM":"Terrestrial","REP_M_AREA":0,"GIS_M_AREA":0,"REP_AREA":697.06,"GIS_AREA":773.8332601603931,"NO_TAKE":"Not Applicable","NO_TK_AREA":0,"STATUS":"Designated","STATUS_YR":2002,"GOV_TYPE":"Not Reported","GOVSUBTYPE":"Not Applicable","OWN_TYPE":"Not Reported","OWNSUBTYPE":"Not Applicable","MANG_AUTH":"Not Reported","MANG_PLAN":"Not Reported","VERIF":"State Verified","METADATAID":1852,"PRNT_ISO3":"ARG","ISO3":"ARG","SUPP_INFO":"Not Applicable","CONS_OBJ":"Not Applicable","INLND_WTRS":"Not Reported","OECM_ASMT":"Not Applicable","layer":"WDPA_W~1","path":"C:/DATAS/PRO/GIS/ARGENT~1/RAW/WDPA_W~1/WDPA_W~3/WDPA_W~1.SHP"}},
{"type":"Feature","geometry":{"type":"Polygon","coordinates":[[[-61.690062,-25.183389],[-61.621232,-25.166267],[-61.621824,-25.103312],[-61.754501,-25.102216],[-61.753551,-25.163875],[-61.690062,-25.183389]]]},"properties":{"fid":166,"SITE_ID":555587129,"SITE_PID":"555587129","SITE_TYPE":"PA","NAME_ENG":"Fuerte Esperanza","NAME":"Fuerte Esperanza","DESIG":"Parque Provincial","DESIG_ENG":"Provincial Park","DESIG_TYPE":"National","IUCN_CAT":"II","INT_CRIT":"Not Applicable","REALM":"Terrestrial","REP_M_AREA":0,"GIS_M_AREA":0,"REP_AREA":282.2,"GIS_AREA":104.911049620566,"NO_TAKE":"Not Applicable","NO_TK_AREA":0,"STATUS":"Designated","STATUS_YR":2000,"GOV_TYPE":"Not Reported","GOVSUBTYPE":"Not Applicable","OWN_TYPE":"Not Reported","OWNSUBTYPE":"Not Applicable","MANG_AUTH":"Not Reported","MANG_PLAN":"Not Reported","VERIF":"State Verified","METADATAID":1852,"PRNT_ISO3":"ARG","ISO3":"ARG","SUPP_INFO":"Not Applicable","CONS_OBJ":"Not Applicable","INLND_WTRS":"Not Reported","OECM_ASMT":"Not Applicable","layer":"WDPA_W~1","path":"C:/DATAS/PRO/GIS/ARGENT~1/RAW/WDPA_W~1/WDPA_W~3/WDPA_W~1.SHP"}},
{"type":"Feature","geometry":{"type":"Polygon","coordinates":[[[-70.369508,-38.618423],[-70.406011,-38.60628],[-70.406239,-38.617987],[-70.369508,-38.618423]]]},"properties":{"fid":167,"SITE_ID":555587130,"SITE_PID":"555587130","SITE_TYPE":"PA","NAME_ENG":"Cuchillo-Cura","NAME":"Cuchillo-Cura","DESIG":"Parque Provincial","DESIG_ENG":"Provincial Park","DESIG_TYPE":"National","IUCN_CAT":"II","INT_CRIT":"Not Applicable","REALM":"Terrestrial","REP_M_AREA":0,"GIS_M_AREA":0,"REP_AREA":3.86,"GIS_AREA":3.86066598330824,"NO_TAKE":"Not Applicable","NO_TK_AREA":0,"STATUS":"Designated","STATUS_YR":2003,"GOV_TYPE":"Not Reported","GOVSUBTYPE":"Not Applicable","OWN_TYPE":"Not Reported","OWNSUBTYPE":"Not Applicable","MANG_AUTH":"Not Reported","MANG_PLAN":"Not Reported","VERIF":"State Verified","METADATAID":1852,"PRNT_ISO3":"ARG","ISO3":"ARG","SUPP_INFO":"Not Applicable","CONS_OBJ":"Not Applicable","INLND_WTRS":"Not Reported","OECM_ASMT":"Not Applicable","layer":"WDPA_W~1","path":"C:/DATAS/PRO/GIS/ARGENT~1/RAW/WDPA_W~1/WDPA_W~3/WDPA_W~1.SHP"}},
{"type":"Feature","geometry":{"type":"Polygon","coordinates":[[[-71.244176,-39.80766],[-71.198371,-39.815401],[-71.189764,-39.856388],[-71.139635,-39.900838],[-71.172594,-39.870862],[-71.168123,-39.816324],[-71.20659,-39.791259],[-71.212868,-39.792554],[-71.213844,-39.794375],[-71.213339,-39.7958],[-71.214728,-39.796198],[-71.213998,-39.799184],[-71.219052,-39.805172],[-71.224023,-39.805713],[-71.226854,-39.805305],[-71.228515,-39.805627],[-71.230145,-39.804959],[-71.232694,-39.804344],[-71.235971,-39.803573],[-71.238813,-39.803519],[-71.241563,-39.803465],[-71.244231,-39.803697],[-71.244176,-39.80766]]]},"properties":{"fid":168,"SITE_ID":555587131,"SITE_PID":"555587131","SITE_TYPE":"PA","NAME_ENG":"Boca del Chimehuin","NAME":"Boca del Chimehuin","DESIG":"Parque Provincial","DESIG_ENG":"Provincial Park","DESIG_TYPE":"National","IUCN_CAT":"II","INT_CRIT":"Not Applicable","REALM":"Terrestrial","REP_M_AREA":0,"GIS_M_AREA":0,"REP_AREA":15,"GIS_AREA":18.281737069792,"NO_TAKE":"Not Applicable","NO_TK_AREA":0,"STATUS":"Designated","STATUS_YR":2000,"GOV_TYPE":"Not Reported","GOVSUBTYPE":"Not Applicable","OWN_TYPE":"Not Reported","OWNSUBTYPE":"Not Applicable","MANG_AUTH":"Not Reported","MANG_PLAN":"Not Reported","VERIF":"State Verified","METADATAID":1852,"PRNT_ISO3":"ARG","ISO3":"ARG","SUPP_INFO":"Not Applicable","CONS_OBJ":"Not Applicable","INLND_WTRS":"Not Reported","OECM_ASMT":"Not Applicable","layer":"WDPA_W~1","path":"C:/DATAS/PRO/GIS/ARGENT~1/RAW/WDPA_W~1/WDPA_W~3/WDPA_W~1.SHP"}},
{"type":"Feature","geometry":{"type":"Polygon","coordinates":[[[-70.093212,-42.639104],[-70.088649,-42.630192],[-70.107393,-42.666097],[-70.093212,-42.639104]]]},"properties":{"fid":169,"SITE_ID":555587132,"SITE_PID":"555587132","SITE_TYPE":"PA","NAME_ENG":"Piedra Parada","NAME":"Piedra Parada","DESIG":"Reserva Natural Turística","DESIG_ENG":"Tourist Nature Reserve","DESIG_TYPE":"National","IUCN_CAT":"VI","INT_CRIT":"Not Applicable","REALM":"Terrestrial","REP_M_AREA":0,"GIS_M_AREA":0,"REP_AREA":1.32,"GIS_AREA":1.30959409200777,"NO_TAKE":"Not Applicable","NO_TK_AREA":0,"STATUS":"Designated","STATUS_YR":2006,"GOV_TYPE":"Not Reported","GOVSUBTYPE":"Not Applicable","OWN_TYPE":"Not Reported","OWNSUBTYPE":"Not Applicable","MANG_AUTH":"Not Reported","MANG_PLAN":"Not Reported","VERIF":"State Verified","METADATAID":1852,"PRNT_ISO3":"ARG","ISO3":"ARG","SUPP_INFO":"Not Applicable","CONS_OBJ":"Not Applicable","INLND_WTRS":"Not Reported","OECM_ASMT":"Not Applicable","layer":"WDPA_W~1","path":"C:/DATAS/PRO/GIS/ARGENT~1/RAW/WDPA_W~1/WDPA_W~3/WDPA_W~1.SHP"}},
{"type":"Feature","geometry":{"type":"Polygon","coordinates":[[[-70.76369,-47.112146],[-70.751099,-47.175102],[-70.632743,-47.162511],[-70.615115,-47.147401],[-70.615115,-47.094519],[-70.637779,-47.071855],[-70.720881,-47.076891],[-70.76369,-47.112146]]]},"properties":{"fid":170,"SITE_ID":555587133,"SITE_PID":"555587133","SITE_TYPE":"PA","NAME_ENG":"Cueva de las Manos","NAME":"Cueva de las Manos","DESIG":"Patrimonio Histórico Cultural Natural","DESIG_ENG":"Nature Historical and Cultural Heritage Site","DESIG_TYPE":"National","IUCN_CAT":"III","INT_CRIT":"Not Applicable","REALM":"Terrestrial","REP_M_AREA":0,"GIS_M_AREA":0,"REP_AREA":120,"GIS_AREA":101.669596440602,"NO_TAKE":"Not Applicable","NO_TK_AREA":0,"STATUS":"Designated","STATUS_YR":1999,"GOV_TYPE":"Not Reported","GOVSUBTYPE":"Not Applicable","OWN_TYPE":"Not Reported","OWNSUBTYPE":"Not Applicable","MANG_AUTH":"Not Reported","MANG_PLAN":"Not Reported","VERIF":"State Verified","METADATAID":1852,"PRNT_ISO3":"ARG","ISO3":"ARG","SUPP_INFO":"Not Applicable","CONS_OBJ":"Not Applicable","INLND_WTRS":"Not Reported","OECM_ASMT":"Not Applicable","layer":"WDPA_W~1","path":"C:/DATAS/PRO/GIS/ARGENT~1/RAW/WDPA_W~1/WDPA_W~3/WDPA_W~1.SHP"}},
{"type":"Feature","geometry":{"type":"Polygon","coordinates":[[[-72.322357,-48.131535],[-72.299202,-48.158631],[-72.325889,-48.215441],[-72.22723,-48.31895],[-72.240673,-48.347295],[-72.278125,-48.362152],[-72.380324,-48.349514],[-72.347808,-48.390687],[-72.406591,-48.4161],[-72.409086,-48.431937],[-72.373455,-48.449946],[-72.442704,-48.514135],[-72.502139,-48.518907],[-72.538836,-48.482592],[-72.589073,-48.492884],[-72.538516,-48.702275],[-72.355548,-48.787093],[-72.307689,-48.752528],[-72.299713,-48.695363],[-72.322313,-48.666116],[-72.318325,-48.648834],[-72.298383,-48.648834],[-72.298383,-48.618257],[-72.060418,-48.619587],[-72.039148,-48.606292],[-72.036489,-48.535833],[-71.903547,-48.530516],[-71.903547,-48.490633],[-71.837077,-48.489304],[-71.838406,-48.441445],[-71.902218,-48.440116],[-71.900889,-48.218104],[-71.974006,-48.219433],[-72.036489,-48.246021],[-72.116254,-48.315151],[-72.185383,-48.171574],[-72.269136,-48.174233],[-72.234572,-48.103774],[-72.258321,-48.10347],[-72.260486,-48.131886],[-72.322357,-48.131535]]]},"properties":{"fid":171,"SITE_ID":555587134,"SITE_PID":"555587134","SITE_TYPE":"PA","NAME_ENG":"Tucu-Tucu","NAME":"Tucu-Tucu","DESIG":"Reserva Provincial","DESIG_ENG":"Provincial Reserve","DESIG_TYPE":"National","IUCN_CAT":"VI","INT_CRIT":"Not Applicable","REALM":"Terrestrial","REP_M_AREA":0,"GIS_M_AREA":0,"REP_AREA":1820.17,"GIS_AREA":1826.32187868981,"NO_TAKE":"Not Applicable","NO_TK_AREA":0,"STATUS":"Designated","STATUS_YR":2006,"GOV_TYPE":"Not Reported","GOVSUBTYPE":"Not Applicable","OWN_TYPE":"Not Reported","OWNSUBTYPE":"Not Applicable","MANG_AUTH":"Not Reported","MANG_PLAN":"Not Reported","VERIF":"State Verified","METADATAID":1852,"PRNT_ISO3":"ARG","ISO3":"ARG","SUPP_INFO":"Not Applicable","CONS_OBJ":"Not Applicable","INLND_WTRS":"Not Reported","OECM_ASMT":"Not Applicable","layer":"WDPA_W~1","path":"C:/DATAS/PRO/GIS/ARGENT~1/RAW/WDPA_W~1/WDPA_W~3/WDPA_W~1.SHP"}},
{"type":"Feature","geometry":{"type":"Polygon","coordinates":[[[-71.339876,-48.396245],[-71.184335,-48.472022],[-71.12584,-48.461386],[-71.133817,-48.432139],[-71.093935,-48.389598],[-71.143123,-48.364339],[-71.17237,-48.382951],[-71.339876,-48.396245]]]},"properties":{"fid":172,"SITE_ID":555587135,"SITE_PID":"555587135","SITE_TYPE":"PA","NAME_ENG":"Meseta Lago Strobel","NAME":"Meseta Lago Strobel","DESIG":"Reserva con fines de utilidad pública","DESIG_ENG":"Reserve with purposes of public utility","DESIG_TYPE":"National","IUCN_CAT":"VI","INT_CRIT":"Not Applicable","REALM":"Terrestrial","REP_M_AREA":0,"GIS_M_AREA":0,"REP_AREA":250,"GIS_AREA":121.26816494322,"NO_TAKE":"Not Applicable","NO_TK_AREA":0,"STATUS":"Designated","STATUS_YR":2003,"GOV_TYPE":"Not Reported","GOVSUBTYPE":"Not Applicable","OWN_TYPE":"Not Reported","OWNSUBTYPE":"Not Applicable","MANG_AUTH":"Not Reported","MANG_PLAN":"Not Reported","VERIF":"State Verified","METADATAID":1852,"PRNT_ISO3":"ARG","ISO3":"ARG","SUPP_INFO":"Not Applicable","CONS_OBJ":"Not Applicable","INLND_WTRS":"Not Reported","OECM_ASMT":"Not Applicable","layer":"WDPA_W~1","path":"C:/DATAS/PRO/GIS/ARGENT~1/RAW/WDPA_W~1/WDPA_W~3/WDPA_W~1.SHP"}},
{"type":"Feature","geometry":{"type":"Polygon","coordinates":[[[-71.65907,-49.395294],[-71.666352,-49.528799],[-71.517069,-49.531226],[-71.515856,-49.442628],[-71.58989,-49.4402],[-71.595959,-49.395294],[-71.65907,-49.395294]]]},"properties":{"fid":173,"SITE_ID":555587136,"SITE_PID":"555587136","SITE_TYPE":"PA","NAME_ENG":"Pint Rupestres Rio Chalia o Shehuen","NAME":"Pint Rupestres Rio Chalia o Shehuen","DESIG":"Reserva Provincial","DESIG_ENG":"Provincial Reserve","DESIG_TYPE":"National","IUCN_CAT":"VI","INT_CRIT":"Not Applicable","REALM":"Terrestrial","REP_M_AREA":0,"GIS_M_AREA":0,"REP_AREA":123.3,"GIS_AREA":132.457124267895,"NO_TAKE":"Not Applicable","NO_TK_AREA":0,"STATUS":"Designated","STATUS_YR":2007,"GOV_TYPE":"Not Reported","GOVSUBTYPE":"Not Applicable","OWN_TYPE":"Not Reported","OWNSUBTYPE":"Not Applicable","MANG_AUTH":"Not Reported","MANG_PLAN":"Not Reported","VERIF":"State Verified","METADATAID":1852,"PRNT_ISO3":"ARG","ISO3":"ARG","SUPP_INFO":"Not Applicable","CONS_OBJ":"Not Applicable","INLND_WTRS":"Not Reported","OECM_ASMT":"Not Applicable","layer":"WDPA_W~1","path":"C:/DATAS/PRO/GIS/ARGENT~1/RAW/WDPA_W~1/WDPA_W~3/WDPA_W~1.SHP"}},
{"type":"Feature","geometry":{"type":"Polygon","coordinates":[[[-72.234546,-50.198102],[-72.253917,-50.229579],[-72.24181,-50.26832],[-72.128007,-50.263478],[-72.120743,-50.210208],[-72.234546,-50.198102]]]},"properties":{"fid":174,"SITE_ID":555587137,"SITE_PID":"555587137","SITE_TYPE":"PA","NAME_ENG":"Isla Solitaria","NAME":"Isla Solitaria","DESIG":"Área de Uso Limitado Bajo Protección Especial","DESIG_ENG":"Limited Use Area Under Special Protection","DESIG_TYPE":"National","IUCN_CAT":"VI","INT_CRIT":"Not Applicable","REALM":"Terrestrial","REP_M_AREA":0,"GIS_M_AREA":0,"REP_AREA":15,"GIS_AREA":68.904368655104,"NO_TAKE":"Not Applicable","NO_TK_AREA":0,"STATUS":"Designated","STATUS_YR":2001,"GOV_TYPE":"Not Reported","GOVSUBTYPE":"Not Applicable","OWN_TYPE":"Not Reported","OWNSUBTYPE":"Not Applicable","MANG_AUTH":"Not Reported","MANG_PLAN":"Not Reported","VERIF":"State Verified","METADATAID":1852,"PRNT_ISO3":"ARG","ISO3":"ARG","SUPP_INFO":"Not Applicable","CONS_OBJ":"Not Applicable","INLND_WTRS":"Not Reported","OECM_ASMT":"Not Applicable","layer":"WDPA_W~1","path":"C:/DATAS/PRO/GIS/ARGENT~1/RAW/WDPA_W~1/WDPA_W~3/WDPA_W~1.SHP"}},
{"type":"Feature","geometry":{"type":"Polygon","coordinates":[[[-71.537201,-50.362753],[-71.561414,-50.372438],[-71.539622,-50.39423],[-71.466982,-50.401494],[-71.471825,-50.379702],[-71.537201,-50.362753]]]},"properties":{"fid":175,"SITE_ID":555587138,"SITE_PID":"555587138","SITE_TYPE":"PA","NAME_ENG":"Los Escarchados","NAME":"Los Escarchados","DESIG":"Reserva Natural de Interés Provincial","DESIG_ENG":"Provincial Nature Reserve","DESIG_TYPE":"National","IUCN_CAT":"VI","INT_CRIT":"Not Applicable","REALM":"Terrestrial","REP_M_AREA":0,"GIS_M_AREA":0,"REP_AREA":29.3,"GIS_AREA":21.0355971158413,"NO_TAKE":"Not Applicable","NO_TK_AREA":0,"STATUS":"Designated","STATUS_YR":1979,"GOV_TYPE":"Not Reported","GOVSUBTYPE":"Not Applicable","OWN_TYPE":"Not Reported","OWNSUBTYPE":"Not Applicable","MANG_AUTH":"Not Reported","MANG_PLAN":"Not Reported","VERIF":"State Verified","METADATAID":1852,"PRNT_ISO3":"ARG","ISO3":"ARG","SUPP_INFO":"Not Applicable","CONS_OBJ":"Not Applicable","INLND_WTRS":"Not Reported","OECM_ASMT":"Not Applicable","layer":"WDPA_W~1","path":"C:/DATAS/PRO/GIS/ARGENT~1/RAW/WDPA_W~1/WDPA_W~3/WDPA_W~1.SHP"}},
{"type":"Feature","geometry":{"type":"Polygon","coordinates":[[[-70.630629,-51.838134],[-70.610035,-51.861016],[-70.520795,-51.847287],[-70.511642,-51.81754],[-70.580288,-51.815252],[-70.630629,-51.838134]]]},"properties":{"fid":176,"SITE_ID":555587139,"SITE_PID":"555587139","SITE_TYPE":"PA","NAME_ENG":"Bloque Herratico","NAME":"Bloque Herratico","DESIG":"Monumento Natural","DESIG_ENG":"Nature Monument","DESIG_TYPE":"National","IUCN_CAT":"III","INT_CRIT":"Not Applicable","REALM":"Terrestrial","REP_M_AREA":0,"GIS_M_AREA":0,"REP_AREA":0,"GIS_AREA":26.2829659081109,"NO_TAKE":"Not Applicable","NO_TK_AREA":0,"STATUS":"Designated","STATUS_YR":2009,"GOV_TYPE":"Not Reported","GOVSUBTYPE":"Not Applicable","OWN_TYPE":"Not Reported","OWNSUBTYPE":"Not Applicable","MANG_AUTH":"Not Reported","MANG_PLAN":"Not Reported","VERIF":"State Verified","METADATAID":1852,"PRNT_ISO3":"ARG","ISO3":"ARG","SUPP_INFO":"Not Applicable","CONS_OBJ":"Not Applicable","INLND_WTRS":"Not Reported","OECM_ASMT":"Not Applicable","layer":"WDPA_W~1","path":"C:/DATAS/PRO/GIS/ARGENT~1/RAW/WDPA_W~1/WDPA_W~3/WDPA_W~1.SHP"}},
{"type":"Feature","geometry":{"type":"Polygon","coordinates":[[[-69.598645,-52.012038],[-69.65585,-52.030344],[-69.646697,-52.055514],[-69.584916,-52.037209],[-69.575763,-52.023479],[-69.598645,-52.012038]]]},"properties":{"fid":177,"SITE_ID":555587140,"SITE_PID":"555587140","SITE_TYPE":"PA","NAME_ENG":"Laguna Azul","NAME":"Laguna Azul","DESIG":"Reserva Provincial","DESIG_ENG":"Provincial Reserve","DESIG_TYPE":"National","IUCN_CAT":"VI","INT_CRIT":"Not Applicable","REALM":"Terrestrial","REP_M_AREA":0,"GIS_M_AREA":0,"REP_AREA":0.6,"GIS_AREA":13.0344452128595,"NO_TAKE":"Not Applicable","NO_TK_AREA":0,"STATUS":"Designated","STATUS_YR":2005,"GOV_TYPE":"Not Reported","GOVSUBTYPE":"Not Applicable","OWN_TYPE":"Not Reported","OWNSUBTYPE":"Not Applicable","MANG_AUTH":"Not Reported","MANG_PLAN":"Not Reported","VERIF":"State Verified","METADATAID":1852,"PRNT_ISO3":"ARG","ISO3":"ARG","SUPP_INFO":"Not Applicable","CONS_OBJ":"Not Applicable","INLND_WTRS":"Not Reported","OECM_ASMT":"Not Applicable","layer":"WDPA_W~1","path":"C:/DATAS/PRO/GIS/ARGENT~1/RAW/WDPA_W~1/WDPA_W~3/WDPA_W~1.SHP"}},
{"type":"Feature","geometry":{"type":"Polygon","coordinates":[[[-68.886434,-50.331569],[-68.905627,-50.363862],[-68.881023,-50.359839],[-68.886434,-50.331569]]]},"properties":{"fid":178,"SITE_ID":555587141,"SITE_PID":"555587141","SITE_TYPE":"PA","NAME_ENG":"Isla Monte Leon","NAME":"Isla Monte Leon","DESIG":"Reserva Provincial","DESIG_ENG":"Provincial Reserve","DESIG_TYPE":"National","IUCN_CAT":"VI","INT_CRIT":"Not Applicable","REALM":"Terrestrial","REP_M_AREA":0,"GIS_M_AREA":0.293520241676654,"REP_AREA":4,"GIS_AREA":4.9186656136267,"NO_TAKE":"Not Applicable","NO_TK_AREA":0,"STATUS":"Designated","STATUS_YR":1986,"GOV_TYPE":"Not Reported","GOVSUBTYPE":"Not Applicable","OWN_TYPE":"Not Reported","OWNSUBTYPE":"Not Applicable","MANG_AUTH":"Not Reported","MANG_PLAN":"Not Reported","VERIF":"State Verified","METADATAID":1852,"PRNT_ISO3":"ARG","ISO3":"ARG","SUPP_INFO":"Not Applicable","CONS_OBJ":"Not Applicable","INLND_WTRS":"Not Reported","OECM_ASMT":"Not Applicable","layer":"WDPA_W~1","path":"C:/DATAS/PRO/GIS/ARGENT~1/RAW/WDPA_W~1/WDPA_W~3/WDPA_W~1.SHP"}},
{"type":"Feature","geometry":{"type":"Polygon","coordinates":[[[-67.47096,-46.494745],[-67.455371,-46.50459],[-67.466252,-46.489579],[-67.47096,-46.494745]]]},"properties":{"fid":179,"SITE_ID":555587142,"SITE_PID":"555587142","SITE_TYPE":"PA","NAME_ENG":"Caleta Olivia","NAME":"Caleta Olivia","DESIG":"Reserva Provincial","DESIG_ENG":"Provincial Reserve","DESIG_TYPE":"National","IUCN_CAT":"VI","INT_CRIT":"Not Applicable","REALM":"Marine","REP_M_AREA":0,"GIS_M_AREA":1.02743626414528,"REP_AREA":2,"GIS_AREA":1.02743626414528,"NO_TAKE":"Not Reported","NO_TK_AREA":0,"STATUS":"Designated","STATUS_YR":2008,"GOV_TYPE":"Not Reported","GOVSUBTYPE":"Not Applicable","OWN_TYPE":"Not Reported","OWNSUBTYPE":"Not Applicable","MANG_AUTH":"Not Reported","MANG_PLAN":"Not Reported","VERIF":"State Verified","METADATAID":1852,"PRNT_ISO3":"ARG","ISO3":"ARG","SUPP_INFO":"Not Applicable","CONS_OBJ":"Not Applicable","INLND_WTRS":"Not Applicable","OECM_ASMT":"Not Applicable","layer":"WDPA_W~1","path":"C:/DATAS/PRO/GIS/ARGENT~1/RAW/WDPA_W~1/WDPA_W~3/WDPA_W~1.SHP"}},
{"type":"Feature","geometry":{"type":"Polygon","coordinates":[[[-67.506839,-46.684042],[-67.7618,-46.68208],[-67.903009,-46.640894],[-68.116784,-46.603631],[-68.187388,-46.615398],[-68.230535,-46.648739],[-68.187388,-46.656584],[-68.161892,-46.719344],[-68.197194,-46.731111],[-68.297217,-46.680119],[-68.367822,-46.689925],[-68.456078,-46.658546],[-68.556101,-46.662468],[-68.636511,-46.63305],[-68.689465,-46.646778],[-68.740457,-46.638933],[-68.709077,-46.670313],[-68.724767,-46.680119],[-68.762031,-46.646778],[-68.811062,-46.648739],[-68.828713,-46.635011],[-68.881666,-46.646778],[-68.942464,-46.597747],[-69.048371,-46.576174],[-69.050332,-46.678158],[-68.920891,-46.656584],[-68.787527,-46.707577],[-68.775759,-46.695809],[-68.611015,-46.687964],[-68.409008,-46.787987],[-68.356055,-46.79191],[-68.318791,-46.768375],[-68.232497,-46.772297],[-68.177582,-46.813483],[-68.15797,-46.891933],[-68.044218,-46.939003],[-68.040295,-47.003723],[-68.014799,-47.017452],[-67.742187,-47.074328],[-67.655893,-47.074328],[-67.57156,-47.099824],[-67.516645,-47.091979],[-67.506839,-46.684042]]]},"properties":{"fid":180,"SITE_ID":555587143,"SITE_PID":"555587143","SITE_TYPE":"PA","NAME_ENG":"Meseta Espinosa y El Cordon","NAME":"Meseta Espinosa y El Cordon","DESIG":"Reserva Hidrogeologica","DESIG_ENG":"Hydrological Reserve","DESIG_TYPE":"National","IUCN_CAT":"VI","INT_CRIT":"Not Applicable","REALM":"Terrestrial","REP_M_AREA":0,"GIS_M_AREA":0,"REP_AREA":2469.88,"GIS_AREA":2635.01482562483,"NO_TAKE":"Not Applicable","NO_TK_AREA":0,"STATUS":"Designated","STATUS_YR":1990,"GOV_TYPE":"Not Reported","GOVSUBTYPE":"Not Applicable","OWN_TYPE":"Not Reported","OWNSUBTYPE":"Not Applicable","MANG_AUTH":"Not Reported","MANG_PLAN":"Not Reported","VERIF":"State Verified","METADATAID":1852,"PRNT_ISO3":"ARG","ISO3":"ARG","SUPP_INFO":"Not Applicable","CONS_OBJ":"Not Applicable","INLND_WTRS":"Not Reported","OECM_ASMT":"Not Applicable","layer":"WDPA_W~1","path":"C:/DATAS/PRO/GIS/ARGENT~1/RAW/WDPA_W~1/WDPA_W~3/WDPA_W~1.SHP"}},
{"type":"Feature","geometry":{"type":"MultiPolygon","coordinates":[[[[-71.390846,-49.531226],[-71.395701,-49.709638],[-71.252487,-49.715706],[-71.251273,-49.533654],[-71.390846,-49.531226]]],[[[-71.19423,-49.617398],[-71.196657,-49.798237],[-71.11534,-49.804305],[-71.109272,-49.630748],[-71.19423,-49.617398]]]]},"properties":{"fid":181,"SITE_ID":555587144,"SITE_PID":"555587144","SITE_TYPE":"PA","NAME_ENG":"Bosque Petrificado Ea. La Urbana","NAME":"Bosque Petrificado Ea. La Urbana","DESIG":"Reserva Natural Provincial","DESIG_ENG":"Provincial Nature Reserve","DESIG_TYPE":"National","IUCN_CAT":"VI","INT_CRIT":"Not Applicable","REALM":"Terrestrial","REP_M_AREA":0,"GIS_M_AREA":0,"REP_AREA":300.86,"GIS_AREA":320.789282330008,"NO_TAKE":"Not Applicable","NO_TK_AREA":0,"STATUS":"Designated","STATUS_YR":2004,"GOV_TYPE":"Not Reported","GOVSUBTYPE":"Not Applicable","OWN_TYPE":"Not Reported","OWNSUBTYPE":"Not Applicable","MANG_AUTH":"Not Reported","MANG_PLAN":"Not Reported","VERIF":"State Verified","METADATAID":1852,"PRNT_ISO3":"ARG","ISO3":"ARG","SUPP_INFO":"Not Applicable","CONS_OBJ":"Not Applicable","INLND_WTRS":"Not Reported","OECM_ASMT":"Not Applicable","layer":"WDPA_W~1","path":"C:/DATAS/PRO/GIS/ARGENT~1/RAW/WDPA_W~1/WDPA_W~3/WDPA_W~1.SHP"}},
{"type":"Feature","geometry":{"type":"Polygon","coordinates":[[[-55.911758,-27.35933],[-55.90971,-27.36212],[-55.90917,-27.357828],[-55.911758,-27.35933]]]},"properties":{"fid":182,"SITE_ID":555587145,"SITE_PID":"555587145","SITE_TYPE":"PA","NAME_ENG":"Rincon Nazari","NAME":"Rincon Nazari","DESIG":"Reserva Natural Urbana","DESIG_ENG":"Urban Nature Reserve","DESIG_TYPE":"National","IUCN_CAT":"VI","INT_CRIT":"Not Applicable","REALM":"Terrestrial","REP_M_AREA":0,"GIS_M_AREA":0,"REP_AREA":0.1,"GIS_AREA":0.1130837472611,"NO_TAKE":"Not Applicable","NO_TK_AREA":0,"STATUS":"Designated","STATUS_YR":2003,"GOV_TYPE":"Not Reported","GOVSUBTYPE":"Not Applicable","OWN_TYPE":"Not Reported","OWNSUBTYPE":"Not Applicable","MANG_AUTH":"Not Reported","MANG_PLAN":"Not Reported","VERIF":"State Verified","METADATAID":1852,"PRNT_ISO3":"ARG","ISO3":"ARG","SUPP_INFO":"Not Applicable","CONS_OBJ":"Not Applicable","INLND_WTRS":"Not Reported","OECM_ASMT":"Not Applicable","layer":"WDPA_W~1","path":"C:/DATAS/PRO/GIS/ARGENT~1/RAW/WDPA_W~1/WDPA_W~3/WDPA_W~1.SHP"}},
{"type":"Feature","geometry":{"type":"Polygon","coordinates":[[[-55.723384,-27.617611],[-55.711592,-27.622805],[-55.711784,-27.619192],[-55.723384,-27.617611]]]},"properties":{"fid":183,"SITE_ID":555587146,"SITE_PID":"555587146","SITE_TYPE":"PA","NAME_ENG":"Tupa Poja - Lote 71 A","NAME":"Tupa Poja - Lote 71 A","DESIG":"Reserva Privada","DESIG_ENG":"Private Reserve","DESIG_TYPE":"National","IUCN_CAT":"VI","INT_CRIT":"Not Applicable","REALM":"Terrestrial","REP_M_AREA":0,"GIS_M_AREA":0,"REP_AREA":0.49,"GIS_AREA":0.445834854621346,"NO_TAKE":"Not Applicable","NO_TK_AREA":0,"STATUS":"Designated","STATUS_YR":2006,"GOV_TYPE":"Not Reported","GOVSUBTYPE":"Not Applicable","OWN_TYPE":"Not Reported","OWNSUBTYPE":"Not Applicable","MANG_AUTH":"Not Reported","MANG_PLAN":"Not Reported","VERIF":"State Verified","METADATAID":1852,"PRNT_ISO3":"ARG","ISO3":"ARG","SUPP_INFO":"Not Applicable","CONS_OBJ":"Not Applicable","INLND_WTRS":"Not Reported","OECM_ASMT":"Not Applicable","layer":"WDPA_W~1","path":"C:/DATAS/PRO/GIS/ARGENT~1/RAW/WDPA_W~1/WDPA_W~3/WDPA_W~1.SHP"}},
{"type":"Feature","geometry":{"type":"Polygon","coordinates":[[[-69.768192,-32.924388],[-69.515644,-33.032798],[-69.612194,-33.152925],[-69.660878,-33.152676],[-69.66122,-33.198233],[-69.681921,-33.198121],[-69.68206,-33.216037],[-69.747783,-33.197826],[-69.695653,-33.309329],[-69.678413,-33.305247],[-69.678801,-33.35317],[-69.603406,-33.32821],[-69.603369,-33.244945],[-69.538478,-33.245243],[-69.538427,-33.23342],[-69.463628,-33.267906],[-69.339156,-33.102972],[-69.313469,-33.008247],[-69.342954,-33.005176],[-69.370762,-32.963645],[-69.333322,-32.979082],[-69.301466,-32.954442],[-69.308307,-32.812564],[-69.374151,-32.793522],[-69.45193,-32.701575],[-69.484431,-32.676852],[-69.511655,-32.676852],[-69.538445,-32.712528],[-69.543412,-32.714971],[-69.545527,-32.717696],[-69.546931,-32.719282],[-69.555518,-32.724652],[-69.566227,-32.727796],[-69.576372,-32.735324],[-69.578208,-32.742889],[-69.578264,-32.74496],[-69.578213,-32.748184],[-69.578274,-32.750486],[-69.578729,-32.752204],[-69.585036,-32.758766],[-69.587249,-32.759991],[-69.592611,-32.761735],[-69.598397,-32.764045],[-69.599505,-32.764715],[-69.62193,-32.782488],[-69.653811,-32.791789],[-69.680818,-32.811882],[-69.746596,-32.837543],[-69.752174,-32.841808],[-69.754282,-32.843954],[-69.756509,-32.845521],[-69.757354,-32.846426],[-69.760293,-32.849015],[-69.76177,-32.850558],[-69.766863,-32.854526],[-69.774315,-32.871647],[-69.767926,-32.915177],[-69.768192,-32.924388]]]},"properties":{"fid":184,"SITE_ID":555587147,"SITE_PID":"555587147","SITE_TYPE":"PA","NAME_ENG":"Cordon del Plata","NAME":"Cordon del Plata","DESIG":"Parque Provincial","DESIG_ENG":"Provincial Park","DESIG_TYPE":"National","IUCN_CAT":"II","INT_CRIT":"Not Applicable","REALM":"Terrestrial","REP_M_AREA":0,"GIS_M_AREA":0,"REP_AREA":1755,"GIS_AREA":1759.56189327176,"NO_TAKE":"Not Applicable","NO_TK_AREA":0,"STATUS":"Designated","STATUS_YR":2011,"GOV_TYPE":"Not Reported","GOVSUBTYPE":"Not Applicable","OWN_TYPE":"Not Reported","OWNSUBTYPE":"Not Applicable","MANG_AUTH":"Not Reported","MANG_PLAN":"Not Reported","VERIF":"State Verified","METADATAID":1852,"PRNT_ISO3":"ARG","ISO3":"ARG","SUPP_INFO":"Not Applicable","CONS_OBJ":"Not Applicable","INLND_WTRS":"Not Reported","OECM_ASMT":"Not Applicable","layer":"WDPA_W~1","path":"C:/DATAS/PRO/GIS/ARGENT~1/RAW/WDPA_W~1/WDPA_W~3/WDPA_W~1.SHP"}},
{"type":"Feature","geometry":{"type":"Polygon","coordinates":[[[-69.803786,-35.518431],[-69.803956,-35.535487],[-69.782394,-35.535628],[-69.782142,-35.509665],[-69.803786,-35.518431]]]},"properties":{"fid":185,"SITE_ID":555587148,"SITE_PID":"555587148","SITE_TYPE":"PA","NAME_ENG":"Castillos de Pincheira","NAME":"Castillos de Pincheira","DESIG":"Reserva de Paisaje Protegido","DESIG_ENG":"Protected Landscape Reserve","DESIG_TYPE":"National","IUCN_CAT":"V","INT_CRIT":"Not Applicable","REALM":"Terrestrial","REP_M_AREA":0,"GIS_M_AREA":0,"REP_AREA":6.5,"GIS_AREA":4.68897566404837,"NO_TAKE":"Not Applicable","NO_TK_AREA":0,"STATUS":"Designated","STATUS_YR":1999,"GOV_TYPE":"Not Reported","GOVSUBTYPE":"Not Applicable","OWN_TYPE":"Not Reported","OWNSUBTYPE":"Not Applicable","MANG_AUTH":"Not Reported","MANG_PLAN":"Not Reported","VERIF":"State Verified","METADATAID":1852,"PRNT_ISO3":"ARG","ISO3":"ARG","SUPP_INFO":"Not Applicable","CONS_OBJ":"Not Applicable","INLND_WTRS":"Not Reported","OECM_ASMT":"Not Applicable","layer":"WDPA_W~1","path":"C:/DATAS/PRO/GIS/ARGENT~1/RAW/WDPA_W~1/WDPA_W~3/WDPA_W~1.SHP"}},
{"type":"Feature","geometry":{"type":"Polygon","coordinates":[[[-69.914437,-32.824014],[-69.923927,-32.851564],[-69.907949,-32.853838],[-69.895619,-32.826633],[-69.914437,-32.824014]]]},"properties":{"fid":186,"SITE_ID":555587149,"SITE_PID":"555587149","SITE_TYPE":"PA","NAME_ENG":"Puente del Inca","NAME":"Puente del Inca","DESIG":"Monumento Natural","DESIG_ENG":"Nature Monument","DESIG_TYPE":"National","IUCN_CAT":"III","INT_CRIT":"Not Applicable","REALM":"Terrestrial","REP_M_AREA":0,"GIS_M_AREA":0,"REP_AREA":5,"GIS_AREA":5.48867135446558,"NO_TAKE":"Not Applicable","NO_TK_AREA":0,"STATUS":"Designated","STATUS_YR":1991,"GOV_TYPE":"Not Reported","GOVSUBTYPE":"Not Applicable","OWN_TYPE":"Not Reported","OWNSUBTYPE":"Not Applicable","MANG_AUTH":"Not Reported","MANG_PLAN":"Not Reported","VERIF":"State Verified","METADATAID":1852,"PRNT_ISO3":"ARG","ISO3":"ARG","SUPP_INFO":"Not Applicable","CONS_OBJ":"Not Applicable","INLND_WTRS":"Not Reported","OECM_ASMT":"Not Applicable","layer":"WDPA_W~1","path":"C:/DATAS/PRO/GIS/ARGENT~1/RAW/WDPA_W~1/WDPA_W~3/WDPA_W~1.SHP"}},
{"type":"Feature","geometry":{"type":"Polygon","coordinates":[[[-58.164645,-25.983615],[-58.140958,-25.959057],[-58.156022,-25.953367],[-58.179153,-25.973645],[-58.164645,-25.983615]]]},"properties":{"fid":187,"SITE_ID":555587150,"SITE_PID":"555587150","SITE_TYPE":"PA","NAME_ENG":"Centro Biologico Pilaga - Zoo","NAME":"Centro Biologico Pilaga - Zoo","DESIG":"Reserva Provincial","DESIG_ENG":"Provincial Reserve","DESIG_TYPE":"National","IUCN_CAT":"VI","INT_CRIT":"Not Applicable","REALM":"Terrestrial","REP_M_AREA":0,"GIS_M_AREA":0,"REP_AREA":1.5,"GIS_AREA":5.95694173347208,"NO_TAKE":"Not Applicable","NO_TK_AREA":0,"STATUS":"Designated","STATUS_YR":1969,"GOV_TYPE":"Not Reported","GOVSUBTYPE":"Not Applicable","OWN_TYPE":"Not Reported","OWNSUBTYPE":"Not Applicable","MANG_AUTH":"Not Reported","MANG_PLAN":"Not Reported","VERIF":"State Verified","METADATAID":1852,"PRNT_ISO3":"ARG","ISO3":"ARG","SUPP_INFO":"Not Applicable","CONS_OBJ":"Not Applicable","INLND_WTRS":"Not Reported","OECM_ASMT":"Not Applicable","layer":"WDPA_W~1","path":"C:/DATAS/PRO/GIS/ARGENT~1/RAW/WDPA_W~1/WDPA_W~3/WDPA_W~1.SHP"}},
{"type":"Feature","geometry":{"type":"Polygon","coordinates":[[[-68.825877,-35.041423],[-68.794038,-35.061325],[-68.780678,-35.050981],[-68.810962,-34.979479],[-68.838576,-34.96507],[-68.855258,-34.983668],[-68.825877,-35.041423]]]},"properties":{"fid":188,"SITE_ID":555587151,"SITE_PID":"555587151","SITE_TYPE":"PA","NAME_ENG":"Laguna La Salina","NAME":"Laguna La Salina","DESIG":"Reserva Natural","DESIG_ENG":"Nature Reserve","DESIG_TYPE":"National","IUCN_CAT":"VI","INT_CRIT":"Not Applicable","REALM":"Terrestrial","REP_M_AREA":0,"GIS_M_AREA":0,"REP_AREA":35,"GIS_AREA":36.8723621300702,"NO_TAKE":"Not Applicable","NO_TK_AREA":0,"STATUS":"Designated","STATUS_YR":1999,"GOV_TYPE":"Not Reported","GOVSUBTYPE":"Not Applicable","OWN_TYPE":"Not Reported","OWNSUBTYPE":"Not Applicable","MANG_AUTH":"Not Reported","MANG_PLAN":"Not Reported","VERIF":"State Verified","METADATAID":1852,"PRNT_ISO3":"ARG","ISO3":"ARG","SUPP_INFO":"Not Applicable","CONS_OBJ":"Not Applicable","INLND_WTRS":"Not Reported","OECM_ASMT":"Not Applicable","layer":"WDPA_W~1","path":"C:/DATAS/PRO/GIS/ARGENT~1/RAW/WDPA_W~1/WDPA_W~3/WDPA_W~1.SHP"}},
{"type":"Feature","geometry":{"type":"Polygon","coordinates":[[[-67.216165,-33.556723],[-67.041901,-33.595488],[-67.059145,-33.574922],[-67.066047,-33.575339],[-67.06558,-33.570955],[-67.069607,-33.56827],[-67.069765,-33.566375],[-67.067791,-33.563839],[-67.068255,-33.561053],[-67.06179,-33.563839],[-67.065501,-33.553653],[-67.084214,-33.541257],[-67.087136,-33.541731],[-67.089189,-33.544178],[-67.0997,-33.517883],[-67.204215,-33.517854],[-67.216165,-33.556723]]]},"properties":{"fid":189,"SITE_ID":555587152,"SITE_PID":"555587152","SITE_TYPE":"PA","NAME_ENG":"Lote 11 Ñacuñan","NAME":"Lote 11 Ñacuñan","DESIG":"Reserva Forestal","DESIG_ENG":"Forest Reserve","DESIG_TYPE":"National","IUCN_CAT":"Not Reported","INT_CRIT":"Not Applicable","REALM":"Terrestrial","REP_M_AREA":0,"GIS_M_AREA":0,"REP_AREA":76.82,"GIS_AREA":77.5821996440951,"NO_TAKE":"Not Applicable","NO_TK_AREA":0,"STATUS":"Designated","STATUS_YR":1961,"GOV_TYPE":"Not Reported","GOVSUBTYPE":"Not Applicable","OWN_TYPE":"Not Reported","OWNSUBTYPE":"Not Applicable","MANG_AUTH":"Not Reported","MANG_PLAN":"Not Reported","VERIF":"State Verified","METADATAID":1852,"PRNT_ISO3":"ARG","ISO3":"ARG","SUPP_INFO":"Not Applicable","CONS_OBJ":"Not Applicable","INLND_WTRS":"Not Reported","OECM_ASMT":"Not Applicable","layer":"WDPA_W~1","path":"C:/DATAS/PRO/GIS/ARGENT~1/RAW/WDPA_W~1/WDPA_W~3/WDPA_W~1.SHP"}},
{"type":"Feature","geometry":{"type":"Polygon","coordinates":[[[-67.837947,-33.728561],[-67.836921,-33.792057],[-67.710723,-33.789184],[-67.706841,-33.674949],[-67.838788,-33.676444],[-67.837947,-33.728561]]]},"properties":{"fid":190,"SITE_ID":555587153,"SITE_PID":"555587153","SITE_TYPE":"PA","NAME_ENG":"Lote 9 Ñacuñan","NAME":"Lote 9 Ñacuñan","DESIG":"Reserva Forestal","DESIG_ENG":"Forest Reserve","DESIG_TYPE":"National","IUCN_CAT":"Not Reported","INT_CRIT":"Not Applicable","REALM":"Terrestrial","REP_M_AREA":0,"GIS_M_AREA":0,"REP_AREA":195.6,"GIS_AREA":152.452659197669,"NO_TAKE":"Not Applicable","NO_TK_AREA":0,"STATUS":"Designated","STATUS_YR":1961,"GOV_TYPE":"Not Reported","GOVSUBTYPE":"Not Applicable","OWN_TYPE":"Not Reported","OWNSUBTYPE":"Not Applicable","MANG_AUTH":"Not Reported","MANG_PLAN":"Not Reported","VERIF":"State Verified","METADATAID":1852,"PRNT_ISO3":"ARG","ISO3":"ARG","SUPP_INFO":"Not Applicable","CONS_OBJ":"Not Applicable","INLND_WTRS":"Not Reported","OECM_ASMT":"Not Applicable","layer":"WDPA_W~1","path":"C:/DATAS/PRO/GIS/ARGENT~1/RAW/WDPA_W~1/WDPA_W~3/WDPA_W~1.SHP"}},
{"type":"Feature","geometry":{"type":"Polygon","coordinates":[[[-68.682983,-31.523211],[-68.71063,-31.547019],[-68.72983,-31.532427],[-68.721766,-31.56353],[-68.70103,-31.558539],[-68.682983,-31.523211]]]},"properties":{"fid":191,"SITE_ID":555587154,"SITE_PID":"555587154","SITE_TYPE":"PA","NAME_ENG":"Presidente Sarmiento","NAME":"Presidente Sarmiento","DESIG":"Parque Provincial","DESIG_ENG":"Provincial Park","DESIG_TYPE":"National","IUCN_CAT":"II","INT_CRIT":"Not Applicable","REALM":"Terrestrial","REP_M_AREA":0,"GIS_M_AREA":0,"REP_AREA":7.48,"GIS_AREA":9.19519925818523,"NO_TAKE":"Not Applicable","NO_TK_AREA":0,"STATUS":"Designated","STATUS_YR":2005,"GOV_TYPE":"Not Reported","GOVSUBTYPE":"Not Applicable","OWN_TYPE":"Not Reported","OWNSUBTYPE":"Not Applicable","MANG_AUTH":"Not Reported","MANG_PLAN":"Not Reported","VERIF":"State Verified","METADATAID":1852,"PRNT_ISO3":"ARG","ISO3":"ARG","SUPP_INFO":"Not Applicable","CONS_OBJ":"Not Applicable","INLND_WTRS":"Not Reported","OECM_ASMT":"Not Applicable","layer":"WDPA_W~1","path":"C:/DATAS/PRO/GIS/ARGENT~1/RAW/WDPA_W~1/WDPA_W~3/WDPA_W~1.SHP"}},
{"type":"Feature","geometry":{"type":"Polygon","coordinates":[[[-68.656135,-31.450224],[-68.653383,-31.440799],[-68.664551,-31.432589],[-68.683367,-31.447181],[-68.70871,-31.438733],[-68.698726,-31.450637],[-68.727526,-31.462156],[-68.675303,-31.451789],[-68.669543,-31.438349],[-68.656135,-31.450224]]]},"properties":{"fid":192,"SITE_ID":555587155,"SITE_PID":"555587155","SITE_TYPE":"PA","NAME_ENG":"Afloramiento Limoso","NAME":"Afloramiento Limoso","DESIG":"Paisaje Protegido","DESIG_ENG":"Protected Landscape","DESIG_TYPE":"National","IUCN_CAT":"V","INT_CRIT":"Not Applicable","REALM":"Terrestrial","REP_M_AREA":0,"GIS_M_AREA":0,"REP_AREA":12,"GIS_AREA":6.55055208762124,"NO_TAKE":"Not Applicable","NO_TK_AREA":0,"STATUS":"Designated","STATUS_YR":2002,"GOV_TYPE":"Not Reported","GOVSUBTYPE":"Not Applicable","OWN_TYPE":"Not Reported","OWNSUBTYPE":"Not Applicable","MANG_AUTH":"Not Reported","MANG_PLAN":"Not Reported","VERIF":"State Verified","METADATAID":1852,"PRNT_ISO3":"ARG","ISO3":"ARG","SUPP_INFO":"Not Applicable","CONS_OBJ":"Not Applicable","INLND_WTRS":"Not Reported","OECM_ASMT":"Not Applicable","layer":"WDPA_W~1","path":"C:/DATAS/PRO/GIS/ARGENT~1/RAW/WDPA_W~1/WDPA_W~3/WDPA_W~1.SHP"}},
{"type":"Feature","geometry":{"type":"Polygon","coordinates":[[[-68.656135,-31.450224],[-68.638823,-31.500172],[-68.602728,-31.491724],[-68.567785,-31.458316],[-68.571241,-31.438733],[-68.648807,-31.406477],[-68.653383,-31.440799],[-68.656135,-31.450224]]]},"properties":{"fid":193,"SITE_ID":555587156,"SITE_PID":"555587156","SITE_TYPE":"PA","NAME_ENG":"Loma de las Tapias","NAME":"Loma de las Tapias","DESIG":"Parque Natural","DESIG_ENG":"Nature Park","DESIG_TYPE":"National","IUCN_CAT":"V","INT_CRIT":"Not Applicable","REALM":"Terrestrial","REP_M_AREA":0,"GIS_M_AREA":0,"REP_AREA":50,"GIS_AREA":55.81608201487109,"NO_TAKE":"Not Applicable","NO_TK_AREA":0,"STATUS":"Designated","STATUS_YR":2002,"GOV_TYPE":"Not Reported","GOVSUBTYPE":"Not Applicable","OWN_TYPE":"Not Reported","OWNSUBTYPE":"Not Applicable","MANG_AUTH":"Not Reported","MANG_PLAN":"Not Reported","VERIF":"State Verified","METADATAID":1852,"PRNT_ISO3":"ARG","ISO3":"ARG","SUPP_INFO":"Not Applicable","CONS_OBJ":"Not Applicable","INLND_WTRS":"Not Reported","OECM_ASMT":"Not Applicable","layer":"WDPA_W~1","path":"C:/DATAS/PRO/GIS/ARGENT~1/RAW/WDPA_W~1/WDPA_W~3/WDPA_W~1.SHP"}},
{"type":"Feature","geometry":{"type":"Polygon","coordinates":[[[-68.828665,-39.360867],[-68.827659,-39.653189],[-68.662821,-39.782612],[-68.446233,-39.708059],[-68.397516,-39.140911],[-68.191287,-39.039911],[-68.189041,-38.97493],[-68.231634,-38.99454],[-68.301127,-38.981254],[-68.307427,-38.994909],[-68.540771,-39.080291],[-68.573544,-39.104522],[-68.571503,-39.128542],[-68.656272,-39.178401],[-68.651974,-39.215315],[-68.737783,-39.270539],[-68.814118,-39.283495],[-68.828665,-39.360867]]]},"properties":{"fid":194,"SITE_ID":555587157,"SITE_PID":"555587157","SITE_TYPE":"PA","NAME_ENG":"Valle Cretacico","NAME":"Valle Cretacico","DESIG":"Paisaje Protegido","DESIG_ENG":"Protected Landscape","DESIG_TYPE":"National","IUCN_CAT":"V","INT_CRIT":"Not Applicable","REALM":"Terrestrial","REP_M_AREA":0,"GIS_M_AREA":0,"REP_AREA":2410.99,"GIS_AREA":2407.30252261579,"NO_TAKE":"Not Applicable","NO_TK_AREA":0,"STATUS":"Designated","STATUS_YR":1993,"GOV_TYPE":"Not Reported","GOVSUBTYPE":"Not Applicable","OWN_TYPE":"Not Reported","OWNSUBTYPE":"Not Applicable","MANG_AUTH":"Not Reported","MANG_PLAN":"Not Reported","VERIF":"State Verified","METADATAID":1852,"PRNT_ISO3":"ARG","ISO3":"ARG","SUPP_INFO":"Not Applicable","CONS_OBJ":"Not Applicable","INLND_WTRS":"Not Reported","OECM_ASMT":"Not Applicable","layer":"WDPA_W~1","path":"C:/DATAS/PRO/GIS/ARGENT~1/RAW/WDPA_W~1/WDPA_W~3/WDPA_W~1.SHP"}},
{"type":"Feature","geometry":{"type":"Polygon","coordinates":[[[-66.196922,-40.646586],[-66.183044,-40.669716],[-66.178418,-40.660464],[-66.196922,-40.646586]]]},"properties":{"fid":195,"SITE_ID":555587158,"SITE_PID":"555587158","SITE_TYPE":"PA","NAME_ENG":"Bosque Petrificado Valcheta","NAME":"Bosque Petrificado Valcheta","DESIG":"Monumento Natural","DESIG_ENG":"Nature Monument","DESIG_TYPE":"National","IUCN_CAT":"VI","INT_CRIT":"Not Applicable","REALM":"Terrestrial","REP_M_AREA":0,"GIS_M_AREA":0,"REP_AREA":1.66,"GIS_AREA":1.64117902356131,"NO_TAKE":"Not Applicable","NO_TK_AREA":0,"STATUS":"Designated","STATUS_YR":2002,"GOV_TYPE":"Not Reported","GOVSUBTYPE":"Not Applicable","OWN_TYPE":"Not Reported","OWNSUBTYPE":"Not Applicable","MANG_AUTH":"Not Reported","MANG_PLAN":"Not Reported","VERIF":"State Verified","METADATAID":1852,"PRNT_ISO3":"ARG","ISO3":"ARG","SUPP_INFO":"Not Applicable","CONS_OBJ":"Not Applicable","INLND_WTRS":"Not Reported","OECM_ASMT":"Not Applicable","layer":"WDPA_W~1","path":"C:/DATAS/PRO/GIS/ARGENT~1/RAW/WDPA_W~1/WDPA_W~3/WDPA_W~1.SHP"}},
{"type":"Feature","geometry":{"type":"Polygon","coordinates":[[[-61.924186,-25.40753],[-61.925687,-25.49336],[-61.810509,-25.493302],[-61.809541,-25.470532],[-61.768436,-25.470771],[-61.769612,-25.493721],[-61.710727,-25.493205],[-61.709253,-25.410979],[-61.924186,-25.40753]]]},"properties":{"fid":196,"SITE_ID":555587159,"SITE_PID":"555587159","SITE_TYPE":"PA","NAME_ENG":"Loro Hablador","NAME":"Loro Hablador","DESIG":"Reserva Provincial","DESIG_ENG":"Provincial Reserve","DESIG_TYPE":"National","IUCN_CAT":"IV","INT_CRIT":"Not Applicable","REALM":"Terrestrial","REP_M_AREA":0,"GIS_M_AREA":0,"REP_AREA":175,"GIS_AREA":190.861778238386,"NO_TAKE":"Not Applicable","NO_TK_AREA":0,"STATUS":"Designated","STATUS_YR":1998,"GOV_TYPE":"Not Reported","GOVSUBTYPE":"Not Applicable","OWN_TYPE":"Not Reported","OWNSUBTYPE":"Not Applicable","MANG_AUTH":"Not Reported","MANG_PLAN":"Not Reported","VERIF":"State Verified","METADATAID":1852,"PRNT_ISO3":"ARG","ISO3":"ARG","SUPP_INFO":"Not Applicable","CONS_OBJ":"Not Applicable","INLND_WTRS":"Not Reported","OECM_ASMT":"Not Applicable","layer":"WDPA_W~1","path":"C:/DATAS/PRO/GIS/ARGENT~1/RAW/WDPA_W~1/WDPA_W~3/WDPA_W~1.SHP"}},
{"type":"Feature","geometry":{"type":"Polygon","coordinates":[[[-59.252506,-29.09861],[-59.243359,-29.084827],[-59.301079,-29.119381],[-59.290497,-29.150257],[-59.252506,-29.09861]]]},"properties":{"fid":197,"SITE_ID":555587160,"SITE_PID":"555587160","SITE_TYPE":"PA","NAME_ENG":"Isla de Las Damas","NAME":"Isla de Las Damas","DESIG":"Reserva Natural Municipal","DESIG_ENG":"Municipal Nature Reserve","DESIG_TYPE":"National","IUCN_CAT":"VI","INT_CRIT":"Not Applicable","REALM":"Terrestrial","REP_M_AREA":0,"GIS_M_AREA":0,"REP_AREA":22,"GIS_AREA":15.0630371380903,"NO_TAKE":"Not Applicable","NO_TK_AREA":0,"STATUS":"Designated","STATUS_YR":2006,"GOV_TYPE":"Not Reported","GOVSUBTYPE":"Not Applicable","OWN_TYPE":"Not Reported","OWNSUBTYPE":"Not Applicable","MANG_AUTH":"Not Reported","MANG_PLAN":"Not Reported","VERIF":"State Verified","METADATAID":1852,"PRNT_ISO3":"ARG","ISO3":"ARG","SUPP_INFO":"Not Applicable","CONS_OBJ":"Not Applicable","INLND_WTRS":"Not Reported","OECM_ASMT":"Not Applicable","layer":"WDPA_W~1","path":"C:/DATAS/PRO/GIS/ARGENT~1/RAW/WDPA_W~1/WDPA_W~3/WDPA_W~1.SHP"}},
{"type":"Feature","geometry":{"type":"Polygon","coordinates":[[[-58.596718,-27.234512],[-58.599712,-27.222935],[-58.612862,-27.214762],[-58.626255,-27.237291],[-58.687065,-27.221161],[-58.689796,-27.233377],[-58.642807,-27.264597],[-58.650833,-27.285217],[-58.677292,-27.294365],[-58.69022,-27.255125],[-58.718613,-27.245844],[-58.71059,-27.301517],[-58.764664,-27.31782],[-58.773567,-27.368048],[-58.715096,-27.364328],[-58.615936,-27.296618],[-58.596718,-27.234512]],[[-58.727463,-27.33703],[-58.711926,-27.34045],[-58.719112,-27.351545],[-58.743835,-27.340378],[-58.725357,-27.326721],[-58.727463,-27.33703]]]},"properties":{"fid":198,"SITE_ID":555587161,"SITE_PID":"555587161","SITE_TYPE":"PA","NAME_ENG":"Isla Del Cerrito","NAME":"Isla Del Cerrito","DESIG":"Parque Provincial","DESIG_ENG":"Provincial Park","DESIG_TYPE":"National","IUCN_CAT":"IV","INT_CRIT":"Not Applicable","REALM":"Terrestrial","REP_M_AREA":0,"GIS_M_AREA":0,"REP_AREA":116.4,"GIS_AREA":109.11942741701,"NO_TAKE":"Not Applicable","NO_TK_AREA":0,"STATUS":"Designated","STATUS_YR":2004,"GOV_TYPE":"Not Reported","GOVSUBTYPE":"Not Applicable","OWN_TYPE":"Not Reported","OWNSUBTYPE":"Not Applicable","MANG_AUTH":"Not Reported","MANG_PLAN":"Not Reported","VERIF":"State Verified","METADATAID":1852,"PRNT_ISO3":"ARG","ISO3":"ARG","SUPP_INFO":"Not Applicable","CONS_OBJ":"Not Applicable","INLND_WTRS":"Not Reported","OECM_ASMT":"Not Applicable","layer":"WDPA_W~1","path":"C:/DATAS/PRO/GIS/ARGENT~1/RAW/WDPA_W~1/WDPA_W~3/WDPA_W~1.SHP"}},
{"type":"Feature","geometry":{"type":"MultiPolygon","coordinates":[[[[-69.205468,-28.694436],[-69.204352,-28.693592],[-69.203162,-28.692671],[-69.202985,-28.69121],[-69.204422,-28.6873],[-69.206015,-28.686501],[-69.206646,-28.68533],[-69.208443,-28.684369],[-69.209779,-28.681815],[-69.209863,-28.680597],[-69.209317,-28.679765],[-69.208309,-28.679967],[-69.2073,-28.680332],[-69.206732,-28.680392],[-69.206438,-28.679629],[-69.20725,-28.678793],[-69.209702,-28.678108],[-69.209989,-28.677309],[-69.208317,-28.671071],[-69.208491,-28.670311],[-69.210492,-28.669419],[-69.211303,-28.667847],[-69.211096,-28.66699],[-69.210462,-28.666382],[-69.209778,-28.665684],[-69.20986,-28.664885],[-69.210569,-28.664046],[-69.211797,-28.663995],[-69.212261,-28.664711],[-69.212806,-28.66462],[-69.211483,-28.659494],[-69.212661,-28.659294],[-69.213422,-28.658869],[-69.213641,-28.658202],[-69.212934,-28.657444],[-69.212858,-28.656717],[-69.213339,-28.656391],[-69.214051,-28.654722],[-69.214474,-28.654737],[-69.216239,-28.653081],[-69.217851,-28.648224],[-69.217053,-28.646419],[-69.216256,-28.645589],[-69.216277,-28.645184],[-69.217294,-28.644077],[-69.217383,-28.643491],[-69.217325,-28.642359],[-69.217493,-28.641346],[-69.215864,-28.640017],[-69.216004,-28.638795],[-69.215297,-28.638413],[-69.21485,-28.637702],[-69.213899,-28.633093],[-69.214148,-28.631911],[-69.215035,-28.630297],[-69.215215,-28.629097],[-69.21406,-28.625781],[-69.215394,-28.624064],[-69.214951,-28.618777],[-69.216928,-28.616543],[-69.216595,-28.606611],[-69.215838,-28.605605],[-69.214708,-28.605055],[-69.214238,-28.604223],[-69.214328,-28.603523],[-69.212339,-28.602165],[-69.211135,-28.601604],[-69.210174,-28.601161],[-69.207729,-28.600215],[-69.20569,-28.60025],[-69.202397,-28.596455],[-69.205289,-28.591692],[-69.20886,-28.586044],[-69.212315,-28.57992],[-69.217286,-28.572436],[-69.2209,-28.566627],[-69.223512,-28.562582],[-69.228732,-28.553425],[-69.24149,-28.532825],[-69.24724,-28.522897],[-69.254663,-28.511568],[-69.260477,-28.503869],[-69.267922,-28.491459],[-69.273714,-28.47905],[-69.289432,-28.454231],[-69.316249,-28.411696],[-69.324327,-28.423702],[-69.32872,-28.426693],[-69.331404,-28.428857],[-69.344586,-28.435776],[-69.348894,-28.43709],[-69.350555,-28.438389],[-69.355776,-28.440041],[-69.361027,-28.440077],[-69.375962,-28.448625],[-69.424496,-28.451829],[-69.426674,-28.451476],[-69.42961,-28.450714],[-69.432466,-28.450011],[-69.436202,-28.448026],[-69.440647,-28.444211],[-69.441838,-28.442489],[-69.444991,-28.440582],[-69.445431,-28.439371],[-69.447297,-28.438581],[-69.449074,-28.438337],[-69.451127,-28.437158],[-69.458552,-28.429723],[-69.459524,-28.42452],[-69.461862,-28.421343],[-69.463444,-28.420471],[-69.465653,-28.41843],[-69.468708,-28.415921],[-69.46997,-28.415272],[-69.471189,-28.41559],[-69.473196,-28.415535],[-69.475897,-28.415677],[-69.478426,-28.415914],[-69.479346,-28.416068],[-69.480294,-28.41603],[-69.4817,-28.415922],[-69.488204,-28.413793],[-69.489632,-28.414716],[-69.491724,-28.415736],[-69.493201,-28.416492],[-69.497892,-28.416414],[-69.500388,-28.417661],[-69.501449,-28.418464],[-69.503109,-28.420202],[-69.504378,-28.421375],[-69.506099,-28.422224],[-69.507924,-28.42403],[-69.508115,-28.425458],[-69.507738,-28.4269],[-69.509697,-28.4308],[-69.51317,-28.43177],[-69.516106,-28.431878],[-69.518899,-28.431212],[-69.521926,-28.430113],[-69.524923,-28.428399],[-69.526264,-28.426735],[-69.528172,-28.423273],[-69.530389,-28.421259],[-69.533033,-28.419525],[-69.536614,-28.416104],[-69.5381,-28.415834],[-69.54079,-28.415652],[-69.542174,-28.41534],[-69.543368,-28.414982],[-69.546216,-28.413137],[-69.553508,-28.406557],[-69.555131,-28.40601],[-69.55654,-28.405557],[-69.559127,-28.406115],[-69.560309,-28.406388],[-69.570668,-28.405348],[-69.606204,-28.419284],[-69.632727,-28.390774],[-69.649217,-28.397281],[-69.655873,-28.414943],[-69.632534,-28.42987],[-69.680234,-28.472191],[-69.649314,-28.538416],[-69.669377,-28.555222],[-69.661757,-28.583135],[-69.693873,-28.595983],[-69.700511,-28.63907],[-69.731586,-28.68439],[-69.729619,-28.737646],[-69.693022,-28.771183],[-69.766363,-28.900304],[-69.75488,-28.984786],[-69.792018,-29.050109],[-69.785353,-29.129331],[-69.875322,-29.138868],[-69.923032,-29.186703],[-69.95181,-29.189586],[-69.935002,-29.245996],[-69.995259,-29.282678],[-70.019403,-29.324114],[-70.02079,-29.3824],[-69.965271,-29.414039],[-69.982414,-29.451916],[-69.947822,-29.48967],[-69.956218,-29.535193],[-69.931369,-29.587108],[-69.939197,-29.654672],[-69.908764,-29.698504],[-69.88066,-29.708045],[-69.878759,-29.734954],[-69.915074,-29.79301],[-69.893229,-29.820398],[-69.897789,-29.84893],[-69.875386,-29.862156],[-69.895511,-29.878654],[-69.887015,-29.903564],[-69.905751,-29.939553],[-69.190485,-29.562404],[-69.189613,-29.547723],[-69.190921,-29.542638],[-69.179944,-29.536283],[-69.179655,-29.529351],[-69.171279,-29.514908],[-69.159147,-29.481113],[-69.162902,-29.458294],[-69.153541,-29.437345],[-69.147016,-29.435475],[-69.142394,-29.436053],[-69.115531,-29.341599],[-69.091846,-29.31647],[-69.091165,-29.245947],[-69.080911,-29.210057],[-69.082962,-29.183397],[-69.080911,-29.169041],[-69.085013,-29.148533],[-69.07681,-29.126999],[-69.085423,-29.10567],[-69.110853,-29.063833],[-69.135106,-29.055018],[-69.12726,-29.046607],[-69.145307,-29.040864],[-69.155151,-29.043325],[-69.172378,-29.024458],[-69.175659,-29.014614],[-69.191246,-29.012973],[-69.208473,-28.985902],[-69.196168,-28.95473],[-69.166636,-28.935042],[-69.146948,-28.876798],[-69.171558,-28.83086],[-69.15269,-28.793125],[-69.159832,-28.764279],[-69.167822,-28.75321],[-69.170782,-28.736353],[-69.181852,-28.727237],[-69.181553,-28.722185],[-69.189208,-28.719865],[-69.190399,-28.71934],[-69.191784,-28.718414],[-69.198737,-28.709593],[-69.20485,-28.695749],[-69.205459,-28.695273],[-69.205459,-28.695292],[-69.20546,-28.695272],[-69.205465,-28.695268],[-69.205465,-28.695177],[-69.205511,-28.694372],[-69.205465,-28.695152],[-69.205468,-28.694436]]],[[[-69.205459,-28.695273],[-69.205459,-28.695266],[-69.205465,-28.695152],[-69.205465,-28.695177],[-69.20546,-28.695272],[-69.205459,-28.695273]]]]},"properties":{"fid":199,"SITE_ID":555587162,"SITE_PID":"555587162","SITE_TYPE":"PA","NAME_ENG":"San Guillermo","NAME":"San Guillermo","DESIG":"Parque Provincial","DESIG_ENG":"Provincial Park","DESIG_TYPE":"National","IUCN_CAT":"II","INT_CRIT":"Not Applicable","REALM":"Terrestrial","REP_M_AREA":0,"GIS_M_AREA":0,"REP_AREA":8114.6,"GIS_AREA":9458.61523274869,"NO_TAKE":"Not Applicable","NO_TK_AREA":0,"STATUS":"Designated","STATUS_YR":1972,"GOV_TYPE":"Not Reported","GOVSUBTYPE":"Not Applicable","OWN_TYPE":"Not Reported","OWNSUBTYPE":"Not Applicable","MANG_AUTH":"Not Reported","MANG_PLAN":"Not Reported","VERIF":"State Verified","METADATAID":1852,"PRNT_ISO3":"ARG","ISO3":"ARG","SUPP_INFO":"Not Applicable","CONS_OBJ":"Not Applicable","INLND_WTRS":"Not Reported","OECM_ASMT":"Not Applicable","layer":"WDPA_W~1","path":"C:/DATAS/PRO/GIS/ARGENT~1/RAW/WDPA_W~1/WDPA_W~3/WDPA_W~1.SHP"}},
{"type":"Feature","geometry":{"type":"Polygon","coordinates":[[[-65.371713,-24.439958],[-65.351922,-24.497236],[-65.286369,-24.510804],[-65.18804,-24.453142],[-65.205918,-24.375129],[-65.226776,-24.371737],[-65.351922,-24.385304],[-65.371713,-24.395352],[-65.371713,-24.439958]]]},"properties":{"fid":200,"SITE_ID":555587163,"SITE_PID":"555587163","SITE_TYPE":"PA","NAME_ENG":"Los Diques","NAME":"Los Diques","DESIG":"Reserva Provincial","DESIG_ENG":"Provincial Reserve","DESIG_TYPE":"National","IUCN_CAT":"VI","INT_CRIT":"Not Applicable","REALM":"Terrestrial","REP_M_AREA":0,"GIS_M_AREA":0,"REP_AREA":265.5,"GIS_AREA":216.132142199719,"NO_TAKE":"Not Applicable","NO_TK_AREA":0,"STATUS":"Designated","STATUS_YR":1983,"GOV_TYPE":"Not Reported","GOVSUBTYPE":"Not Applicable","OWN_TYPE":"Not Reported","OWNSUBTYPE":"Not Applicable","MANG_AUTH":"Not Reported","MANG_PLAN":"Not Reported","VERIF":"State Verified","METADATAID":1852,"PRNT_ISO3":"ARG","ISO3":"ARG","SUPP_INFO":"Not Applicable","CONS_OBJ":"Not Applicable","INLND_WTRS":"Not Reported","OECM_ASMT":"Not Applicable","layer":"WDPA_W~1","path":"C:/DATAS/PRO/GIS/ARGENT~1/RAW/WDPA_W~1/WDPA_W~3/WDPA_W~1.SHP"}},
{"type":"Feature","geometry":{"type":"MultiPolygon","coordinates":[[[[-63.944938,-22.20735],[-63.942926,-22.149939],[-64.005268,-22.150654],[-64.035022,-22.196792],[-64.02881,-22.209663],[-63.945192,-22.207568],[-63.949617,-22.276913],[-63.894699,-22.276355],[-63.895906,-22.208927],[-63.944938,-22.20735]]],[[[-63.871083,-22.151361],[-63.873014,-22.209323],[-63.81276,-22.206077],[-63.815358,-22.149975],[-63.871083,-22.151361]]],[[[-63.888611,-22.056701],[-63.88771,-22.109853],[-63.8097,-22.108247],[-63.808329,-21.99811],[-63.889716,-21.99813],[-63.888611,-22.056701]]],[[[-63.815135,-22.150185],[-63.812536,-22.206288],[-63.777692,-22.204993],[-63.779409,-22.149523],[-63.815135,-22.150185]]]]},"properties":{"fid":201,"SITE_ID":555587165,"SITE_PID":"555587165","SITE_TYPE":"PA","NAME_ENG":"Lotes 1703-1704-4325-4326-4336-19866","NAME":"Lotes 1703-1704-4325-4326-4336-19866","DESIG":"Reserva de Uso Múltiple","DESIG_ENG":"Multiple Use Reserve","DESIG_TYPE":"National","IUCN_CAT":"VI","INT_CRIT":"Not Applicable","REALM":"Terrestrial","REP_M_AREA":0,"GIS_M_AREA":0,"REP_AREA":250.31,"GIS_AREA":253.523744370773,"NO_TAKE":"Not Applicable","NO_TK_AREA":0,"STATUS":"Designated","STATUS_YR":2004,"GOV_TYPE":"Not Reported","GOVSUBTYPE":"Not Applicable","OWN_TYPE":"Not Reported","OWNSUBTYPE":"Not Applicable","MANG_AUTH":"Not Reported","MANG_PLAN":"Not Reported","VERIF":"State Verified","METADATAID":1852,"PRNT_ISO3":"ARG","ISO3":"ARG","SUPP_INFO":"Not Applicable","CONS_OBJ":"Not Applicable","INLND_WTRS":"Not Reported","OECM_ASMT":"Not Applicable","layer":"WDPA_W~1","path":"C:/DATAS/PRO/GIS/ARGENT~1/RAW/WDPA_W~1/WDPA_W~3/WDPA_W~1.SHP"}},
{"type":"Feature","geometry":{"type":"Polygon","coordinates":[[[-64.012593,-22.355576],[-64.016113,-22.335391],[-64.104128,-22.333993],[-64.122962,-22.401589],[-64.021759,-22.405088],[-64.012593,-22.355576]]]},"properties":{"fid":202,"SITE_ID":555587166,"SITE_PID":"555587166","SITE_TYPE":"PA","NAME_ENG":"Fracciones 50 y 51 del Lote Fiscal 3","NAME":"Fracciones 50 y 51 del Lote Fiscal 3","DESIG":"Reserva Natural de Uso Múltiple","DESIG_ENG":"Multiple Use Nature Reserve","DESIG_TYPE":"National","IUCN_CAT":"VI","INT_CRIT":"Not Applicable","REALM":"Terrestrial","REP_M_AREA":0,"GIS_M_AREA":0,"REP_AREA":78.81,"GIS_AREA":76.2151303120421,"NO_TAKE":"Not Applicable","NO_TK_AREA":0,"STATUS":"Designated","STATUS_YR":2002,"GOV_TYPE":"Not Reported","GOVSUBTYPE":"Not Applicable","OWN_TYPE":"Not Reported","OWNSUBTYPE":"Not Applicable","MANG_AUTH":"Not Reported","MANG_PLAN":"Not Reported","VERIF":"State Verified","METADATAID":1852,"PRNT_ISO3":"ARG","ISO3":"ARG","SUPP_INFO":"Not Applicable","CONS_OBJ":"Not Applicable","INLND_WTRS":"Not Reported","OECM_ASMT":"Not Applicable","layer":"WDPA_W~1","path":"C:/DATAS/PRO/GIS/ARGENT~1/RAW/WDPA_W~1/WDPA_W~3/WDPA_W~1.SHP"}},
{"type":"Feature","geometry":{"type":"Polygon","coordinates":[[[-56.729156,-27.622192],[-56.660725,-27.56509],[-56.73576,-27.605089],[-56.729156,-27.622192]]]},"properties":{"fid":203,"SITE_ID":555587167,"SITE_PID":"555587167","SITE_TYPE":"PA","NAME_ENG":"Zanjon de Loreto","NAME":"Zanjon de Loreto","DESIG":"Reserva Natural Urbana de Uso Múltiple","DESIG_ENG":"Urban Multiple Use Nature Reserve","DESIG_TYPE":"National","IUCN_CAT":"VI","INT_CRIT":"Not Applicable","REALM":"Terrestrial","REP_M_AREA":0,"GIS_M_AREA":0,"REP_AREA":10.6,"GIS_AREA":12.1420462797072,"NO_TAKE":"Not Applicable","NO_TK_AREA":0,"STATUS":"Designated","STATUS_YR":2013,"GOV_TYPE":"Not Reported","GOVSUBTYPE":"Not Applicable","OWN_TYPE":"Not Reported","OWNSUBTYPE":"Not Applicable","MANG_AUTH":"Not Reported","MANG_PLAN":"Not Reported","VERIF":"State Verified","METADATAID":1852,"PRNT_ISO3":"ARG","ISO3":"ARG","SUPP_INFO":"Not Applicable","CONS_OBJ":"Not Applicable","INLND_WTRS":"Not Reported","OECM_ASMT":"Not Applicable","layer":"WDPA_W~1","path":"C:/DATAS/PRO/GIS/ARGENT~1/RAW/WDPA_W~1/WDPA_W~3/WDPA_W~1.SHP"}},
{"type":"Feature","geometry":{"type":"Polygon","coordinates":[[[-63.562693,-42.003555],[-64.198488,-42.002387],[-64.751047,-42.002086],[-64.764016,-42.000246],[-65.019153,-42.000246],[-65.019291,-41.999804],[-65.069264,-41.999804],[-65.069251,-41.999696],[-65.118769,-41.999407],[-65.286817,-41.99946],[-65.300156,-42.011773],[-65.295154,-42.02553],[-65.290152,-42.115571],[-65.268892,-42.13558],[-65.231375,-42.169345],[-65.203862,-42.211864],[-65.19886,-42.239377],[-65.196359,-42.304407],[-65.193858,-42.321915],[-65.196359,-42.328167],[-65.081953,-42.607872],[-65.097675,-42.676164],[-65.209694,-42.679112],[-65.200851,-42.845667],[-65.169407,-42.821101],[-65.136729,-42.836703],[-65.176019,-43.023288],[-65.26902,-43.137382],[-65.299701,-43.231341],[-65.250473,-43.277039],[-65.319257,-43.359088],[-65.233769,-43.34484],[-65.080091,-43.423051],[-65.175187,-43.510285],[-64.887525,-43.510285],[-64.84819,-43.413157],[-64.664905,-43.330715],[-64.393742,-43.253877],[-64.191927,-43.146896],[-64.137857,-43.077657],[-63.672936,-43.005608],[-63.594075,-42.975439],[-63.480716,-42.901253],[-63.43739,-42.836412],[-63.42715,-42.730468],[-63.386465,-42.627863],[-63.408629,-42.426184],[-63.398137,-42.330144],[-63.432847,-42.206297],[-63.562693,-42.003555]]]},"properties":{"fid":204,"SITE_ID":555587168,"SITE_PID":"555587168","SITE_TYPE":"PA","NAME_ENG":"Valdés","NAME":"Valdés","DESIG":"Reserva de la Biósfera","DESIG_ENG":"UNESCO-MAB Biosphere Reserve","DESIG_TYPE":"International","IUCN_CAT":"Not Applicable","INT_CRIT":"Not Applicable","REALM":"Coastal","REP_M_AREA":0,"GIS_M_AREA":10101.80041587,"REP_AREA":21379,"GIS_AREA":19482.0662069212,"NO_TAKE":"Not Reported","NO_TK_AREA":0,"STATUS":"Designated","STATUS_YR":2014,"GOV_TYPE":"Not Reported","GOVSUBTYPE":"Not Applicable","OWN_TYPE":"Not Reported","OWNSUBTYPE":"Not Applicable","MANG_AUTH":"Not Reported","MANG_PLAN":"Not Reported","VERIF":"State Verified","METADATAID":1852,"PRNT_ISO3":"ARG","ISO3":"ARG","SUPP_INFO":"Not Applicable","CONS_OBJ":"Not Applicable","INLND_WTRS":"Not Reported","OECM_ASMT":"Not Applicable","layer":"WDPA_W~1","path":"C:/DATAS/PRO/GIS/ARGENT~1/RAW/WDPA_W~1/WDPA_W~3/WDPA_W~1.SHP"}},
{"type":"Feature","geometry":{"type":"Polygon","coordinates":[[[-71.357629,-39.11215],[-71.361661,-39.112555],[-71.381622,-39.114733],[-71.387432,-39.114457],[-71.39607,-39.11734],[-71.397631,-39.118881],[-71.417459,-39.130017],[-71.416853,-39.130896],[-71.415217,-39.145409],[-71.418035,-39.147469],[-71.419353,-39.15271],[-71.419146,-39.152961],[-71.413975,-39.16171],[-71.40015,-39.169902],[-71.40015,-39.170568],[-71.39715,-39.177386],[-71.397635,-39.17887],[-71.398484,-39.18699],[-71.394605,-39.194323],[-71.385243,-39.205351],[-71.391666,-39.218501],[-71.390818,-39.2225],[-71.385607,-39.236195],[-71.382577,-39.238953],[-71.385193,-39.244952],[-71.387042,-39.247116],[-71.392424,-39.250557],[-71.390697,-39.25286],[-71.388667,-39.265343],[-71.378153,-39.268039],[-71.375123,-39.275644],[-71.387107,-39.286478],[-71.388539,-39.28782],[-71.390986,-39.310849],[-71.393909,-39.322153],[-71.395305,-39.342211],[-71.40603,-39.352512],[-71.411666,-39.35433],[-71.415817,-39.360239],[-71.427543,-39.365298],[-71.432784,-39.370358],[-71.432864,-39.371066],[-71.443025,-39.369237],[-71.447479,-39.371419],[-71.456326,-39.370025],[-71.457344,-39.373994],[-71.454963,-39.386205],[-71.454933,-39.38878],[-71.451812,-39.392749],[-71.44554,-39.405899],[-71.446055,-39.409585],[-71.456448,-39.412645],[-71.460265,-39.413504],[-71.463204,-39.417715],[-71.464174,-39.419533],[-71.450477,-39.427043],[-71.455781,-39.451347],[-71.461386,-39.453983],[-71.46178,-39.454104],[-71.469325,-39.479131],[-71.471884,-39.488934],[-71.472309,-39.489479],[-71.481065,-39.494236],[-71.503171,-39.500934],[-71.505733,-39.50167],[-71.509766,-39.502658],[-71.514739,-39.503086],[-71.519296,-39.506358],[-71.530039,-39.519957],[-71.530324,-39.524906],[-71.534296,-39.529454],[-71.528915,-39.539266],[-71.514905,-39.545096],[-71.512169,-39.547505],[-71.511101,-39.549175],[-71.509863,-39.554003],[-71.493707,-39.556002],[-71.492874,-39.555574],[-71.478264,-39.552361],[-71.468556,-39.557263],[-71.467521,-39.558774],[-71.47362,-39.576041],[-71.466241,-39.587294],[-71.47079,-39.591235],[-71.486582,-39.611314],[-71.496683,-39.618917],[-71.498735,-39.6267],[-71.501609,-39.637169],[-71.507967,-39.633971],[-71.510556,-39.631763],[-71.526089,-39.626604],[-71.548037,-39.624701],[-71.560011,-39.628813],[-71.561476,-39.630354],[-71.567377,-39.63439],[-71.56791,-39.634561],[-71.587392,-39.631898],[-71.589728,-39.630421],[-71.606871,-39.62711],[-71.616011,-39.607309],[-71.616351,-39.603346],[-71.623057,-39.597213],[-71.661304,-39.577314],[-71.685028,-39.569177],[-71.689593,-39.577054],[-71.690482,-39.582387],[-71.698359,-39.586952],[-71.697526,-39.628534],[-71.700815,-39.633208],[-71.712984,-39.633087],[-71.715752,-39.639231],[-71.715743,-39.647212],[-71.709608,-39.651157],[-71.706236,-39.653084],[-71.691385,-39.671226],[-71.688752,-39.676912],[-71.671299,-39.680669],[-71.674329,-39.692102],[-71.677319,-39.692627],[-71.679783,-39.693354],[-71.686974,-39.692667],[-71.69157,-39.695695],[-71.704063,-39.696142],[-71.702285,-39.699697],[-71.694529,-39.708019],[-71.700871,-39.713473],[-71.702691,-39.715923],[-71.712317,-39.725013],[-71.708385,-39.734601],[-71.703618,-39.742681],[-71.69813,-39.749043],[-71.683314,-39.764101],[-71.682571,-39.764576],[-71.685192,-39.775325],[-71.685843,-39.776373],[-71.683479,-39.801237],[-71.681989,-39.801805],[-71.673845,-39.804732],[-71.678094,-39.810887],[-71.682571,-39.817539],[-71.69061,-39.838028],[-71.690328,-39.843158],[-71.68047,-39.859196],[-71.658171,-39.857782],[-71.643485,-39.853568],[-71.633689,-39.882021],[-71.612818,-39.874742],[-71.596013,-39.891746],[-71.596058,-39.8962],[-71.593786,-39.897291],[-71.593581,-39.899154],[-71.592968,-39.899972],[-71.592672,-39.901495],[-71.592763,-39.901995],[-71.59299,-39.902313],[-71.593331,-39.902654],[-71.593717,-39.903017],[-71.594104,-39.903403],[-71.594331,-39.903585],[-71.59475,-39.903627],[-71.59524,-39.903949],[-71.59574,-39.904108],[-71.596172,-39.904403],[-71.596558,-39.907516],[-71.595944,-39.909266],[-71.592877,-39.911311],[-71.592854,-39.911743],[-71.594422,-39.913084],[-71.596967,-39.913402],[-71.601307,-39.915629],[-71.601921,-39.91597],[-71.602262,-39.91622],[-71.602739,-39.916583],[-71.602875,-39.917129],[-71.597967,-39.926741],[-71.598262,-39.928673],[-71.59824,-39.929036],[-71.598149,-39.929491],[-71.61476,-39.937512],[-71.619032,-39.935308],[-71.621077,-39.936671],[-71.623486,-39.937194],[-71.624009,-39.93758],[-71.624531,-39.937808],[-71.624986,-39.938058],[-71.625486,-39.938376],[-71.615434,-39.958011],[-71.619995,-39.972944],[-71.624331,-39.976438],[-71.632643,-39.968728],[-71.639268,-39.968809],[-71.644781,-39.970358],[-71.648965,-39.970509],[-71.655933,-39.982537],[-71.665681,-39.998035],[-71.670871,-40.000747],[-71.674145,-40.023259],[-71.676645,-40.026917],[-71.689153,-40.035521],[-71.666222,-40.073459],[-71.673682,-40.080374],[-71.673675,-40.081277],[-71.673827,-40.082428],[-71.673706,-40.083307],[-71.673221,-40.083882],[-71.668525,-40.088003],[-71.667222,-40.088003],[-71.666797,-40.088276],[-71.666464,-40.088609],[-71.667676,-40.09376],[-71.669767,-40.09885],[-71.670918,-40.100486],[-71.67213,-40.10094],[-71.672827,-40.10088],[-71.673312,-40.10088],[-71.673433,-40.101062],[-71.673069,-40.101365],[-71.672645,-40.101577],[-71.672403,-40.101789],[-71.672282,-40.102213],[-71.672615,-40.103273],[-71.675494,-40.105668],[-71.680705,-40.108394],[-71.690067,-40.110182],[-71.690612,-40.110515],[-71.690855,-40.110909],[-71.691127,-40.111393],[-71.690946,-40.112272],[-71.689309,-40.112515],[-71.688582,-40.112969],[-71.688491,-40.113242],[-71.688461,-40.113575],[-71.689824,-40.115416],[-71.69749,-40.117271],[-71.713336,-40.109515],[-71.720275,-40.109697],[-71.731394,-40.102486],[-71.771661,-40.08976],[-71.787114,-40.089457],[-71.799718,-40.085458],[-71.808808,-40.081034],[-71.812868,-40.080489],[-71.81314,-40.080549],[-71.813504,-40.080792],[-71.813837,-40.081064],[-71.814383,-40.081398],[-71.815352,-40.081701],[-71.816534,-40.082852],[-71.817079,-40.083064],[-71.817413,-40.083307],[-71.817716,-40.08364],[-71.817754,-40.084227],[-71.816504,-40.085003],[-71.816625,-40.085549],[-71.816958,-40.08573],[-71.819231,-40.087367],[-71.820352,-40.087912],[-71.82632,-40.088972],[-71.827381,-40.091154],[-71.827472,-40.093487],[-71.827351,-40.100213],[-71.826502,-40.110788],[-71.811292,-40.104455],[-71.801506,-40.117029],[-71.80258,-40.118504],[-71.811868,-40.147813],[-71.810414,-40.149237],[-71.826078,-40.170203],[-71.828444,-40.174042],[-71.808144,-40.183538],[-71.799842,-40.185932],[-71.816264,-40.205838],[-71.828353,-40.206171],[-71.828686,-40.210019],[-71.826172,-40.226411],[-71.806871,-40.233925],[-71.803779,-40.237186],[-71.797085,-40.247317],[-71.798774,-40.25159],[-71.798478,-40.253346],[-71.788722,-40.25874],[-71.786389,-40.266951],[-71.775876,-40.271102],[-71.769301,-40.274737],[-71.763029,-40.276374],[-71.760994,-40.279191],[-71.75606,-40.291886],[-71.756757,-40.293977],[-71.760272,-40.299704],[-71.754636,-40.303642],[-71.721883,-40.289432],[-71.719641,-40.288402],[-71.716922,-40.282983],[-71.715187,-40.280009],[-71.684282,-40.295341],[-71.681192,-40.298613],[-71.676859,-40.327063],[-71.671981,-40.331245],[-71.65617,-40.350053],[-71.657443,-40.356386],[-71.662169,-40.364172],[-71.670229,-40.368717],[-71.688256,-40.372898],[-71.68962,-40.392452],[-71.691642,-40.400392],[-71.705683,-40.417452],[-71.707515,-40.419983],[-71.737055,-40.440306],[-71.751186,-40.432646],[-71.751281,-40.432599],[-71.75494,-40.423396],[-71.754976,-40.421353],[-71.780918,-40.41423],[-71.781112,-40.414042],[-71.808464,-40.406593],[-71.808746,-40.406911],[-71.825317,-40.423337],[-71.825019,-40.423678],[-71.830136,-40.440908],[-71.841691,-40.452563],[-71.840882,-40.455374],[-71.837982,-40.46082],[-71.836479,-40.463667],[-71.838165,-40.464601],[-71.839533,-40.466256],[-71.845014,-40.471961],[-71.846228,-40.47531],[-71.842582,-40.491116],[-71.846057,-40.493396],[-71.846299,-40.494351],[-71.847602,-40.499436],[-71.849395,-40.502737],[-71.855387,-40.511419],[-71.854096,-40.514872],[-71.849325,-40.520851],[-71.846161,-40.519911],[-71.842702,-40.524795],[-71.84271,-40.525112],[-71.851963,-40.526146],[-71.858409,-40.554541],[-71.859076,-40.555352],[-71.866343,-40.557059],[-71.86647,-40.55712],[-71.885282,-40.552847],[-71.88759,-40.552101],[-71.883918,-40.56283],[-71.877023,-40.566205],[-71.861438,-40.588828],[-71.845458,-40.582589],[-71.840018,-40.586683],[-71.824344,-40.577795],[-71.823967,-40.577849],[-71.824074,-40.578495],[-71.824468,-40.579196],[-71.824559,-40.579357],[-71.825475,-40.580111],[-71.828868,-40.583397],[-71.829999,-40.584744],[-71.830592,-40.585713],[-71.831292,-40.586791],[-71.831777,-40.58776],[-71.832369,-40.588568],[-71.833231,-40.589161],[-71.834039,-40.589753],[-71.835494,-40.593793],[-71.836463,-40.595086],[-71.843319,-40.626535],[-71.850576,-40.634784],[-71.852838,-40.636992],[-71.868135,-40.649758],[-71.866465,-40.653565],[-71.865612,-40.657061],[-71.877925,-40.66517],[-71.896086,-40.678976],[-71.908528,-40.684713],[-71.962703,-40.722283],[-71.960844,-40.725434],[-71.963187,-40.747169],[-71.962339,-40.747048],[-71.920688,-40.786153],[-71.93476,-40.822137],[-71.912473,-40.841461],[-71.907577,-40.858511],[-71.892294,-40.87004],[-71.890033,-40.873138],[-71.87564,-40.881212],[-71.859012,-40.878281],[-71.861174,-40.935341],[-71.857238,-40.960331],[-71.898606,-40.961177],[-71.903062,-40.961001],[-71.905949,-40.96257],[-71.908826,-40.971964],[-71.906703,-40.985755],[-71.906432,-40.985862],[-71.906397,-40.985846],[-71.906366,-40.985824],[-71.90634,-40.985797],[-71.906302,-40.985732],[-71.90556,-40.985167],[-71.901182,-40.983603],[-71.898298,-40.983916],[-71.878911,-40.997362],[-71.872291,-41.003236],[-71.871397,-41.004687],[-71.865595,-41.01806],[-71.865561,-41.018547],[-71.843795,-41.035077],[-71.834151,-41.04641],[-71.835408,-41.047971],[-71.827072,-41.056097],[-71.823774,-41.057163],[-71.823374,-41.05773],[-71.821242,-41.067324],[-71.836699,-41.077084],[-71.841563,-41.078717],[-71.849591,-41.083147],[-71.84656,-41.087111],[-71.846926,-41.087977],[-71.848925,-41.09514],[-71.848492,-41.095373],[-71.849691,-41.096072],[-71.85159,-41.097605],[-71.84596,-41.1045],[-71.843328,-41.129951],[-71.839964,-41.140611],[-71.839031,-41.144675],[-71.887059,-41.167485],[-71.872435,-41.197799],[-71.874267,-41.203129],[-71.874534,-41.204761],[-71.874467,-41.205627],[-71.874201,-41.206127],[-71.873768,-41.206627],[-71.871869,-41.207493],[-71.865073,-41.210125],[-71.858644,-41.211924],[-71.856245,-41.213822],[-71.854413,-41.214222],[-71.854047,-41.214622],[-71.853814,-41.214888],[-71.857711,-41.221451],[-71.856179,-41.22828],[-71.857544,-41.232677],[-71.858877,-41.233177],[-71.859177,-41.233477],[-71.85911,-41.23391],[-71.858177,-41.234643],[-71.85458,-41.236108],[-71.851215,-41.236242],[-71.850149,-41.238607],[-71.84895,-41.239306],[-71.84855,-41.240339],[-71.847484,-41.240805],[-71.847184,-41.241072],[-71.846807,-41.243125],[-71.851215,-41.24397],[-71.855646,-41.246469],[-71.856179,-41.248034],[-71.855812,-41.248634],[-71.855479,-41.249134],[-71.854413,-41.249833],[-71.851415,-41.250233],[-71.834492,-41.271653],[-71.834559,-41.272152],[-71.835692,-41.272952],[-71.836225,-41.273385],[-71.836591,-41.273418],[-71.83809,-41.271553],[-71.838607,-41.271249],[-71.838626,-41.271227],[-71.840147,-41.270434],[-71.840722,-41.270087],[-71.846285,-41.269687],[-71.856012,-41.257595],[-71.877699,-41.26066],[-71.884961,-41.260193],[-71.887792,-41.257528],[-71.893522,-41.256795],[-71.89622,-41.255263],[-71.89692,-41.255263],[-71.897086,-41.25543],[-71.897286,-41.255663],[-71.897053,-41.256462],[-71.896007,-41.257599],[-71.89149,-41.26086],[-71.891345,-41.261544],[-71.888292,-41.26469],[-71.888325,-41.265157],[-71.888359,-41.265723],[-71.888625,-41.266023],[-71.888825,-41.266423],[-71.892956,-41.269321],[-71.894188,-41.269987],[-71.896657,-41.270569],[-71.897531,-41.270958],[-71.89682,-41.273019],[-71.897419,-41.274917],[-71.896787,-41.279015],[-71.876266,-41.30733],[-71.881896,-41.324087],[-71.882833,-41.324914],[-71.888443,-41.327486],[-71.889458,-41.327784],[-71.890001,-41.328008],[-71.891434,-41.328308],[-71.892012,-41.328542],[-71.893566,-41.328822],[-71.895897,-41.329898],[-71.898683,-41.331057],[-71.900228,-41.333005],[-71.900628,-41.336103],[-71.902094,-41.337702],[-71.911555,-41.340767],[-71.900828,-41.36312],[-71.900328,-41.363453],[-71.867149,-41.392768],[-71.86635,-41.393601],[-71.86934,-41.411711],[-71.836735,-41.431543],[-71.835502,-41.432376],[-71.835369,-41.438173],[-71.838551,-41.446559],[-71.828207,-41.480113],[-71.828274,-41.481944],[-71.833337,-41.487841],[-71.833994,-41.488442],[-71.837609,-41.498193],[-71.841833,-41.501872],[-71.848073,-41.534003],[-71.81761,-41.575529],[-71.846973,-41.565583],[-71.885561,-41.605992],[-71.867294,-41.622747],[-71.86641,-41.624676],[-71.866412,-41.625699],[-71.864906,-41.629577],[-71.864701,-41.630108],[-71.859713,-41.63734],[-71.856998,-41.645266],[-71.836228,-41.645902],[-71.833763,-41.652731],[-71.835014,-41.65536],[-71.835049,-41.661832],[-71.835316,-41.662365],[-71.835815,-41.663264],[-71.836648,-41.66523],[-71.836548,-41.666129],[-71.836015,-41.666862],[-71.835552,-41.666961],[-71.835549,-41.666962],[-71.835249,-41.667062],[-71.834616,-41.667662],[-71.833117,-41.67026],[-71.832584,-41.673758],[-71.829719,-41.675523],[-71.817793,-41.669927],[-71.815528,-41.675224],[-71.815761,-41.677822],[-71.815928,-41.678788],[-71.816061,-41.679354],[-71.816094,-41.68082],[-71.816894,-41.682852],[-71.81686,-41.685484],[-71.817993,-41.687649],[-71.817926,-41.688682],[-71.817693,-41.689048],[-71.817015,-41.689843],[-71.816972,-41.689895],[-71.808813,-41.692944],[-71.797247,-41.692047],[-71.794378,-41.694737],[-71.791277,-41.702307],[-71.791243,-41.70264],[-71.791277,-41.703073],[-71.791599,-41.703703],[-71.792944,-41.70442],[-71.795079,-41.705091],[-71.795674,-41.705538],[-71.800138,-41.711034],[-71.805634,-41.713566],[-71.810365,-41.720528],[-71.809032,-41.722094],[-71.805634,-41.722994],[-71.804535,-41.723493],[-71.803609,-41.724145],[-71.803355,-41.724245],[-71.799605,-41.725126],[-71.791077,-41.732021],[-71.784181,-41.734953],[-71.784048,-41.736185],[-71.784214,-41.736518],[-71.784634,-41.736877],[-71.785047,-41.737318],[-71.785314,-41.737851],[-71.785347,-41.739117],[-71.785014,-41.740016],[-71.784781,-41.740449],[-71.784547,-41.741082],[-71.784348,-41.741615],[-71.784081,-41.742115],[-71.783981,-41.743447],[-71.783748,-41.744247],[-71.783082,-41.74528],[-71.783048,-41.745813],[-71.782813,-41.746665],[-71.782782,-41.746779],[-71.782682,-41.747145],[-71.782649,-41.747445],[-71.782515,-41.747745],[-71.782382,-41.748144],[-71.782116,-41.748411],[-71.782216,-41.748744],[-71.782482,-41.748744],[-71.782737,-41.748734],[-71.783653,-41.749193],[-71.784081,-41.751309],[-71.782913,-41.752824],[-71.782001,-41.753219],[-71.781316,-41.753341],[-71.780383,-41.753741],[-71.778751,-41.75484],[-71.77462,-41.760037],[-71.775253,-41.767732],[-71.753932,-41.787454],[-71.764018,-41.786512],[-71.765296,-41.78658],[-71.766559,-41.787153],[-71.767891,-41.787153],[-71.773987,-41.793649],[-71.771922,-41.800578],[-71.771242,-41.800986],[-71.771097,-41.801041],[-71.76858,-41.801775],[-71.767858,-41.80241],[-71.766392,-41.80251],[-71.766126,-41.802843],[-71.766859,-41.806075],[-71.767458,-41.806574],[-71.767888,-41.806845],[-71.768358,-41.807141],[-71.769024,-41.807707],[-71.76929,-41.808873],[-71.765126,-41.816602],[-71.751368,-41.82493],[-71.797714,-41.842317],[-71.797781,-41.842816],[-71.796582,-41.843916],[-71.795915,-41.845048],[-71.795516,-41.845515],[-71.795149,-41.846048],[-71.794849,-41.846447],[-71.794749,-41.847213],[-71.790919,-41.851411],[-71.789486,-41.859806],[-71.790086,-41.865802],[-71.790419,-41.866868],[-71.791052,-41.867701],[-71.791749,-41.868328],[-71.792218,-41.869633],[-71.791918,-41.870932],[-71.791618,-41.871598],[-71.791395,-41.871945],[-71.791318,-41.872065],[-71.791485,-41.872731],[-71.792151,-41.873197],[-71.792318,-41.87373],[-71.792151,-41.87403],[-71.791851,-41.87433],[-71.791285,-41.874829],[-71.789486,-41.878294],[-71.789519,-41.881459],[-71.787754,-41.883424],[-71.78922,-41.890253],[-71.774362,-41.908142],[-71.772697,-41.930928],[-71.772863,-41.937024],[-71.773363,-41.93729],[-71.774162,-41.93769],[-71.775162,-41.93809],[-71.777993,-41.939056],[-71.781658,-41.942787],[-71.794017,-41.944119],[-71.794383,-41.961175],[-71.794283,-41.961642],[-71.793817,-41.962175],[-71.793284,-41.962674],[-71.792418,-41.963474],[-71.791785,-41.964207],[-71.791152,-41.965406],[-71.789553,-41.970603],[-71.779626,-41.983295],[-71.776594,-41.995987],[-71.772849,-41.998858],[-71.773015,-41.999724],[-71.774281,-42.001256],[-71.774581,-42.002022],[-71.774614,-42.002622],[-71.772779,-42.00746],[-71.753961,-42.023609],[-71.756493,-42.036967],[-71.726911,-42.046528],[-71.740969,-42.082538],[-71.740898,-42.083151],[-71.740877,-42.083334],[-71.740869,-42.083405],[-71.740436,-42.084171],[-71.732907,-42.091266],[-71.726678,-42.100694],[-71.726511,-42.102826],[-71.727877,-42.104525],[-71.72811,-42.105058],[-71.728077,-42.105791],[-71.725379,-42.110121],[-71.730875,-42.122813],[-71.732074,-42.123713],[-71.744533,-42.127444],[-71.746765,-42.130342],[-71.747165,-42.130309],[-71.747432,-42.129909],[-71.747631,-42.129342],[-71.748364,-42.129043],[-71.753968,-42.129723],[-71.757061,-42.128244],[-71.759549,-42.129051],[-71.760958,-42.129119],[-71.762356,-42.129376],[-71.765687,-42.128876],[-71.766353,-42.128843],[-71.767019,-42.128843],[-71.767713,-42.128843],[-71.768218,-42.128843],[-71.768951,-42.128909],[-71.770231,-42.128754],[-71.771745,-42.128868],[-71.772416,-42.128809],[-71.773182,-42.129109],[-71.77337,-42.129246],[-71.773915,-42.129642],[-71.774448,-42.129875],[-71.775169,-42.129833],[-71.776547,-42.130442],[-71.776526,-42.130565],[-71.776513,-42.130642],[-71.776386,-42.130705],[-71.776247,-42.130775],[-71.775581,-42.131041],[-71.775048,-42.131241],[-71.774648,-42.131541],[-71.774681,-42.132341],[-71.774881,-42.13264],[-71.775014,-42.132974],[-71.774948,-42.133606],[-71.774548,-42.134972],[-71.774181,-42.135572],[-71.773815,-42.136305],[-71.773848,-42.136638],[-71.773981,-42.137104],[-71.774048,-42.137337],[-71.774581,-42.138004],[-71.775447,-42.13857],[-71.776147,-42.138837],[-71.776813,-42.138837],[-71.777046,-42.139036],[-71.777008,-42.139218],[-71.776973,-42.139383],[-71.776913,-42.139669],[-71.77668,-42.139903],[-71.775687,-42.140436],[-71.775447,-42.142301],[-71.775479,-42.142397],[-71.775581,-42.142701],[-71.77618,-42.143567],[-71.777213,-42.144167],[-71.777478,-42.144318],[-71.778379,-42.144833],[-71.779012,-42.145299],[-71.77944,-42.145749],[-71.779645,-42.145965],[-71.779745,-42.146632],[-71.779776,-42.146887],[-71.779845,-42.147431],[-71.780031,-42.147452],[-71.780144,-42.147464],[-71.780984,-42.147966],[-71.782042,-42.148172],[-71.784275,-42.148464],[-71.785408,-42.148497],[-71.786607,-42.148797],[-71.788073,-42.14913],[-71.788538,-42.14934],[-71.789105,-42.149596],[-71.789705,-42.149596],[-71.795768,-42.146365],[-71.798716,-42.145582],[-71.799088,-42.145458],[-71.802719,-42.145458],[-71.803361,-42.145672],[-71.805462,-42.146465],[-71.805643,-42.146556],[-71.806128,-42.146798],[-71.80786,-42.148031],[-71.808259,-42.148554],[-71.808393,-42.14873],[-71.808399,-42.148752],[-71.808527,-42.149263],[-71.808493,-42.15003],[-71.808527,-42.150629],[-71.808692,-42.150828],[-71.80886,-42.151029],[-71.809559,-42.151429],[-71.810725,-42.151962],[-71.81339,-42.153527],[-71.816155,-42.156192],[-71.82898,-42.159257],[-71.83028,-42.161356],[-71.830979,-42.161622],[-71.831546,-42.161984],[-71.83178,-42.161997],[-71.833011,-42.162255],[-71.834011,-42.162455],[-71.834693,-42.162152],[-71.836276,-42.162189],[-71.836942,-42.162055],[-71.837408,-42.161922],[-71.841206,-42.160323],[-71.841772,-42.157099],[-71.843103,-42.155706],[-71.844835,-42.154437],[-71.847256,-42.154236],[-71.849206,-42.154437],[-71.857938,-42.159328],[-71.858492,-42.159384],[-71.858605,-42.159395],[-71.862702,-42.157829],[-71.863302,-42.157396],[-71.864068,-42.15683],[-71.864701,-42.156264],[-71.867999,-42.156364],[-71.868599,-42.15613],[-71.869025,-42.155965],[-71.870858,-42.154841],[-71.872422,-42.155025],[-71.873129,-42.154931],[-71.874661,-42.154998],[-71.878692,-42.158329],[-71.878825,-42.158729],[-71.879025,-42.159362],[-71.879258,-42.160028],[-71.879925,-42.161227],[-71.880291,-42.163126],[-71.879725,-42.164658],[-71.879825,-42.165624],[-71.879891,-42.166457],[-71.880158,-42.167323],[-71.880857,-42.167756],[-71.881524,-42.16799],[-71.882356,-42.168589],[-71.88259,-42.169222],[-71.882756,-42.169722],[-71.884555,-42.171354],[-71.885321,-42.171721],[-71.88702,-42.173453],[-71.889186,-42.174286],[-71.890385,-42.176085],[-71.892691,-42.177668],[-71.89325,-42.17851],[-71.893306,-42.179484],[-71.893016,-42.180315],[-71.893183,-42.180948],[-71.894136,-42.181015],[-71.895536,-42.180595],[-71.898226,-42.180864],[-71.900876,-42.18149],[-71.903643,-42.181881],[-71.905975,-42.18278],[-71.906441,-42.18358],[-71.906941,-42.184346],[-71.912713,-42.188352],[-71.913826,-42.188731],[-71.914933,-42.189022],[-71.915855,-42.189263],[-71.917501,-42.189443],[-71.918926,-42.189634],[-71.919796,-42.189482],[-71.920899,-42.189043],[-71.921698,-42.189143],[-71.922398,-42.189276],[-71.923426,-42.190011],[-71.924854,-42.190412],[-71.926804,-42.189807],[-71.927015,-42.18947],[-71.927547,-42.188556],[-71.928149,-42.187656],[-71.932856,-42.184226],[-71.934336,-42.183621],[-71.936353,-42.181738],[-71.937765,-42.178376],[-71.939244,-42.176359],[-71.940125,-42.173331],[-71.94032,-42.17252],[-71.940753,-42.171987],[-71.941952,-42.171421],[-71.942886,-42.171345],[-71.945296,-42.170441],[-71.946372,-42.169029],[-71.947179,-42.167483],[-71.953298,-42.165331],[-71.954307,-42.164457],[-71.957265,-42.141325],[-71.960807,-42.139941],[-71.963639,-42.139208],[-71.964638,-42.139374],[-71.965005,-42.139774],[-71.965052,-42.139917],[-71.965304,-42.140673],[-71.966903,-42.142606],[-71.970135,-42.145137],[-71.973874,-42.142535],[-71.977035,-42.14267],[-71.979657,-42.141729],[-71.985238,-42.13951],[-71.988197,-42.139241],[-71.990752,-42.140115],[-71.991065,-42.140197],[-71.991621,-42.14054],[-71.992254,-42.14074],[-71.99342,-42.14084],[-71.993976,-42.140698],[-71.994498,-42.140628],[-71.995386,-42.140507],[-71.996185,-42.14054],[-71.99915,-42.141373],[-72.000727,-42.141118],[-72.001511,-42.140922],[-72.004268,-42.140115],[-72.007496,-42.139846],[-72.009177,-42.138366],[-72.011329,-42.137291],[-72.01206,-42.136803],[-72.012741,-42.136344],[-72.012841,-42.136276],[-72.012741,-42.134544],[-72.014207,-42.133078],[-72.015473,-42.132046],[-72.022935,-42.128947],[-72.028032,-42.122318],[-72.042123,-42.126149],[-72.052626,-42.114652],[-72.079694,-42.130018],[-72.06712,-42.147232],[-72.123615,-42.15526],[-72.171818,-42.139536],[-72.188008,-42.158891],[-72.157094,-42.193902],[-72.168253,-42.260027],[-72.120303,-42.32453],[-72.137825,-42.327261],[-72.131329,-42.384858],[-72.112341,-42.398716],[-72.07633,-42.383126],[-72.026595,-42.40971],[-72.047148,-42.452483],[-72.011913,-42.495627],[-72.055852,-42.568881],[-72.056352,-42.569448],[-72.056419,-42.569814],[-72.05647,-42.569884],[-72.056785,-42.570314],[-72.059017,-42.57108],[-72.06448,-42.572645],[-72.065413,-42.572446],[-72.066398,-42.571451],[-72.068298,-42.569671],[-72.071543,-42.566982],[-72.072842,-42.566283],[-72.073441,-42.566116],[-72.074074,-42.566016],[-72.074965,-42.566206],[-72.075174,-42.566316],[-72.076373,-42.567149],[-72.077239,-42.568215],[-72.077772,-42.568815],[-72.078272,-42.569081],[-72.078738,-42.569448],[-72.079138,-42.569814],[-72.079926,-42.571612],[-72.07997,-42.571642],[-72.079983,-42.57166],[-72.080237,-42.572412],[-72.082536,-42.574678],[-72.083402,-42.575444],[-72.085201,-42.576776],[-72.087299,-42.579175],[-72.087799,-42.579608],[-72.088565,-42.580041],[-72.089298,-42.580374],[-72.090497,-42.58064],[-72.092363,-42.58204],[-72.092963,-42.583272],[-72.092996,-42.583938],[-72.092829,-42.584438],[-72.092835,-42.584574],[-72.092863,-42.585171],[-72.094128,-42.586237],[-72.095028,-42.586837],[-72.095918,-42.587339],[-72.09636,-42.587903],[-72.096387,-42.587947],[-72.097027,-42.589002],[-72.09716,-42.589368],[-72.096906,-42.589845],[-72.096893,-42.589868],[-72.096627,-42.590301],[-72.096567,-42.59039],[-72.096427,-42.590601],[-72.096094,-42.591001],[-72.096113,-42.591641],[-72.096132,-42.591807],[-72.096194,-42.592366],[-72.096694,-42.592999],[-72.096927,-42.59311],[-72.098026,-42.593599],[-72.099255,-42.594324],[-72.100058,-42.594832],[-72.100661,-42.595442],[-72.101391,-42.596564],[-72.101624,-42.597163],[-72.10199,-42.59813],[-72.102024,-42.598171],[-72.102556,-42.598829],[-72.10279,-42.599395],[-72.105445,-42.601355],[-72.109798,-42.60185],[-72.11858,-42.603559],[-72.11808,-42.604026],[-72.117514,-42.604326],[-72.117014,-42.604725],[-72.116509,-42.605338],[-72.116182,-42.605733],[-72.115714,-42.606343],[-72.114656,-42.608061],[-72.114116,-42.609089],[-72.114149,-42.611754],[-72.114465,-42.612404],[-72.114516,-42.612557],[-72.114516,-42.613187],[-72.113749,-42.614652],[-72.11345,-42.615185],[-72.113083,-42.615852],[-72.11305,-42.616385],[-72.113094,-42.616525],[-72.113216,-42.616918],[-72.113583,-42.617184],[-72.113949,-42.617517],[-72.114416,-42.619616],[-72.114682,-42.620316],[-72.114915,-42.621115],[-72.114915,-42.621715],[-72.114849,-42.622847],[-72.115066,-42.624254],[-72.115448,-42.625479],[-72.115955,-42.625801],[-72.116648,-42.626312],[-72.116881,-42.626712],[-72.117081,-42.627511],[-72.117113,-42.627595],[-72.117314,-42.628111],[-72.117463,-42.628388],[-72.117547,-42.628544],[-72.117547,-42.62861],[-72.11768,-42.62911],[-72.117547,-42.629277],[-72.117014,-42.62971],[-72.116311,-42.629805],[-72.115564,-42.630303],[-72.113692,-42.630902],[-72.11212,-42.630677],[-72.109274,-42.630303],[-72.107627,-42.630078],[-72.107387,-42.630078],[-72.104056,-42.630078],[-72.103813,-42.630216],[-72.103123,-42.630609],[-72.102723,-42.631109],[-72.101562,-42.632774],[-72.101125,-42.633366],[-72.100591,-42.63384],[-72.100191,-42.63424],[-72.099891,-42.63464],[-72.099991,-42.63514],[-72.099792,-42.635606],[-72.099758,-42.636406],[-72.099758,-42.637322],[-72.099391,-42.638015],[-72.097893,-42.638015],[-72.097219,-42.63967],[-72.095894,-42.641436],[-72.095861,-42.641502],[-72.096027,-42.642035],[-72.096029,-42.642036],[-72.09683,-42.642405],[-72.097594,-42.642732],[-72.098761,-42.643061],[-72.099464,-42.643405],[-72.099525,-42.643434],[-72.099792,-42.643668],[-72.100491,-42.644367],[-72.100791,-42.645033],[-72.101024,-42.645666],[-72.101157,-42.646333],[-72.101525,-42.646831],[-72.101622,-42.646963],[-72.105905,-42.648198],[-72.106042,-42.648284],[-72.106887,-42.648698],[-72.107853,-42.649331],[-72.108419,-42.65003],[-72.109019,-42.650863],[-72.109273,-42.651395],[-72.109349,-42.651493],[-72.109342,-42.651996],[-72.109186,-42.652196],[-72.109019,-42.652362],[-72.108986,-42.652729],[-72.109152,-42.653195],[-72.109585,-42.654061],[-72.109852,-42.654328],[-72.110603,-42.654647],[-72.111518,-42.655094],[-72.111917,-42.655227],[-72.113117,-42.656993],[-72.11355,-42.657859],[-72.113992,-42.658007],[-72.114735,-42.658416],[-72.115715,-42.658725],[-72.11788,-42.660424],[-72.118599,-42.661121],[-72.118613,-42.661157],[-72.118813,-42.661823],[-72.118946,-42.662489],[-72.119012,-42.66277],[-72.119079,-42.663055],[-72.119413,-42.663722],[-72.120212,-42.664321],[-72.121001,-42.666065],[-72.122344,-42.671179],[-72.122344,-42.671845],[-72.122541,-42.672981],[-72.122544,-42.673019],[-72.123218,-42.673393],[-72.126316,-42.672707],[-72.136454,-42.680842],[-72.141299,-42.681273],[-72.155723,-42.678141],[-72.16395,-42.677512],[-72.17158,-42.672178],[-72.178376,-42.689168],[-72.178609,-42.689767],[-72.178642,-42.690833],[-72.178142,-42.6912],[-72.177243,-42.691999],[-72.17681,-42.692466],[-72.176677,-42.692899],[-72.17671,-42.693498],[-72.179808,-42.696696],[-72.1798,-42.696862],[-72.179775,-42.697363],[-72.178142,-42.698329],[-72.174097,-42.701194],[-72.167183,-42.704991],[-72.157389,-42.705657],[-72.152122,-42.707187],[-72.151259,-42.708023],[-72.151026,-42.708655],[-72.151213,-42.709188],[-72.151259,-42.709322],[-72.138118,-42.71173],[-72.137568,-42.71252],[-72.1395,-42.717716],[-72.139267,-42.719116],[-72.136246,-42.727004],[-72.129373,-42.730608],[-72.128873,-42.730875],[-72.128407,-42.731375],[-72.128574,-42.732141],[-72.129063,-42.73255],[-72.135774,-42.737673],[-72.145896,-42.741102],[-72.146562,-42.741601],[-72.147062,-42.742134],[-72.146162,-42.7438],[-72.145007,-42.745049],[-72.144737,-42.745958],[-72.144597,-42.747631],[-72.145196,-42.74863],[-72.14533,-42.749263],[-72.14493,-42.750129],[-72.141862,-42.751788],[-72.136802,-42.753894],[-72.136335,-42.755356],[-72.13397,-42.758991],[-72.135336,-42.760789],[-72.135394,-42.761106],[-72.134759,-42.762163],[-72.134663,-42.762939],[-72.134403,-42.763454],[-72.134057,-42.7647],[-72.134337,-42.766552],[-72.134295,-42.768013],[-72.133204,-42.771649],[-72.133701,-42.772915],[-72.132144,-42.776191],[-72.131338,-42.777113],[-72.131352,-42.777199],[-72.131405,-42.777546],[-72.131572,-42.777979],[-72.135735,-42.780572],[-72.138634,-42.782076],[-72.140366,-42.782409],[-72.140832,-42.782993],[-72.140832,-42.783309],[-72.140779,-42.783733],[-72.140733,-42.784108],[-72.139734,-42.786321],[-72.1392,-42.786973],[-72.138634,-42.788172],[-72.138534,-42.790038],[-72.140723,-42.793905],[-72.143664,-42.796201],[-72.149275,-42.799259],[-72.151925,-42.798864],[-72.162219,-42.798433],[-72.164924,-42.798885],[-72.164924,-42.799484],[-72.164618,-42.800898],[-72.163918,-42.802163],[-72.162452,-42.804096],[-72.162086,-42.804962],[-72.162086,-42.805595],[-72.162175,-42.807193],[-72.16216,-42.807463],[-72.161953,-42.808426],[-72.161053,-42.810092],[-72.156356,-42.814656],[-72.155856,-42.816588],[-72.155725,-42.817048],[-72.15559,-42.817521],[-72.155973,-42.819727],[-72.156456,-42.820785],[-72.159383,-42.82355],[-72.159454,-42.824116],[-72.159383,-42.824208],[-72.159221,-42.824416],[-72.158755,-42.824883],[-72.159288,-42.826515],[-72.159237,-42.826818],[-72.159188,-42.827115],[-72.151321,-42.831902],[-72.150455,-42.832302],[-72.149989,-42.832568],[-72.149356,-42.833035],[-72.148256,-42.842362],[-72.146571,-42.845658],[-72.146691,-42.847725],[-72.146258,-42.848758],[-72.146291,-42.85079],[-72.146164,-42.851842],[-72.145991,-42.852189],[-72.135561,-42.85462],[-72.134632,-42.854621],[-72.134491,-42.854674],[-72.134099,-42.854821],[-72.132408,-42.854782],[-72.133232,-42.866747],[-72.133133,-42.868612],[-72.132999,-42.869645],[-72.121407,-42.876274],[-72.120836,-42.876708],[-72.119649,-42.877716],[-72.119371,-42.877969],[-72.116475,-42.884708],[-72.139529,-42.897228],[-72.140828,-42.899893],[-72.140828,-42.900392],[-72.140817,-42.900707],[-72.140794,-42.901325],[-72.140628,-42.902225],[-72.140195,-42.903057],[-72.132333,-42.908254],[-72.131847,-42.908551],[-72.131733,-42.908621],[-72.131134,-42.90892],[-72.129901,-42.910753],[-72.130734,-42.912385],[-72.130701,-42.912984],[-72.119025,-42.920001],[-72.116049,-42.923314],[-72.115375,-42.923595],[-72.11432,-42.924064],[-72.112379,-42.924544],[-72.112246,-42.924777],[-72.116442,-42.936005],[-72.115375,-42.936735],[-72.114926,-42.937521],[-72.106334,-42.939487],[-72.106314,-42.939484],[-72.104584,-42.939068],[-72.103984,-42.939002],[-72.103318,-42.939335],[-72.103301,-42.941845],[-72.103179,-42.942311],[-72.102948,-42.943022],[-72.097122,-42.943066],[-72.096456,-42.943066],[-72.095989,-42.943266],[-72.095652,-42.943754],[-72.09479,-42.944365],[-72.092564,-42.947188],[-72.092083,-42.94974],[-72.091992,-42.950561],[-72.091659,-42.951294],[-72.090543,-42.95238],[-72.087771,-42.95382],[-72.085063,-42.954359],[-72.082098,-42.949895],[-72.078667,-42.949595],[-72.073731,-42.94996],[-72.072506,-42.950274],[-72.07084,-42.952568],[-72.069897,-42.954862],[-72.070023,-42.956151],[-72.06952,-42.95747],[-72.066472,-42.959293],[-72.065215,-42.959387],[-72.064935,-42.959435],[-72.063898,-42.959659],[-72.063612,-42.960173],[-72.063899,-42.960825],[-72.064254,-42.961405],[-72.063352,-42.963693],[-72.058487,-42.971264],[-72.059067,-42.9731],[-72.057327,-42.974389],[-72.055974,-42.975227],[-72.054482,-42.976212],[-72.056811,-42.981863],[-72.056103,-42.983152],[-72.055405,-42.984519],[-72.048725,-42.98618],[-72.043731,-42.98995],[-72.040138,-43.002262],[-72.040425,-43.003301],[-72.037393,-43.011229],[-72.036627,-43.013261],[-72.035413,-43.014067],[-72.033783,-43.014839],[-72.029607,-43.014367],[-72.022902,-43.016793],[-72.017772,-43.021523],[-72.016606,-43.024255],[-72.008911,-43.032183],[-72.00518,-43.035148],[-72.002715,-43.037646],[-71.998422,-43.038734],[-71.996652,-43.038679],[-71.995486,-43.037613],[-71.994634,-43.036767],[-71.982561,-43.035714],[-71.981728,-43.035981],[-71.980196,-43.036947],[-71.980462,-43.039778],[-71.979529,-43.043742],[-71.978364,-43.045774],[-71.976631,-43.045708],[-71.973866,-43.045808],[-71.9732,-43.046008],[-71.971801,-43.045408],[-71.964774,-43.040149],[-71.958494,-43.040542],[-71.952076,-43.044651],[-71.945636,-43.045777],[-71.939573,-43.052606],[-71.937508,-43.053106],[-71.935828,-43.054219],[-71.935808,-43.066327],[-71.937075,-43.06833],[-71.934243,-43.080222],[-71.934671,-43.081363],[-71.937241,-43.083854],[-71.939406,-43.086952],[-71.940951,-43.089206],[-71.941072,-43.090649],[-71.941135,-43.091381],[-71.941763,-43.091913],[-71.942008,-43.091967],[-71.943137,-43.092348],[-71.943533,-43.092521],[-71.933577,-43.101742],[-71.933377,-43.102342],[-71.931811,-43.102509],[-71.928458,-43.101739],[-71.922576,-43.101012],[-71.893169,-43.107072],[-71.890637,-43.1156],[-71.889005,-43.124561],[-71.888139,-43.126194],[-71.886373,-43.127026],[-71.881818,-43.127013],[-71.881126,-43.127445],[-71.880428,-43.127866],[-71.879777,-43.128259],[-71.878844,-43.128592],[-71.875141,-43.129093],[-71.870351,-43.129335],[-71.864737,-43.128229],[-71.860389,-43.129825],[-71.85336,-43.127326],[-71.854426,-43.134888],[-71.768667,-43.166508],[-71.72931,-43.200289],[-71.757516,-43.228073],[-71.734597,-43.313752],[-71.755211,-43.317642],[-71.785397,-43.296756],[-71.840097,-43.335205],[-71.903924,-43.321348],[-71.893435,-43.379996],[-71.93321,-43.386559],[-71.913656,-43.416074],[-71.930445,-43.456882],[-71.880243,-43.451518],[-71.848847,-43.482006],[-71.785714,-43.480601],[-71.788044,-43.429081],[-71.724549,-43.382514],[-71.688097,-43.396219],[-71.648461,-43.387081],[-71.637346,-43.357789],[-71.686095,-43.323347],[-71.626063,-43.308225],[-71.625888,-43.263147],[-71.597175,-43.259386],[-71.615771,-43.216609],[-71.59728,-43.220776],[-71.579713,-43.183187],[-71.558015,-43.197719],[-71.507999,-43.172626],[-71.463471,-43.203242],[-71.452196,-43.196077],[-71.495107,-43.165068],[-71.431732,-43.131979],[-71.482626,-43.109308],[-71.44022,-43.029311],[-71.487257,-42.984151],[-71.423744,-42.917323],[-71.467793,-42.886039],[-71.4422,-42.86615],[-71.402521,-42.905899],[-71.37283,-42.889105],[-71.327627,-42.902482],[-71.29096,-42.879545],[-71.310875,-42.831714],[-71.35035,-42.801681],[-71.334212,-42.785737],[-71.365088,-42.763813],[-71.392821,-42.778181],[-71.38963,-42.750628],[-71.44483,-42.689723],[-71.450133,-42.637226],[-71.510062,-42.568664],[-71.533402,-42.584056],[-71.621425,-42.582967],[-71.6212,-42.578749],[-71.631219,-42.578453],[-71.631219,-42.577913],[-71.64081,-42.577696],[-71.642289,-42.57766],[-71.636397,-42.570975],[-71.635392,-42.570508],[-71.633987,-42.570189],[-71.633323,-42.569714],[-71.632058,-42.566577],[-71.634089,-42.561421],[-71.64499,-42.556126],[-71.57868,-42.552661],[-71.535737,-42.528319],[-71.537549,-42.502103],[-71.376204,-42.365052],[-71.431045,-42.322567],[-71.428675,-42.30425],[-71.239044,-42.45802],[-71.071551,-42.333398],[-71.303909,-42.161222],[-71.296024,-42.135836],[-71.349194,-42.117461],[-71.415829,-42.143601],[-71.498422,-42.088136],[-71.544462,-42.102188],[-71.594534,-42.156757],[-71.548686,-42.087849],[-71.574111,-42.029234],[-71.596568,-42.090139],[-71.614829,-42.086497],[-71.65214,-42.085198],[-71.65272,-42.002674],[-71.05118,-41.999242],[-71.003145,-41.909863],[-71.016611,-41.853592],[-70.939007,-41.688899],[-70.997976,-41.637401],[-70.986293,-41.497667],[-71.033305,-41.420874],[-71.01317,-41.3768],[-70.967134,-41.375901],[-70.898651,-41.325317],[-70.88791,-41.261092],[-71.000726,-41.137095],[-70.986893,-41.047777],[-70.988454,-41.034789],[-70.990351,-41.011074],[-70.991508,-40.99652],[-70.998167,-40.979879],[-70.999632,-40.975318],[-71.005641,-40.959607],[-71.014535,-40.936389],[-71.004486,-40.898357],[-71.008217,-40.882064],[-71.014909,-40.850348],[-71.033307,-40.836254],[-71.070834,-40.836126],[-71.075302,-40.827472],[-71.059876,-40.811058],[-71.052427,-40.803131],[-71.066487,-40.79534],[-71.071433,-40.76045],[-71.077177,-40.749893],[-71.085993,-40.731832],[-71.08878,-40.726116],[-71.086782,-40.725744],[-71.086561,-40.724676],[-71.083533,-40.725291],[-71.079798,-40.726704],[-71.07812,-40.725037],[-71.079483,-40.723962],[-71.07955,-40.723909],[-71.079597,-40.723871],[-71.083092,-40.721115],[-71.101395,-40.706675],[-71.150633,-40.665942],[-71.149519,-40.664153],[-71.149315,-40.663223],[-71.149949,-40.661301],[-71.149997,-40.657483],[-71.154217,-40.654475],[-71.154587,-40.652205],[-71.154357,-40.651745],[-71.153667,-40.651345],[-71.152947,-40.650645],[-71.151117,-40.649655],[-71.151077,-40.647405],[-71.149837,-40.646395],[-71.149597,-40.645815],[-71.153237,-40.641095],[-71.154977,-40.637726],[-71.154887,-40.637316],[-71.154257,-40.636846],[-71.153507,-40.635846],[-71.153067,-40.634876],[-71.152077,-40.633846],[-71.151257,-40.633496],[-71.150907,-40.633116],[-71.150997,-40.632486],[-71.150747,-40.632036],[-71.150437,-40.631576],[-71.149907,-40.630726],[-71.151277,-40.623216],[-71.146118,-40.619056],[-71.145688,-40.591827],[-71.148117,-40.584327],[-71.149277,-40.581797],[-71.154994,-40.573008],[-71.155026,-40.572939],[-71.157287,-40.563537],[-71.177476,-40.533148],[-71.181176,-40.513789],[-71.174486,-40.501619],[-71.204255,-40.497989],[-71.23826,-40.479592],[-71.232579,-40.454407],[-71.230058,-40.451216],[-71.23598,-40.426921],[-71.244873,-40.404751],[-71.262005,-40.378951],[-71.261521,-40.378448],[-71.259115,-40.374627],[-71.265232,-40.36724],[-71.279983,-40.360969],[-71.29201,-40.355105],[-71.298107,-40.353812],[-71.302018,-40.349108],[-71.30318,-40.348745],[-71.32023,-40.333628],[-71.325037,-40.335651],[-71.32868,-40.338184],[-71.334175,-40.339028],[-71.338412,-40.340087],[-71.349328,-40.327415],[-71.377858,-40.31953],[-71.378325,-40.316405],[-71.382349,-40.311938],[-71.383608,-40.306368],[-71.384998,-40.303267],[-71.386951,-40.30162],[-71.387188,-40.301265],[-71.387245,-40.301074],[-71.387742,-40.300016],[-71.387824,-40.299694],[-71.3876,-40.299259],[-71.387087,-40.29888],[-71.386613,-40.298685],[-71.386041,-40.298438],[-71.385547,-40.298072],[-71.385176,-40.297646],[-71.385035,-40.297419],[-71.384508,-40.296427],[-71.384164,-40.295736],[-71.384031,-40.295382],[-71.383677,-40.29311],[-71.383875,-40.292331],[-71.384632,-40.290394],[-71.388708,-40.287773],[-71.388992,-40.284008],[-71.388912,-40.282454],[-71.388747,-40.279171],[-71.388166,-40.271128],[-71.328137,-40.225296],[-71.325995,-40.167329],[-71.326593,-40.167438],[-71.330159,-40.170012],[-71.331811,-40.170607],[-71.332748,-40.171682],[-71.33756,-40.172073],[-71.34535,-40.162398],[-71.352941,-40.169263],[-71.353467,-40.169266],[-71.35619,-40.144947],[-71.351786,-40.144395],[-71.3492,-40.14675],[-71.331705,-40.146764],[-71.331022,-40.123077],[-71.311153,-40.113249],[-71.317314,-40.109101],[-71.368259,-40.108385],[-71.372409,-40.017466],[-71.37168,-40.017475],[-71.365721,-40.012866],[-71.353706,-40.00286],[-71.321946,-39.987523],[-71.325194,-39.984879],[-71.29448,-39.91809],[-71.29423,-39.917544],[-71.27194,-39.868998],[-71.316289,-39.855514],[-71.317133,-39.838843],[-71.31858,-39.810244],[-71.317467,-39.793203],[-71.296758,-39.794608],[-71.283065,-39.797118],[-71.25468,-39.799055],[-71.248324,-39.80118],[-71.245347,-39.802715],[-71.23975,-39.80349],[-71.239194,-39.803501],[-71.23802,-39.803476],[-71.237219,-39.803539],[-71.235802,-39.803662],[-71.234758,-39.803873],[-71.233593,-39.804133],[-71.231998,-39.804498],[-71.231322,-39.804606],[-71.229899,-39.804884],[-71.228571,-39.805517],[-71.228057,-39.805527],[-71.227555,-39.805509],[-71.226904,-39.805549],[-71.225913,-39.805472],[-71.224862,-39.805445],[-71.223875,-39.805511],[-71.223076,-39.805622],[-71.222455,-39.805539],[-71.221469,-39.805605],[-71.220851,-39.805617],[-71.217875,-39.805293],[-71.210641,-39.797425],[-71.212629,-39.79672],[-71.213581,-39.780703],[-71.213803,-39.776965],[-71.215641,-39.746047],[-71.241341,-39.72621],[-71.271568,-39.702872],[-71.318414,-39.691928],[-71.337151,-39.610961],[-71.337473,-39.586126],[-71.232598,-39.587214],[-71.182097,-39.581178],[-71.18019,-39.372544],[-71.171813,-39.377761],[-71.170494,-39.378494],[-71.166566,-39.378728],[-71.165136,-39.375504],[-71.164634,-39.375182],[-71.160338,-39.37603],[-71.157969,-39.374873],[-71.154595,-39.370139],[-71.152484,-39.369545],[-71.15102,-39.371085],[-71.148098,-39.368789],[-71.147106,-39.36532],[-71.143488,-39.367909],[-71.139479,-39.37384],[-71.134175,-39.377314],[-71.133481,-39.37701],[-71.134065,-39.213082],[-71.149367,-39.218615],[-71.153319,-39.220145],[-71.153778,-39.219707],[-71.156972,-39.218318],[-71.168808,-39.224757],[-71.170978,-39.223537],[-71.212297,-39.244125],[-71.214322,-39.138417],[-71.220695,-39.140914],[-71.22197,-39.141382],[-71.268451,-39.140993],[-71.273331,-39.135579],[-71.27717,-39.13568],[-71.279534,-39.135618],[-71.288322,-39.133141],[-71.295318,-39.132571],[-71.29692,-39.129896],[-71.310175,-39.123458],[-71.311762,-39.12224],[-71.321854,-39.12713],[-71.327919,-39.131229],[-71.337574,-39.130595],[-71.342017,-39.129239],[-71.349532,-39.125678],[-71.357073,-39.119201],[-71.354238,-39.117039],[-71.357629,-39.11215]]]},"properties":{"fid":205,"SITE_ID":555587169,"SITE_PID":"555587169","SITE_TYPE":"PA","NAME_ENG":"Andino Norpatagónica","NAME":"Andino Norpatagónica","DESIG":"Reserva de la Biósfera","DESIG_ENG":"UNESCO-MAB Biosphere Reserve","DESIG_TYPE":"International","IUCN_CAT":"Not Applicable","INT_CRIT":"Not Applicable","REALM":"Terrestrial","REP_M_AREA":0,"GIS_M_AREA":0,"REP_AREA":22669,"GIS_AREA":23574.3192460995,"NO_TAKE":"Not Applicable","NO_TK_AREA":0,"STATUS":"Designated","STATUS_YR":2007,"GOV_TYPE":"Not Reported","GOVSUBTYPE":"Not Applicable","OWN_TYPE":"Not Reported","OWNSUBTYPE":"Not Applicable","MANG_AUTH":"Not Reported","MANG_PLAN":"Not Reported","VERIF":"State Verified","METADATAID":1852,"PRNT_ISO3":"ARG","ISO3":"ARG","SUPP_INFO":"Not Applicable","CONS_OBJ":"Not Applicable","INLND_WTRS":"Not Reported","OECM_ASMT":"Not Applicable","layer":"WDPA_W~1","path":"C:/DATAS/PRO/GIS/ARGENT~1/RAW/WDPA_W~1/WDPA_W~3/WDPA_W~1.SHP"}},
{"type":"Feature","geometry":{"type":"Polygon","coordinates":[[[-72.089286,-47.728123],[-72.076071,-47.548295],[-72.208639,-47.543773],[-72.215445,-47.633533],[-72.149056,-47.63582],[-72.155792,-47.726165],[-72.089286,-47.728123]]]},"properties":{"fid":206,"SITE_ID":555624152,"SITE_PID":"555624152","SITE_TYPE":"PA","NAME_ENG":"El Rincón","NAME":"El Rincón","DESIG":"Reserva Natural Silvestre","DESIG_ENG":"Wilderness Nature Reserve","DESIG_TYPE":"National","IUCN_CAT":"Ib","INT_CRIT":"Not Applicable","REALM":"Terrestrial","REP_M_AREA":0,"GIS_M_AREA":0,"REP_AREA":150,"GIS_AREA":150.005364833557,"NO_TAKE":"Not Applicable","NO_TK_AREA":0,"STATUS":"Designated","STATUS_YR":2016,"GOV_TYPE":"Federal or national ministry or agency","GOVSUBTYPE":"Not Applicable","OWN_TYPE":"Not Reported","OWNSUBTYPE":"Not Applicable","MANG_AUTH":"Administración de Parques Nacionales","MANG_PLAN":"https://sib.gob.ar/archivos/PG_PNPFPM.pdf","VERIF":"State Verified","METADATAID":1935,"PRNT_ISO3":"ARG","ISO3":"ARG","SUPP_INFO":"Not Applicable","CONS_OBJ":"Not Applicable","INLND_WTRS":"Not Reported","OECM_ASMT":"Not Applicable","layer":"WDPA_W~1","path":"C:/DATAS/PRO/GIS/ARGENT~1/RAW/WDPA_W~1/WDPA_W~3/WDPA_W~1.SHP"}},
{"type":"Feature","geometry":{"type":"Polygon","coordinates":[[[-59.396833,-29.100477],[-59.408047,-29.089751],[-59.427061,-29.10072],[-59.430717,-29.124854],[-59.499461,-29.168245],[-59.473621,-29.179946],[-59.45997,-29.159713],[-59.435105,-29.17629],[-59.380013,-29.158251],[-59.349541,-29.108521],[-59.359292,-29.095845],[-59.396833,-29.100477]]]},"properties":{"fid":207,"SITE_ID":555624153,"SITE_PID":"555624153","SITE_TYPE":"PA","NAME_ENG":"Isla El Tala","NAME":"Isla El Tala","DESIG":"Reserva Natural de la Defensa","DESIG_ENG":"Nature Reserve of Defense","DESIG_TYPE":"National","IUCN_CAT":"Not Reported","INT_CRIT":"Not Applicable","REALM":"Terrestrial","REP_M_AREA":0,"GIS_M_AREA":0,"REP_AREA":12,"GIS_AREA":69.2921040068716,"NO_TAKE":"Not Applicable","NO_TK_AREA":0,"STATUS":"Designated","STATUS_YR":2012,"GOV_TYPE":"Federal or national ministry or agency","GOVSUBTYPE":"Not Applicable","OWN_TYPE":"Not Reported","OWNSUBTYPE":"Not Applicable","MANG_AUTH":"Fuerza Áerea Argentina","MANG_PLAN":"Not Reported","VERIF":"State Verified","METADATAID":1935,"PRNT_ISO3":"ARG","ISO3":"ARG","SUPP_INFO":"Not Applicable","CONS_OBJ":"Not Applicable","INLND_WTRS":"Not Reported","OECM_ASMT":"Not Applicable","layer":"WDPA_W~1","path":"C:/DATAS/PRO/GIS/ARGENT~1/RAW/WDPA_W~1/WDPA_W~3/WDPA_W~1.SHP"}},
{"type":"Feature","geometry":{"type":"Polygon","coordinates":[[[-60.13623,-28.903503],[-60.236694,-28.887451],[-60.242188,-28.914062],[-60.140198,-28.924194],[-60.13623,-28.903503]]]},"properties":{"fid":208,"SITE_ID":555624154,"SITE_PID":"555624154","SITE_TYPE":"PA","NAME_ENG":"Campo Garabato","NAME":"Campo Garabato","DESIG":"Reserva Natural de la Defensa","DESIG_ENG":"Nature Reserve of Defense","DESIG_TYPE":"National","IUCN_CAT":"Not Reported","INT_CRIT":"Not Applicable","REALM":"Terrestrial","REP_M_AREA":0,"GIS_M_AREA":0,"REP_AREA":27,"GIS_AREA":26.5480387640529,"NO_TAKE":"Not Applicable","NO_TK_AREA":0,"STATUS":"Designated","STATUS_YR":2012,"GOV_TYPE":"Federal or national ministry or agency","GOVSUBTYPE":"Not Applicable","OWN_TYPE":"Not Reported","OWNSUBTYPE":"Not Applicable","MANG_AUTH":"Fuerza Áerea Argentina","MANG_PLAN":"Not Reported","VERIF":"State Verified","METADATAID":1935,"PRNT_ISO3":"ARG","ISO3":"ARG","SUPP_INFO":"Not Applicable","CONS_OBJ":"Not Applicable","INLND_WTRS":"Not Reported","OECM_ASMT":"Not Applicable","layer":"WDPA_W~1","path":"C:/DATAS/PRO/GIS/ARGENT~1/RAW/WDPA_W~1/WDPA_W~3/WDPA_W~1.SHP"}},
{"type":"Feature","geometry":{"type":"Polygon","coordinates":[[[-64.402898,-31.356543],[-64.422863,-31.356552],[-64.417182,-31.369834],[-64.428456,-31.363404],[-64.457959,-31.392598],[-64.424189,-31.453469],[-64.271335,-31.418799],[-64.267421,-31.396421],[-64.316104,-31.358554],[-64.350633,-31.370977],[-64.402898,-31.356543]]]},"properties":{"fid":209,"SITE_ID":555624155,"SITE_PID":"555624155","SITE_TYPE":"PA","NAME_ENG":"La Calera","NAME":"La Calera","DESIG":"Reserva Natural de la Defensa","DESIG_ENG":"Nature Reserve of Defense","DESIG_TYPE":"National","IUCN_CAT":"Not Reported","INT_CRIT":"Not Applicable","REALM":"Terrestrial","REP_M_AREA":0,"GIS_M_AREA":0,"REP_AREA":113.77,"GIS_AREA":136.225313622449,"NO_TAKE":"Not Applicable","NO_TK_AREA":0,"STATUS":"Designated","STATUS_YR":2009,"GOV_TYPE":"Federal or national ministry or agency","GOVSUBTYPE":"Not Applicable","OWN_TYPE":"Not Reported","OWNSUBTYPE":"Not Applicable","MANG_AUTH":"Ejercito Argentino","MANG_PLAN":"Not Reported","VERIF":"State Verified","METADATAID":1935,"PRNT_ISO3":"ARG","ISO3":"ARG","SUPP_INFO":"Not Applicable","CONS_OBJ":"Not Applicable","INLND_WTRS":"Not Reported","OECM_ASMT":"Not Applicable","layer":"WDPA_W~1","path":"C:/DATAS/PRO/GIS/ARGENT~1/RAW/WDPA_W~1/WDPA_W~3/WDPA_W~1.SHP"}},
{"type":"Feature","geometry":{"type":"MultiPolygon","coordinates":[[[[-54.446296,-25.748666],[-54.450443,-25.751545],[-54.392227,-25.75427],[-54.392157,-25.753537],[-54.392084,-25.751214],[-54.39934,-25.739538],[-54.401698,-25.736718],[-54.402973,-25.73543],[-54.403778,-25.732978],[-54.403707,-25.732124],[-54.402782,-25.728315],[-54.403021,-25.727153],[-54.405964,-25.722921],[-54.445042,-25.737517],[-54.445492,-25.737603],[-54.447019,-25.737907],[-54.447154,-25.73916],[-54.448381,-25.742446],[-54.446296,-25.748666]]],[[[-54.570056,-25.669579],[-54.578977,-25.657829],[-54.586854,-25.669458],[-54.652694,-25.669689],[-54.632361,-25.746904],[-54.601155,-25.747141],[-54.587809,-25.747649],[-54.575494,-25.748109],[-54.567063,-25.693582],[-54.564456,-25.676991],[-54.570056,-25.669579]]]]},"properties":{"fid":210,"SITE_ID":555624156,"SITE_PID":"555624156","SITE_TYPE":"PA","NAME_ENG":"Puerto Península","NAME":"Puerto Península","DESIG":"Reserva Natural de la Defensa","DESIG_ENG":"Nature Reserve of Defense","DESIG_TYPE":"National","IUCN_CAT":"Not Reported","INT_CRIT":"Not Applicable","REALM":"Terrestrial","REP_M_AREA":0,"GIS_M_AREA":0,"REP_AREA":88,"GIS_AREA":80.6149546135834,"NO_TAKE":"Not Applicable","NO_TK_AREA":0,"STATUS":"Designated","STATUS_YR":2008,"GOV_TYPE":"Federal or national ministry or agency","GOVSUBTYPE":"Not Applicable","OWN_TYPE":"Not Reported","OWNSUBTYPE":"Not Applicable","MANG_AUTH":"Ejercito Argentino","MANG_PLAN":"Not Reported","VERIF":"State Verified","METADATAID":1935,"PRNT_ISO3":"ARG","ISO3":"ARG","SUPP_INFO":"Not Applicable","CONS_OBJ":"Not Applicable","INLND_WTRS":"Not Reported","OECM_ASMT":"Not Applicable","layer":"WDPA_W~1","path":"C:/DATAS/PRO/GIS/ARGENT~1/RAW/WDPA_W~1/WDPA_W~3/WDPA_W~1.SHP"}},
{"type":"Feature","geometry":{"type":"Polygon","coordinates":[[[-57.417901,-37.742873],[-57.416681,-37.742425],[-57.415738,-37.741593],[-57.41503,-37.740969],[-57.407539,-37.73278],[-57.404042,-37.729695],[-57.401041,-37.726476],[-57.374767,-37.7041],[-57.379866,-37.698144],[-57.387614,-37.689133],[-57.389865,-37.686219],[-57.390952,-37.686037],[-57.391562,-37.685678],[-57.392178,-37.685241],[-57.392118,-37.684697],[-57.391955,-37.684224],[-57.393739,-37.683839],[-57.397091,-37.682811],[-57.401114,-37.682637],[-57.402711,-37.682442],[-57.405705,-37.682965],[-57.40676,-37.683241],[-57.408334,-37.683741],[-57.411727,-37.685607],[-57.42539,-37.69617],[-57.427865,-37.696959],[-57.428509,-37.734612],[-57.427282,-37.735409],[-57.42419,-37.735958],[-57.423239,-37.737397],[-57.422937,-37.738738],[-57.422677,-37.740705],[-57.421918,-37.742651],[-57.419883,-37.743156],[-57.417901,-37.742873]]]},"properties":{"fid":211,"SITE_ID":555624157,"SITE_PID":"555624157","SITE_TYPE":"PA","NAME_ENG":"Mar Chiquita - Dragones de Malvinas","NAME":"Mar Chiquita - Dragones de Malvinas","DESIG":"Reserva Natural de la Defensa","DESIG_ENG":"Nature Reserve of Defense","DESIG_TYPE":"National","IUCN_CAT":"Not Reported","INT_CRIT":"Not Applicable","REALM":"Terrestrial","REP_M_AREA":0,"GIS_M_AREA":0.484017876163193,"REP_AREA":17.53,"GIS_AREA":18.6153112558206,"NO_TAKE":"Not Applicable","NO_TK_AREA":0,"STATUS":"Designated","STATUS_YR":2009,"GOV_TYPE":"Federal or national ministry or agency","GOVSUBTYPE":"Not Applicable","OWN_TYPE":"Not Reported","OWNSUBTYPE":"Not Applicable","MANG_AUTH":"Fuerza Áerea Argentina","MANG_PLAN":"Not Reported","VERIF":"State Verified","METADATAID":1935,"PRNT_ISO3":"ARG","ISO3":"ARG","SUPP_INFO":"Not Applicable","CONS_OBJ":"Not Applicable","INLND_WTRS":"Not Reported","OECM_ASMT":"Not Applicable","layer":"WDPA_W~1","path":"C:/DATAS/PRO/GIS/ARGENT~1/RAW/WDPA_W~1/WDPA_W~3/WDPA_W~1.SHP"}},
{"type":"Feature","geometry":{"type":"Polygon","coordinates":[[[-61.695381,-38.966953],[-61.667227,-38.989426],[-61.665071,-38.990161],[-61.660977,-38.990419],[-61.659194,-38.990742],[-61.646566,-38.995495],[-61.639303,-38.983176],[-61.655784,-38.971512],[-61.680442,-38.954239],[-61.695381,-38.966953]]]},"properties":{"fid":212,"SITE_ID":555624158,"SITE_PID":"555624158","SITE_TYPE":"PA","NAME_ENG":"Baterías - Charles Darwin","NAME":"Baterías - Charles Darwin","DESIG":"Reserva Natural de la Defensa","DESIG_ENG":"Nature Reserve of Defense","DESIG_TYPE":"National","IUCN_CAT":"Not Reported","INT_CRIT":"Not Applicable","REALM":"Terrestrial","REP_M_AREA":0,"GIS_M_AREA":0.031434227065101,"REP_AREA":10,"GIS_AREA":10.1134245405107,"NO_TAKE":"Not Applicable","NO_TK_AREA":0,"STATUS":"Designated","STATUS_YR":2013,"GOV_TYPE":"Federal or national ministry or agency","GOVSUBTYPE":"Not Applicable","OWN_TYPE":"Not Reported","OWNSUBTYPE":"Not Applicable","MANG_AUTH":"Armada Argentina","MANG_PLAN":"Not Reported","VERIF":"State Verified","METADATAID":1935,"PRNT_ISO3":"ARG","ISO3":"ARG","SUPP_INFO":"Not Applicable","CONS_OBJ":"Not Applicable","INLND_WTRS":"Not Reported","OECM_ASMT":"Not Applicable","layer":"WDPA_W~1","path":"C:/DATAS/PRO/GIS/ARGENT~1/RAW/WDPA_W~1/WDPA_W~3/WDPA_W~1.SHP"}},
{"type":"Feature","geometry":{"type":"MultiPolygon","coordinates":[[[[-64.259443,-30.963003],[-64.271387,-30.963911],[-64.254772,-30.982311],[-64.26313,-30.997221],[-64.236567,-31.006418],[-64.232801,-30.977861],[-64.25563,-30.976904],[-64.259443,-30.963003]]],[[[-64.31193,-30.933344],[-64.346371,-30.940683],[-64.333092,-30.969604],[-64.263374,-30.997107],[-64.273008,-30.959133],[-64.299839,-30.958181],[-64.308132,-30.943642],[-64.283062,-30.954948],[-64.31193,-30.933344]]]]},"properties":{"fid":213,"SITE_ID":555624160,"SITE_PID":"555624160","SITE_TYPE":"PA","NAME_ENG":"Ascochinga","NAME":"Ascochinga","DESIG":"Reserva Natural de la Defensa","DESIG_ENG":"Nature Reserve of Defense","DESIG_TYPE":"National","IUCN_CAT":"Not Reported","INT_CRIT":"Not Applicable","REALM":"Terrestrial","REP_M_AREA":0,"GIS_M_AREA":0,"REP_AREA":33.89,"GIS_AREA":33.9733235486386,"NO_TAKE":"Not Applicable","NO_TK_AREA":0,"STATUS":"Designated","STATUS_YR":2014,"GOV_TYPE":"Federal or national ministry or agency","GOVSUBTYPE":"Not Applicable","OWN_TYPE":"Not Reported","OWNSUBTYPE":"Not Applicable","MANG_AUTH":"Fuerza Áerea Argentina","MANG_PLAN":"Not Reported","VERIF":"State Verified","METADATAID":1935,"PRNT_ISO3":"ARG","ISO3":"ARG","SUPP_INFO":"Not Applicable","CONS_OBJ":"Not Applicable","INLND_WTRS":"Not Reported","OECM_ASMT":"Not Applicable","layer":"WDPA_W~1","path":"C:/DATAS/PRO/GIS/ARGENT~1/RAW/WDPA_W~1/WDPA_W~3/WDPA_W~1.SHP"}},
{"type":"Feature","geometry":{"type":"Polygon","coordinates":[[[-64.102158,-42.251137],[-64.098336,-42.182967],[-64.140198,-42.195801],[-64.261902,-42.216309],[-64.306885,-42.221985],[-64.346497,-42.229309],[-64.368896,-42.234314],[-64.369995,-42.235596],[-64.373413,-42.235291],[-64.374817,-42.236206],[-64.376099,-42.237305],[-64.378784,-42.23761],[-64.310791,-42.252686],[-64.289978,-42.244324],[-64.275085,-42.247498],[-64.270508,-42.244507],[-64.271912,-42.243896],[-64.273682,-42.242126],[-64.272888,-42.240417],[-64.270203,-42.238708],[-64.255127,-42.239929],[-64.245789,-42.234009],[-64.230286,-42.245728],[-64.185181,-42.248901],[-64.157898,-42.23999],[-64.140381,-42.243713],[-64.138489,-42.242187],[-64.136597,-42.239075],[-64.131287,-42.239929],[-64.126282,-42.241089],[-64.121277,-42.243103],[-64.106689,-42.251892],[-64.102158,-42.251137]]]},"properties":{"fid":214,"SITE_ID":555624161,"SITE_PID":"555624161","SITE_TYPE":"PA","NAME_ENG":"Punta Buenos Aires","NAME":"Punta Buenos Aires","DESIG":"Reserva Natural de la Defensa","DESIG_ENG":"Nature Reserve of Defense","DESIG_TYPE":"National","IUCN_CAT":"Not Reported","INT_CRIT":"Not Applicable","REALM":"Terrestrial","REP_M_AREA":0,"GIS_M_AREA":1.60305185613494,"REP_AREA":75,"GIS_AREA":82.3982870928962,"NO_TAKE":"Not Applicable","NO_TK_AREA":0,"STATUS":"Designated","STATUS_YR":2008,"GOV_TYPE":"Federal or national ministry or agency","GOVSUBTYPE":"Not Applicable","OWN_TYPE":"Not Reported","OWNSUBTYPE":"Not Applicable","MANG_AUTH":"Armada Argentina","MANG_PLAN":"Not Reported","VERIF":"State Verified","METADATAID":1935,"PRNT_ISO3":"ARG","ISO3":"ARG","SUPP_INFO":"Not Applicable","CONS_OBJ":"Not Applicable","INLND_WTRS":"Not Reported","OECM_ASMT":"Not Applicable","layer":"WDPA_W~1","path":"C:/DATAS/PRO/GIS/ARGENT~1/RAW/WDPA_W~1/WDPA_W~3/WDPA_W~1.SHP"}},
{"type":"Feature","geometry":{"type":"Polygon","coordinates":[[[-60.83352,-31.819163],[-60.846856,-31.8114],[-60.863597,-31.83266],[-60.859696,-31.851761],[-60.913944,-31.947674],[-60.941177,-32.096595],[-60.924185,-32.122208],[-60.934812,-32.211945],[-60.907068,-32.255379],[-60.911065,-32.295718],[-60.844083,-32.365229],[-60.799108,-32.447308],[-60.800754,-32.548625],[-60.725928,-32.67669],[-60.721272,-32.674892],[-60.716956,-32.673995],[-60.716919,-32.674088],[-60.70715,-32.668495],[-60.703546,-32.666092],[-60.700199,-32.663439],[-60.690786,-32.654935],[-60.675421,-32.626928],[-60.60748,-32.625015],[-60.538107,-32.592434],[-60.5253,-32.581138],[-60.523048,-32.577966],[-60.52283,-32.57405],[-60.522426,-32.570122],[-60.521221,-32.566348],[-60.512982,-32.557258],[-60.512139,-32.553517],[-60.513962,-32.549907],[-60.515665,-32.546157],[-60.516535,-32.542464],[-60.513911,-32.53928],[-60.511476,-32.535965],[-60.509348,-32.532529],[-60.500256,-32.514765],[-60.494608,-32.48026],[-60.468064,-32.465692],[-60.477615,-32.435986],[-60.422571,-32.410529],[-60.478048,-32.367824],[-60.525669,-32.261224],[-60.571309,-32.227653],[-60.584164,-32.143666],[-60.619729,-32.127881],[-60.620625,-32.127741],[-60.621548,-32.127966],[-60.62262,-32.128338],[-60.623386,-32.128566],[-60.624647,-32.12958],[-60.629543,-32.128068],[-60.632379,-32.123079],[-60.634455,-32.121448],[-60.634849,-32.119992],[-60.63518,-32.119132],[-60.635846,-32.118126],[-60.640257,-32.115134],[-60.651167,-32.093796],[-60.6521,-32.067325],[-60.622619,-32.042372],[-60.627969,-32.023467],[-60.682936,-31.96022],[-60.72851,-31.959177],[-60.746749,-31.907868],[-60.723488,-31.869832],[-60.824943,-31.881015],[-60.83352,-31.819163]]]},"properties":{"fid":215,"SITE_ID":555624186,"SITE_PID":"555624186","SITE_TYPE":"PA","NAME_ENG":"Delta del Paraná","NAME":"Delta del Paraná","DESIG":"Sitio Ramsar, Humedal de Importancia Internacional","DESIG_ENG":"Wetland of International Importance (Ramsar Site)","DESIG_TYPE":"International","IUCN_CAT":"Not Reported","INT_CRIT":"(i);(ii);(iii);(iv);(vii);(viii)","REALM":"Terrestrial","REP_M_AREA":0,"GIS_M_AREA":0,"REP_AREA":2431.26,"GIS_AREA":2430.9788531444206,"NO_TAKE":"Not Applicable","NO_TK_AREA":0,"STATUS":"Designated","STATUS_YR":2015,"GOV_TYPE":"Not Reported","GOVSUBTYPE":"Not Applicable","OWN_TYPE":"Not Reported","OWNSUBTYPE":"Not Applicable","MANG_AUTH":"Not Reported","MANG_PLAN":"https://rsis.ramsar.org/ris/2255","VERIF":"State Verified","METADATAID":1852,"PRNT_ISO3":"ARG","ISO3":"ARG","SUPP_INFO":"Not Applicable","CONS_OBJ":"Not Applicable","INLND_WTRS":"Not Reported","OECM_ASMT":"Not Applicable","layer":"WDPA_W~1","path":"C:/DATAS/PRO/GIS/ARGENT~1/RAW/WDPA_W~1/WDPA_W~3/WDPA_W~1.SHP"}},
{"type":"Feature","geometry":{"type":"Polygon","coordinates":[[[-71.632768,-42.567609],[-71.636102,-42.564918],[-71.634864,-42.562781],[-71.641085,-42.559815],[-71.642491,-42.557793],[-71.647442,-42.558093],[-71.657715,-42.569926],[-71.662491,-42.576161],[-71.663107,-42.57794],[-72.054287,-42.567415],[-72.055852,-42.568881],[-72.056419,-42.569814],[-72.05647,-42.569884],[-72.056785,-42.570314],[-72.059017,-42.57108],[-72.06448,-42.572645],[-72.066398,-42.571451],[-72.068116,-42.569925],[-72.068298,-42.569671],[-72.070774,-42.567312],[-72.071543,-42.566982],[-72.072842,-42.566283],[-72.073441,-42.566116],[-72.074074,-42.566016],[-72.074965,-42.566206],[-72.075174,-42.566316],[-72.076373,-42.567149],[-72.076873,-42.567682],[-72.077239,-42.568215],[-72.077772,-42.568815],[-72.078272,-42.569081],[-72.078526,-42.569281],[-72.078738,-42.569448],[-72.079138,-42.569814],[-72.079926,-42.571612],[-72.07997,-42.571642],[-72.079983,-42.57166],[-72.080237,-42.572412],[-72.081403,-42.573512],[-72.083402,-42.575444],[-72.085201,-42.576776],[-72.087299,-42.579175],[-72.087799,-42.579608],[-72.088565,-42.580041],[-72.090497,-42.58064],[-72.092363,-42.58204],[-72.092963,-42.583272],[-72.092996,-42.583938],[-72.092829,-42.584438],[-72.092835,-42.584574],[-72.092863,-42.585171],[-72.093595,-42.585737],[-72.094128,-42.586237],[-72.095028,-42.586837],[-72.095918,-42.587339],[-72.09636,-42.587903],[-72.096387,-42.587947],[-72.097027,-42.589002],[-72.09716,-42.589368],[-72.096906,-42.589845],[-72.096893,-42.589868],[-72.096627,-42.590301],[-72.096567,-42.59039],[-72.096427,-42.590601],[-72.096094,-42.591001],[-72.096094,-42.591467],[-72.096113,-42.591641],[-72.096132,-42.591807],[-72.096194,-42.592366],[-72.096694,-42.592999],[-72.096927,-42.59311],[-72.098026,-42.593599],[-72.099255,-42.594324],[-72.100058,-42.594832],[-72.100661,-42.595442],[-72.101391,-42.596564],[-72.101624,-42.597163],[-72.10199,-42.59813],[-72.102024,-42.598171],[-72.10279,-42.599395],[-72.105445,-42.601355],[-72.107402,-42.601551],[-72.109798,-42.60185],[-72.11858,-42.603559],[-72.11808,-42.604026],[-72.117514,-42.604326],[-72.117014,-42.604725],[-72.116509,-42.605338],[-72.116182,-42.605733],[-72.115714,-42.606343],[-72.114656,-42.608061],[-72.114116,-42.609089],[-72.113916,-42.610322],[-72.113949,-42.611055],[-72.114149,-42.611754],[-72.114465,-42.612404],[-72.114516,-42.612557],[-72.114516,-42.61262],[-72.114516,-42.613187],[-72.113749,-42.614652],[-72.11345,-42.615185],[-72.113083,-42.615852],[-72.11305,-42.616385],[-72.113094,-42.616525],[-72.113183,-42.61681],[-72.113583,-42.617184],[-72.113949,-42.617517],[-72.114416,-42.619616],[-72.114682,-42.620316],[-72.114915,-42.621115],[-72.114915,-42.621715],[-72.114849,-42.622847],[-72.115066,-42.624254],[-72.115089,-42.62427],[-72.115448,-42.625479],[-72.115955,-42.625801],[-72.116648,-42.626312],[-72.116881,-42.626712],[-72.117081,-42.627511],[-72.117113,-42.627595],[-72.117314,-42.628111],[-72.117463,-42.628388],[-72.117547,-42.62861],[-72.11768,-42.62911],[-72.117547,-42.629277],[-72.117014,-42.62971],[-72.116311,-42.629805],[-72.115564,-42.630303],[-72.113692,-42.630902],[-72.11212,-42.630677],[-72.109274,-42.630303],[-72.107627,-42.630078],[-72.107387,-42.630078],[-72.105988,-42.62991],[-72.104056,-42.630078],[-72.103123,-42.630609],[-72.102723,-42.631109],[-72.101562,-42.632774],[-72.101125,-42.633366],[-72.100591,-42.63384],[-72.100191,-42.63424],[-72.099891,-42.63464],[-72.099991,-42.63514],[-72.099792,-42.635606],[-72.099758,-42.636406],[-72.099758,-42.637322],[-72.099391,-42.638015],[-72.097893,-42.638015],[-72.097219,-42.63967],[-72.095894,-42.641436],[-72.095861,-42.641502],[-72.096027,-42.642035],[-72.096029,-42.642036],[-72.09683,-42.642405],[-72.097594,-42.642732],[-72.099464,-42.643405],[-72.099525,-42.643434],[-72.100491,-42.644367],[-72.100791,-42.645033],[-72.101024,-42.645666],[-72.101157,-42.646333],[-72.101525,-42.646831],[-72.101622,-42.646963],[-72.103209,-42.647973],[-72.105905,-42.648198],[-72.106042,-42.648284],[-72.106887,-42.648698],[-72.107853,-42.649331],[-72.108419,-42.65003],[-72.109019,-42.650863],[-72.109273,-42.651395],[-72.109349,-42.651493],[-72.109342,-42.651996],[-72.109186,-42.652196],[-72.109019,-42.652362],[-72.109152,-42.653195],[-72.109585,-42.654061],[-72.109852,-42.654328],[-72.110603,-42.654647],[-72.111518,-42.655094],[-72.111917,-42.655227],[-72.113117,-42.656993],[-72.11355,-42.657859],[-72.113992,-42.658007],[-72.114735,-42.658416],[-72.115715,-42.658725],[-72.11788,-42.660424],[-72.118599,-42.661121],[-72.118946,-42.662489],[-72.119012,-42.66277],[-72.119079,-42.663055],[-72.119413,-42.663722],[-72.120212,-42.664321],[-72.121001,-42.666065],[-72.122344,-42.671179],[-72.122344,-42.671845],[-72.122541,-42.672981],[-72.122544,-42.673019],[-72.123218,-42.673393],[-72.126316,-42.672707],[-72.136454,-42.680842],[-72.141299,-42.681273],[-72.155723,-42.678141],[-72.16395,-42.677512],[-72.17158,-42.672178],[-72.178376,-42.689168],[-72.178609,-42.689767],[-72.178642,-42.690833],[-72.178142,-42.6912],[-72.177243,-42.691999],[-72.17681,-42.692466],[-72.176677,-42.692899],[-72.17671,-42.693498],[-72.179808,-42.696696],[-72.1798,-42.696862],[-72.179775,-42.697363],[-72.178142,-42.698329],[-72.174097,-42.701194],[-72.167183,-42.704991],[-72.157389,-42.705657],[-72.152122,-42.707187],[-72.151259,-42.708023],[-72.151026,-42.708655],[-72.151213,-42.709188],[-72.151259,-42.709322],[-72.138118,-42.71173],[-72.137568,-42.71252],[-72.1395,-42.717716],[-72.139267,-42.719116],[-72.136246,-42.727004],[-72.129373,-42.730608],[-72.128873,-42.730875],[-72.128407,-42.731375],[-72.128574,-42.732141],[-72.129063,-42.73255],[-72.135774,-42.737673],[-72.145896,-42.741102],[-72.146562,-42.741601],[-72.147062,-42.742134],[-72.146162,-42.7438],[-72.145007,-42.745049],[-72.144737,-42.745958],[-72.144597,-42.747631],[-72.145196,-42.74863],[-72.14533,-42.749263],[-72.14493,-42.750129],[-72.141862,-42.751788],[-72.136802,-42.753894],[-72.136335,-42.755356],[-72.13397,-42.758991],[-72.135336,-42.760789],[-72.135394,-42.761106],[-72.134759,-42.762163],[-72.134663,-42.762939],[-72.134403,-42.763454],[-72.134057,-42.7647],[-72.134337,-42.766552],[-72.134295,-42.768013],[-72.133204,-42.771649],[-72.133701,-42.772915],[-72.132144,-42.776191],[-72.131338,-42.777113],[-72.131352,-42.777199],[-72.131405,-42.777546],[-72.131572,-42.777979],[-72.135735,-42.780572],[-72.138634,-42.782076],[-72.140366,-42.782409],[-72.140832,-42.782993],[-72.140832,-42.783309],[-72.140779,-42.783733],[-72.140733,-42.784108],[-72.139734,-42.786321],[-72.1392,-42.786973],[-72.138634,-42.788172],[-72.138534,-42.790038],[-72.140723,-42.793905],[-72.143664,-42.796201],[-72.149275,-42.799259],[-72.151925,-42.798864],[-72.162219,-42.798433],[-72.164924,-42.798885],[-72.164924,-42.799484],[-72.164618,-42.800898],[-72.163918,-42.802163],[-72.162452,-42.804096],[-72.162086,-42.804962],[-72.162086,-42.805595],[-72.162175,-42.807193],[-72.16216,-42.807463],[-72.161953,-42.808426],[-72.161053,-42.810092],[-72.156356,-42.814656],[-72.155856,-42.816588],[-72.155725,-42.817048],[-72.15559,-42.817521],[-72.155973,-42.819727],[-72.156456,-42.820785],[-72.159383,-42.82355],[-72.159454,-42.824116],[-72.159383,-42.824208],[-72.159221,-42.824416],[-72.158755,-42.824883],[-72.159288,-42.826515],[-72.159237,-42.826818],[-72.159188,-42.827115],[-72.151321,-42.831902],[-72.150455,-42.832302],[-72.149989,-42.832568],[-72.149356,-42.833035],[-72.148256,-42.842362],[-72.146571,-42.845658],[-72.146691,-42.847725],[-72.146258,-42.848758],[-72.146291,-42.85079],[-72.146164,-42.851842],[-72.145991,-42.852189],[-72.135561,-42.85462],[-72.134632,-42.854621],[-72.134491,-42.854674],[-72.134099,-42.854821],[-72.132408,-42.854782],[-72.133232,-42.866747],[-72.133133,-42.868612],[-72.132999,-42.869645],[-72.121407,-42.876274],[-72.120836,-42.876708],[-72.119649,-42.877716],[-72.119371,-42.877969],[-72.116475,-42.884708],[-72.139529,-42.897228],[-72.140828,-42.899893],[-72.140828,-42.900392],[-72.140817,-42.900707],[-72.140794,-42.901325],[-72.140628,-42.902225],[-72.140195,-42.903057],[-72.132333,-42.908254],[-72.131847,-42.908551],[-72.131733,-42.908621],[-72.131134,-42.90892],[-72.129901,-42.910753],[-72.130734,-42.912385],[-72.130701,-42.912984],[-72.119025,-42.920001],[-72.116049,-42.923314],[-72.115375,-42.923595],[-72.11432,-42.924064],[-72.112379,-42.924544],[-72.112246,-42.924777],[-72.116442,-42.936005],[-72.115375,-42.936735],[-72.114926,-42.937521],[-72.106334,-42.939487],[-72.106314,-42.939484],[-72.104584,-42.939068],[-72.103984,-42.939002],[-72.103618,-42.939002],[-72.103318,-42.939335],[-72.103301,-42.941845],[-72.103179,-42.942311],[-72.102948,-42.943022],[-72.097122,-42.943066],[-72.096456,-42.943066],[-72.095989,-42.943266],[-72.095652,-42.943754],[-72.09479,-42.944365],[-72.092564,-42.947188],[-72.092083,-42.94974],[-72.091992,-42.950561],[-72.091659,-42.951294],[-72.090543,-42.95238],[-72.087771,-42.95382],[-72.085063,-42.954359],[-72.082098,-42.949895],[-72.078667,-42.949595],[-72.073731,-42.94996],[-72.072506,-42.950274],[-72.07084,-42.952568],[-72.069897,-42.954862],[-72.070023,-42.956151],[-72.06952,-42.95747],[-72.066472,-42.959293],[-72.065215,-42.959387],[-72.063927,-42.959607],[-72.063612,-42.960173],[-72.063899,-42.960825],[-72.064254,-42.961405],[-72.063352,-42.963693],[-72.058487,-42.971264],[-72.059067,-42.9731],[-72.057327,-42.974389],[-72.055974,-42.975227],[-72.054482,-42.976212],[-72.056811,-42.981863],[-72.056103,-42.983152],[-72.055405,-42.984519],[-72.048725,-42.98618],[-72.043731,-42.98995],[-72.040138,-43.002262],[-72.040425,-43.003301],[-72.037393,-43.011229],[-72.036627,-43.013261],[-72.035413,-43.014067],[-72.033783,-43.014839],[-72.029607,-43.014367],[-72.022902,-43.016793],[-72.017772,-43.021523],[-72.016606,-43.024255],[-72.008911,-43.032183],[-72.00518,-43.035148],[-72.002715,-43.037646],[-71.998422,-43.038734],[-71.996652,-43.038679],[-71.995486,-43.037613],[-71.994634,-43.036767],[-71.990728,-43.03518],[-71.982561,-43.035714],[-71.981728,-43.035981],[-71.980196,-43.036947],[-71.980462,-43.039778],[-71.979529,-43.043742],[-71.978364,-43.045774],[-71.976631,-43.045708],[-71.973866,-43.045808],[-71.9732,-43.046008],[-71.971801,-43.045408],[-71.964774,-43.040149],[-71.958494,-43.040542],[-71.952076,-43.044651],[-71.945636,-43.045777],[-71.939573,-43.052606],[-71.937508,-43.053106],[-71.935828,-43.054219],[-71.935808,-43.066327],[-71.937075,-43.06833],[-71.934243,-43.080222],[-71.934671,-43.081363],[-71.937241,-43.083854],[-71.939406,-43.086952],[-71.940951,-43.089206],[-71.941072,-43.090649],[-71.941135,-43.091381],[-71.941763,-43.091913],[-71.942008,-43.091967],[-71.943137,-43.092348],[-71.943533,-43.092521],[-71.933577,-43.101742],[-71.933377,-43.102342],[-71.931811,-43.102509],[-71.928458,-43.101739],[-71.922576,-43.101012],[-71.893169,-43.107072],[-71.890637,-43.1156],[-71.889005,-43.124561],[-71.888139,-43.126194],[-71.886373,-43.127026],[-71.881818,-43.127013],[-71.880666,-43.127723],[-71.879912,-43.12708],[-71.878368,-43.12627],[-71.875507,-43.125212],[-71.874268,-43.123733],[-71.873047,-43.120994],[-71.868265,-43.116193],[-71.866884,-43.110342],[-71.847567,-43.089104],[-71.84338,-43.081721],[-71.830115,-43.041267],[-71.82347,-43.039436],[-71.804557,-43.035061],[-71.765001,-43.022584],[-71.72368,-42.976962],[-71.722455,-42.9576],[-71.661082,-42.955476],[-71.61374,-42.888087],[-71.611495,-42.887069],[-71.597683,-42.883616],[-71.605613,-42.861268],[-71.603649,-42.855371],[-71.60388,-42.853981],[-71.612272,-42.827748],[-71.618747,-42.823147],[-71.62364,-42.822714],[-71.651095,-42.812288],[-71.660843,-42.807776],[-71.668355,-42.805467],[-71.673134,-42.805276],[-71.681895,-42.808491],[-71.688547,-42.811455],[-71.704971,-42.816121],[-71.716923,-42.81476],[-71.717181,-42.807029],[-71.734953,-42.777169],[-71.735746,-42.768335],[-71.739088,-42.765725],[-71.751434,-42.754953],[-71.741373,-42.728848],[-71.738378,-42.723344],[-71.732893,-42.722326],[-71.725645,-42.716758],[-71.724793,-42.710305],[-71.719104,-42.699736],[-71.714911,-42.691326],[-71.709708,-42.692989],[-71.705972,-42.690508],[-71.708402,-42.687712],[-71.697561,-42.672421],[-71.689779,-42.667346],[-71.688365,-42.667005],[-71.678461,-42.666439],[-71.675145,-42.661274],[-71.671565,-42.65466],[-71.674734,-42.637973],[-71.673389,-42.632686],[-71.66063,-42.621264],[-71.658987,-42.620147],[-71.645295,-42.606864],[-71.645234,-42.605294],[-71.642875,-42.59723],[-71.641733,-42.588601],[-71.644285,-42.582061],[-71.643376,-42.580115],[-71.641797,-42.578231],[-71.640794,-42.576912],[-71.640075,-42.576309],[-71.637403,-42.572743],[-71.635874,-42.570996],[-71.634098,-42.570457],[-71.633625,-42.569069],[-71.632908,-42.56832],[-71.632768,-42.567609]]]},"properties":{"fid":216,"SITE_ID":555624858,"SITE_PID":"555624858","SITE_TYPE":"PA","NAME_ENG":"Los Alerces National Park","NAME":"Parque Nacional Los Alerces","DESIG":"Sitio Patrimonio de la Humanidad (natural o mixto)","DESIG_ENG":"World Heritage Site (natural or mixed)","DESIG_TYPE":"International","IUCN_CAT":"Not Applicable","INT_CRIT":"(vii);(x)","REALM":"Terrestrial","REP_M_AREA":0,"GIS_M_AREA":0,"REP_AREA":1883.79,"GIS_AREA":1884.16597436111,"NO_TAKE":"Not Applicable","NO_TK_AREA":0,"STATUS":"Inscribed","STATUS_YR":2017,"GOV_TYPE":"Federal or national ministry or agency","GOVSUBTYPE":"Not Applicable","OWN_TYPE":"Not Reported","OWNSUBTYPE":"Not Applicable","MANG_AUTH":"Not Reported","MANG_PLAN":"Not Reported","VERIF":"State Verified","METADATAID":946,"PRNT_ISO3":"ARG","ISO3":"ARG","SUPP_INFO":"Not Applicable","CONS_OBJ":"Not Applicable","INLND_WTRS":"Not Reported","OECM_ASMT":"Not Applicable","layer":"WDPA_W~1","path":"C:/DATAS/PRO/GIS/ARGENT~1/RAW/WDPA_W~1/WDPA_W~3/WDPA_W~1.SHP"}},
{"type":"Feature","geometry":{"type":"MultiPolygon","coordinates":[[[[-63.756678,-25.124557],[-63.865321,-25.112552],[-63.859554,-25.134937],[-63.756678,-25.124557]]],[[[-63.741673,-25.18618],[-63.806797,-25.162706],[-63.803476,-25.180126],[-63.741673,-25.18618]]],[[[-63.75369,-25.001913],[-63.819953,-25.009965],[-63.822358,-25.023434],[-63.759493,-25.032131],[-63.75369,-25.001913]]],[[[-63.598625,-25.301947],[-63.598567,-25.290087],[-63.62928,-25.289959],[-63.629267,-25.301955],[-63.598625,-25.301947]]],[[[-63.59803,-25.246667],[-63.638977,-25.253272],[-63.603109,-25.263928],[-63.59803,-25.246667]]],[[[-63.599748,-25.217042],[-63.619713,-25.216757],[-63.619565,-25.231532],[-63.568078,-25.231603],[-63.599652,-25.227886],[-63.599748,-25.217042]]],[[[-63.599427,-25.145449],[-63.599039,-25.128499],[-63.700927,-25.132939],[-63.702503,-25.147505],[-63.599427,-25.145449]]],[[[-63.692875,-25.087924],[-63.690663,-25.071156],[-63.76416,-25.059281],[-63.766121,-25.089492],[-63.692875,-25.087924]]],[[[-63.768254,-25.082857],[-63.877189,-25.065685],[-63.867243,-25.104648],[-63.795573,-25.112275],[-63.762927,-25.101817],[-63.768254,-25.082857]]]]},"properties":{"fid":217,"SITE_ID":555626116,"SITE_PID":"555626116","SITE_TYPE":"PA","NAME_ENG":"Inversora Juramento","NAME":"Inversora Juramento","DESIG":"Reserva Privada","DESIG_ENG":"Private Reserve","DESIG_TYPE":"National","IUCN_CAT":"VI","INT_CRIT":"Not Applicable","REALM":"Terrestrial","REP_M_AREA":0,"GIS_M_AREA":0,"REP_AREA":140.89,"GIS_AREA":126.390970219507,"NO_TAKE":"Not Applicable","NO_TK_AREA":0,"STATUS":"Designated","STATUS_YR":2015,"GOV_TYPE":"Not Reported","GOVSUBTYPE":"Not Applicable","OWN_TYPE":"Not Reported","OWNSUBTYPE":"Not Applicable","MANG_AUTH":"Not Reported","MANG_PLAN":"Not Reported","VERIF":"State Verified","METADATAID":1852,"PRNT_ISO3":"ARG","ISO3":"ARG","SUPP_INFO":"Not Applicable","CONS_OBJ":"Not Applicable","INLND_WTRS":"Not Reported","OECM_ASMT":"Not Applicable","layer":"WDPA_W~1","path":"C:/DATAS/PRO/GIS/ARGENT~1/RAW/WDPA_W~1/WDPA_W~3/WDPA_W~1.SHP"}},
{"type":"Feature","geometry":{"type":"Polygon","coordinates":[[[-64.764512,-24.632987],[-64.822705,-24.635411],[-64.787133,-24.698534],[-64.80537,-24.754825],[-64.76874,-24.736043],[-64.775839,-24.711793],[-64.753457,-24.661171],[-64.764512,-24.632987]]]},"properties":{"fid":218,"SITE_ID":555626118,"SITE_PID":"555626118","SITE_TYPE":"PA","NAME_ENG":"Garrapata","NAME":"Garrapata","DESIG":"Reserva Natural Privada","DESIG_ENG":"Private Nature Reserve","DESIG_TYPE":"National","IUCN_CAT":"VI","INT_CRIT":"Not Applicable","REALM":"Terrestrial","REP_M_AREA":0,"GIS_M_AREA":0,"REP_AREA":48.11,"GIS_AREA":43.5266745394813,"NO_TAKE":"Not Applicable","NO_TK_AREA":0,"STATUS":"Designated","STATUS_YR":2015,"GOV_TYPE":"Not Reported","GOVSUBTYPE":"Not Applicable","OWN_TYPE":"Not Reported","OWNSUBTYPE":"Not Applicable","MANG_AUTH":"Not Reported","MANG_PLAN":"Not Reported","VERIF":"State Verified","METADATAID":1852,"PRNT_ISO3":"ARG","ISO3":"ARG","SUPP_INFO":"Not Applicable","CONS_OBJ":"Not Applicable","INLND_WTRS":"Not Reported","OECM_ASMT":"Not Applicable","layer":"WDPA_W~1","path":"C:/DATAS/PRO/GIS/ARGENT~1/RAW/WDPA_W~1/WDPA_W~3/WDPA_W~1.SHP"}},
{"type":"Feature","geometry":{"type":"Polygon","coordinates":[[[-61.081292,-33.793164],[-60.972614,-33.691262],[-61.041856,-33.601533],[-61.073697,-33.530005],[-61.136672,-33.56062],[-61.264873,-33.600968],[-61.268095,-33.601681],[-61.282027,-33.604093],[-61.295854,-33.606488],[-61.243146,-33.674645],[-61.316813,-33.713755],[-61.381791,-33.748818],[-61.474148,-33.798384],[-61.455312,-33.822755],[-61.364449,-33.804274],[-61.361599,-33.803046],[-61.359436,-33.801781],[-61.357251,-33.80043],[-61.354412,-33.799641],[-61.351721,-33.799776],[-61.350992,-33.80005],[-61.350205,-33.800402],[-61.337591,-33.807318],[-61.24916,-33.814331],[-61.184691,-33.870045],[-61.157447,-33.864462],[-61.081292,-33.793164]]]},"properties":{"fid":219,"SITE_ID":555626120,"SITE_PID":"555626120","SITE_TYPE":"PA","NAME_ENG":"Arroyo Sauce-Pavón","NAME":"Arroyo Sauce-Pavón","DESIG":"Reserva Hídrica Natural","DESIG_ENG":"Natural Water Reserve","DESIG_TYPE":"National","IUCN_CAT":"Not Reported","INT_CRIT":"Not Applicable","REALM":"Terrestrial","REP_M_AREA":0,"GIS_M_AREA":0,"REP_AREA":0,"GIS_AREA":803.323899218245,"NO_TAKE":"Not Applicable","NO_TK_AREA":0,"STATUS":"Designated","STATUS_YR":0,"GOV_TYPE":"Not Reported","GOVSUBTYPE":"Not Applicable","OWN_TYPE":"Not Reported","OWNSUBTYPE":"Not Applicable","MANG_AUTH":"Not Reported","MANG_PLAN":"Not Reported","VERIF":"State Verified","METADATAID":1852,"PRNT_ISO3":"ARG","ISO3":"ARG","SUPP_INFO":"Not Applicable","CONS_OBJ":"Not Applicable","INLND_WTRS":"Not Reported","OECM_ASMT":"Not Applicable","layer":"WDPA_W~1","path":"C:/DATAS/PRO/GIS/ARGENT~1/RAW/WDPA_W~1/WDPA_W~3/WDPA_W~1.SHP"}},
{"type":"Feature","geometry":{"type":"Polygon","coordinates":[[[-61.399611,-31.990043],[-61.395916,-31.974687],[-61.415946,-31.971076],[-61.43247,-32.036754],[-61.408506,-32.040946],[-61.399611,-31.990043]]]},"properties":{"fid":220,"SITE_ID":555626121,"SITE_PID":"555626121","SITE_TYPE":"PA","NAME_ENG":"Federico Wildermuth","NAME":"Federico Wildermuth","DESIG":"Reserva Privada de Uso Múltiple","DESIG_ENG":"Private Multiple Use Reserve","DESIG_TYPE":"National","IUCN_CAT":"VI","INT_CRIT":"Not Applicable","REALM":"Terrestrial","REP_M_AREA":0,"GIS_M_AREA":0,"REP_AREA":16.24,"GIS_AREA":16.4807365326099,"NO_TAKE":"Not Applicable","NO_TK_AREA":0,"STATUS":"Designated","STATUS_YR":2014,"GOV_TYPE":"Not Reported","GOVSUBTYPE":"Not Applicable","OWN_TYPE":"Not Reported","OWNSUBTYPE":"Not Applicable","MANG_AUTH":"Not Reported","MANG_PLAN":"Not Reported","VERIF":"State Verified","METADATAID":1852,"PRNT_ISO3":"ARG","ISO3":"ARG","SUPP_INFO":"Not Applicable","CONS_OBJ":"Not Applicable","INLND_WTRS":"Not Reported","OECM_ASMT":"Not Applicable","layer":"WDPA_W~1","path":"C:/DATAS/PRO/GIS/ARGENT~1/RAW/WDPA_W~1/WDPA_W~3/WDPA_W~1.SHP"}},
{"type":"Feature","geometry":{"type":"Polygon","coordinates":[[[-61.016971,-28.709426],[-61.144279,-28.689974],[-61.17484,-28.847743],[-61.048705,-28.866558],[-61.016971,-28.709426]]]},"properties":{"fid":221,"SITE_ID":555626122,"SITE_PID":"555626122","SITE_TYPE":"PA","NAME_ENG":"Isleta Linda","NAME":"Isleta Linda","DESIG":"Reserva Privada de Uso Múltiple","DESIG_ENG":"Private Multiple Use Reserve","DESIG_TYPE":"National","IUCN_CAT":"VI","INT_CRIT":"Not Applicable","REALM":"Terrestrial","REP_M_AREA":0,"GIS_M_AREA":0,"REP_AREA":22.154,"GIS_AREA":222.381009629087,"NO_TAKE":"Not Applicable","NO_TK_AREA":0,"STATUS":"Designated","STATUS_YR":2010,"GOV_TYPE":"Not Reported","GOVSUBTYPE":"Not Applicable","OWN_TYPE":"Not Reported","OWNSUBTYPE":"Not Applicable","MANG_AUTH":"Not Reported","MANG_PLAN":"Not Reported","VERIF":"State Verified","METADATAID":1852,"PRNT_ISO3":"ARG","ISO3":"ARG","SUPP_INFO":"Not Applicable","CONS_OBJ":"Not Applicable","INLND_WTRS":"Not Reported","OECM_ASMT":"Not Applicable","layer":"WDPA_W~1","path":"C:/DATAS/PRO/GIS/ARGENT~1/RAW/WDPA_W~1/WDPA_W~3/WDPA_W~1.SHP"}},
{"type":"Feature","geometry":{"type":"Polygon","coordinates":[[[-60.212722,-29.288167],[-60.240222,-29.283917],[-60.252972,-29.350333],[-60.225555,-29.35425],[-60.212722,-29.288167]]]},"properties":{"fid":222,"SITE_ID":555626123,"SITE_PID":"555626123","SITE_TYPE":"PA","NAME_ENG":"Potrero 7b","NAME":"Potrero 7b","DESIG":"Reserva Natural Manejada","DESIG_ENG":"Nature Reserve","DESIG_TYPE":"National","IUCN_CAT":"IV","INT_CRIT":"Not Applicable","REALM":"Terrestrial","REP_M_AREA":0,"GIS_M_AREA":0,"REP_AREA":20,"GIS_AREA":20.1485694251315,"NO_TAKE":"Not Applicable","NO_TK_AREA":0,"STATUS":"Designated","STATUS_YR":1992,"GOV_TYPE":"Not Reported","GOVSUBTYPE":"Not Applicable","OWN_TYPE":"Not Reported","OWNSUBTYPE":"Not Applicable","MANG_AUTH":"Not Reported","MANG_PLAN":"Not Reported","VERIF":"State Verified","METADATAID":1852,"PRNT_ISO3":"ARG","ISO3":"ARG","SUPP_INFO":"Not Applicable","CONS_OBJ":"Not Applicable","INLND_WTRS":"Not Reported","OECM_ASMT":"Not Applicable","layer":"WDPA_W~1","path":"C:/DATAS/PRO/GIS/ARGENT~1/RAW/WDPA_W~1/WDPA_W~3/WDPA_W~1.SHP"}},
{"type":"Feature","geometry":{"type":"Polygon","coordinates":[[[-62.064106,-33.309031],[-62.314974,-33.640461],[-62.294314,-33.655949],[-62.013979,-33.705803],[-61.997401,-33.722689],[-61.512013,-33.46129],[-61.535237,-33.434213],[-61.79446,-33.351131],[-62.064106,-33.309031]]]},"properties":{"fid":223,"SITE_ID":555626124,"SITE_PID":"555626124","SITE_TYPE":"PA","NAME_ENG":"Arroyo Saladillo","NAME":"Arroyo Saladillo","DESIG":"Reserva Hídrica Natural","DESIG_ENG":"Reserva Hídrica Natural","DESIG_TYPE":"National","IUCN_CAT":"VI","INT_CRIT":"Not Applicable","REALM":"Terrestrial","REP_M_AREA":0,"GIS_M_AREA":0,"REP_AREA":1894,"GIS_AREA":1883.81027075226,"NO_TAKE":"Not Applicable","NO_TK_AREA":0,"STATUS":"Designated","STATUS_YR":2015,"GOV_TYPE":"Not Reported","GOVSUBTYPE":"Not Applicable","OWN_TYPE":"Not Reported","OWNSUBTYPE":"Not Applicable","MANG_AUTH":"Not Reported","MANG_PLAN":"Not Reported","VERIF":"State Verified","METADATAID":1852,"PRNT_ISO3":"ARG","ISO3":"ARG","SUPP_INFO":"Not Applicable","CONS_OBJ":"Not Applicable","INLND_WTRS":"Not Reported","OECM_ASMT":"Not Applicable","layer":"WDPA_W~1","path":"C:/DATAS/PRO/GIS/ARGENT~1/RAW/WDPA_W~1/WDPA_W~3/WDPA_W~1.SHP"}},
{"type":"Feature","geometry":{"type":"Polygon","coordinates":[[[-60.264528,-28.803306],[-60.314444,-28.784389],[-60.333417,-28.821555],[-60.264528,-28.826722],[-60.264528,-28.803306]]]},"properties":{"fid":224,"SITE_ID":555626125,"SITE_PID":"555626125","SITE_TYPE":"PA","NAME_ENG":"La Loca","NAME":"La Loca","DESIG":"Reserva Natural","DESIG_ENG":"Nature Reserve","DESIG_TYPE":"National","IUCN_CAT":"VI","INT_CRIT":"Not Applicable","REALM":"Terrestrial","REP_M_AREA":0,"GIS_M_AREA":0,"REP_AREA":21.69,"GIS_AREA":21.7538455672925,"NO_TAKE":"Not Applicable","NO_TK_AREA":0,"STATUS":"Designated","STATUS_YR":1969,"GOV_TYPE":"Not Reported","GOVSUBTYPE":"Not Applicable","OWN_TYPE":"Not Reported","OWNSUBTYPE":"Not Applicable","MANG_AUTH":"Not Reported","MANG_PLAN":"Not Reported","VERIF":"State Verified","METADATAID":1852,"PRNT_ISO3":"ARG","ISO3":"ARG","SUPP_INFO":"Not Applicable","CONS_OBJ":"Not Applicable","INLND_WTRS":"Not Reported","OECM_ASMT":"Not Applicable","layer":"WDPA_W~1","path":"C:/DATAS/PRO/GIS/ARGENT~1/RAW/WDPA_W~1/WDPA_W~3/WDPA_W~1.SHP"}},
{"type":"Feature","geometry":{"type":"Polygon","coordinates":[[[-60.997894,-30.194756],[-60.989014,-30.1554],[-61.017745,-30.151218],[-61.02736,-30.200789],[-61.007017,-30.206778],[-60.997894,-30.194756]]]},"properties":{"fid":225,"SITE_ID":555626126,"SITE_PID":"555626126","SITE_TYPE":"PA","NAME_ENG":"El Fisco","NAME":"El Fisco","DESIG":"Reserva Natural Manejada","DESIG_ENG":"Managed Nature Reserve","DESIG_TYPE":"National","IUCN_CAT":"VI","INT_CRIT":"Not Applicable","REALM":"Terrestrial","REP_M_AREA":0,"GIS_M_AREA":0,"REP_AREA":15.74,"GIS_AREA":15.9318139098843,"NO_TAKE":"Not Applicable","NO_TK_AREA":0,"STATUS":"Designated","STATUS_YR":2008,"GOV_TYPE":"Not Reported","GOVSUBTYPE":"Not Applicable","OWN_TYPE":"Not Reported","OWNSUBTYPE":"Not Applicable","MANG_AUTH":"Not Reported","MANG_PLAN":"Not Reported","VERIF":"State Verified","METADATAID":1852,"PRNT_ISO3":"ARG","ISO3":"ARG","SUPP_INFO":"Not Applicable","CONS_OBJ":"Not Applicable","INLND_WTRS":"Not Reported","OECM_ASMT":"Not Applicable","layer":"WDPA_W~1","path":"C:/DATAS/PRO/GIS/ARGENT~1/RAW/WDPA_W~1/WDPA_W~3/WDPA_W~1.SHP"}},
{"type":"Feature","geometry":{"type":"Polygon","coordinates":[[[-60.658186,-31.319379],[-60.659681,-31.342737],[-60.622494,-31.35048],[-60.608662,-31.330541],[-60.658186,-31.319379]]]},"properties":{"fid":226,"SITE_ID":555626127,"SITE_PID":"555626127","SITE_TYPE":"PA","NAME_ENG":"Estancia Santa Catalina","NAME":"Estancia Santa Catalina","DESIG":"Reserva Privada de Uso Múltiple","DESIG_ENG":"Private Multiple Use Reserve","DESIG_TYPE":"National","IUCN_CAT":"VI","INT_CRIT":"Not Applicable","REALM":"Terrestrial","REP_M_AREA":0,"GIS_M_AREA":0,"REP_AREA":17.73,"GIS_AREA":10.1432176641208,"NO_TAKE":"Not Applicable","NO_TK_AREA":0,"STATUS":"Designated","STATUS_YR":2014,"GOV_TYPE":"Not Reported","GOVSUBTYPE":"Not Applicable","OWN_TYPE":"Not Reported","OWNSUBTYPE":"Not Applicable","MANG_AUTH":"Not Reported","MANG_PLAN":"Not Reported","VERIF":"State Verified","METADATAID":1852,"PRNT_ISO3":"ARG","ISO3":"ARG","SUPP_INFO":"Not Applicable","CONS_OBJ":"Not Applicable","INLND_WTRS":"Not Reported","OECM_ASMT":"Not Applicable","layer":"WDPA_W~1","path":"C:/DATAS/PRO/GIS/ARGENT~1/RAW/WDPA_W~1/WDPA_W~3/WDPA_W~1.SHP"}},
{"type":"Feature","geometry":{"type":"Polygon","coordinates":[[[-60.161383,-31.207141],[-60.167027,-31.221226],[-60.153291,-31.216298],[-60.161383,-31.207141]]]},"properties":{"fid":227,"SITE_ID":555626128,"SITE_PID":"555626128","SITE_TYPE":"PA","NAME_ENG":"Santa Fe la Vieja","NAME":"Santa Fe la Vieja","DESIG":"Parque Arqueológico","DESIG_ENG":"Archaeological Park","DESIG_TYPE":"National","IUCN_CAT":"VI","INT_CRIT":"Not Applicable","REALM":"Terrestrial","REP_M_AREA":0,"GIS_M_AREA":0,"REP_AREA":0.69,"GIS_AREA":0.980322655644349,"NO_TAKE":"Not Applicable","NO_TK_AREA":0,"STATUS":"Designated","STATUS_YR":1970,"GOV_TYPE":"Not Reported","GOVSUBTYPE":"Not Applicable","OWN_TYPE":"Not Reported","OWNSUBTYPE":"Not Applicable","MANG_AUTH":"Not Reported","MANG_PLAN":"Not Reported","VERIF":"State Verified","METADATAID":1852,"PRNT_ISO3":"ARG","ISO3":"ARG","SUPP_INFO":"Not Applicable","CONS_OBJ":"Not Applicable","INLND_WTRS":"Not Reported","OECM_ASMT":"Not Applicable","layer":"WDPA_W~1","path":"C:/DATAS/PRO/GIS/ARGENT~1/RAW/WDPA_W~1/WDPA_W~3/WDPA_W~1.SHP"}},
{"type":"Feature","geometry":{"type":"Polygon","coordinates":[[[-60.628269,-30.798977],[-60.648908,-30.795628],[-60.649033,-30.796248],[-60.628269,-30.798977]]]},"properties":{"fid":228,"SITE_ID":555626129,"SITE_PID":"555626129","SITE_TYPE":"PA","NAME_ENG":"San Justo","NAME":"San Justo","DESIG":"Reserva Municipal","DESIG_ENG":"Municipal Reserve","DESIG_TYPE":"National","IUCN_CAT":"II","INT_CRIT":"Not Applicable","REALM":"Terrestrial","REP_M_AREA":0,"GIS_M_AREA":0,"REP_AREA":0.2,"GIS_AREA":0.140139493415064,"NO_TAKE":"Not Applicable","NO_TK_AREA":0,"STATUS":"Designated","STATUS_YR":1991,"GOV_TYPE":"Not Reported","GOVSUBTYPE":"Not Applicable","OWN_TYPE":"Not Reported","OWNSUBTYPE":"Not Applicable","MANG_AUTH":"Not Reported","MANG_PLAN":"Not Reported","VERIF":"State Verified","METADATAID":1852,"PRNT_ISO3":"ARG","ISO3":"ARG","SUPP_INFO":"Not Applicable","CONS_OBJ":"Not Applicable","INLND_WTRS":"Not Reported","OECM_ASMT":"Not Applicable","layer":"WDPA_W~1","path":"C:/DATAS/PRO/GIS/ARGENT~1/RAW/WDPA_W~1/WDPA_W~3/WDPA_W~1.SHP"}},
{"type":"Feature","geometry":{"type":"Polygon","coordinates":[[[-60.910563,-31.383187],[-60.922052,-31.380768],[-60.914974,-31.388914],[-60.910563,-31.383187]]]},"properties":{"fid":229,"SITE_ID":555626130,"SITE_PID":"555626130","SITE_TYPE":"PA","NAME_ENG":"Granja Esperanza","NAME":"Granja Esperanza","DESIG":"Reserva Universitaria de Recursos","DESIG_ENG":"University Resource Reserve","DESIG_TYPE":"National","IUCN_CAT":"VI","INT_CRIT":"Not Applicable","REALM":"Terrestrial","REP_M_AREA":0,"GIS_M_AREA":0,"REP_AREA":0.33,"GIS_AREA":0.654061394943634,"NO_TAKE":"Not Applicable","NO_TK_AREA":0,"STATUS":"Designated","STATUS_YR":1979,"GOV_TYPE":"Not Reported","GOVSUBTYPE":"Not Applicable","OWN_TYPE":"Not Reported","OWNSUBTYPE":"Not Applicable","MANG_AUTH":"Not Reported","MANG_PLAN":"Not Reported","VERIF":"State Verified","METADATAID":1852,"PRNT_ISO3":"ARG","ISO3":"ARG","SUPP_INFO":"Not Applicable","CONS_OBJ":"Not Applicable","INLND_WTRS":"Not Reported","OECM_ASMT":"Not Applicable","layer":"WDPA_W~1","path":"C:/DATAS/PRO/GIS/ARGENT~1/RAW/WDPA_W~1/WDPA_W~3/WDPA_W~1.SHP"}},
{"type":"Feature","geometry":{"type":"Polygon","coordinates":[[[-56.815016,-27.862607],[-56.8129,-27.829461],[-56.838779,-27.812665],[-56.869311,-27.866651],[-56.893458,-27.861783],[-56.913444,-27.901934],[-56.975936,-27.895291],[-56.978135,-27.878011],[-56.964382,-27.881278],[-56.984213,-27.873369],[-56.986966,-27.889038],[-57.023218,-27.882073],[-57.028208,-27.901037],[-57.03584,-27.899451],[-57.038266,-27.908279],[-57.045298,-27.933942],[-57.047278,-27.941166],[-56.994983,-27.965592],[-57.001864,-28.02528],[-56.903275,-27.964856],[-56.837895,-27.966542],[-56.824816,-27.945858],[-56.863154,-27.89571],[-56.832934,-27.901989],[-56.823569,-27.935088],[-56.815016,-27.862607]]]},"properties":{"fid":230,"SITE_ID":555635835,"SITE_PID":"555635835_1","SITE_TYPE":"PA","NAME_ENG":"Iberá - Núcleo Cambyretá","NAME":"Iberá - Núcleo Cambyretá","DESIG":"Parque Nacional","DESIG_ENG":"National Park","DESIG_TYPE":"National","IUCN_CAT":"II","INT_CRIT":"Not Applicable","REALM":"Terrestrial","REP_M_AREA":0,"GIS_M_AREA":0,"REP_AREA":240,"GIS_AREA":234.818165069314,"NO_TAKE":"Not Applicable","NO_TK_AREA":0,"STATUS":"Designated","STATUS_YR":2018,"GOV_TYPE":"Federal or national ministry or agency","GOVSUBTYPE":"Not Applicable","OWN_TYPE":"Not Reported","OWNSUBTYPE":"Not Applicable","MANG_AUTH":"Administración de Parques Nacionales","MANG_PLAN":"https://sib.gob.ar/archivos/PG_PN_Ibera.pdf","VERIF":"State Verified","METADATAID":1935,"PRNT_ISO3":"ARG","ISO3":"ARG","SUPP_INFO":"Not Applicable","CONS_OBJ":"Not Applicable","INLND_WTRS":"Not Reported","OECM_ASMT":"Not Applicable","layer":"WDPA_W~1","path":"C:/DATAS/PRO/GIS/ARGENT~1/RAW/WDPA_W~1/WDPA_W~3/WDPA_W~1.SHP"}},
{"type":"Feature","geometry":{"type":"MultiPolygon","coordinates":[[[[-57.428733,-28.689906],[-57.42996,-28.72571],[-57.426171,-28.707958],[-57.428733,-28.689906]]],[[[-57.261431,-28.605977],[-57.236589,-28.583491],[-57.235594,-28.582509],[-57.233748,-28.580793],[-57.228364,-28.575731],[-57.225566,-28.573129],[-57.221234,-28.569032],[-57.218107,-28.566076],[-57.207118,-28.555718],[-57.213852,-28.550073],[-57.226315,-28.559339],[-57.230941,-28.56372],[-57.237033,-28.570232],[-57.246325,-28.575804],[-57.319035,-28.608846],[-57.447372,-28.631643],[-57.48205,-28.622706],[-57.482017,-28.626002],[-57.482021,-28.627256],[-57.482007,-28.628494],[-57.481993,-28.63031],[-57.481996,-28.631552],[-57.481892,-28.640252],[-57.481658,-28.647841],[-57.44948,-28.64891],[-57.434421,-28.689426],[-57.396528,-28.686187],[-57.363626,-28.666012],[-57.31881,-28.659546],[-57.261431,-28.605977]],[[-57.435192,-28.6639],[-57.44027,-28.637698],[-57.421276,-28.637885],[-57.435192,-28.6639]]],[[[-57.273605,-28.719044],[-57.233823,-28.697815],[-57.205834,-28.708907],[-57.200537,-28.634283],[-57.210602,-28.636259],[-57.184865,-28.606201],[-57.193242,-28.59906],[-57.194593,-28.593824],[-57.188341,-28.588922],[-57.19362,-28.584],[-57.181653,-28.578594],[-57.199012,-28.552446],[-57.19522,-28.587525],[-57.199283,-28.598289],[-57.211577,-28.613453],[-57.215543,-28.634643],[-57.211357,-28.694687],[-57.244219,-28.685949],[-57.275117,-28.699843],[-57.273605,-28.719044]]]]},"properties":{"fid":231,"SITE_ID":555635835,"SITE_PID":"555635835_2","SITE_TYPE":"PA","NAME_ENG":"Iberá - Rincón del Socorro/Iberá","NAME":"Iberá - Rincón del Socorro/Iberá","DESIG":"Parque Nacional","DESIG_ENG":"National Park","DESIG_TYPE":"National","IUCN_CAT":"II","INT_CRIT":"Not Applicable","REALM":"Terrestrial","REP_M_AREA":0,"GIS_M_AREA":0,"REP_AREA":145,"GIS_AREA":149.819505864681,"NO_TAKE":"Not Applicable","NO_TK_AREA":0,"STATUS":"Designated","STATUS_YR":2018,"GOV_TYPE":"Federal or national ministry or agency","GOVSUBTYPE":"Not Applicable","OWN_TYPE":"Not Reported","OWNSUBTYPE":"Not Applicable","MANG_AUTH":"Administración de Parques Nacionales","MANG_PLAN":"https://sib.gob.ar/archivos/PG_PN_Ibera.pdf","VERIF":"State Verified","METADATAID":1935,"PRNT_ISO3":"ARG","ISO3":"ARG","SUPP_INFO":"Not Applicable","CONS_OBJ":"Not Applicable","INLND_WTRS":"Not Reported","OECM_ASMT":"Not Applicable","layer":"WDPA_W~1","path":"C:/DATAS/PRO/GIS/ARGENT~1/RAW/WDPA_W~1/WDPA_W~3/WDPA_W~1.SHP"}},
{"type":"Feature","geometry":{"type":"MultiPolygon","coordinates":[[[[-57.102136,-28.060915],[-57.120427,-28.056712],[-57.136423,-28.072949],[-57.108432,-28.104917],[-57.102136,-28.060915]]],[[[-57.452689,-28.076334],[-57.467681,-28.090407],[-57.438184,-28.109783],[-57.453793,-28.133374],[-57.443046,-28.136258],[-57.543968,-28.213142],[-57.560175,-28.264978],[-57.584154,-28.283433],[-57.573108,-28.340045],[-57.626677,-28.395727],[-57.562159,-28.365018],[-57.569131,-28.397075],[-57.491431,-28.373552],[-57.482353,-28.347944],[-57.448817,-28.343236],[-57.429656,-28.319115],[-57.322541,-28.263156],[-57.342113,-28.233416],[-57.311503,-28.251962],[-57.330834,-28.227651],[-57.28995,-28.201748],[-57.26549,-28.213339],[-57.282207,-28.185093],[-57.382881,-28.250182],[-57.398079,-28.230827],[-57.37388,-28.206103],[-57.380019,-28.136116],[-57.30427,-28.138001],[-57.288636,-28.157702],[-57.316121,-28.184783],[-57.296669,-28.183359],[-57.255844,-28.129266],[-57.223232,-28.138125],[-57.210044,-28.176906],[-57.15156,-28.15364],[-57.122234,-28.095521],[-57.16408,-28.071949],[-57.120522,-28.02508],[-57.155087,-28.072729],[-57.131085,-28.064141],[-57.09669,-27.985696],[-57.111789,-27.96746],[-57.192108,-27.986712],[-57.213322,-28.0617],[-57.295351,-28.073681],[-57.245496,-28.038432],[-57.227082,-28.003139],[-57.278814,-28.025101],[-57.280907,-28.001698],[-57.224271,-27.955556],[-57.265805,-27.909979],[-57.226914,-27.90102],[-57.220295,-27.952656],[-57.196789,-27.935508],[-57.222911,-27.874151],[-57.267123,-27.877271],[-57.24856,-27.858559],[-57.295218,-27.878309],[-57.281925,-27.842188],[-57.402005,-27.975862],[-57.403806,-28.011141],[-57.430803,-28.040201],[-57.413421,-28.049317],[-57.417792,-28.066663],[-57.44332,-28.050072],[-57.452689,-28.076334]],[[-57.400464,-28.033476],[-57.409473,-28.045252],[-57.392402,-28.00419],[-57.400464,-28.033476]],[[-57.297183,-27.918479],[-57.331126,-27.948004],[-57.324245,-27.922201],[-57.297183,-27.918479]]]]},"properties":{"fid":232,"SITE_ID":555635835,"SITE_PID":"555635835_3","SITE_TYPE":"PA","NAME_ENG":"Iberá - Núcleo San Nicolás/San Alonso","NAME":"Iberá - Núcleo San Nicolás/San Alonso","DESIG":"Parque Nacional","DESIG_ENG":"National Park","DESIG_TYPE":"National","IUCN_CAT":"II","INT_CRIT":"Not Applicable","REALM":"Terrestrial","REP_M_AREA":0,"GIS_M_AREA":0,"REP_AREA":1110,"GIS_AREA":1079.7539895131,"NO_TAKE":"Not Applicable","NO_TK_AREA":0,"STATUS":"Designated","STATUS_YR":2018,"GOV_TYPE":"Federal or national ministry or agency","GOVSUBTYPE":"Not Applicable","OWN_TYPE":"Not Reported","OWNSUBTYPE":"Not Applicable","MANG_AUTH":"Administración de Parques Nacionales","MANG_PLAN":"https://sib.gob.ar/archivos/PG_PN_Ibera.pdf","VERIF":"State Verified","METADATAID":1935,"PRNT_ISO3":"ARG","ISO3":"ARG","SUPP_INFO":"Not Applicable","CONS_OBJ":"Not Applicable","INLND_WTRS":"Not Reported","OECM_ASMT":"Not Applicable","layer":"WDPA_W~1","path":"C:/DATAS/PRO/GIS/ARGENT~1/RAW/WDPA_W~1/WDPA_W~3/WDPA_W~1.SHP"}},
{"type":"Feature","geometry":{"type":"MultiPolygon","coordinates":[[[[-57.576877,-28.472165],[-57.60938,-28.505474],[-57.555827,-28.500494],[-57.544323,-28.484773],[-57.564121,-28.463883],[-57.576877,-28.472165]]],[[[-57.705659,-28.398708],[-57.693135,-28.42664],[-57.765778,-28.467869],[-57.765758,-28.468006],[-57.801127,-28.486761],[-57.755275,-28.465323],[-57.764652,-28.509809],[-57.717611,-28.517856],[-57.689456,-28.44909],[-57.674528,-28.43487],[-57.673186,-28.460713],[-57.641733,-28.432468],[-57.650161,-28.403287],[-57.705659,-28.398708]]],[[[-57.668599,-28.385671],[-57.643664,-28.39128],[-57.63114,-28.36432],[-57.651609,-28.33917],[-57.658454,-28.359137],[-57.668599,-28.385671]]]]},"properties":{"fid":233,"SITE_ID":555635835,"SITE_PID":"555635835_4","SITE_TYPE":"PA","NAME_ENG":"Iberá - Núcleo Carambola","NAME":"Iberá - Núcleo Carambola","DESIG":"Parque Nacional","DESIG_ENG":"National Park","DESIG_TYPE":"National","IUCN_CAT":"II","INT_CRIT":"Not Applicable","REALM":"Terrestrial","REP_M_AREA":0,"GIS_M_AREA":0,"REP_AREA":103,"GIS_AREA":103.120856440454,"NO_TAKE":"Not Applicable","NO_TK_AREA":0,"STATUS":"Designated","STATUS_YR":2018,"GOV_TYPE":"Federal or national ministry or agency","GOVSUBTYPE":"Not Applicable","OWN_TYPE":"Not Reported","OWNSUBTYPE":"Not Applicable","MANG_AUTH":"Administración de Parques Nacionales","MANG_PLAN":"https://sib.gob.ar/archivos/PG_PN_Ibera.pdf","VERIF":"State Verified","METADATAID":1935,"PRNT_ISO3":"ARG","ISO3":"ARG","SUPP_INFO":"Not Applicable","CONS_OBJ":"Not Applicable","INLND_WTRS":"Not Reported","OECM_ASMT":"Not Applicable","layer":"WDPA_W~1","path":"C:/DATAS/PRO/GIS/ARGENT~1/RAW/WDPA_W~1/WDPA_W~3/WDPA_W~1.SHP"}},
{"type":"Feature","geometry":{"type":"MultiPolygon","coordinates":[[[[-57.435192,-28.6639],[-57.421276,-28.637885],[-57.44027,-28.637698],[-57.435192,-28.6639]]],[[[-57.273605,-28.719044],[-57.275117,-28.699843],[-57.244219,-28.685949],[-57.211357,-28.694687],[-57.215543,-28.634643],[-57.211577,-28.613453],[-57.199283,-28.598289],[-57.19522,-28.587525],[-57.199012,-28.552446],[-57.200837,-28.551126],[-57.201882,-28.55209],[-57.213218,-28.562823],[-57.224906,-28.574072],[-57.22521,-28.574136],[-57.234583,-28.582939],[-57.245514,-28.592932],[-57.272284,-28.617778],[-57.316545,-28.65898],[-57.317974,-28.660096],[-57.362963,-28.667058],[-57.395853,-28.687146],[-57.428733,-28.689906],[-57.426171,-28.707958],[-57.422615,-28.723889],[-57.341889,-28.704571],[-57.273605,-28.719044]]]]},"properties":{"fid":234,"SITE_ID":555635836,"SITE_PID":"555635836_1","SITE_TYPE":"PA","NAME_ENG":"Iberá - Rincón del Socorro/Iberá","NAME":"Iberá - Rincón del Socorro/Iberá","DESIG":"Reserva Nacional","DESIG_ENG":"National Reserve","DESIG_TYPE":"National","IUCN_CAT":"VI","INT_CRIT":"Not Applicable","REALM":"Terrestrial","REP_M_AREA":0,"GIS_M_AREA":0,"REP_AREA":160,"GIS_AREA":159.998663576326,"NO_TAKE":"Not Applicable","NO_TK_AREA":0,"STATUS":"Designated","STATUS_YR":2018,"GOV_TYPE":"Federal or national ministry or agency","GOVSUBTYPE":"Not Applicable","OWN_TYPE":"Not Reported","OWNSUBTYPE":"Not Applicable","MANG_AUTH":"Administración de Parques Nacionales","MANG_PLAN":"https://sib.gob.ar/archivos/PG_PN_Ibera.pdf","VERIF":"State Verified","METADATAID":1935,"PRNT_ISO3":"ARG","ISO3":"ARG","SUPP_INFO":"Not Applicable","CONS_OBJ":"Not Applicable","INLND_WTRS":"Not Reported","OECM_ASMT":"Not Applicable","layer":"WDPA_W~1","path":"C:/DATAS/PRO/GIS/ARGENT~1/RAW/WDPA_W~1/WDPA_W~3/WDPA_W~1.SHP"}},
{"type":"Feature","geometry":{"type":"MultiPolygon","coordinates":[[[[-57.765758,-28.468006],[-57.804918,-28.462768],[-57.801127,-28.486761],[-57.765758,-28.468006]]],[[[-57.813182,-28.470816],[-57.804424,-28.438007],[-57.829498,-28.420034],[-57.835994,-28.443307],[-57.813182,-28.470816]]],[[[-57.658454,-28.359137],[-57.668359,-28.34965],[-57.784118,-28.424526],[-57.7937,-28.450569],[-57.765778,-28.467869],[-57.693135,-28.42664],[-57.705659,-28.398708],[-57.668599,-28.385671],[-57.658454,-28.359137]]]]},"properties":{"fid":235,"SITE_ID":555635836,"SITE_PID":"555635836_2","SITE_TYPE":"PA","NAME_ENG":"Iberá - Núcleo Carambola","NAME":"Iberá - Núcleo Carambola","DESIG":"Reserva Nacional","DESIG_ENG":"National Reserve","DESIG_TYPE":"National","IUCN_CAT":"VI","INT_CRIT":"Not Applicable","REALM":"Terrestrial","REP_M_AREA":0,"GIS_M_AREA":0,"REP_AREA":77,"GIS_AREA":75.1363406079596,"NO_TAKE":"Not Applicable","NO_TK_AREA":0,"STATUS":"Designated","STATUS_YR":2018,"GOV_TYPE":"Federal or national ministry or agency","GOVSUBTYPE":"Not Applicable","OWN_TYPE":"Not Reported","OWNSUBTYPE":"Not Applicable","MANG_AUTH":"Administración de Parques Nacionales","MANG_PLAN":"https://sib.gob.ar/archivos/PG_PN_Ibera.pdf","VERIF":"State Verified","METADATAID":1935,"PRNT_ISO3":"ARG","ISO3":"ARG","SUPP_INFO":"Not Applicable","CONS_OBJ":"Not Applicable","INLND_WTRS":"Not Reported","OECM_ASMT":"Not Applicable","layer":"WDPA_W~1","path":"C:/DATAS/PRO/GIS/ARGENT~1/RAW/WDPA_W~1/WDPA_W~3/WDPA_W~1.SHP"}},
{"type":"Feature","geometry":{"type":"Polygon","coordinates":[[[-68.920509,-32.543915],[-68.964996,-32.459952],[-68.948732,-32.439979],[-68.981777,-32.429342],[-68.996924,-32.434996],[-69.023587,-32.443729],[-69.03995,-32.446808],[-69.049895,-32.457966],[-69.116555,-32.438851],[-69.111816,-32.45729],[-69.115455,-32.509823],[-69.142919,-32.519591],[-69.150919,-32.553048],[-69.147044,-32.586331],[-69.162217,-32.599885],[-69.155804,-32.621057],[-69.149227,-32.624916],[-69.140736,-32.676189],[-69.114822,-32.705381],[-69.088919,-32.718115],[-69.079094,-32.712326],[-69.063345,-32.70639],[-69.029688,-32.702027],[-69.009917,-32.673912],[-68.993073,-32.679334],[-68.882142,-32.700877],[-68.865637,-32.693849],[-68.807259,-32.696087],[-68.840433,-32.666445],[-68.865255,-32.62153],[-68.898836,-32.580992],[-68.920509,-32.543915]]]},"properties":{"fid":236,"SITE_ID":555635842,"SITE_PID":"555635842","SITE_TYPE":"PA","NAME_ENG":"Reserva Natural Villavicencio","NAME":"Reserva Natural Villavicencio","DESIG":"Sitio Ramsar, Humedal de Importancia Internacional","DESIG_ENG":"Wetland of International Importance (Ramsar Site)","DESIG_TYPE":"International","IUCN_CAT":"V","INT_CRIT":"(ii);(iii)","REALM":"Terrestrial","REP_M_AREA":0,"GIS_M_AREA":0,"REP_AREA":622.44,"GIS_AREA":624.2923578150911,"NO_TAKE":"Not Applicable","NO_TK_AREA":0,"STATUS":"Designated","STATUS_YR":2017,"GOV_TYPE":"Not Reported","GOVSUBTYPE":"Not Applicable","OWN_TYPE":"Multiple ownership","OWNSUBTYPE":"Not Reported","MANG_AUTH":"Dirección de Recursos Naturales Renovables;\r Gobierno de Mendoza","MANG_PLAN":"Yes","VERIF":"State Verified","METADATAID":1852,"PRNT_ISO3":"ARG","ISO3":"ARG","SUPP_INFO":"Not Applicable","CONS_OBJ":"Not Applicable","INLND_WTRS":"Not Reported","OECM_ASMT":"Not Applicable","layer":"WDPA_W~1","path":"C:/DATAS/PRO/GIS/ARGENT~1/RAW/WDPA_W~1/WDPA_W~3/WDPA_W~1.SHP"}},
{"type":"Feature","geometry":{"type":"Polygon","coordinates":[[[-58.499981,-35.031136],[-58.532825,-35.027149],[-58.505939,-35.033936],[-58.522842,-35.037918],[-58.520985,-35.054066],[-58.507057,-35.052696],[-58.526825,-35.065025],[-58.50563,-35.061943],[-58.499981,-35.031136]]]},"properties":{"fid":237,"SITE_ID":555636344,"SITE_PID":"555636344","SITE_TYPE":"PA","NAME_ENG":"Lagunas de San Vicente","NAME":"Lagunas de San Vicente","DESIG":"Reserva Natural Municipal","DESIG_ENG":"Municipal Nature Reserve","DESIG_TYPE":"National","IUCN_CAT":"Not Reported","INT_CRIT":"Not Applicable","REALM":"Terrestrial","REP_M_AREA":0,"GIS_M_AREA":0,"REP_AREA":1.32,"GIS_AREA":7.18673482352112,"NO_TAKE":"Not Applicable","NO_TK_AREA":0,"STATUS":"Designated","STATUS_YR":1998,"GOV_TYPE":"Not Reported","GOVSUBTYPE":"Not Applicable","OWN_TYPE":"Not Reported","OWNSUBTYPE":"Not Applicable","MANG_AUTH":"Not Reported","MANG_PLAN":"Not Reported","VERIF":"State Verified","METADATAID":1852,"PRNT_ISO3":"ARG","ISO3":"ARG","SUPP_INFO":"Not Applicable","CONS_OBJ":"Not Applicable","INLND_WTRS":"Not Reported","OECM_ASMT":"Not Applicable","layer":"WDPA_W~1","path":"C:/DATAS/PRO/GIS/ARGENT~1/RAW/WDPA_W~1/WDPA_W~3/WDPA_W~1.SHP"}},
{"type":"Feature","geometry":{"type":"Polygon","coordinates":[[[-58.715885,-27.500076],[-58.713661,-27.489733],[-58.722473,-27.489223],[-58.715885,-27.500076]]]},"properties":{"fid":238,"SITE_ID":555636419,"SITE_PID":"555636419","SITE_TYPE":"PA","NAME_ENG":"Laguna Brava","NAME":"Laguna Brava","DESIG":"Reserva Natural Provincial","DESIG_ENG":"Provincial Nature Reserve","DESIG_TYPE":"National","IUCN_CAT":"VI","INT_CRIT":"Not Applicable","REALM":"Terrestrial","REP_M_AREA":0,"GIS_M_AREA":0,"REP_AREA":2.08,"GIS_AREA":0.798034484380206,"NO_TAKE":"Not Applicable","NO_TK_AREA":0,"STATUS":"Designated","STATUS_YR":2012,"GOV_TYPE":"Not Reported","GOVSUBTYPE":"Not Applicable","OWN_TYPE":"Not Reported","OWNSUBTYPE":"Not Applicable","MANG_AUTH":"Not Reported","MANG_PLAN":"Not Reported","VERIF":"State Verified","METADATAID":1852,"PRNT_ISO3":"ARG","ISO3":"ARG","SUPP_INFO":"Not Applicable","CONS_OBJ":"Not Applicable","INLND_WTRS":"Not Reported","OECM_ASMT":"Not Applicable","layer":"WDPA_W~1","path":"C:/DATAS/PRO/GIS/ARGENT~1/RAW/WDPA_W~1/WDPA_W~3/WDPA_W~1.SHP"}},
{"type":"Feature","geometry":{"type":"Polygon","coordinates":[[[-65.707467,-30.905414],[-65.771983,-31.04477],[-65.441575,-31.047176],[-65.438481,-31.030877],[-65.412408,-31.042926],[-65.407106,-31.006065],[-65.611363,-31.004724],[-65.610535,-30.905512],[-65.707467,-30.905414]]]},"properties":{"fid":239,"SITE_ID":555637344,"SITE_PID":"555637344","SITE_TYPE":"PA","NAME_ENG":"Traslasierra","NAME":"Traslasierra","DESIG":"Parque Nacional","DESIG_ENG":"National Park","DESIG_TYPE":"National","IUCN_CAT":"II","INT_CRIT":"Not Applicable","REALM":"Terrestrial","REP_M_AREA":0,"GIS_M_AREA":0,"REP_AREA":271.69,"GIS_AREA":278.363646749409,"NO_TAKE":"Not Applicable","NO_TK_AREA":0,"STATUS":"Designated","STATUS_YR":2018,"GOV_TYPE":"Federal or national ministry or agency","GOVSUBTYPE":"Not Applicable","OWN_TYPE":"Not Reported","OWNSUBTYPE":"Not Applicable","MANG_AUTH":"Administración de Parques Nacionales","MANG_PLAN":"Not Reported","VERIF":"State Verified","METADATAID":1935,"PRNT_ISO3":"ARG","ISO3":"ARG","SUPP_INFO":"Not Applicable","CONS_OBJ":"Not Applicable","INLND_WTRS":"Not Reported","OECM_ASMT":"Not Applicable","layer":"WDPA_W~1","path":"C:/DATAS/PRO/GIS/ARGENT~1/RAW/WDPA_W~1/WDPA_W~3/WDPA_W~1.SHP"}},
{"type":"Feature","geometry":{"type":"MultiPolygon","coordinates":[[[[-65.871621,-27.576347],[-65.843894,-27.552912],[-65.866141,-27.529811],[-65.952443,-27.578301],[-65.942937,-27.602007],[-65.871621,-27.576347]]],[[[-65.88634,-27.509969],[-65.876192,-27.516175],[-65.879416,-27.499081],[-65.87242,-27.499608],[-65.860126,-27.491783],[-65.855805,-27.453229],[-65.898859,-27.469698],[-65.878179,-27.451675],[-65.904705,-27.438067],[-65.860252,-27.454653],[-65.826561,-27.431844],[-65.811629,-27.406894],[-65.812427,-27.404888],[-65.808545,-27.372297],[-65.805608,-27.359147],[-65.891402,-27.371008],[-65.911499,-27.397076],[-65.929833,-27.383944],[-65.934611,-27.403889],[-65.948214,-27.398378],[-65.959311,-27.403114],[-65.967736,-27.400153],[-65.97492,-27.455138],[-65.939217,-27.461147],[-65.894882,-27.507019],[-65.88634,-27.509969]]],[[[-65.905869,-27.321799],[-65.927805,-27.324197],[-65.918735,-27.329064],[-65.918634,-27.329508],[-65.919107,-27.329809],[-65.922687,-27.328925],[-65.921866,-27.329496],[-65.92202,-27.329834],[-65.92614,-27.328075],[-65.925825,-27.328312],[-65.925888,-27.328518],[-65.930186,-27.327721],[-65.936757,-27.333159],[-65.950156,-27.334359],[-65.95195,-27.331364],[-65.964579,-27.381611],[-65.958089,-27.401962],[-65.947988,-27.39752],[-65.934803,-27.403172],[-65.931187,-27.383077],[-65.90115,-27.367389],[-65.843302,-27.361624],[-65.854678,-27.34414],[-65.905869,-27.321799]]],[[[-65.944388,-27.320826],[-65.956163,-27.32611],[-65.955016,-27.33644],[-65.951977,-27.331251],[-65.950162,-27.334245],[-65.939903,-27.333297],[-65.931965,-27.327124],[-65.92595,-27.328406],[-65.926942,-27.327781],[-65.926726,-27.327617],[-65.92199,-27.32971],[-65.922834,-27.32883],[-65.919449,-27.3297],[-65.918763,-27.329443],[-65.928229,-27.324927],[-65.930179,-27.322509],[-65.93571,-27.325077],[-65.93881,-27.323505],[-65.940309,-27.32409],[-65.940481,-27.325348],[-65.942907,-27.32657],[-65.943395,-27.327932],[-65.946014,-27.329909],[-65.946683,-27.333168],[-65.947118,-27.330993],[-65.942995,-27.32647],[-65.940508,-27.325137],[-65.940339,-27.32368],[-65.944388,-27.320826]]],[[[-65.904235,-27.288862],[-65.92686,-27.290051],[-65.883592,-27.313883],[-65.854289,-27.311178],[-65.851736,-27.294796],[-65.904235,-27.288862]]],[[[-65.923172,-27.171898],[-66.005363,-27.108594],[-66.054715,-27.144205],[-66.084008,-27.211566],[-65.956399,-27.325536],[-65.944949,-27.32054],[-65.943392,-27.320811],[-65.940417,-27.323385],[-65.937586,-27.323284],[-65.936073,-27.32485],[-65.926945,-27.320063],[-65.895665,-27.321208],[-65.80879,-27.353205],[-65.804834,-27.330764],[-65.827031,-27.315019],[-65.883943,-27.314659],[-65.95434,-27.287502],[-65.966441,-27.278866],[-65.975552,-27.249466],[-66.051384,-27.200352],[-65.975295,-27.249493],[-65.967197,-27.275966],[-65.962417,-27.2542],[-65.953226,-27.287328],[-65.908453,-27.287213],[-65.928817,-27.283558],[-65.914516,-27.282793],[-65.918957,-27.261158],[-65.965054,-27.217014],[-65.928515,-27.247115],[-65.91853,-27.259474],[-65.915644,-27.275645],[-65.910295,-27.28083],[-65.843865,-27.294502],[-65.867063,-27.277091],[-65.859835,-27.245046],[-65.923172,-27.171898]]],[[[-65.677922,-27.206789],[-65.697147,-27.186361],[-65.774366,-27.1633],[-65.80949,-27.115386],[-65.927837,-27.018081],[-65.932022,-27.017815],[-65.93343,-27.01819],[-65.93379,-27.018648],[-65.935455,-27.019005],[-65.937062,-27.019243],[-65.937672,-27.019319],[-65.938797,-27.019618],[-65.943664,-27.021791],[-65.948136,-27.026964],[-65.954289,-27.029968],[-65.954653,-27.030567],[-65.826518,-27.126417],[-65.794513,-27.153697],[-65.788845,-27.183795],[-65.697474,-27.188898],[-65.677922,-27.206789]]]]},"properties":{"fid":240,"SITE_ID":555637345,"SITE_PID":"555637345","SITE_TYPE":"PA","NAME_ENG":"Aconquija","NAME":"Aconquija","DESIG":"Parque Nacional","DESIG_ENG":"National Park","DESIG_TYPE":"National","IUCN_CAT":"II","INT_CRIT":"Not Applicable","REALM":"Terrestrial","REP_M_AREA":0,"GIS_M_AREA":0,"REP_AREA":4.9994,"GIS_AREA":651.278107472392,"NO_TAKE":"Not Applicable","NO_TK_AREA":0,"STATUS":"Designated","STATUS_YR":2018,"GOV_TYPE":"Federal or national ministry or agency","GOVSUBTYPE":"Not Applicable","OWN_TYPE":"Not Reported","OWNSUBTYPE":"Not Applicable","MANG_AUTH":"Administración de Parques Nacionales","MANG_PLAN":"https://sib.gob.ar/archivos/PG_PNCAlisos_julio_2016_comp.pdf","VERIF":"State Verified","METADATAID":1935,"PRNT_ISO3":"ARG","ISO3":"ARG","SUPP_INFO":"Not Applicable","CONS_OBJ":"Not Applicable","INLND_WTRS":"Not Reported","OECM_ASMT":"Not Applicable","layer":"WDPA_W~1","path":"C:/DATAS/PRO/GIS/ARGENT~1/RAW/WDPA_W~1/WDPA_W~3/WDPA_W~1.SHP"}},
{"type":"Feature","geometry":{"type":"Polygon","coordinates":[[[-66.894057,-36.695489],[-66.94681,-36.76427],[-66.946438,-36.879586],[-66.765216,-36.87945],[-66.812195,-36.740761],[-66.869,-36.695674],[-66.894057,-36.695489]]]},"properties":{"fid":241,"SITE_ID":555637346,"SITE_PID":"555637346","SITE_TYPE":"PA","NAME_ENG":"Ñochilei-co","NAME":"Ñochilei-co","DESIG":"Reserva Natural","DESIG_ENG":"Nature Reserve","DESIG_TYPE":"National","IUCN_CAT":"VI","INT_CRIT":"Not Applicable","REALM":"Terrestrial","REP_M_AREA":0,"GIS_M_AREA":0,"REP_AREA":400,"GIS_AREA":247.695351232778,"NO_TAKE":"Not Applicable","NO_TK_AREA":0,"STATUS":"Designated","STATUS_YR":2013,"GOV_TYPE":"Not Reported","GOVSUBTYPE":"Not Applicable","OWN_TYPE":"Not Reported","OWNSUBTYPE":"Not Applicable","MANG_AUTH":"Not Reported","MANG_PLAN":"Not Reported","VERIF":"State Verified","METADATAID":1852,"PRNT_ISO3":"ARG","ISO3":"ARG","SUPP_INFO":"Not Applicable","CONS_OBJ":"Not Applicable","INLND_WTRS":"Not Reported","OECM_ASMT":"Not Applicable","layer":"WDPA_W~1","path":"C:/DATAS/PRO/GIS/ARGENT~1/RAW/WDPA_W~1/WDPA_W~3/WDPA_W~1.SHP"}},
{"type":"Feature","geometry":{"type":"Polygon","coordinates":[[[-66.761717,-37.225392],[-66.886516,-37.224524],[-66.886156,-37.241242],[-67.103335,-37.240332],[-67.100905,-37.321066],[-67.227351,-37.32847],[-67.231784,-37.378868],[-67.206504,-37.379128],[-67.205599,-37.435346],[-67.139456,-37.483563],[-67.113016,-37.529935],[-66.859665,-37.53061],[-66.874508,-37.34769],[-66.760092,-37.348249],[-66.761717,-37.225392]]]},"properties":{"fid":242,"SITE_ID":555637347,"SITE_PID":"555637347","SITE_TYPE":"PA","NAME_ENG":"Salitral Encantado","NAME":"Salitral Encantado","DESIG":"Reserva Natural","DESIG_ENG":"Nature Reserve","DESIG_TYPE":"National","IUCN_CAT":"VI","INT_CRIT":"Not Applicable","REALM":"Terrestrial","REP_M_AREA":0,"GIS_M_AREA":0,"REP_AREA":600,"GIS_AREA":968.644396952945,"NO_TAKE":"Not Applicable","NO_TK_AREA":0,"STATUS":"Designated","STATUS_YR":2017,"GOV_TYPE":"Not Reported","GOVSUBTYPE":"Not Applicable","OWN_TYPE":"Not Reported","OWNSUBTYPE":"Not Applicable","MANG_AUTH":"Not Reported","MANG_PLAN":"Not Reported","VERIF":"State Verified","METADATAID":1852,"PRNT_ISO3":"ARG","ISO3":"ARG","SUPP_INFO":"Not Applicable","CONS_OBJ":"Not Applicable","INLND_WTRS":"Not Reported","OECM_ASMT":"Not Applicable","layer":"WDPA_W~1","path":"C:/DATAS/PRO/GIS/ARGENT~1/RAW/WDPA_W~1/WDPA_W~3/WDPA_W~1.SHP"}},
{"type":"Feature","geometry":{"type":"Polygon","coordinates":[[[-65.053876,-24.014425],[-65.102649,-24.023392],[-65.131282,-24.086657],[-65.158354,-24.095359],[-65.200771,-24.082409],[-65.209135,-24.108155],[-65.240761,-24.129379],[-65.229992,-24.129305],[-65.224904,-24.131193],[-65.223664,-24.132165],[-65.223481,-24.13241],[-65.223404,-24.132543],[-65.223351,-24.132637],[-65.223328,-24.132678],[-65.22325,-24.132811],[-65.223162,-24.132937],[-65.222714,-24.133383],[-65.22098,-24.134113],[-65.220232,-24.135424],[-65.215305,-24.135775],[-65.213408,-24.138855],[-65.217511,-24.208158],[-65.204215,-24.230702],[-65.116341,-24.268753],[-65.088043,-24.317539],[-65.021282,-24.361659],[-65.034814,-24.318778],[-65.073817,-24.272829],[-65.07429,-24.170844],[-65.048972,-24.180411],[-65.048846,-24.170617],[-65.052872,-24.045595],[-65.053876,-24.014425]]]},"properties":{"fid":243,"SITE_ID":555637348,"SITE_PID":"555637348","SITE_TYPE":"PA","NAME_ENG":"Serranias de Zapla","NAME":"Serranias de Zapla","DESIG":"Reserva Ecologica Municipal de Uso Multiple","DESIG_ENG":"Multiple Use Municipal Ecological Reserve","DESIG_TYPE":"National","IUCN_CAT":"VI","INT_CRIT":"Not Applicable","REALM":"Terrestrial","REP_M_AREA":0,"GIS_M_AREA":0,"REP_AREA":371.39,"GIS_AREA":371.318784809109,"NO_TAKE":"Not Applicable","NO_TK_AREA":0,"STATUS":"Designated","STATUS_YR":2003,"GOV_TYPE":"Not Reported","GOVSUBTYPE":"Not Applicable","OWN_TYPE":"Not Reported","OWNSUBTYPE":"Not Applicable","MANG_AUTH":"Not Reported","MANG_PLAN":"Not Reported","VERIF":"State Verified","METADATAID":1852,"PRNT_ISO3":"ARG","ISO3":"ARG","SUPP_INFO":"Not Applicable","CONS_OBJ":"Not Applicable","INLND_WTRS":"Not Reported","OECM_ASMT":"Not Applicable","layer":"WDPA_W~1","path":"C:/DATAS/PRO/GIS/ARGENT~1/RAW/WDPA_W~1/WDPA_W~3/WDPA_W~1.SHP"}},
{"type":"Feature","geometry":{"type":"Polygon","coordinates":[[[-70.095348,-34.539584],[-70.122425,-34.619821],[-70.089637,-34.731633],[-70.036953,-34.787769],[-70.002311,-34.798528],[-69.944571,-34.694766],[-69.944283,-34.648244],[-70.011923,-34.558975],[-70.067295,-34.530234],[-70.095348,-34.539584]]]},"properties":{"fid":244,"SITE_ID":555637349,"SITE_PID":"555637349","SITE_TYPE":"PA","NAME_ENG":"Laguna del Atuel","NAME":"Laguna del Atuel","DESIG":"Reserva Natural Hídrica","DESIG_ENG":"Natural Water Reserve","DESIG_TYPE":"National","IUCN_CAT":"VI","INT_CRIT":"Not Applicable","REALM":"Terrestrial","REP_M_AREA":0,"GIS_M_AREA":0,"REP_AREA":700,"GIS_AREA":321.905094767593,"NO_TAKE":"Not Applicable","NO_TK_AREA":0,"STATUS":"Designated","STATUS_YR":2017,"GOV_TYPE":"Not Reported","GOVSUBTYPE":"Not Applicable","OWN_TYPE":"Not Reported","OWNSUBTYPE":"Not Applicable","MANG_AUTH":"Not Reported","MANG_PLAN":"Not Reported","VERIF":"State Verified","METADATAID":1852,"PRNT_ISO3":"ARG","ISO3":"ARG","SUPP_INFO":"Not Applicable","CONS_OBJ":"Not Applicable","INLND_WTRS":"Not Reported","OECM_ASMT":"Not Applicable","layer":"WDPA_W~1","path":"C:/DATAS/PRO/GIS/ARGENT~1/RAW/WDPA_W~1/WDPA_W~3/WDPA_W~1.SHP"}},
{"type":"Feature","geometry":{"type":"Polygon","coordinates":[[[-65.818299,-43.853488],[-65.884943,-43.9162],[-66.119349,-44.234265],[-66.521184,-44.584546],[-66.675472,-44.740725],[-66.741556,-44.839371],[-67.062497,-44.994814],[-67.092845,-45.019381],[-67.086992,-45.071722],[-67.299808,-45.259516],[-67.352287,-45.348816],[-67.415298,-45.399727],[-67.461861,-45.410549],[-67.575081,-45.480553],[-67.607468,-45.52507],[-67.663429,-45.558567],[-67.662254,-45.574905],[-65.094913,-45.577586],[-65.077321,-45.464523],[-64.903537,-45.304637],[-64.873165,-45.247989],[-64.860037,-45.028649],[-64.935368,-44.884425],[-64.935737,-44.822522],[-64.879652,-44.7624],[-64.757175,-44.70688],[-64.697144,-44.660231],[-64.585424,-44.48039],[-64.582748,-44.34081],[-64.656308,-44.252174],[-64.603731,-43.91751],[-64.680714,-43.820181],[-64.697646,-43.743686],[-64.660896,-43.662812],[-65.618602,-43.675593],[-65.818299,-43.853488]]]},"properties":{"fid":245,"SITE_ID":555637432,"SITE_PID":"555637432","SITE_TYPE":"PA","NAME_ENG":"Patagonia Azul","NAME":"Patagonia Azul","DESIG":"Reserva de la Biósfera","DESIG_ENG":"UNESCO-MAB Biosphere Reserve","DESIG_TYPE":"International","IUCN_CAT":"Not Applicable","INT_CRIT":"Not Applicable","REALM":"Coastal","REP_M_AREA":0,"GIS_M_AREA":17820.7895173322,"REP_AREA":31020,"GIS_AREA":30595.693750086597,"NO_TAKE":"Not Reported","NO_TK_AREA":0,"STATUS":"Designated","STATUS_YR":2015,"GOV_TYPE":"Not Reported","GOVSUBTYPE":"Not Applicable","OWN_TYPE":"Not Reported","OWNSUBTYPE":"Not Applicable","MANG_AUTH":"Not Reported","MANG_PLAN":"Not Reported","VERIF":"State Verified","METADATAID":1852,"PRNT_ISO3":"ARG","ISO3":"ARG","SUPP_INFO":"Not Applicable","CONS_OBJ":"Not Applicable","INLND_WTRS":"Not Reported","OECM_ASMT":"Not Applicable","layer":"WDPA_W~1","path":"C:/DATAS/PRO/GIS/ARGENT~1/RAW/WDPA_W~1/WDPA_W~3/WDPA_W~1.SHP"}},
{"type":"Feature","geometry":{"type":"Polygon","coordinates":[[[-63.269726,-23.302726],[-63.278105,-23.28262],[-63.30718,-23.442776],[-63.286421,-23.454327],[-63.269726,-23.302726]]]},"properties":{"fid":246,"SITE_ID":555637445,"SITE_PID":"555637445","SITE_TYPE":"PA","NAME_ENG":"Dragones","NAME":"Dragones","DESIG":"Refugio de Vida Silvestre","DESIG_ENG":"Wildlife Refuge","DESIG_TYPE":"National","IUCN_CAT":"VI","INT_CRIT":"Not Applicable","REALM":"Terrestrial","REP_M_AREA":0,"GIS_M_AREA":0,"REP_AREA":40.43,"GIS_AREA":36.9377475219552,"NO_TAKE":"Not Applicable","NO_TK_AREA":0,"STATUS":"Designated","STATUS_YR":2004,"GOV_TYPE":"Not Reported","GOVSUBTYPE":"Not Applicable","OWN_TYPE":"Not Reported","OWNSUBTYPE":"Not Applicable","MANG_AUTH":"Not Reported","MANG_PLAN":"Not Reported","VERIF":"State Verified","METADATAID":1852,"PRNT_ISO3":"ARG","ISO3":"ARG","SUPP_INFO":"Not Applicable","CONS_OBJ":"Not Applicable","INLND_WTRS":"Not Reported","OECM_ASMT":"Not Applicable","layer":"WDPA_W~1","path":"C:/DATAS/PRO/GIS/ARGENT~1/RAW/WDPA_W~1/WDPA_W~3/WDPA_W~1.SHP"}},
{"type":"Feature","geometry":{"type":"MultiPolygon","coordinates":[[[[-65.894882,-27.507019],[-65.920849,-27.522067],[-65.88634,-27.509969],[-65.894882,-27.507019]]],[[[-65.833444,-26.959932],[-65.86859,-26.931129],[-65.890023,-26.970199],[-65.861076,-26.983664],[-65.855276,-26.991111],[-65.855192,-26.99253],[-65.85471,-26.992704],[-65.849796,-27.012962],[-65.827635,-27.030356],[-65.816834,-27.037366],[-65.805051,-27.045011],[-65.796305,-27.053281],[-65.780106,-27.047235],[-65.752597,-27.038974],[-65.748382,-27.037206],[-65.74243,-27.035228],[-65.745387,-27.033452],[-65.742661,-27.028457],[-65.74333,-27.022504],[-65.742518,-27.019838],[-65.730102,-27.007625],[-65.731304,-27.001625],[-65.728649,-26.996051],[-65.727466,-26.995445],[-65.726121,-26.993616],[-65.723672,-26.993165],[-65.72483,-26.987118],[-65.717081,-26.981636],[-65.746145,-26.958094],[-65.792533,-26.981082],[-65.808403,-26.96139],[-65.833444,-26.959932]]]]},"properties":{"fid":247,"SITE_ID":555643561,"SITE_PID":"555643561","SITE_TYPE":"PA","NAME_ENG":"Aconquija","NAME":"Aconquija","DESIG":"Reserva Nacional","DESIG_ENG":"National Reserve","DESIG_TYPE":"National","IUCN_CAT":"VI","INT_CRIT":"Not Applicable","REALM":"Terrestrial","REP_M_AREA":0,"GIS_M_AREA":0,"REP_AREA":240.06,"GIS_AREA":120.463150638547,"NO_TAKE":"Not Applicable","NO_TK_AREA":0,"STATUS":"Designated","STATUS_YR":2018,"GOV_TYPE":"Federal or national ministry or agency","GOVSUBTYPE":"Not Applicable","OWN_TYPE":"Not Reported","OWNSUBTYPE":"Not Applicable","MANG_AUTH":"Administración de Parques Nacionales","MANG_PLAN":"https://sib.gob.ar/archivos/PG_PNCAlisos_julio_2016_comp.pdf","VERIF":"State Verified","METADATAID":1935,"PRNT_ISO3":"ARG","ISO3":"ARG","SUPP_INFO":"Not Applicable","CONS_OBJ":"Not Applicable","INLND_WTRS":"Not Reported","OECM_ASMT":"Not Applicable","layer":"WDPA_W~1","path":"C:/DATAS/PRO/GIS/ARGENT~1/RAW/WDPA_W~1/WDPA_W~3/WDPA_W~1.SHP"}},
{"type":"Feature","geometry":{"type":"Polygon","coordinates":[[[-58.864663,-34.187585],[-58.860966,-34.185081],[-58.857551,-34.182558],[-58.864122,-34.180775],[-58.86852,-34.1805],[-58.869659,-34.180485],[-58.870881,-34.18043],[-58.872186,-34.180315],[-58.888803,-34.183078],[-58.893408,-34.185266],[-58.904877,-34.206303],[-58.906099,-34.205213],[-58.90729,-34.203547],[-58.911826,-34.196313],[-58.920014,-34.192603],[-58.90285,-34.216541],[-58.900691,-34.215427],[-58.899342,-34.214739],[-58.895842,-34.222561],[-58.897264,-34.226185],[-58.899642,-34.222799],[-58.901877,-34.223219],[-58.904086,-34.22421],[-58.902492,-34.226493],[-58.901095,-34.228458],[-58.896917,-34.234539],[-58.896693,-34.234748],[-58.901536,-34.236164],[-58.905128,-34.23865],[-58.908016,-34.240085],[-58.907457,-34.248476],[-58.893532,-34.279636],[-58.891241,-34.278324],[-58.891256,-34.277185],[-58.890248,-34.277026],[-58.889888,-34.282325],[-58.889593,-34.284046],[-58.889174,-34.285518],[-58.888832,-34.286502],[-58.888089,-34.287576],[-58.886854,-34.289298],[-58.886279,-34.289933],[-58.881838,-34.293252],[-58.8814,-34.29332],[-58.879837,-34.291785],[-58.878784,-34.29221],[-58.878538,-34.292157],[-58.878324,-34.292027],[-58.878176,-34.291578],[-58.878335,-34.291195],[-58.879563,-34.290414],[-58.881338,-34.291351],[-58.881864,-34.291228],[-58.881903,-34.290576],[-58.881875,-34.290371],[-58.881679,-34.289757],[-58.882149,-34.289427],[-58.88275,-34.289484],[-58.883125,-34.289039],[-58.882321,-34.288111],[-58.883249,-34.286687],[-58.882672,-34.286029],[-58.881761,-34.286187],[-58.881453,-34.286551],[-58.8811,-34.286968],[-58.880988,-34.287511],[-58.881076,-34.287831],[-58.881363,-34.288307],[-58.881133,-34.288566],[-58.879389,-34.28843],[-58.879083,-34.288286],[-58.879008,-34.288132],[-58.878949,-34.287863],[-58.878861,-34.287568],[-58.878711,-34.287221],[-58.878582,-34.286868],[-58.878735,-34.286646],[-58.879229,-34.286561],[-58.879828,-34.286694],[-58.880482,-34.286493],[-58.880671,-34.285832],[-58.87937,-34.285193],[-58.878428,-34.285326],[-58.878166,-34.285336],[-58.877936,-34.285257],[-58.87766,-34.285139],[-58.877141,-34.284777],[-58.876919,-34.284403],[-58.878046,-34.274693],[-58.863777,-34.277676],[-58.860238,-34.273339],[-58.860307,-34.272777],[-58.860486,-34.272648],[-58.861109,-34.272487],[-58.86175,-34.272011],[-58.863069,-34.270727],[-58.863168,-34.270291],[-58.863039,-34.270104],[-58.86286,-34.269719],[-58.862727,-34.269283],[-58.862687,-34.268207],[-58.86287,-34.267775],[-58.863396,-34.267639],[-58.86386,-34.267515],[-58.864254,-34.267401],[-58.86462,-34.267151],[-58.864578,-34.26678],[-58.864308,-34.266291],[-58.863975,-34.265802],[-58.863081,-34.264758],[-58.862472,-34.264164],[-58.86198,-34.264096],[-58.860698,-34.264378],[-58.859931,-34.264153],[-58.858095,-34.262051],[-58.857308,-34.262121],[-58.856817,-34.262039],[-58.856156,-34.261918],[-58.855692,-34.262042],[-58.855318,-34.262332],[-58.855036,-34.262713],[-58.852017,-34.263121],[-58.846399,-34.256879],[-58.832353,-34.262289],[-58.822677,-34.268011],[-58.827359,-34.274046],[-58.825382,-34.274982],[-58.816747,-34.27467],[-58.809464,-34.267491],[-58.80988,-34.26437],[-58.809152,-34.26437],[-58.806031,-34.268219],[-58.802805,-34.264162],[-58.799892,-34.269884],[-58.790112,-34.272277],[-58.780644,-34.277063],[-58.798435,-34.25563],[-58.820701,-34.245954],[-58.813834,-34.231492],[-58.828088,-34.224938],[-58.812036,-34.222084],[-58.812603,-34.219127],[-58.819479,-34.214225],[-58.824873,-34.21023],[-58.853254,-34.254925],[-58.856208,-34.250837],[-58.864694,-34.239094],[-58.870164,-34.22716],[-58.864663,-34.187585]]]},"properties":{"fid":248,"SITE_ID":555643562,"SITE_PID":"555643562","SITE_TYPE":"PA","NAME_ENG":"Ciervo de los Pantanos","NAME":"Ciervo de los Pantanos","DESIG":"Parque Nacional","DESIG_ENG":"National Park","DESIG_TYPE":"National","IUCN_CAT":"II","INT_CRIT":"Not Applicable","REALM":"Terrestrial","REP_M_AREA":0,"GIS_M_AREA":0,"REP_AREA":52,"GIS_AREA":55.5902451093195,"NO_TAKE":"Not Applicable","NO_TK_AREA":0,"STATUS":"Designated","STATUS_YR":2018,"GOV_TYPE":"Federal or national ministry or agency","GOVSUBTYPE":"Not Applicable","OWN_TYPE":"Not Reported","OWNSUBTYPE":"Not Applicable","MANG_AUTH":"Administración de Parques Nacionales","MANG_PLAN":"https://sib.gob.ar/archivos/Plan_de_Gestion_de_la_RNO_2016_2021.pdf","VERIF":"State Verified","METADATAID":1935,"PRNT_ISO3":"ARG","ISO3":"ARG","SUPP_INFO":"Not Applicable","CONS_OBJ":"Not Applicable","INLND_WTRS":"Not Reported","OECM_ASMT":"Not Applicable","layer":"WDPA_W~1","path":"C:/DATAS/PRO/GIS/ARGENT~1/RAW/WDPA_W~1/WDPA_W~3/WDPA_W~1.SHP"}},
{"type":"Feature","geometry":{"type":"MultiPolygon","coordinates":[[[[-71.209064,-47.426864],[-71.20739,-47.394854],[-71.339706,-47.391381],[-71.341648,-47.424717],[-71.209064,-47.426864]]],[[[-71.189762,-47.078751],[-71.254258,-47.070759],[-71.268276,-47.303222],[-71.202255,-47.305056],[-71.207363,-47.394865],[-71.129023,-47.396867],[-71.132741,-47.305286],[-71.202286,-47.305001],[-71.189762,-47.078751]]],[[[-71.189762,-47.078751],[-71.181197,-47.038788],[-71.149541,-47.026461],[-71.193886,-46.967483],[-71.309393,-46.929634],[-71.365999,-46.947774],[-71.475925,-46.95125],[-71.428178,-47.032201],[-71.331809,-47.009238],[-71.318596,-47.033115],[-71.252916,-47.034743],[-71.250225,-46.989896],[-71.184651,-46.991602],[-71.189762,-47.078751]]]]},"properties":{"fid":249,"SITE_ID":555643563,"SITE_PID":"555643563","SITE_TYPE":"PA","NAME_ENG":"Patagonia","NAME":"Patagonia","DESIG":"Reserva Natural Silvestre","DESIG_ENG":"Wilderness Nature Reserve","DESIG_TYPE":"National","IUCN_CAT":"Ib","INT_CRIT":"Not Applicable","REALM":"Terrestrial","REP_M_AREA":0,"GIS_M_AREA":0,"REP_AREA":387.87,"GIS_AREA":391.412788862751,"NO_TAKE":"Not Applicable","NO_TK_AREA":0,"STATUS":"Designated","STATUS_YR":2018,"GOV_TYPE":"Federal or national ministry or agency","GOVSUBTYPE":"Not Applicable","OWN_TYPE":"Not Reported","OWNSUBTYPE":"Not Applicable","MANG_AUTH":"Administración de Parques Nacionales","MANG_PLAN":"Not Reported","VERIF":"State Verified","METADATAID":1935,"PRNT_ISO3":"ARG","ISO3":"ARG","SUPP_INFO":"Not Applicable","CONS_OBJ":"Not Applicable","INLND_WTRS":"Not Reported","OECM_ASMT":"Not Applicable","layer":"WDPA_W~1","path":"C:/DATAS/PRO/GIS/ARGENT~1/RAW/WDPA_W~1/WDPA_W~3/WDPA_W~1.SHP"}},
{"type":"Feature","geometry":{"type":"Polygon","coordinates":[[[-58.014152,-54.79037],[-58.070258,-54.790025],[-58.242159,-54.728928],[-58.269018,-54.708888],[-58.265437,-54.654591],[-58.371084,-54.621701],[-58.566263,-54.663934],[-58.680266,-54.705086],[-58.809191,-54.723056],[-59.427555,-54.694024],[-59.507536,-54.768979],[-59.567821,-54.790025],[-59.763596,-54.754828],[-59.958775,-54.749304],[-60.223788,-54.766219],[-60.541923,-54.832427],[-60.749039,-54.754828],[-60.75,-54.75455],[-60.75,-55.5],[-60.75,-55.750259],[-58,-55.75],[-58.014152,-54.79037]]]},"properties":{"fid":250,"SITE_ID":555643564,"SITE_PID":"555643564","SITE_TYPE":"PA","NAME_ENG":"Namuncurá - Banco Burdwood II","NAME":"Namuncurá - Banco Burdwood II","DESIG":"Reserva Nacional Estricta Marina","DESIG_ENG":"Marine Strict Nature Reserve","DESIG_TYPE":"National","IUCN_CAT":"Ia","INT_CRIT":"Not Applicable","REALM":"Marine","REP_M_AREA":24697.37,"GIS_M_AREA":19733.839093611,"REP_AREA":24697.37,"GIS_AREA":19733.839093611,"NO_TAKE":"Not Reported","NO_TK_AREA":0,"STATUS":"Designated","STATUS_YR":2018,"GOV_TYPE":"Federal or national ministry or agency","GOVSUBTYPE":"Not Applicable","OWN_TYPE":"Not Reported","OWNSUBTYPE":"Not Applicable","MANG_AUTH":"Administración de Parques Nacionales","MANG_PLAN":"Not Reported","VERIF":"State Verified","METADATAID":1935,"PRNT_ISO3":"ARG","ISO3":"ARG","SUPP_INFO":"Not Applicable","CONS_OBJ":"Not Applicable","INLND_WTRS":"Not Applicable","OECM_ASMT":"Not Applicable","layer":"WDPA_W~1","path":"C:/DATAS/PRO/GIS/ARGENT~1/RAW/WDPA_W~1/WDPA_W~3/WDPA_W~1.SHP"}},
{"type":"Feature","geometry":{"type":"Polygon","coordinates":[[[-60.75262,-54.753792],[-61.126264,-54.648707],[-61.387696,-54.640053],[-61.524381,-54.615812],[-61.615703,-54.564512],[-61.748806,-54.432845],[-61.75,-55.5],[-60.75,-55.5],[-60.75,-54.75455],[-60.75262,-54.753792]]]},"properties":{"fid":251,"SITE_ID":555643565,"SITE_PID":"555643565","SITE_TYPE":"PA","NAME_ENG":"Namuncurá - Banco Burdwood II","NAME":"Namuncurá - Banco Burdwood II","DESIG":"Reserva Nacional Marina","DESIG_ENG":"Marine National Reserve","DESIG_TYPE":"National","IUCN_CAT":"VI","INT_CRIT":"Not Applicable","REALM":"Marine","REP_M_AREA":7638.93,"GIS_M_AREA":6121.49270855675,"REP_AREA":7638.93,"GIS_AREA":6121.49270855675,"NO_TAKE":"Not Reported","NO_TK_AREA":0,"STATUS":"Designated","STATUS_YR":2018,"GOV_TYPE":"Federal or national ministry or agency","GOVSUBTYPE":"Not Applicable","OWN_TYPE":"Not Reported","OWNSUBTYPE":"Not Applicable","MANG_AUTH":"Administración de Parques Nacionales","MANG_PLAN":"Not Reported","VERIF":"State Verified","METADATAID":1935,"PRNT_ISO3":"ARG","ISO3":"ARG","SUPP_INFO":"Not Applicable","CONS_OBJ":"Not Applicable","INLND_WTRS":"Not Applicable","OECM_ASMT":"Not Applicable","layer":"WDPA_W~1","path":"C:/DATAS/PRO/GIS/ARGENT~1/RAW/WDPA_W~1/WDPA_W~3/WDPA_W~1.SHP"}},
{"type":"Feature","geometry":{"type":"Polygon","coordinates":[[[-67.266669,-57],[-67.26667,-58.364347],[-66.76224,-58.388076],[-66.144032,-58.382709],[-65.530933,-58.342435],[-64.601066,-58.242895],[-64,-58.225589],[-64,-55.5],[-64.75,-55.5],[-64.75,-55.75],[-65.72667,-55.75],[-65.726672,-56.380002],[-66.25,-56.380001],[-66.250001,-57],[-67.266669,-57]]]},"properties":{"fid":252,"SITE_ID":555643566,"SITE_PID":"555643566","SITE_TYPE":"PA","NAME_ENG":"Yaganes","NAME":"Yaganes","DESIG":"Parque Nacional Marino","DESIG_ENG":"Marine National Park","DESIG_TYPE":"National","IUCN_CAT":"II","INT_CRIT":"Not Applicable","REALM":"Marine","REP_M_AREA":55829.85,"GIS_M_AREA":47173.0224964555,"REP_AREA":55829.85,"GIS_AREA":47173.0224964555,"NO_TAKE":"Not Reported","NO_TK_AREA":0,"STATUS":"Designated","STATUS_YR":2018,"GOV_TYPE":"Federal or national ministry or agency","GOVSUBTYPE":"Not Applicable","OWN_TYPE":"Not Reported","OWNSUBTYPE":"Not Applicable","MANG_AUTH":"Administración de Parques Nacionales","MANG_PLAN":"Not Reported","VERIF":"State Verified","METADATAID":1935,"PRNT_ISO3":"ARG","ISO3":"ARG","SUPP_INFO":"Not Applicable","CONS_OBJ":"Not Applicable","INLND_WTRS":"Not Applicable","OECM_ASMT":"Not Applicable","layer":"WDPA_W~1","path":"C:/DATAS/PRO/GIS/ARGENT~1/RAW/WDPA_W~1/WDPA_W~3/WDPA_W~1.SHP"}},
{"type":"Feature","geometry":{"type":"Polygon","coordinates":[[[-67.266669,-57],[-67.26667,-58.364347],[-66.76224,-58.388076],[-66.144032,-58.382709],[-65.530933,-58.342435],[-64.601066,-58.242895],[-64,-58.225589],[-64,-55.5],[-64.000009,-55.051791],[-64.130279,-55.07719],[-64.717777,-55.115826],[-64.883067,-55.088785],[-65.00928,-55.016327],[-65.114383,-55.084405],[-65.287309,-55.133071],[-65.438226,-55.138217],[-65.663254,-55.179108],[-65.911638,-55.171653],[-66.062534,-55.192242],[-65.726669,-55.381668],[-65.72667,-55.75],[-65.726672,-56.380002],[-66.25,-56.380001],[-67.266668,-56.38],[-67.266669,-57]]]},"properties":{"fid":253,"SITE_ID":555643567,"SITE_PID":"555643567","SITE_TYPE":"PA","NAME_ENG":"Yaganes","NAME":"Yaganes","DESIG":"Reserva Nacional Estricta Marina","DESIG_ENG":"Marine Strict Nature Reserve","DESIG_TYPE":"National","IUCN_CAT":"Ia","INT_CRIT":"Not Applicable","REALM":"Marine","REP_M_AREA":68834.31,"GIS_M_AREA":58234.8599189952,"REP_AREA":68834.31,"GIS_AREA":58234.8599189952,"NO_TAKE":"Not Reported","NO_TK_AREA":0,"STATUS":"Designated","STATUS_YR":2018,"GOV_TYPE":"Federal or national ministry or agency","GOVSUBTYPE":"Not Applicable","OWN_TYPE":"Not Reported","OWNSUBTYPE":"Not Applicable","MANG_AUTH":"Administración de Parques Nacionales","MANG_PLAN":"Not Reported","VERIF":"State Verified","METADATAID":1935,"PRNT_ISO3":"ARG","ISO3":"ARG","SUPP_INFO":"Not Applicable","CONS_OBJ":"Not Applicable","INLND_WTRS":"Not Applicable","OECM_ASMT":"Not Applicable","layer":"WDPA_W~1","path":"C:/DATAS/PRO/GIS/ARGENT~1/RAW/WDPA_W~1/WDPA_W~3/WDPA_W~1.SHP"}},
{"type":"Feature","geometry":{"type":"MultiPolygon","coordinates":[[[[-67.266669,-57],[-66.250001,-57],[-66.25,-56.380001],[-67.266668,-56.38],[-67.266669,-57]]],[[[-64,-55.5],[-64.000009,-55.051791],[-64.130279,-55.07719],[-64.717777,-55.115826],[-64.883067,-55.088785],[-65.00928,-55.016327],[-65.114383,-55.084405],[-65.287309,-55.133071],[-65.438226,-55.138217],[-65.663254,-55.179108],[-65.911638,-55.171653],[-66.062534,-55.192242],[-65.726669,-55.381668],[-65.72667,-55.75],[-64.75,-55.75],[-64.75,-55.5],[-64,-55.5]]]]},"properties":{"fid":254,"SITE_ID":555643568,"SITE_PID":"555643568","SITE_TYPE":"PA","NAME_ENG":"Yaganes","NAME":"Yaganes","DESIG":"Reserva Nacional Marina","DESIG_ENG":"Marine National Reserve","DESIG_TYPE":"National","IUCN_CAT":"VI","INT_CRIT":"Not Applicable","REALM":"Marine","REP_M_AREA":13004.46,"GIS_M_AREA":11061.8374225397,"REP_AREA":13004.46,"GIS_AREA":11061.8374225397,"NO_TAKE":"Not Reported","NO_TK_AREA":0,"STATUS":"Designated","STATUS_YR":2018,"GOV_TYPE":"Federal or national ministry or agency","GOVSUBTYPE":"Not Applicable","OWN_TYPE":"Not Reported","OWNSUBTYPE":"Not Applicable","MANG_AUTH":"Administración de Parques Nacionales","MANG_PLAN":"Not Reported","VERIF":"State Verified","METADATAID":1935,"PRNT_ISO3":"ARG","ISO3":"ARG","SUPP_INFO":"Not Applicable","CONS_OBJ":"Not Applicable","INLND_WTRS":"Not Applicable","OECM_ASMT":"Not Applicable","layer":"WDPA_W~1","path":"C:/DATAS/PRO/GIS/ARGENT~1/RAW/WDPA_W~1/WDPA_W~3/WDPA_W~1.SHP"}},
{"type":"Feature","geometry":{"type":"Polygon","coordinates":[[[-60.747124,-53.758187],[-60.823648,-53.767745],[-61.018827,-53.753598],[-61.105971,-53.76527],[-61.252802,-53.822521],[-61.363224,-53.912831],[-61.419331,-53.932912],[-61.465887,-53.918116],[-61.424106,-53.851116],[-61.431268,-53.824286],[-61.477824,-53.815457],[-61.553031,-53.848646],[-61.630625,-53.956856],[-61.792378,-54.054251],[-61.819238,-54.13074],[-61.75955,-54.175584],[-61.582875,-54.192039],[-61.550643,-54.218282],[-61.556015,-54.253596],[-61.682553,-54.302846],[-61.766713,-54.315759],[-61.837144,-54.310874],[-61.951147,-54.260935],[-61.998897,-54.260935],[-62.014416,-54.280149],[-61.96965,-54.34576],[-61.856841,-54.369814],[-61.748806,-54.432845],[-61.615703,-54.564512],[-61.524381,-54.615812],[-61.387696,-54.640053],[-61.126264,-54.648707],[-60.75262,-54.753792],[-60.749331,-54.754744],[-60.747124,-53.758187]]]},"properties":{"fid":255,"SITE_ID":555703454,"SITE_PID":"555703454","SITE_TYPE":"PA","NAME_ENG":"Namuncurá - Banco Burdwood I","NAME":"Namuncurá - Banco Burdwood I","DESIG":"Reserva Nacional Marina","DESIG_ENG":"Marine National Reserve","DESIG_TYPE":"National","IUCN_CAT":"VI","INT_CRIT":"Not Applicable","REALM":"Marine","REP_M_AREA":5395.98,"GIS_M_AREA":5906.472161731039,"REP_AREA":5395.98,"GIS_AREA":5906.472161731039,"NO_TAKE":"Not Reported","NO_TK_AREA":0,"STATUS":"Designated","STATUS_YR":2019,"GOV_TYPE":"Federal or national ministry or agency","GOVSUBTYPE":"Not Applicable","OWN_TYPE":"Not Reported","OWNSUBTYPE":"Not Applicable","MANG_AUTH":"Administración de Parques Nacionales","MANG_PLAN":"Not Reported","VERIF":"State Verified","METADATAID":1935,"PRNT_ISO3":"ARG","ISO3":"ARG","SUPP_INFO":"Not Applicable","CONS_OBJ":"Not Applicable","INLND_WTRS":"Not Applicable","OECM_ASMT":"Not Applicable","layer":"WDPA_W~1","path":"C:/DATAS/PRO/GIS/ARGENT~1/RAW/WDPA_W~1/WDPA_W~3/WDPA_W~1.SHP"}},
{"type":"Feature","geometry":{"type":"Polygon","coordinates":[[[-60.749331,-54.754744],[-60.749039,-54.754828],[-60.541923,-54.832427],[-60.223788,-54.766219],[-59.958775,-54.749304],[-59.763596,-54.754828],[-59.567821,-54.790025],[-59.507536,-54.768979],[-59.427555,-54.694024],[-58.809191,-54.723056],[-58.680266,-54.705086],[-58.566263,-54.663934],[-58.371084,-54.621701],[-58.265437,-54.654591],[-58.269018,-54.708888],[-58.242159,-54.728928],[-58.070258,-54.790025],[-58.014152,-54.79037],[-57.852399,-54.733074],[-57.797486,-54.74447],[-57.770627,-54.806232],[-57.69542,-54.838284],[-57.576045,-54.832427],[-57.478754,-54.79037],[-57.383851,-54.825191],[-57.180316,-54.811404],[-57.099738,-54.77174],[-56.988719,-54.784506],[-56.943356,-54.816919],[-56.854422,-54.835183],[-56.70759,-54.832427],[-56.557177,-54.747923],[-56.522559,-54.704741],[-56.398408,-54.679155],[-56.23188,-54.605765],[-56.221136,-54.519744],[-56.159061,-54.445717],[-56.166224,-54.394202],[-56.238446,-54.35866],[-56.483762,-54.360054],[-56.582246,-54.304242],[-56.74579,-54.289578],[-56.859197,-54.239264],[-57.083622,-54.229474],[-57.446523,-54.078827],[-57.547395,-54.066189],[-57.844042,-54.082687],[-57.918055,-54.070753],[-58.08339,-54.021226],[-58.220671,-53.945238],[-58.504187,-53.88463],[-58.722047,-53.760319],[-58.785913,-53.766685],[-58.955426,-53.825699],[-59.155976,-53.812278],[-59.228198,-53.853587],[-59.195967,-53.897675],[-59.248492,-53.923753],[-59.696149,-53.903315],[-59.922365,-53.920583],[-60.114559,-53.909659],[-60.168875,-53.889919],[-60.207672,-53.835585],[-60.34376,-53.771281],[-60.600417,-53.7444],[-60.747124,-53.758187],[-60.749331,-54.754744]]]},"properties":{"fid":256,"SITE_ID":555703455,"SITE_PID":"555703455","SITE_TYPE":"PA","NAME_ENG":"Namuncurá - Banco Burdwood I","NAME":"Namuncurá - Banco Burdwood I","DESIG":"Parque Nacional Marino","DESIG_ENG":"Marine National Park","DESIG_TYPE":"National","IUCN_CAT":"II","INT_CRIT":"Not Applicable","REALM":"Marine","REP_M_AREA":22604.02,"GIS_M_AREA":24834.1723761555,"REP_AREA":22604.02,"GIS_AREA":24834.1723761555,"NO_TAKE":"Not Reported","NO_TK_AREA":0,"STATUS":"Designated","STATUS_YR":2019,"GOV_TYPE":"Federal or national ministry or agency","GOVSUBTYPE":"Not Applicable","OWN_TYPE":"Not Reported","OWNSUBTYPE":"Not Applicable","MANG_AUTH":"Administración de Parques Nacionales","MANG_PLAN":"Not Reported","VERIF":"State Verified","METADATAID":1935,"PRNT_ISO3":"ARG","ISO3":"ARG","SUPP_INFO":"Not Applicable","CONS_OBJ":"Not Applicable","INLND_WTRS":"Not Applicable","OECM_ASMT":"Not Applicable","layer":"WDPA_W~1","path":"C:/DATAS/PRO/GIS/ARGENT~1/RAW/WDPA_W~1/WDPA_W~3/WDPA_W~1.SHP"}},
{"type":"Feature","geometry":{"type":"Polygon","coordinates":[[[-71.527186,-46.572948],[-71.534621,-46.693989],[-71.46937,-46.696076],[-71.473047,-46.758715],[-71.368472,-46.761568],[-71.363105,-46.668188],[-71.467991,-46.665193],[-71.462987,-46.590148],[-71.527186,-46.572948]]]},"properties":{"fid":257,"SITE_ID":555703456,"SITE_PID":"555703456","SITE_TYPE":"PA","NAME_ENG":"La Ascensión","NAME":"La Ascensión","DESIG":"Reserva Natural Silvestre","DESIG_ENG":"Wilderness Nature Reserve","DESIG_TYPE":"National","IUCN_CAT":"Ib","INT_CRIT":"Not Applicable","REALM":"Terrestrial","REP_M_AREA":0,"GIS_M_AREA":0,"REP_AREA":148.26,"GIS_AREA":145.764510441524,"NO_TAKE":"Not Applicable","NO_TK_AREA":0,"STATUS":"Designated","STATUS_YR":2019,"GOV_TYPE":"Federal or national ministry or agency","GOVSUBTYPE":"Not Applicable","OWN_TYPE":"Not Reported","OWNSUBTYPE":"Not Applicable","MANG_AUTH":"Administración de Parques Nacionales","MANG_PLAN":"Not Reported","VERIF":"State Verified","METADATAID":1935,"PRNT_ISO3":"ARG","ISO3":"ARG","SUPP_INFO":"Not Applicable","CONS_OBJ":"Not Applicable","INLND_WTRS":"Not Reported","OECM_ASMT":"Not Applicable","layer":"WDPA_W~1","path":"C:/DATAS/PRO/GIS/ARGENT~1/RAW/WDPA_W~1/WDPA_W~3/WDPA_W~1.SHP"}},
{"type":"Feature","geometry":{"type":"Polygon","coordinates":[[[-54.1644,-25.582991],[-54.164257,-25.588175],[-54.162887,-25.588178],[-54.162927,-25.588351],[-54.162966,-25.58842],[-54.16298,-25.588444],[-54.162999,-25.588469],[-54.163014,-25.588502],[-54.163037,-25.588535],[-54.163078,-25.58861],[-54.163586,-25.589249],[-54.163274,-25.589608],[-54.163168,-25.589681],[-54.163071,-25.589823],[-54.162916,-25.589982],[-54.162894,-25.590019],[-54.162872,-25.590047],[-54.162849,-25.590095],[-54.162769,-25.590891],[-54.159494,-25.593643],[-54.154974,-25.594659],[-54.154735,-25.595005],[-54.154425,-25.595157],[-54.15424,-25.595577],[-54.154186,-25.595609],[-54.15414,-25.595627],[-54.154092,-25.595651],[-54.154083,-25.595653],[-54.15405,-25.595671],[-54.154035,-25.595674],[-54.154019,-25.595689],[-54.153985,-25.595942],[-54.153997,-25.595973],[-54.154012,-25.59601],[-54.154027,-25.596047],[-54.154033,-25.596068],[-54.154057,-25.596113],[-54.154203,-25.596353],[-54.154323,-25.596846],[-54.154277,-25.59733],[-54.15421,-25.597391],[-54.154055,-25.597455],[-54.153993,-25.597485],[-54.153959,-25.597502],[-54.153932,-25.597525],[-54.153845,-25.597704],[-54.15385,-25.597824],[-54.153925,-25.59795],[-54.153934,-25.597974],[-54.153934,-25.59799],[-54.153967,-25.598047],[-54.154047,-25.598323],[-54.154023,-25.598492],[-54.153284,-25.598469],[-54.153202,-25.598115],[-54.15324,-25.598003],[-54.153277,-25.59794],[-54.153301,-25.597876],[-54.153326,-25.597831],[-54.153341,-25.597795],[-54.153347,-25.597782],[-54.153353,-25.597765],[-54.153369,-25.597739],[-54.153432,-25.597537],[-54.153544,-25.596859],[-54.153342,-25.596745],[-54.153246,-25.59672],[-54.153127,-25.596713],[-54.152946,-25.596672],[-54.152699,-25.596629],[-54.1525,-25.59659],[-54.152078,-25.596427],[-54.152048,-25.596403],[-54.152231,-25.593768],[-54.1609,-25.588186],[-54.160899,-25.582944],[-54.1644,-25.582991]]]},"properties":{"fid":258,"SITE_ID":555703457,"SITE_PID":"555703457","SITE_TYPE":"PA","NAME_ENG":"Alto Iguazu","NAME":"Alto Iguazu","DESIG":"Reserva Natural Silvestre","DESIG_ENG":"Wilderness Nature Reserve","DESIG_TYPE":"National","IUCN_CAT":"Ib","INT_CRIT":"Not Applicable","REALM":"Terrestrial","REP_M_AREA":0,"GIS_M_AREA":0,"REP_AREA":0.78,"GIS_AREA":0.749893185694189,"NO_TAKE":"Not Applicable","NO_TK_AREA":0,"STATUS":"Designated","STATUS_YR":2019,"GOV_TYPE":"Federal or national ministry or agency","GOVSUBTYPE":"Not Applicable","OWN_TYPE":"Not Reported","OWNSUBTYPE":"Not Applicable","MANG_AUTH":"Administración de Parques Nacionales","MANG_PLAN":"Not Reported","VERIF":"State Verified","METADATAID":1935,"PRNT_ISO3":"ARG","ISO3":"ARG","SUPP_INFO":"Not Applicable","CONS_OBJ":"Not Applicable","INLND_WTRS":"Not Reported","OECM_ASMT":"Not Applicable","layer":"WDPA_W~1","path":"C:/DATAS/PRO/GIS/ARGENT~1/RAW/WDPA_W~1/WDPA_W~3/WDPA_W~1.SHP"}},
{"type":"Feature","geometry":{"type":"Polygon","coordinates":[[[-73.039877,-49.243175],[-72.944088,-49.247134],[-72.943699,-49.24002],[-72.949064,-49.237027],[-72.941946,-49.227073],[-72.910123,-49.230749],[-72.938014,-49.2005],[-72.934858,-49.19436],[-72.946633,-49.185462],[-72.952959,-49.200601],[-72.936968,-49.204424],[-72.943308,-49.206752],[-72.940684,-49.207768],[-72.942917,-49.20997],[-72.941253,-49.210975],[-72.942989,-49.215955],[-72.942222,-49.216113],[-72.942359,-49.216955],[-72.941766,-49.217326],[-72.941529,-49.217851],[-72.942752,-49.218055],[-72.941502,-49.221042],[-72.962264,-49.235156],[-73.063722,-49.208515],[-73.135904,-49.207863],[-73.13755,-49.248595],[-73.039877,-49.243175]]]},"properties":{"fid":259,"SITE_ID":555703458,"SITE_PID":"555703458","SITE_TYPE":"PA","NAME_ENG":"Piedra del Fraile","NAME":"Piedra del Fraile","DESIG":"Reserva Natural Silvestre","DESIG_ENG":"Wilderness Nature Reserve","DESIG_TYPE":"National","IUCN_CAT":"Ib","INT_CRIT":"Not Applicable","REALM":"Terrestrial","REP_M_AREA":0,"GIS_M_AREA":0,"REP_AREA":50.05,"GIS_AREA":48.0876701819133,"NO_TAKE":"Not Applicable","NO_TK_AREA":0,"STATUS":"Designated","STATUS_YR":2019,"GOV_TYPE":"Federal or national ministry or agency","GOVSUBTYPE":"Not Applicable","OWN_TYPE":"Not Reported","OWNSUBTYPE":"Not Applicable","MANG_AUTH":"Administración de Parques Nacionales","MANG_PLAN":"https://sib.gob.ar/archivos/PG_PN_LOS_GLACIARES_2019-2029__1_.pdf","VERIF":"State Verified","METADATAID":1935,"PRNT_ISO3":"ARG","ISO3":"ARG","SUPP_INFO":"Not Applicable","CONS_OBJ":"Not Applicable","INLND_WTRS":"Not Reported","OECM_ASMT":"Not Applicable","layer":"WDPA_W~1","path":"C:/DATAS/PRO/GIS/ARGENT~1/RAW/WDPA_W~1/WDPA_W~3/WDPA_W~1.SHP"}},
{"type":"Feature","geometry":{"type":"Polygon","coordinates":[[[-57.096815,-27.931483],[-57.107574,-27.954328],[-57.092818,-27.978773],[-57.100336,-28.071812],[-57.082907,-28.085472],[-57.012178,-28.045106],[-56.999418,-27.988938],[-57.028019,-27.975548],[-57.01624,-27.955666],[-57.047277,-27.941163],[-57.087534,-27.922185],[-57.091103,-27.917868],[-57.096815,-27.931483]]]},"properties":{"fid":260,"SITE_ID":555703459,"SITE_PID":"555703459","SITE_TYPE":"PA","NAME_ENG":"Cambyreta","NAME":"Cambyreta","DESIG":"Reserva Natural Silvestre","DESIG_ENG":"Wilderness Nature Reserve","DESIG_TYPE":"National","IUCN_CAT":"Ib","INT_CRIT":"Not Applicable","REALM":"Terrestrial","REP_M_AREA":0,"GIS_M_AREA":0,"REP_AREA":115.94,"GIS_AREA":117.167411749907,"NO_TAKE":"Not Applicable","NO_TK_AREA":0,"STATUS":"Designated","STATUS_YR":2019,"GOV_TYPE":"Federal or national ministry or agency","GOVSUBTYPE":"Not Applicable","OWN_TYPE":"Not Reported","OWNSUBTYPE":"Not Applicable","MANG_AUTH":"Administración de Parques Nacionales","MANG_PLAN":"Not Reported","VERIF":"State Verified","METADATAID":1935,"PRNT_ISO3":"ARG","ISO3":"ARG","SUPP_INFO":"Not Applicable","CONS_OBJ":"Not Applicable","INLND_WTRS":"Not Reported","OECM_ASMT":"Not Applicable","layer":"WDPA_W~1","path":"C:/DATAS/PRO/GIS/ARGENT~1/RAW/WDPA_W~1/WDPA_W~3/WDPA_W~1.SHP"}},
{"type":"Feature","geometry":{"type":"Polygon","coordinates":[[[-65.032514,-41.593704],[-65.031583,-41.5966],[-65.030701,-41.599342],[-65.029388,-41.603421],[-65.019729,-41.607336],[-65.001019,-41.575835],[-64.996229,-41.501265],[-65.056021,-41.457727],[-65.061394,-41.43201],[-65.077414,-41.416219],[-65.075801,-41.408227],[-65.079366,-41.396793],[-65.080374,-41.394184],[-65.084072,-41.385686],[-65.085288,-41.382828],[-65.086611,-41.379624],[-65.099866,-41.380681],[-65.098915,-41.386223],[-65.098087,-41.391061],[-65.066292,-41.462665],[-65.021333,-41.49807],[-65.012747,-41.517244],[-65.006965,-41.533594],[-65.013128,-41.539344],[-65.025842,-41.552541],[-65.026167,-41.558164],[-65.026102,-41.568009],[-65.026605,-41.5768],[-65.026623,-41.585973],[-65.032514,-41.593704]]]},"properties":{"fid":261,"SITE_ID":555745323,"SITE_PID":"555745323","SITE_TYPE":"PA","NAME_ENG":"Islote Lobos","NAME":"Islote Lobos","DESIG":"Reserva Nacional","DESIG_ENG":"National Reserve","DESIG_TYPE":"National","IUCN_CAT":"VI","INT_CRIT":"Not Applicable","REALM":"Terrestrial","REP_M_AREA":0,"GIS_M_AREA":0,"REP_AREA":34.862,"GIS_AREA":34.9471266606858,"NO_TAKE":"Not Applicable","NO_TK_AREA":0,"STATUS":"Designated","STATUS_YR":2022,"GOV_TYPE":"Federal or national ministry or agency","GOVSUBTYPE":"Not Applicable","OWN_TYPE":"Not Reported","OWNSUBTYPE":"Not Applicable","MANG_AUTH":"Administración de Parques Nacionales","MANG_PLAN":"Not Reported","VERIF":"State Verified","METADATAID":1935,"PRNT_ISO3":"ARG","ISO3":"ARG","SUPP_INFO":"Not Applicable","CONS_OBJ":"Not Applicable","INLND_WTRS":"Not Reported","OECM_ASMT":"Not Applicable","layer":"WDPA_W~1","path":"C:/DATAS/PRO/GIS/ARGENT~1/RAW/WDPA_W~1/WDPA_W~3/WDPA_W~1.SHP"}},
{"type":"Feature","geometry":{"type":"Polygon","coordinates":[[[-65.032514,-41.593704],[-65.037289,-41.599564],[-65.036364,-41.606601],[-65.02339,-41.620446],[-64.981577,-41.620067],[-64.936826,-41.57864],[-64.947967,-41.493178],[-64.9742,-41.435019],[-65.001898,-41.390296],[-65.037894,-41.374835],[-65.086611,-41.379624],[-65.085288,-41.382828],[-65.084072,-41.385686],[-65.080374,-41.394184],[-65.079366,-41.396793],[-65.075801,-41.408227],[-65.077414,-41.416219],[-65.061394,-41.43201],[-65.056021,-41.457727],[-64.996229,-41.501265],[-65.001019,-41.575835],[-65.019729,-41.607336],[-65.029388,-41.603421],[-65.030701,-41.599342],[-65.031583,-41.5966],[-65.032514,-41.593704]]]},"properties":{"fid":262,"SITE_ID":555745324,"SITE_PID":"555745324","SITE_TYPE":"PA","NAME_ENG":"Islote Lobos","NAME":"Islote Lobos","DESIG":"Parque Nacional","DESIG_ENG":"National Park","DESIG_TYPE":"National","IUCN_CAT":"II","INT_CRIT":"Not Applicable","REALM":"Marine","REP_M_AREA":141.55,"GIS_M_AREA":142.659460329009,"REP_AREA":143.8,"GIS_AREA":155.810071469712,"NO_TAKE":"Not Reported","NO_TK_AREA":0,"STATUS":"Designated","STATUS_YR":2022,"GOV_TYPE":"Federal or national ministry or agency","GOVSUBTYPE":"Not Applicable","OWN_TYPE":"Not Reported","OWNSUBTYPE":"Not Applicable","MANG_AUTH":"Administración de Parques Nacionales","MANG_PLAN":"Not Reported","VERIF":"State Verified","METADATAID":1935,"PRNT_ISO3":"ARG","ISO3":"ARG","SUPP_INFO":"Not Applicable","CONS_OBJ":"Not Applicable","INLND_WTRS":"Not Applicable","OECM_ASMT":"Not Applicable","layer":"WDPA_W~1","path":"C:/DATAS/PRO/GIS/ARGENT~1/RAW/WDPA_W~1/WDPA_W~3/WDPA_W~1.SHP"}},
{"type":"Feature","geometry":{"type":"Polygon","coordinates":[[[-55.709971,-27.41115],[-55.667116,-27.417395],[-55.64733,-27.441603],[-55.593254,-27.38698],[-55.612994,-27.371165],[-55.608448,-27.354422],[-55.67863,-27.377204],[-55.709971,-27.41115]]]},"properties":{"fid":263,"SITE_ID":555745325,"SITE_PID":"555745325","SITE_TYPE":"PA","NAME_ENG":"Parque Federal Campo San Juan","NAME":"Parque Federal Campo San Juan","DESIG":"Reserva Natural Silvestre","DESIG_ENG":"Wilderness Nature Reserve","DESIG_TYPE":"National","IUCN_CAT":"Ib","INT_CRIT":"Not Applicable","REALM":"Terrestrial","REP_M_AREA":0,"GIS_M_AREA":0,"REP_AREA":51.31,"GIS_AREA":57.2344561763456,"NO_TAKE":"Not Applicable","NO_TK_AREA":0,"STATUS":"Designated","STATUS_YR":2022,"GOV_TYPE":"Federal or national ministry or agency","GOVSUBTYPE":"Not Applicable","OWN_TYPE":"Not Reported","OWNSUBTYPE":"Not Applicable","MANG_AUTH":"Administración de Parques Nacionales y provincia de Misiones","MANG_PLAN":"Not Reported","VERIF":"State Verified","METADATAID":1935,"PRNT_ISO3":"ARG","ISO3":"ARG","SUPP_INFO":"Not Applicable","CONS_OBJ":"Not Applicable","INLND_WTRS":"Not Reported","OECM_ASMT":"Not Applicable","layer":"WDPA_W~1","path":"C:/DATAS/PRO/GIS/ARGENT~1/RAW/WDPA_W~1/WDPA_W~3/WDPA_W~1.SHP"}},
{"type":"Feature","geometry":{"type":"Polygon","coordinates":[[[-62.511615,-30.658578],[-62.564384,-30.660506],[-62.582377,-30.680787],[-62.61203,-30.69701],[-62.584194,-30.583885],[-62.679787,-30.567233],[-62.786195,-30.593952],[-62.842667,-30.625446],[-63.019972,-30.59576],[-63.043861,-30.692806],[-62.932417,-30.714861],[-62.885972,-30.793472],[-62.827306,-30.796639],[-62.813667,-30.827556],[-62.505083,-30.840722],[-62.412556,-30.820472],[-62.313917,-30.852472],[-62.256056,-30.848361],[-62.218583,-30.798694],[-62.217556,-30.632333],[-62.238,-30.551028],[-62.283583,-30.548507],[-62.284971,-30.570124],[-62.306882,-30.569946],[-62.305435,-30.547306],[-62.327449,-30.546101],[-62.342236,-30.5753],[-62.468822,-30.568086],[-62.480016,-30.605896],[-62.45068,-30.609799],[-62.511615,-30.658578]]]},"properties":{"fid":264,"SITE_ID":555745326,"SITE_PID":"555745326","SITE_TYPE":"PA","NAME_ENG":"Ansenuza","NAME":"Ansenuza","DESIG":"Parque Nacional","DESIG_ENG":"National Park","DESIG_TYPE":"National","IUCN_CAT":"II","INT_CRIT":"Not Applicable","REALM":"Terrestrial","REP_M_AREA":0,"GIS_M_AREA":0,"REP_AREA":1859.39,"GIS_AREA":1859.09439210303,"NO_TAKE":"Not Applicable","NO_TK_AREA":0,"STATUS":"Designated","STATUS_YR":2022,"GOV_TYPE":"Federal or national ministry or agency","GOVSUBTYPE":"Not Applicable","OWN_TYPE":"Not Reported","OWNSUBTYPE":"Not Applicable","MANG_AUTH":"Administración de Parques Nacionales","MANG_PLAN":"Not Reported","VERIF":"State Verified","METADATAID":1935,"PRNT_ISO3":"ARG","ISO3":"ARG","SUPP_INFO":"Not Applicable","CONS_OBJ":"Not Applicable","INLND_WTRS":"Not Reported","OECM_ASMT":"Not Applicable","layer":"WDPA_W~1","path":"C:/DATAS/PRO/GIS/ARGENT~1/RAW/WDPA_W~1/WDPA_W~3/WDPA_W~1.SHP"}},
{"type":"Feature","geometry":{"type":"Polygon","coordinates":[[[-62.238,-30.551028],[-62.265311,-30.462253],[-62.2485,-30.464782],[-62.197517,-30.345098],[-62.520077,-30.341898],[-62.593618,-30.259583],[-62.593289,-30.252397],[-62.592437,-30.248551],[-62.591915,-30.246669],[-62.591376,-30.244977],[-62.59129,-30.244705],[-62.59073,-30.242998],[-62.589695,-30.235977],[-62.590157,-30.22855],[-62.59151,-30.224022],[-62.595745,-30.220999],[-62.597784,-30.219071],[-62.598986,-30.217022],[-62.60132,-30.190888],[-62.592646,-30.181502],[-62.596801,-30.165742],[-62.567665,-30.123067],[-62.561513,-30.101609],[-62.56481,-30.092753],[-62.563653,-30.090435],[-62.563452,-30.089185],[-62.563299,-30.088237],[-62.563375,-30.086447],[-62.560885,-30.08206],[-62.560171,-30.079086],[-62.558387,-30.07635],[-62.556483,-30.062787],[-62.571712,-30.061121],[-62.575638,-30.060883],[-62.582538,-30.064214],[-62.60557,-30.059455],[-62.607009,-30.058303],[-62.608129,-30.057406],[-62.609072,-30.05505],[-62.612914,-30.053843],[-62.622717,-30.052834],[-62.623071,-30.052851],[-62.627964,-30.053088],[-62.628072,-30.053093],[-62.634445,-30.054036],[-62.634635,-30.054681],[-62.651369,-30.13477],[-62.712477,-30.123694],[-62.718653,-30.15111],[-62.737374,-30.144084],[-62.727963,-30.178807],[-62.750291,-30.196327],[-62.836131,-30.181889],[-62.83948,-30.19651],[-62.874705,-30.189648],[-62.897875,-30.218407],[-62.952757,-30.208821],[-62.961893,-30.24869],[-63.313063,-30.185906],[-63.329913,-30.247853],[-63.375563,-30.248118],[-63.379359,-30.463322],[-63.420669,-30.463883],[-63.420191,-30.487219],[-63.323526,-30.5062],[-63.323056,-30.559101],[-63.29897,-30.563827],[-63.310362,-30.609751],[-63.28629,-30.610409],[-63.289533,-30.623662],[-63.265204,-30.62688],[-63.251707,-30.622676],[-63.231613,-30.624019],[-63.194975,-30.630749],[-63.203054,-30.663821],[-63.155035,-30.672594],[-63.043861,-30.692806],[-63.019972,-30.59576],[-62.842667,-30.625446],[-62.786195,-30.593952],[-62.679787,-30.567233],[-62.584194,-30.583885],[-62.61203,-30.69701],[-62.582377,-30.680787],[-62.564384,-30.660506],[-62.511615,-30.658578],[-62.488501,-30.62943],[-62.45068,-30.609799],[-62.480016,-30.605896],[-62.468822,-30.568086],[-62.342236,-30.5753],[-62.327449,-30.546101],[-62.305435,-30.547306],[-62.306882,-30.569946],[-62.284971,-30.570124],[-62.283583,-30.548507],[-62.238,-30.551028]]]},"properties":{"fid":265,"SITE_ID":555745327,"SITE_PID":"555745327","SITE_TYPE":"PA","NAME_ENG":"Ansenuza","NAME":"Ansenuza","DESIG":"Reserva Nacional","DESIG_ENG":"National Reserve","DESIG_TYPE":"National","IUCN_CAT":"VI","INT_CRIT":"Not Applicable","REALM":"Terrestrial","REP_M_AREA":0,"GIS_M_AREA":0,"REP_AREA":4754.77,"GIS_AREA":4519.15953954311,"NO_TAKE":"Not Applicable","NO_TK_AREA":0,"STATUS":"Designated","STATUS_YR":2022,"GOV_TYPE":"Federal or national ministry or agency","GOVSUBTYPE":"Not Applicable","OWN_TYPE":"Not Reported","OWNSUBTYPE":"Not Applicable","MANG_AUTH":"Administración de Parques Nacionales","MANG_PLAN":"Not Reported","VERIF":"State Verified","METADATAID":1935,"PRNT_ISO3":"ARG","ISO3":"ARG","SUPP_INFO":"Not Applicable","CONS_OBJ":"Not Applicable","INLND_WTRS":"Not Reported","OECM_ASMT":"Not Applicable","layer":"WDPA_W~1","path":"C:/DATAS/PRO/GIS/ARGENT~1/RAW/WDPA_W~1/WDPA_W~3/WDPA_W~1.SHP"}},
{"type":"Feature","geometry":{"type":"Polygon","coordinates":[[[-69.878781,-32.562353],[-69.891603,-32.57792],[-69.837578,-32.623877],[-69.805211,-32.75503],[-69.791902,-32.784376],[-69.779177,-32.824306],[-69.756183,-32.852095],[-69.611855,-32.782841],[-69.567126,-32.732735],[-69.545803,-32.718896],[-69.522402,-32.676981],[-69.485184,-32.627314],[-69.416699,-32.619404],[-69.341489,-32.693451],[-69.315447,-32.791232],[-69.264075,-32.8471],[-69.215856,-32.77913],[-69.197063,-32.671],[-69.147534,-32.593299],[-69.142983,-32.542006],[-69.111986,-32.459887],[-69.191709,-32.452899],[-69.419544,-32.436324],[-69.495271,-32.378992],[-69.680809,-32.303468],[-69.721498,-32.314175],[-69.73054,-32.339635],[-69.733157,-32.390556],[-69.690268,-32.422985],[-69.704961,-32.496442],[-69.756119,-32.50941],[-69.790859,-32.546768],[-69.822387,-32.544388],[-69.835117,-32.567945],[-69.847253,-32.570562],[-69.85332,-32.565565],[-69.856652,-32.563662],[-69.858793,-32.562591],[-69.862838,-32.56152],[-69.878781,-32.562353]]]},"properties":{"fid":266,"SITE_ID":555745328,"SITE_PID":"555745328","SITE_TYPE":"PA","NAME_ENG":"Uspallata","NAME":"Uspallata","DESIG":"Reserva Natural de la Defensa","DESIG_ENG":"Nature Reserve of Defense","DESIG_TYPE":"National","IUCN_CAT":"Not Reported","INT_CRIT":"Not Applicable","REALM":"Terrestrial","REP_M_AREA":0,"GIS_M_AREA":0,"REP_AREA":2153.75,"GIS_AREA":2275.7472032745,"NO_TAKE":"Not Applicable","NO_TK_AREA":0,"STATUS":"Designated","STATUS_YR":2021,"GOV_TYPE":"Federal or national ministry or agency","GOVSUBTYPE":"Not Applicable","OWN_TYPE":"Not Reported","OWNSUBTYPE":"Not Applicable","MANG_AUTH":"Ejercito Argentino","MANG_PLAN":"Not Reported","VERIF":"State Verified","METADATAID":1935,"PRNT_ISO3":"ARG","ISO3":"ARG","SUPP_INFO":"Not Applicable","CONS_OBJ":"Not Applicable","INLND_WTRS":"Not Reported","OECM_ASMT":"Not Applicable","layer":"WDPA_W~1","path":"C:/DATAS/PRO/GIS/ARGENT~1/RAW/WDPA_W~1/WDPA_W~3/WDPA_W~1.SHP"}},
{"type":"Feature","geometry":{"type":"Polygon","coordinates":[[[-60.708688,-32.776836],[-60.681628,-32.80295],[-60.683073,-32.791275],[-60.708688,-32.776836]]]},"properties":{"fid":267,"SITE_ID":555745329,"SITE_PID":"555745329","SITE_TYPE":"PA","NAME_ENG":"Martín Fierro","NAME":"Martín Fierro","DESIG":"Reserva Natural de la Defensa","DESIG_ENG":"Nature Reserve of Defense","DESIG_TYPE":"National","IUCN_CAT":"Not Reported","INT_CRIT":"Not Applicable","REALM":"Terrestrial","REP_M_AREA":0,"GIS_M_AREA":0,"REP_AREA":2.11,"GIS_AREA":2.76185152066695,"NO_TAKE":"Not Applicable","NO_TK_AREA":0,"STATUS":"Designated","STATUS_YR":2021,"GOV_TYPE":"Federal or national ministry or agency","GOVSUBTYPE":"Not Applicable","OWN_TYPE":"Not Reported","OWNSUBTYPE":"Not Applicable","MANG_AUTH":"Ejercito Argentino","MANG_PLAN":"Not Reported","VERIF":"State Verified","METADATAID":1935,"PRNT_ISO3":"ARG","ISO3":"ARG","SUPP_INFO":"Not Applicable","CONS_OBJ":"Not Applicable","INLND_WTRS":"Not Reported","OECM_ASMT":"Not Applicable","layer":"WDPA_W~1","path":"C:/DATAS/PRO/GIS/ARGENT~1/RAW/WDPA_W~1/WDPA_W~3/WDPA_W~1.SHP"}},
{"type":"Feature","geometry":{"type":"Polygon","coordinates":[[[-69.680809,-32.303468],[-69.60312,-32.210788],[-69.592531,-32.140118],[-69.766968,-32.133911],[-69.749023,-32.106384],[-69.759705,-32.026184],[-69.697571,-31.902893],[-69.923706,-31.911255],[-69.965637,-31.863403],[-70.01593,-31.868225],[-70.116455,-31.9328],[-70.124817,-31.978333],[-70.22685,-31.981023],[-70.250139,-31.993236],[-70.248261,-32.023861],[-70.289028,-32.052032],[-70.380199,-32.026518],[-70.387966,-32.045837],[-70.335189,-32.070436],[-70.350221,-32.088232],[-70.341655,-32.108644],[-70.303877,-32.136322],[-70.317262,-32.177005],[-70.300953,-32.206815],[-70.323319,-32.266514],[-70.222366,-32.325004],[-70.217333,-32.382201],[-70.23859,-32.404832],[-70.236649,-32.429292],[-70.148746,-32.465665],[-70.126201,-32.574154],[-70.091266,-32.602209],[-70.089958,-32.622315],[-70.066163,-32.625825],[-70.063486,-32.624159],[-70.061642,-32.618984],[-70.060631,-32.617319],[-70.059798,-32.616486],[-70.058727,-32.615355],[-70.05379,-32.613036],[-70.0457,-32.605183],[-70.044391,-32.602804],[-70.044094,-32.60209],[-70.043856,-32.601138],[-70.043677,-32.59632],[-70.041179,-32.592334],[-70.041774,-32.588527],[-70.041774,-32.587575],[-70.041893,-32.586148],[-70.041655,-32.585077],[-70.025831,-32.578771],[-70.025712,-32.559855],[-70.023095,-32.557713],[-70.020239,-32.553073],[-70.019407,-32.55117],[-70.018633,-32.550175],[-70.018574,-32.550099],[-70.017741,-32.546887],[-70.015243,-32.543079],[-70.014172,-32.542247],[-70.012923,-32.541355],[-70.011673,-32.540462],[-70.010603,-32.539986],[-70.009413,-32.537488],[-70.008836,-32.536141],[-70.00881,-32.536081],[-70.008699,-32.535822],[-70.008104,-32.534156],[-70.007033,-32.532729],[-70.005963,-32.531182],[-70.005011,-32.529873],[-70.004178,-32.528327],[-70.00275,-32.528922],[-70.001918,-32.529278],[-69.999657,-32.529873],[-69.992281,-32.531182],[-69.982525,-32.531539],[-69.964322,-32.545816],[-69.926577,-32.54248],[-69.900672,-32.56152],[-69.898649,-32.561877],[-69.895675,-32.561877],[-69.891868,-32.56033],[-69.89044,-32.559974],[-69.889131,-32.559974],[-69.878781,-32.562353],[-69.862838,-32.56152],[-69.858793,-32.562591],[-69.856652,-32.563662],[-69.85332,-32.565565],[-69.847253,-32.570562],[-69.835117,-32.567945],[-69.822387,-32.544388],[-69.790859,-32.546768],[-69.756119,-32.50941],[-69.704961,-32.496442],[-69.690268,-32.422985],[-69.733157,-32.390556],[-69.73054,-32.339635],[-69.721498,-32.314175],[-69.680809,-32.303468]]]},"properties":{"fid":268,"SITE_ID":555745330,"SITE_PID":"555745330","SITE_TYPE":"PA","NAME_ENG":"Manantiales","NAME":"Manantiales","DESIG":"Reserva Natural de la Defensa","DESIG_ENG":"Nature Reserve of Defense","DESIG_TYPE":"National","IUCN_CAT":"Not Reported","INT_CRIT":"Not Applicable","REALM":"Terrestrial","REP_M_AREA":0,"GIS_M_AREA":0,"REP_AREA":3829.92,"GIS_AREA":3711.57681188175,"NO_TAKE":"Not Applicable","NO_TK_AREA":0,"STATUS":"Designated","STATUS_YR":2021,"GOV_TYPE":"Federal or national ministry or agency","GOVSUBTYPE":"Not Applicable","OWN_TYPE":"Not Reported","OWNSUBTYPE":"Not Applicable","MANG_AUTH":"Ejercito Argentino","MANG_PLAN":"Not Reported","VERIF":"State Verified","METADATAID":1935,"PRNT_ISO3":"ARG","ISO3":"ARG","SUPP_INFO":"Not Applicable","CONS_OBJ":"Not Applicable","INLND_WTRS":"Not Reported","OECM_ASMT":"Not Applicable","layer":"WDPA_W~1","path":"C:/DATAS/PRO/GIS/ARGENT~1/RAW/WDPA_W~1/WDPA_W~3/WDPA_W~1.SHP"}},
{"type":"Feature","geometry":{"type":"Polygon","coordinates":[[[-63.650001,-42.77227],[-63.629989,-42.757303],[-63.631889,-42.75327],[-63.63257,-42.752451],[-63.632979,-42.75217],[-63.633387,-42.751767],[-63.633744,-42.751106],[-63.634956,-42.750382],[-63.635602,-42.746366],[-63.630495,-42.73941],[-63.638159,-42.730932],[-63.654563,-42.73041],[-63.650001,-42.77227]]]},"properties":{"fid":269,"SITE_ID":555745331,"SITE_PID":"555745331","SITE_TYPE":"PA","NAME_ENG":"Punta Delgada","NAME":"Punta Delgada","DESIG":"Reserva Natural de la Defensa","DESIG_ENG":"Nature Reserve of Defense","DESIG_TYPE":"National","IUCN_CAT":"Not Reported","INT_CRIT":"Not Applicable","REALM":"Terrestrial","REP_M_AREA":0,"GIS_M_AREA":0.001589532606649,"REP_AREA":5.5,"GIS_AREA":6.34538534572729,"NO_TAKE":"Not Applicable","NO_TK_AREA":0,"STATUS":"Designated","STATUS_YR":2021,"GOV_TYPE":"Federal or national ministry or agency","GOVSUBTYPE":"Not Applicable","OWN_TYPE":"Not Reported","OWNSUBTYPE":"Not Applicable","MANG_AUTH":"Servicio de Hidrografía Naval","MANG_PLAN":"Not Reported","VERIF":"State Verified","METADATAID":1935,"PRNT_ISO3":"ARG","ISO3":"ARG","SUPP_INFO":"Not Applicable","CONS_OBJ":"Not Applicable","INLND_WTRS":"Not Reported","OECM_ASMT":"Not Applicable","layer":"WDPA_W~1","path":"C:/DATAS/PRO/GIS/ARGENT~1/RAW/WDPA_W~1/WDPA_W~3/WDPA_W~1.SHP"}},
{"type":"Feature","geometry":{"type":"Polygon","coordinates":[[[-57.110122,-37.469908],[-57.116544,-37.460398],[-57.119582,-37.463067],[-57.110122,-37.469908]]]},"properties":{"fid":270,"SITE_ID":555745332,"SITE_PID":"555745332","SITE_TYPE":"PA","NAME_ENG":"Faro Querandí","NAME":"Faro Querandí","DESIG":"Reserva Natural de la Defensa","DESIG_ENG":"Nature Reserve of Defense","DESIG_TYPE":"National","IUCN_CAT":"Not Reported","INT_CRIT":"Not Applicable","REALM":"Terrestrial","REP_M_AREA":0,"GIS_M_AREA":0,"REP_AREA":0.44,"GIS_AREA":0.446224853661612,"NO_TAKE":"Not Applicable","NO_TK_AREA":0,"STATUS":"Designated","STATUS_YR":2021,"GOV_TYPE":"Federal or national ministry or agency","GOVSUBTYPE":"Not Applicable","OWN_TYPE":"Not Reported","OWNSUBTYPE":"Not Applicable","MANG_AUTH":"Servicio de Hidrografía Naval","MANG_PLAN":"Not Reported","VERIF":"State Verified","METADATAID":1935,"PRNT_ISO3":"ARG","ISO3":"ARG","SUPP_INFO":"Not Applicable","CONS_OBJ":"Not Applicable","INLND_WTRS":"Not Reported","OECM_ASMT":"Not Applicable","layer":"WDPA_W~1","path":"C:/DATAS/PRO/GIS/ARGENT~1/RAW/WDPA_W~1/WDPA_W~3/WDPA_W~1.SHP"}},
{"type":"Feature","geometry":{"type":"Polygon","coordinates":[[[-71.095757,-40.731064],[-71.101211,-40.747008],[-71.110861,-40.752462],[-71.115476,-40.757496],[-71.118094,-40.75946],[-71.12051,-40.761272],[-71.116396,-40.766802],[-71.123867,-40.777215],[-71.117971,-40.782713],[-71.119044,-40.793566],[-71.116995,-40.797921],[-71.119252,-40.802808],[-71.113239,-40.805902],[-71.100372,-40.813297],[-71.101928,-40.821566],[-71.091336,-40.831704],[-71.102469,-40.834694],[-71.099952,-40.840149],[-71.093659,-40.840568],[-71.087579,-40.847086],[-71.085268,-40.852735],[-71.078728,-40.853505],[-71.073101,-40.849379],[-71.06921,-40.851134],[-71.055914,-40.869589],[-71.046678,-40.872024],[-71.047608,-40.879517],[-71.051736,-40.878986],[-71.053055,-40.880123],[-71.053382,-40.882524],[-71.043312,-40.885041],[-71.038697,-40.890915],[-71.038697,-40.897628],[-71.034389,-40.901814],[-71.033812,-40.908934],[-71.034921,-40.91441],[-71.032857,-40.920706],[-71.035341,-40.924899],[-71.03206,-40.930542],[-71.03576,-40.940842],[-71.042054,-40.947555],[-71.037439,-40.947555],[-71.035341,-40.957624],[-71.049606,-40.963917],[-71.056055,-40.977534],[-71.062055,-40.981534],[-71.068569,-40.979653],[-71.072857,-40.982103],[-71.082453,-40.984145],[-71.086946,-40.986993],[-71.101211,-40.991608],[-71.087366,-40.996642],[-71.091341,-41.001037],[-71.102889,-41.002936],[-71.106665,-41.00839],[-71.113378,-41.006712],[-71.115531,-41.009259],[-71.117993,-41.01804],[-71.123867,-41.022235],[-71.125125,-41.03692],[-71.128395,-41.043766],[-71.14253,-41.058214],[-71.153305,-41.055201],[-71.16086,-41.053567],[-71.174336,-41.056222],[-71.173111,-41.067452],[-71.152029,-41.067924],[-71.098992,-41.068473],[-71.02806,-41.020527],[-70.998066,-41.006529],[-70.988067,-40.99953],[-70.979069,-40.991532],[-70.997026,-40.973926],[-71.013196,-40.956236],[-71.011942,-40.943069],[-71.008854,-40.924748],[-70.998066,-40.88555],[-71.009064,-40.871553],[-71.019062,-40.857555],[-71.03106,-40.844557],[-71.056227,-40.837677],[-71.062037,-40.822474],[-71.063042,-40.814454],[-71.056055,-40.808564],[-71.053812,-40.796751],[-71.057055,-40.781568],[-71.069053,-40.749574],[-71.084051,-40.735576],[-71.095757,-40.731064]]]},"properties":{"fid":271,"SITE_ID":97478,"SITE_PID":"97478","SITE_TYPE":"PA","NAME_ENG":"Rio Limay","NAME":"Rio Limay","DESIG":"Área Natural Protegida - Paisaje Protegido","DESIG_ENG":"Protected Nature Area - Protected Landscape","DESIG_TYPE":"National","IUCN_CAT":"V","INT_CRIT":"Not Applicable","REALM":"Terrestrial","REP_M_AREA":0,"GIS_M_AREA":0,"REP_AREA":155.14,"GIS_AREA":170.075081002572,"NO_TAKE":"Not Applicable","NO_TK_AREA":0,"STATUS":"Designated","STATUS_YR":1996,"GOV_TYPE":"Sub-national ministry or agency","GOVSUBTYPE":"Not Applicable","OWN_TYPE":"Not Reported","OWNSUBTYPE":"Not Applicable","MANG_AUTH":"Not Reported","MANG_PLAN":"Not Reported","VERIF":"State Verified","METADATAID":1852,"PRNT_ISO3":"ARG","ISO3":"ARG","SUPP_INFO":"Not Applicable","CONS_OBJ":"Not Applicable","INLND_WTRS":"Not Reported","OECM_ASMT":"Not Applicable","layer":"WDPA_W~1","path":"C:/DATAS/PRO/GIS/ARGENT~1/RAW/WDPA_W~1/WDPA_W~2/WDPA_W~1.SHP"}},
{"type":"Feature","geometry":{"type":"Polygon","coordinates":[[[-64.718399,-40.946749],[-64.722455,-40.713077],[-64.919073,-40.706802],[-64.988588,-40.712056],[-64.985745,-40.728131],[-64.931066,-40.728483],[-64.924413,-40.739712],[-64.985179,-40.741411],[-65.111857,-40.828464],[-65.162231,-40.946751],[-64.718399,-40.946749]]]},"properties":{"fid":272,"SITE_ID":97481,"SITE_PID":"97481","SITE_TYPE":"PA","NAME_ENG":"Bahía de San Antonio","NAME":"Bahía de San Antonio","DESIG":"Paisaje Protegido","DESIG_ENG":"Protected Landscape","DESIG_TYPE":"National","IUCN_CAT":"V","INT_CRIT":"Not Applicable","REALM":"Coastal","REP_M_AREA":0,"GIS_M_AREA":600.020122373499,"REP_AREA":808.56,"GIS_AREA":807.788568389437,"NO_TAKE":"Not Reported","NO_TK_AREA":0,"STATUS":"Designated","STATUS_YR":1993,"GOV_TYPE":"Sub-national ministry or agency","GOVSUBTYPE":"Not Applicable","OWN_TYPE":"Not Reported","OWNSUBTYPE":"Not Applicable","MANG_AUTH":"Not Reported","MANG_PLAN":"Not Reported","VERIF":"State Verified","METADATAID":1852,"PRNT_ISO3":"ARG","ISO3":"ARG","SUPP_INFO":"Not Applicable","CONS_OBJ":"Not Applicable","INLND_WTRS":"Not Reported","OECM_ASMT":"Not Applicable","layer":"WDPA_W~1","path":"C:/DATAS/PRO/GIS/ARGENT~1/RAW/WDPA_W~1/WDPA_W~2/WDPA_W~1.SHP"}},
{"type":"Feature","geometry":{"type":"Polygon","coordinates":[[[-67.260631,-38.156082],[-67.258929,-38.186963],[-67.236678,-38.19249],[-67.234414,-38.256884],[-67.21383,-38.296778],[-67.186006,-38.305881],[-67.187324,-38.249434],[-67.17279,-38.24958],[-67.175605,-38.216044],[-67.151006,-38.215406],[-67.151568,-38.180129],[-67.17501,-38.179015],[-67.177991,-38.156058],[-67.260631,-38.156082]]]},"properties":{"fid":273,"SITE_ID":97482,"SITE_PID":"97482","SITE_TYPE":"PA","NAME_ENG":"Embalse Casa de Piedra","NAME":"Embalse Casa de Piedra","DESIG":"Reserva Natural","DESIG_ENG":"Nature Reserve","DESIG_TYPE":"National","IUCN_CAT":"VI","INT_CRIT":"Not Applicable","REALM":"Terrestrial","REP_M_AREA":0,"GIS_M_AREA":0,"REP_AREA":46,"GIS_AREA":89.4385752389248,"NO_TAKE":"Not Applicable","NO_TK_AREA":0,"STATUS":"Designated","STATUS_YR":1993,"GOV_TYPE":"Sub-national ministry or agency","GOVSUBTYPE":"Not Applicable","OWN_TYPE":"Not Reported","OWNSUBTYPE":"Not Applicable","MANG_AUTH":"Not Reported","MANG_PLAN":"Not Reported","VERIF":"State Verified","METADATAID":1852,"PRNT_ISO3":"ARG","ISO3":"ARG","SUPP_INFO":"Not Applicable","CONS_OBJ":"Not Applicable","INLND_WTRS":"Not Reported","OECM_ASMT":"Not Applicable","layer":"WDPA_W~1","path":"C:/DATAS/PRO/GIS/ARGENT~1/RAW/WDPA_W~1/WDPA_W~2/WDPA_W~1.SHP"}},
{"type":"Feature","geometry":{"type":"Polygon","coordinates":[[[-71.835767,-41.65445],[-71.835716,-41.660049],[-71.835206,-41.664379],[-71.8362,-41.668015],[-71.832565,-41.676333],[-71.819028,-41.675065],[-71.814453,-41.680177],[-71.815755,-41.68633],[-71.817554,-41.689408],[-71.815767,-41.692051],[-71.792987,-41.700163],[-71.792573,-41.704033],[-71.795484,-41.709222],[-71.802959,-41.714461],[-71.805249,-41.716572],[-71.806762,-41.719177],[-71.804164,-41.724012],[-71.801739,-41.728438],[-71.79981,-41.73022],[-71.796817,-41.732387],[-71.792019,-41.733453],[-71.786037,-41.736432],[-71.784167,-41.737633],[-71.784864,-41.743742],[-71.782614,-41.746856],[-71.782461,-41.749587],[-71.780922,-41.755341],[-71.77622,-41.760393],[-71.775868,-41.770694],[-71.763375,-41.785358],[-71.767099,-41.78872],[-71.76922,-41.790187],[-71.772182,-41.797548],[-71.770173,-41.804899],[-71.767723,-41.806701],[-71.7682,-41.810014],[-71.767213,-41.812635],[-71.750548,-41.82544],[-71.795486,-41.844217],[-71.794871,-41.847657],[-71.791401,-41.853264],[-71.790134,-41.862466],[-71.792526,-41.879052],[-71.788567,-41.892938],[-71.777059,-41.907776],[-71.772921,-41.93007],[-71.773129,-41.936414],[-71.777081,-41.942981],[-71.792821,-41.948129],[-71.79226,-41.961096],[-71.794723,-41.965832],[-71.777771,-42.001478],[-71.77382,-42.001621],[-71.580824,-42.0018],[-71.551739,-41.892501],[-71.569183,-41.76623],[-71.52964,-41.749865],[-71.518228,-41.690891],[-71.569006,-41.673844],[-71.587052,-41.687631],[-71.678154,-41.638515],[-71.677952,-41.639897],[-71.687115,-41.638479],[-71.79573,-41.6326],[-71.809576,-41.631846],[-71.865821,-41.628744],[-71.859203,-41.647309],[-71.838132,-41.648924],[-71.835767,-41.65445]]]},"properties":{"fid":274,"SITE_ID":97483,"SITE_PID":"97483","SITE_TYPE":"PA","NAME_ENG":"Ría Azul - Lago Escondido","NAME":"Ría Azul - Lago Escondido","DESIG":"Área Natural Protegida","DESIG_ENG":"Protected Nature Area","DESIG_TYPE":"National","IUCN_CAT":"VI","INT_CRIT":"Not Applicable","REALM":"Terrestrial","REP_M_AREA":0,"GIS_M_AREA":0,"REP_AREA":495.26,"GIS_AREA":766.374955653644,"NO_TAKE":"Not Applicable","NO_TK_AREA":0,"STATUS":"Designated","STATUS_YR":1994,"GOV_TYPE":"Sub-national ministry or agency","GOVSUBTYPE":"Not Applicable","OWN_TYPE":"Not Reported","OWNSUBTYPE":"Not Applicable","MANG_AUTH":"Not Reported","MANG_PLAN":"Not Reported","VERIF":"State Verified","METADATAID":1852,"PRNT_ISO3":"ARG","ISO3":"ARG","SUPP_INFO":"Not Applicable","CONS_OBJ":"Not Applicable","INLND_WTRS":"Not Reported","OECM_ASMT":"Not Applicable","layer":"WDPA_W~1","path":"C:/DATAS/PRO/GIS/ARGENT~1/RAW/WDPA_W~1/WDPA_W~2/WDPA_W~1.SHP"}},
{"type":"Feature","geometry":{"type":"Polygon","coordinates":[[[-53.940965,-25.836371],[-53.96577,-25.832123],[-53.949819,-25.872916],[-53.92019,-25.854093],[-53.930659,-25.876475],[-53.915095,-25.899883],[-53.913512,-25.87223],[-53.904503,-25.895699],[-53.848298,-25.856855],[-53.863931,-25.837724],[-53.899367,-25.854402],[-53.917953,-25.822875],[-53.920019,-25.839677],[-53.940965,-25.836371]]]},"properties":{"fid":275,"SITE_ID":97538,"SITE_PID":"97538","SITE_TYPE":"PA","NAME_ENG":"Guardaparque Horacio Foerster","NAME":"Guardaparque Horacio Foerster","DESIG":"Parque Provincial","DESIG_ENG":"Provincial Park","DESIG_TYPE":"National","IUCN_CAT":"II","INT_CRIT":"Not Applicable","REALM":"Terrestrial","REP_M_AREA":0,"GIS_M_AREA":0,"REP_AREA":49.8,"GIS_AREA":41.63766352913171,"NO_TAKE":"Not Applicable","NO_TK_AREA":0,"STATUS":"Designated","STATUS_YR":1992,"GOV_TYPE":"Sub-national ministry or agency","GOVSUBTYPE":"Not Applicable","OWN_TYPE":"Not Reported","OWNSUBTYPE":"Not Applicable","MANG_AUTH":"Not Reported","MANG_PLAN":"Not Reported","VERIF":"State Verified","METADATAID":1852,"PRNT_ISO3":"ARG","ISO3":"ARG","SUPP_INFO":"Not Applicable","CONS_OBJ":"Not Applicable","INLND_WTRS":"Not Reported","OECM_ASMT":"Not Applicable","layer":"WDPA_W~1","path":"C:/DATAS/PRO/GIS/ARGENT~1/RAW/WDPA_W~1/WDPA_W~2/WDPA_W~1.SHP"}},
{"type":"Feature","geometry":{"type":"Polygon","coordinates":[[[-57.991997,-27.956555],[-58.001865,-27.939525],[-58.068026,-27.962627],[-58.095261,-27.964306],[-58.10919,-27.94776],[-58.103723,-27.978282],[-58.138121,-27.975677],[-58.160367,-28.014677],[-58.094549,-28.096515],[-57.986901,-28.031904],[-57.991997,-27.956555]]]},"properties":{"fid":276,"SITE_ID":97545,"SITE_PID":"97545","SITE_TYPE":"PA","NAME_ENG":"Mburucuyá","NAME":"Mburucuyá","DESIG":"Parque Nacional","DESIG_ENG":"National Park","DESIG_TYPE":"National","IUCN_CAT":"II","INT_CRIT":"Not Applicable","REALM":"Terrestrial","REP_M_AREA":0,"GIS_M_AREA":0,"REP_AREA":170.86,"GIS_AREA":177.189382426808,"NO_TAKE":"Not Applicable","NO_TK_AREA":0,"STATUS":"Designated","STATUS_YR":2002,"GOV_TYPE":"Federal or national ministry or agency","GOVSUBTYPE":"Not Applicable","OWN_TYPE":"Not Reported","OWNSUBTYPE":"Not Applicable","MANG_AUTH":"Administración de Parques Nacionales","MANG_PLAN":"https://sib.gob.ar/archivos/pg_mburucuya.pdf","VERIF":"State Verified","METADATAID":1935,"PRNT_ISO3":"ARG","ISO3":"ARG","SUPP_INFO":"Not Applicable","CONS_OBJ":"Not Applicable","INLND_WTRS":"Not Reported","OECM_ASMT":"Not Applicable","layer":"WDPA_W~1","path":"C:/DATAS/PRO/GIS/ARGENT~1/RAW/WDPA_W~1/WDPA_W~2/WDPA_W~1.SHP"}},
{"type":"Feature","geometry":{"type":"Polygon","coordinates":[[[-69.097249,-31.183634],[-69.080314,-31.171347],[-69.102799,-31.157407],[-69.098449,-31.135067],[-69.067138,-31.119063],[-69.063416,-31.089778],[-69.09704,-31.076232],[-69.060205,-30.892436],[-69.121674,-30.871561],[-69.143841,-30.887935],[-69.15706,-31.006134],[-69.221425,-31.103761],[-69.262277,-31.211972],[-69.095897,-31.241714],[-69.097249,-31.183634]]]},"properties":{"fid":277,"SITE_ID":97551,"SITE_PID":"97551","SITE_TYPE":"PA","NAME_ENG":"Don Carmelo","NAME":"Don Carmelo","DESIG":"Reserva Privada","DESIG_ENG":"Private Reserve","DESIG_TYPE":"National","IUCN_CAT":"VI","INT_CRIT":"Not Applicable","REALM":"Terrestrial","REP_M_AREA":0,"GIS_M_AREA":0,"REP_AREA":350,"GIS_AREA":399.691239855551,"NO_TAKE":"Not Applicable","NO_TK_AREA":0,"STATUS":"Designated","STATUS_YR":1993,"GOV_TYPE":"Not Reported","GOVSUBTYPE":"Not Applicable","OWN_TYPE":"Not Reported","OWNSUBTYPE":"Not Applicable","MANG_AUTH":"Not Reported","MANG_PLAN":"Not Reported","VERIF":"State Verified","METADATAID":1852,"PRNT_ISO3":"ARG","ISO3":"ARG","SUPP_INFO":"Not Applicable","CONS_OBJ":"Not Applicable","INLND_WTRS":"Not Reported","OECM_ASMT":"Not Applicable","layer":"WDPA_W~1","path":"C:/DATAS/PRO/GIS/ARGENT~1/RAW/WDPA_W~1/WDPA_W~2/WDPA_W~1.SHP"}},
{"type":"Feature","geometry":{"type":"Polygon","coordinates":[[[-60.630274,-32.120906],[-60.634786,-32.119726],[-60.635334,-32.118998],[-60.637579,-32.11771],[-60.639256,-32.116132],[-60.640376,-32.115693],[-60.647499,-32.101679],[-60.68398,-32.130678],[-60.641605,-32.159149],[-60.649533,-32.170304],[-60.629251,-32.163973],[-60.614351,-32.180346],[-60.602902,-32.156316],[-60.637035,-32.136877],[-60.624707,-32.133205],[-60.622187,-32.128285],[-60.62218,-32.128278],[-60.621759,-32.128025],[-60.620761,-32.127424],[-60.618653,-32.126155],[-60.615657,-32.113652],[-60.627006,-32.111365],[-60.630274,-32.120906]]]},"properties":{"fid":278,"SITE_ID":97554,"SITE_PID":"97554","SITE_TYPE":"PA","NAME_ENG":"Pre-Delta","NAME":"Pre-Delta","DESIG":"Parque Nacional","DESIG_ENG":"National Park","DESIG_TYPE":"National","IUCN_CAT":"II","INT_CRIT":"Not Applicable","REALM":"Terrestrial","REP_M_AREA":0,"GIS_M_AREA":0,"REP_AREA":26.08,"GIS_AREA":26.7348006281502,"NO_TAKE":"Not Applicable","NO_TK_AREA":0,"STATUS":"Designated","STATUS_YR":1992,"GOV_TYPE":"Federal or national ministry or agency","GOVSUBTYPE":"Not Applicable","OWN_TYPE":"Not Reported","OWNSUBTYPE":"Not Applicable","MANG_AUTH":"Administración de Parques Nacionales","MANG_PLAN":"https://sib.gob.ar/archivos/IF_2019_81998897_PG_PN_PREDELTA.pdf","VERIF":"State Verified","METADATAID":1935,"PRNT_ISO3":"ARG","ISO3":"ARG","SUPP_INFO":"Not Applicable","CONS_OBJ":"Not Applicable","INLND_WTRS":"Not Reported","OECM_ASMT":"Not Applicable","layer":"WDPA_W~1","path":"C:/DATAS/PRO/GIS/ARGENT~1/RAW/WDPA_W~1/WDPA_W~2/WDPA_W~1.SHP"}},
{"type":"Feature","geometry":{"type":"Polygon","coordinates":[[[-54.377466,-26.333406],[-54.380473,-26.345627],[-54.374252,-26.324572],[-54.377466,-26.333406]]]},"properties":{"fid":279,"SITE_ID":97559,"SITE_PID":"97559","SITE_TYPE":"PA","NAME_ENG":"Lapacho Cué","NAME":"Lapacho Cué","DESIG":"Refugio Privado de Vida Silvestre","DESIG_ENG":"Private Wildlife Refuge","DESIG_TYPE":"National","IUCN_CAT":"VI","INT_CRIT":"Not Applicable","REALM":"Terrestrial","REP_M_AREA":0,"GIS_M_AREA":0,"REP_AREA":1.6,"GIS_AREA":1.61723809737467,"NO_TAKE":"Not Applicable","NO_TK_AREA":0,"STATUS":"Designated","STATUS_YR":1991,"GOV_TYPE":"Not Reported","GOVSUBTYPE":"Not Applicable","OWN_TYPE":"Not Reported","OWNSUBTYPE":"Not Applicable","MANG_AUTH":"Not Reported","MANG_PLAN":"Not Reported","VERIF":"State Verified","METADATAID":1852,"PRNT_ISO3":"ARG","ISO3":"ARG","SUPP_INFO":"Not Applicable","CONS_OBJ":"Not Applicable","INLND_WTRS":"Not Reported","OECM_ASMT":"Not Applicable","layer":"WDPA_W~1","path":"C:/DATAS/PRO/GIS/ARGENT~1/RAW/WDPA_W~1/WDPA_W~2/WDPA_W~1.SHP"}},
{"type":"Feature","geometry":{"type":"Polygon","coordinates":[[[-54.064988,-27.155322],[-54.084761,-27.151692],[-54.091391,-27.124535],[-54.127655,-27.140135],[-54.10184,-27.215668],[-54.041117,-27.229372],[-54.032974,-27.188219],[-54.067077,-27.178266],[-54.05485,-27.161531],[-54.071457,-27.165935],[-54.064988,-27.155322]]]},"properties":{"fid":280,"SITE_ID":97563,"SITE_PID":"97563","SITE_TYPE":"PA","NAME_ENG":"San Miguel de la Frontera","NAME":"San Miguel de la Frontera","DESIG":"Reserva Privada","DESIG_ENG":"Private Reserve","DESIG_TYPE":"National","IUCN_CAT":"VI","INT_CRIT":"Not Applicable","REALM":"Terrestrial","REP_M_AREA":0,"GIS_M_AREA":0,"REP_AREA":55,"GIS_AREA":52.0906897269675,"NO_TAKE":"Not Applicable","NO_TK_AREA":0,"STATUS":"Designated","STATUS_YR":1993,"GOV_TYPE":"Not Reported","GOVSUBTYPE":"Not Applicable","OWN_TYPE":"Not Reported","OWNSUBTYPE":"Not Applicable","MANG_AUTH":"Not Reported","MANG_PLAN":"Not Reported","VERIF":"State Verified","METADATAID":1852,"PRNT_ISO3":"ARG","ISO3":"ARG","SUPP_INFO":"Not Applicable","CONS_OBJ":"Not Applicable","INLND_WTRS":"Not Reported","OECM_ASMT":"Not Applicable","layer":"WDPA_W~1","path":"C:/DATAS/PRO/GIS/ARGENT~1/RAW/WDPA_W~1/WDPA_W~2/WDPA_W~1.SHP"}},
{"type":"Feature","geometry":{"type":"Polygon","coordinates":[[[-67.324561,-54.082625],[-67.20601,-54.123666],[-67.158848,-54.103599],[-67.182385,-54.090954],[-67.199014,-54.095497],[-67.226887,-54.085295],[-67.233732,-54.084998],[-67.241741,-54.082508],[-67.247401,-54.081571],[-67.253319,-54.08109],[-67.282488,-54.067106],[-67.295251,-54.068364],[-67.309373,-54.052097],[-67.4382,-53.986235],[-67.473762,-53.963502],[-67.519063,-53.934102],[-67.560338,-53.898906],[-67.570521,-53.84873],[-67.556372,-53.847949],[-67.541792,-53.840722],[-67.563467,-53.836499],[-67.587963,-53.831209],[-67.607371,-53.820377],[-67.62054,-53.81566],[-67.640552,-53.809039],[-67.664329,-53.79744],[-67.673408,-53.793993],[-67.680039,-53.8026],[-67.738468,-53.811515],[-67.749716,-53.817652],[-67.766466,-53.832576],[-67.773335,-53.834097],[-67.780682,-53.829938],[-67.735589,-53.804384],[-67.691581,-53.798038],[-67.688828,-53.793918],[-67.689952,-53.789518],[-67.691327,-53.780798],[-67.697232,-53.772419],[-67.735346,-53.744364],[-67.835688,-53.697542],[-67.842967,-53.689482],[-67.856172,-53.682],[-67.892406,-53.673767],[-67.8875,-53.669821],[-67.892543,-53.663328],[-67.896232,-53.659318],[-67.932538,-53.636055],[-67.992836,-53.578471],[-68.040893,-53.517166],[-68.073186,-53.415286],[-68.074618,-53.406223],[-68.101088,-53.359575],[-68.156143,-53.323409],[-68.174251,-53.316003],[-68.299487,-53.319925],[-68.336327,-53.317672],[-68.441066,-53.300134],[-68.556034,-53.24043],[-68.556012,-53.181786],[-68.530991,-53.139204],[-68.499021,-53.117001],[-68.494897,-53.113235],[-68.491884,-53.109053],[-68.488769,-53.104896],[-68.48592,-53.100691],[-68.478005,-53.095938],[-68.463479,-53.093498],[-68.4572,-53.09093],[-68.451026,-53.088347],[-68.446386,-53.084722],[-68.434145,-53.073199],[-68.410151,-53.062687],[-68.407704,-53.058409],[-68.406307,-53.05389],[-68.404994,-53.049398],[-68.402967,-53.045006],[-68.359644,-53.017688],[-68.281721,-53.007252],[-68.276883,-53.008908],[-68.273723,-53.011712],[-68.269524,-53.020223],[-68.272995,-53.04278],[-68.224204,-53.11372],[-68.218202,-53.149803],[-68.212588,-53.147771],[-68.20715,-53.139377],[-68.210016,-53.12591],[-68.246096,-53.059893],[-68.256336,-53.006413],[-68.27046,-52.973717],[-68.304575,-52.968612],[-68.417233,-52.987809],[-68.561504,-53.11034],[-68.578263,-53.220219],[-68.570454,-53.260196],[-68.471798,-53.320464],[-68.385644,-53.334467],[-68.267624,-53.327583],[-68.216529,-53.328544],[-68.133786,-53.412723],[-67.982765,-53.690881],[-67.797653,-53.825448],[-67.493439,-54.001055],[-67.324561,-54.082625]]]},"properties":{"fid":281,"SITE_ID":98129,"SITE_PID":"98129","SITE_TYPE":"PA","NAME_ENG":"Costa Atlántica Tierra del Fuego","NAME":"Costa Atlántica Tierra del Fuego","DESIG":"Reserva Hemisférica","DESIG_ENG":"Hemispheric Shorebird Reserve","DESIG_TYPE":"National","IUCN_CAT":"IV","INT_CRIT":"Not Applicable","REALM":"Terrestrial","REP_M_AREA":0,"GIS_M_AREA":23.1409956304128,"REP_AREA":286,"GIS_AREA":761.64019119807,"NO_TAKE":"Not Applicable","NO_TK_AREA":0,"STATUS":"Designated","STATUS_YR":1992,"GOV_TYPE":"Sub-national ministry or agency","GOVSUBTYPE":"Not Applicable","OWN_TYPE":"Not Reported","OWNSUBTYPE":"Not Applicable","MANG_AUTH":"Not Reported","MANG_PLAN":"Not Reported","VERIF":"State Verified","METADATAID":1852,"PRNT_ISO3":"ARG","ISO3":"ARG","SUPP_INFO":"Not Applicable","CONS_OBJ":"Not Applicable","INLND_WTRS":"Not Reported","OECM_ASMT":"Not Applicable","layer":"WDPA_W~1","path":"C:/DATAS/PRO/GIS/ARGENT~1/RAW/WDPA_W~1/WDPA_W~2/WDPA_W~1.SHP"}},
{"type":"Feature","geometry":{"type":"Polygon","coordinates":[[[-61.687303,-33.722468],[-61.775942,-33.831829],[-61.649315,-33.855236],[-61.524222,-33.836049],[-61.458989,-33.822619],[-61.34253,-33.798253],[-61.381286,-33.747986],[-61.317204,-33.713067],[-61.242954,-33.672968],[-61.294373,-33.606201],[-61.301088,-33.597567],[-61.349053,-33.534253],[-61.396634,-33.533102],[-61.424262,-33.539625],[-61.457646,-33.5803],[-61.51271,-33.595457],[-61.566431,-33.643038],[-61.605187,-33.649177],[-61.693251,-33.699637],[-61.687303,-33.722468]]]},"properties":{"fid":282,"SITE_ID":109001,"SITE_PID":"109001","SITE_TYPE":"PA","NAME_ENG":"Humedal Laguna Melincué","NAME":"Humedal Laguna Melincué","DESIG":"Sitio Ramsar, Humedal de Importancia Internacional","DESIG_ENG":"Wetland of International Importance (Ramsar Site)","DESIG_TYPE":"International","IUCN_CAT":"Not Reported","INT_CRIT":"(ii);(iv);(v);(vi)","REALM":"Terrestrial","REP_M_AREA":0,"GIS_M_AREA":0,"REP_AREA":920,"GIS_AREA":935.8640834273199,"NO_TAKE":"Not Applicable","NO_TK_AREA":0,"STATUS":"Designated","STATUS_YR":2008,"GOV_TYPE":"Not Reported","GOVSUBTYPE":"Not Applicable","OWN_TYPE":"Not Reported","OWNSUBTYPE":"Not Applicable","MANG_AUTH":"Not Reported","MANG_PLAN":"Management plan is not implented and not available","VERIF":"State Verified","METADATAID":1852,"PRNT_ISO3":"ARG","ISO3":"ARG","SUPP_INFO":"Not Applicable","CONS_OBJ":"Not Applicable","INLND_WTRS":"Not Reported","OECM_ASMT":"Not Applicable","layer":"WDPA_W~1","path":"C:/DATAS/PRO/GIS/ARGENT~1/RAW/WDPA_W~1/WDPA_W~2/WDPA_W~1.SHP"}},
{"type":"Feature","geometry":{"type":"MultiPolygon","coordinates":[[[[-68.839148,-27.158981],[-68.870456,-27.251121],[-68.808266,-27.300907],[-68.869673,-27.317644],[-68.892795,-27.358046],[-68.88716,-27.398316],[-68.930495,-27.409495],[-68.935166,-27.444985],[-68.980477,-27.43179],[-68.988246,-27.453075],[-68.960238,-27.470992],[-68.941946,-27.523844],[-68.987943,-27.523837],[-68.974417,-27.559224],[-69.050677,-27.614738],[-69.059277,-27.664069],[-69.043345,-27.698747],[-69.089103,-27.720578],[-69.095221,-27.794625],[-68.799338,-27.75568],[-68.724763,-27.789024],[-68.715659,-27.815111],[-68.6249,-27.791625],[-68.582487,-27.819574],[-68.543373,-27.709787],[-68.53817,-27.786648],[-68.514124,-27.83947],[-68.457916,-27.850943],[-68.264359,-27.700369],[-68.282425,-27.556837],[-68.537079,-27.111873],[-68.558708,-27.116513],[-68.574197,-27.177974],[-68.599858,-27.159088],[-68.629513,-27.164678],[-68.670455,-27.098839],[-68.751298,-27.112111],[-68.778005,-27.099226],[-68.806689,-27.152126],[-68.839148,-27.158981]]],[[[-66.849044,-25.930444],[-66.850658,-25.920323],[-66.852366,-25.91752],[-66.852635,-25.915711],[-66.852278,-25.912809],[-66.922325,-25.935122],[-67.088242,-25.929708],[-67.168976,-26.04129],[-67.39689,-26.272441],[-67.55392,-26.097791],[-67.672153,-26.573677],[-67.728299,-26.630889],[-67.844053,-26.536013],[-67.917636,-26.581734],[-67.96315,-26.464309],[-68.193854,-26.448055],[-68.114731,-26.619963],[-67.997963,-26.763226],[-67.675163,-26.838446],[-67.294774,-26.71143],[-67.270429,-26.682744],[-67.158658,-26.638974],[-67.155306,-26.611402],[-67.131576,-26.606147],[-67.112435,-26.585005],[-67.118877,-26.55919],[-67.100842,-26.543151],[-67.107343,-26.516019],[-67.063437,-26.443809],[-67.075904,-26.39183],[-66.728935,-26.355791],[-66.638981,-26.11722],[-66.660172,-26.10741],[-66.656699,-26.100554],[-66.653994,-26.096062],[-66.653747,-26.092143],[-66.657738,-26.08824],[-66.659357,-26.082505],[-66.659903,-26.077969],[-66.664107,-26.074931],[-66.668769,-26.076542],[-66.671763,-26.078526],[-66.680538,-26.079933],[-66.687889,-26.077561],[-66.691604,-26.084671],[-66.722225,-26.076457],[-66.728278,-26.073286],[-66.731988,-26.064336],[-66.7352,-26.065065],[-66.743131,-26.065172],[-66.750748,-26.060432],[-66.755776,-26.0572],[-66.759201,-26.049107],[-66.769135,-26.049411],[-66.778061,-26.049058],[-66.780393,-26.033437],[-66.807808,-26.015938],[-66.810055,-26.013651],[-66.812121,-26.009548],[-66.819235,-25.9999],[-66.825984,-25.995241],[-66.832208,-25.98758],[-66.836704,-25.984495],[-66.840179,-25.97969],[-66.843913,-25.971529],[-66.844015,-25.962997],[-66.847442,-25.944393],[-66.846837,-25.932842],[-66.849044,-25.930444]]]]},"properties":{"fid":283,"SITE_ID":109002,"SITE_PID":"109002","SITE_TYPE":"PA","NAME_ENG":"Lagunas Altoandinas y Puneñas de Catamarca","NAME":"Lagunas Altoandinas y Puneñas de Catamarca","DESIG":"Sitio Ramsar, Humedal de Importancia Internacional","DESIG_ENG":"Wetland of International Importance (Ramsar Site)","DESIG_TYPE":"International","IUCN_CAT":"Not Reported","INT_CRIT":"(i);(ii);(iii);(iv);(v);(vi)","REALM":"Terrestrial","REP_M_AREA":0,"GIS_M_AREA":0,"REP_AREA":12281.75,"GIS_AREA":10826.4370541381,"NO_TAKE":"Not Applicable","NO_TK_AREA":0,"STATUS":"Designated","STATUS_YR":2009,"GOV_TYPE":"Not Reported","GOVSUBTYPE":"Not Applicable","OWN_TYPE":"Not Reported","OWNSUBTYPE":"Not Applicable","MANG_AUTH":"Not Reported","MANG_PLAN":"http://sites.wetlands.org/reports/ris/6AR018.html","VERIF":"State Verified","METADATAID":1852,"PRNT_ISO3":"ARG","ISO3":"ARG","SUPP_INFO":"Not Applicable","CONS_OBJ":"Not Applicable","INLND_WTRS":"Not Reported","OECM_ASMT":"Not Applicable","layer":"WDPA_W~1","path":"C:/DATAS/PRO/GIS/ARGENT~1/RAW/WDPA_W~1/WDPA_W~2/WDPA_W~1.SHP"}},
{"type":"Feature","geometry":{"type":"Polygon","coordinates":[[[-57.444582,-37.767542],[-57.441378,-37.76979],[-57.414616,-37.742119],[-57.416409,-37.740543],[-57.411623,-37.73532],[-57.408472,-37.732659],[-57.404622,-37.729654],[-57.401563,-37.72751],[-57.399572,-37.725373],[-57.395212,-37.72193],[-57.391425,-37.718718],[-57.387343,-37.714983],[-57.374952,-37.704652],[-57.371001,-37.701161],[-57.366959,-37.697618],[-57.312214,-37.654768],[-57.308426,-37.652214],[-57.303818,-37.649123],[-57.295536,-37.643438],[-57.290854,-37.639873],[-57.255675,-37.610508],[-57.235886,-37.591228],[-57.228817,-37.583353],[-57.224582,-37.579165],[-57.22057,-37.575403],[-57.215054,-37.571642],[-57.212268,-37.569487],[-57.210513,-37.56841],[-57.208887,-37.567089],[-57.206059,-37.565309],[-57.200131,-37.561213],[-57.19501,-37.556719],[-57.190604,-37.552592],[-57.188639,-37.551093],[-57.187524,-37.549497],[-57.196877,-37.542959],[-57.236534,-37.514516],[-57.253099,-37.502741],[-57.265379,-37.494025],[-57.275095,-37.486941],[-57.290954,-37.475626],[-57.417115,-37.61531],[-57.439994,-37.682116],[-57.439775,-37.701781],[-57.444816,-37.712982],[-57.445209,-37.717731],[-57.444874,-37.722537],[-57.444855,-37.724225],[-57.444942,-37.727476],[-57.444968,-37.733161],[-57.45687,-37.744393],[-57.444582,-37.767542]]]},"properties":{"fid":284,"SITE_ID":145501,"SITE_PID":"145501","SITE_TYPE":"PA","NAME_ENG":"Parque Atlántico Mar Chiquito","NAME":"Parque Atlántico Mar Chiquito","DESIG":"Reserva de la Biósfera","DESIG_ENG":"UNESCO-MAB Biosphere Reserve","DESIG_TYPE":"International","IUCN_CAT":"Not Applicable","INT_CRIT":"Not Applicable","REALM":"Coastal","REP_M_AREA":0,"GIS_M_AREA":44.1991025239037,"REP_AREA":265,"GIS_AREA":286.227067562848,"NO_TAKE":"Not Reported","NO_TK_AREA":0,"STATUS":"Designated","STATUS_YR":1996,"GOV_TYPE":"Not Reported","GOVSUBTYPE":"Not Applicable","OWN_TYPE":"Not Reported","OWNSUBTYPE":"Not Applicable","MANG_AUTH":"Not Reported","MANG_PLAN":"Not Reported","VERIF":"State Verified","METADATAID":1852,"PRNT_ISO3":"ARG","ISO3":"ARG","SUPP_INFO":"Not Applicable","CONS_OBJ":"Not Applicable","INLND_WTRS":"Not Reported","OECM_ASMT":"Not Applicable","layer":"WDPA_W~1","path":"C:/DATAS/PRO/GIS/ARGENT~1/RAW/WDPA_W~1/WDPA_W~2/WDPA_W~1.SHP"}},
{"type":"Feature","geometry":{"type":"Polygon","coordinates":[[[-56.717376,-36.351113],[-56.784656,-36.288108],[-56.761542,-36.346822],[-56.780059,-36.322491],[-56.793085,-36.32929],[-56.79714,-36.327186],[-56.797245,-36.323028],[-56.800578,-36.322897],[-56.806331,-36.324384],[-56.812136,-36.325575],[-56.824067,-36.326383],[-56.829664,-36.328302],[-56.84162,-36.327351],[-56.852799,-36.323954],[-56.856806,-36.327985],[-56.860523,-36.330525],[-56.863026,-36.325574],[-56.865491,-36.32263],[-56.871061,-36.323948],[-56.872372,-36.329306],[-56.876728,-36.330571],[-56.875433,-36.325591],[-56.8904,-36.322469],[-56.911974,-36.33454],[-56.914396,-36.337217],[-56.916449,-36.340773],[-56.918076,-36.345544],[-56.916569,-36.350452],[-56.9288,-36.363541],[-56.928815,-36.357908],[-56.923289,-36.349175],[-56.920278,-36.33972],[-56.917556,-36.335246],[-56.923148,-36.327859],[-56.944269,-36.33084],[-56.946119,-36.335574],[-56.945372,-36.340787],[-56.948993,-36.340287],[-56.952254,-36.336253],[-56.949629,-36.331932],[-56.949384,-36.327325],[-56.95335,-36.330281],[-56.955495,-36.335109],[-56.958366,-36.33913],[-56.962062,-36.339322],[-56.961351,-36.335897],[-56.958456,-36.331025],[-56.96021,-36.3275],[-56.972494,-36.328535],[-56.975754,-36.333183],[-56.979303,-36.334059],[-56.979993,-36.328365],[-56.98956,-36.326911],[-56.992172,-36.330935],[-56.99695,-36.331114],[-56.997745,-36.326029],[-57.001343,-36.322127],[-57.016193,-36.323339],[-57.02063,-36.31462],[-57.061978,-36.298529],[-57.105443,-36.272511],[-57.114268,-36.27223],[-57.11862,-36.263594],[-57.181172,-36.217488],[-57.202881,-36.194799],[-57.219778,-36.180456],[-57.230079,-36.175721],[-57.242164,-36.161832],[-57.246666,-36.158719],[-57.251815,-36.156054],[-57.255853,-36.152571],[-57.26165,-36.143954],[-57.26474,-36.139728],[-57.268825,-36.136265],[-57.273897,-36.133566],[-57.279267,-36.130728],[-57.280849,-36.126771],[-57.278974,-36.121793],[-57.29181,-36.100535],[-57.296601,-36.098452],[-57.302777,-36.097386],[-57.320381,-36.06698],[-57.321113,-36.062023],[-57.322109,-36.057215],[-57.328545,-36.052269],[-57.331359,-36.048069],[-57.334474,-36.043994],[-57.339301,-36.040843],[-57.340528,-36.031525],[-57.349003,-36.02449],[-57.34914,-36.014716],[-57.355696,-36.006818],[-57.36149,-35.990611],[-57.364397,-35.986224],[-57.368232,-35.977837],[-57.369938,-35.976821],[-57.372972,-35.964318],[-57.373089,-35.96222],[-57.374355,-35.959536],[-57.36987,-35.954334],[-57.369122,-35.950739],[-57.373452,-35.948273],[-57.384998,-35.907085],[-57.384471,-35.901515],[-57.385502,-35.894992],[-57.38513,-35.890829],[-57.384893,-35.885304],[-57.385247,-35.8788],[-57.385496,-35.869404],[-57.385937,-35.864405],[-57.383858,-35.850409],[-57.384031,-35.844086],[-57.383255,-35.838138],[-57.384165,-35.829529],[-57.368493,-35.790872],[-57.361278,-35.753803],[-57.361123,-35.749433],[-57.363584,-35.746381],[-57.36205,-35.743575],[-57.359018,-35.740295],[-57.355244,-35.73593],[-57.347433,-35.723588],[-57.345294,-35.719052],[-57.34686,-35.717703],[-57.346994,-35.716314],[-57.343716,-35.715058],[-57.342698,-35.714202],[-57.341259,-35.71299],[-57.340407,-35.711911],[-57.339186,-35.710373],[-57.337654,-35.708365],[-57.336218,-35.706733],[-57.334527,-35.70454],[-57.332929,-35.702074],[-57.329135,-35.69913],[-57.326222,-35.696074],[-57.324237,-35.694755],[-57.285768,-35.645377],[-57.284959,-35.643725],[-57.282884,-35.640839],[-57.281118,-35.638796],[-57.277848,-35.634208],[-57.276443,-35.631322],[-57.274227,-35.629733],[-57.271121,-35.62587],[-57.258051,-35.608389],[-57.257615,-35.606428],[-57.25656,-35.604632],[-57.253988,-35.602819],[-57.252791,-35.600222],[-57.25046,-35.596081],[-57.242614,-35.586497],[-57.239532,-35.584821],[-57.237618,-35.583356],[-57.237497,-35.580498],[-57.235195,-35.578335],[-57.230668,-35.572916],[-57.227719,-35.569925],[-57.225961,-35.568677],[-57.223874,-35.566337],[-57.220471,-35.563143],[-57.218358,-35.560284],[-57.214277,-35.555283],[-57.212245,-35.553912],[-57.206439,-35.548561],[-57.202682,-35.544531],[-57.197136,-35.539547],[-57.195438,-35.537799],[-57.193081,-35.53562],[-57.190844,-35.533305],[-57.189822,-35.531519],[-57.188184,-35.529784],[-57.184743,-35.526313],[-57.182616,-35.522906],[-57.181004,-35.522259],[-57.179771,-35.520913],[-57.17839,-35.520351],[-57.177347,-35.518268],[-57.173795,-35.514287],[-57.165573,-35.506854],[-57.162132,-35.502717],[-57.161204,-35.501351],[-57.1586,-35.500302],[-57.157447,-35.499025],[-57.152948,-35.494766],[-57.150141,-35.489513],[-57.148952,-35.486364],[-57.14746,-35.4851],[-57.146248,-35.48245],[-57.145558,-35.480392],[-57.143045,-35.477888],[-57.14127,-35.476337],[-57.140345,-35.473368],[-57.140358,-35.469847],[-57.13637,-35.461352],[-57.133316,-35.455583],[-57.130501,-35.449838],[-57.128548,-35.446271],[-57.127063,-35.444972],[-57.128647,-35.439519],[-57.129121,-35.432866],[-57.128857,-35.428837],[-57.130271,-35.422246],[-57.228461,-35.550898],[-57.249888,-35.568498],[-57.291319,-35.60932],[-57.34687,-35.678188],[-57.44354,-35.872494],[-57.461115,-36.006101],[-57.335635,-36.487308],[-57.311635,-36.517098],[-57.27378,-36.527416],[-57.166507,-36.489382],[-57.095497,-36.491207],[-57.057703,-36.521407],[-56.987545,-36.506258],[-56.92717,-36.4552],[-56.789651,-36.401176],[-56.752833,-36.406115],[-56.725048,-36.398455],[-56.707296,-36.389919],[-56.717376,-36.351113]]]},"properties":{"fid":285,"SITE_ID":145514,"SITE_PID":"145514","SITE_TYPE":"PA","NAME_ENG":"Bahía de Samborombón","NAME":"Bahía de Samborombón","DESIG":"Sitio Ramsar, Humedal de Importancia Internacional","DESIG_ENG":"Wetland of International Importance (Ramsar Site)","DESIG_TYPE":"International","IUCN_CAT":"Not Reported","INT_CRIT":"(i);(iii);(v)","REALM":"Terrestrial","REP_M_AREA":0,"GIS_M_AREA":33.523838763667,"REP_AREA":2439.65,"GIS_AREA":1826.20275031117,"NO_TAKE":"Not Applicable","NO_TK_AREA":0,"STATUS":"Designated","STATUS_YR":1997,"GOV_TYPE":"Not Reported","GOVSUBTYPE":"Not Applicable","OWN_TYPE":"Not Reported","OWNSUBTYPE":"Not Applicable","MANG_AUTH":"Not Reported","MANG_PLAN":"Management plan is not implented and not available","VERIF":"State Verified","METADATAID":1852,"PRNT_ISO3":"ARG","ISO3":"ARG","SUPP_INFO":"Not Applicable","CONS_OBJ":"Not Applicable","INLND_WTRS":"Not Reported","OECM_ASMT":"Not Applicable","layer":"WDPA_W~1","path":"C:/DATAS/PRO/GIS/ARGENT~1/RAW/WDPA_W~1/WDPA_W~2/WDPA_W~1.SHP"}},
{"type":"Feature","geometry":{"type":"Polygon","coordinates":[[[-54.57858,-25.594772],[-54.575759,-25.596576],[-54.576896,-25.59298],[-54.565825,-25.592127],[-54.576901,-25.592587],[-54.57858,-25.594772]]]},"properties":{"fid":286,"SITE_ID":146616,"SITE_PID":"146616","SITE_TYPE":"PA","NAME_ENG":"Luís Honorio Rolón","NAME":"Luís Honorio Rolón","DESIG":"Parque Natural Municipal","DESIG_ENG":"Municipal Nature Park","DESIG_TYPE":"National","IUCN_CAT":"VI","INT_CRIT":"Not Applicable","REALM":"Terrestrial","REP_M_AREA":0,"GIS_M_AREA":0,"REP_AREA":0.06,"GIS_AREA":0.133669780483889,"NO_TAKE":"Not Applicable","NO_TK_AREA":0,"STATUS":"Designated","STATUS_YR":1996,"GOV_TYPE":"Not Reported","GOVSUBTYPE":"Not Applicable","OWN_TYPE":"Not Reported","OWNSUBTYPE":"Not Applicable","MANG_AUTH":"Not Reported","MANG_PLAN":"Not Reported","VERIF":"State Verified","METADATAID":1852,"PRNT_ISO3":"ARG","ISO3":"ARG","SUPP_INFO":"Not Applicable","CONS_OBJ":"Not Applicable","INLND_WTRS":"Not Reported","OECM_ASMT":"Not Applicable","layer":"WDPA_W~1","path":"C:/DATAS/PRO/GIS/ARGENT~1/RAW/WDPA_W~1/WDPA_W~2/WDPA_W~1.SHP"}},
{"type":"Feature","geometry":{"type":"Polygon","coordinates":[[[-53.864095,-26.465643],[-53.724568,-26.466883],[-53.832202,-26.420752],[-53.853751,-26.431995],[-53.864095,-26.465643]]]},"properties":{"fid":287,"SITE_ID":146618,"SITE_PID":"146618","SITE_TYPE":"PA","NAME_ENG":"Piñalito","NAME":"Piñalito","DESIG":"Parque Provincial","DESIG_ENG":"Provincial Park","DESIG_TYPE":"National","IUCN_CAT":"II","INT_CRIT":"Not Applicable","REALM":"Terrestrial","REP_M_AREA":0,"GIS_M_AREA":0,"REP_AREA":38.03,"GIS_AREA":37.868483693345,"NO_TAKE":"Not Applicable","NO_TK_AREA":0,"STATUS":"Designated","STATUS_YR":1993,"GOV_TYPE":"Sub-national ministry or agency","GOVSUBTYPE":"Not Applicable","OWN_TYPE":"Not Reported","OWNSUBTYPE":"Not Applicable","MANG_AUTH":"Not Reported","MANG_PLAN":"Not Reported","VERIF":"State Verified","METADATAID":1852,"PRNT_ISO3":"ARG","ISO3":"ARG","SUPP_INFO":"Not Applicable","CONS_OBJ":"Not Applicable","INLND_WTRS":"Not Reported","OECM_ASMT":"Not Applicable","layer":"WDPA_W~1","path":"C:/DATAS/PRO/GIS/ARGENT~1/RAW/WDPA_W~1/WDPA_W~2/WDPA_W~1.SHP"}},
{"type":"Feature","geometry":{"type":"Polygon","coordinates":[[[-55.426125,-27.671473],[-55.431518,-27.645428],[-55.451446,-27.653149],[-55.447265,-27.669536],[-55.426125,-27.671473]]]},"properties":{"fid":288,"SITE_ID":146619,"SITE_PID":"146619","SITE_TYPE":"PA","NAME_ENG":"Cerro Azul","NAME":"Cerro Azul","DESIG":"Reserva de Uso Múltiple","DESIG_ENG":"Multiple Use Reserve","DESIG_TYPE":"National","IUCN_CAT":"VI","INT_CRIT":"Not Applicable","REALM":"Terrestrial","REP_M_AREA":0,"GIS_M_AREA":0,"REP_AREA":3.84,"GIS_AREA":3.84624903819892,"NO_TAKE":"Not Applicable","NO_TK_AREA":0,"STATUS":"Designated","STATUS_YR":1992,"GOV_TYPE":"Not Reported","GOVSUBTYPE":"Not Applicable","OWN_TYPE":"Not Reported","OWNSUBTYPE":"Not Applicable","MANG_AUTH":"Not Reported","MANG_PLAN":"Not Reported","VERIF":"State Verified","METADATAID":1852,"PRNT_ISO3":"ARG","ISO3":"ARG","SUPP_INFO":"Not Applicable","CONS_OBJ":"Not Applicable","INLND_WTRS":"Not Reported","OECM_ASMT":"Not Applicable","layer":"WDPA_W~1","path":"C:/DATAS/PRO/GIS/ARGENT~1/RAW/WDPA_W~1/WDPA_W~2/WDPA_W~1.SHP"}},
{"type":"Feature","geometry":{"type":"Polygon","coordinates":[[[-54.438947,-26.926877],[-54.417588,-26.941549],[-54.411753,-26.921704],[-54.438947,-26.926877]]]},"properties":{"fid":289,"SITE_ID":146620,"SITE_PID":"146620","SITE_TYPE":"PA","NAME_ENG":"Cuartel Victoria","NAME":"Cuartel Victoria","DESIG":"Reserva de Uso Múltiple","DESIG_ENG":"Multiple Use Reserve","DESIG_TYPE":"National","IUCN_CAT":"VI","INT_CRIT":"Not Applicable","REALM":"Terrestrial","REP_M_AREA":0,"GIS_M_AREA":0,"REP_AREA":4,"GIS_AREA":4.381833455980521,"NO_TAKE":"Not Applicable","NO_TK_AREA":0,"STATUS":"Designated","STATUS_YR":1992,"GOV_TYPE":"Not Reported","GOVSUBTYPE":"Not Applicable","OWN_TYPE":"Not Reported","OWNSUBTYPE":"Not Applicable","MANG_AUTH":"Not Reported","MANG_PLAN":"Not Reported","VERIF":"State Verified","METADATAID":1852,"PRNT_ISO3":"ARG","ISO3":"ARG","SUPP_INFO":"Not Applicable","CONS_OBJ":"Not Applicable","INLND_WTRS":"Not Reported","OECM_ASMT":"Not Applicable","layer":"WDPA_W~1","path":"C:/DATAS/PRO/GIS/ARGENT~1/RAW/WDPA_W~1/WDPA_W~2/WDPA_W~1.SHP"}},
{"type":"Feature","geometry":{"type":"Polygon","coordinates":[[[-55.724206,-27.639083],[-55.732336,-27.632963],[-55.734372,-27.639341],[-55.724206,-27.639083]]]},"properties":{"fid":290,"SITE_ID":146622,"SITE_PID":"146622","SITE_TYPE":"PA","NAME_ENG":"Fachinal","NAME":"Fachinal","DESIG":"Parque Provincial","DESIG_ENG":"Provincial Park","DESIG_TYPE":"National","IUCN_CAT":"II","INT_CRIT":"Not Applicable","REALM":"Terrestrial","REP_M_AREA":0,"GIS_M_AREA":0,"REP_AREA":0.52,"GIS_AREA":0.51300417745178,"NO_TAKE":"Not Applicable","NO_TK_AREA":0,"STATUS":"Designated","STATUS_YR":1996,"GOV_TYPE":"Sub-national ministry or agency","GOVSUBTYPE":"Not Applicable","OWN_TYPE":"Not Reported","OWNSUBTYPE":"Not Applicable","MANG_AUTH":"Not Reported","MANG_PLAN":"Not Reported","VERIF":"State Verified","METADATAID":1852,"PRNT_ISO3":"ARG","ISO3":"ARG","SUPP_INFO":"Not Applicable","CONS_OBJ":"Not Applicable","INLND_WTRS":"Not Reported","OECM_ASMT":"Not Applicable","layer":"WDPA_W~1","path":"C:/DATAS/PRO/GIS/ARGENT~1/RAW/WDPA_W~1/WDPA_W~2/WDPA_W~1.SHP"}},
{"type":"Feature","geometry":{"type":"Polygon","coordinates":[[[-53.790456,-26.00686],[-53.803844,-26.02313],[-53.785299,-26.029345],[-53.776578,-26.016422],[-53.790456,-26.00686]]]},"properties":{"fid":291,"SITE_ID":146711,"SITE_PID":"146711","SITE_TYPE":"PA","NAME_ENG":"San Antonio","NAME":"San Antonio","DESIG":"Reserva Natural Estricta","DESIG_ENG":"Strict Nature Reserve","DESIG_TYPE":"National","IUCN_CAT":"Ia","INT_CRIT":"Not Applicable","REALM":"Terrestrial","REP_M_AREA":0,"GIS_M_AREA":0,"REP_AREA":4.8,"GIS_AREA":4.78562922303699,"NO_TAKE":"Not Applicable","NO_TK_AREA":0,"STATUS":"Designated","STATUS_YR":1990,"GOV_TYPE":"Federal or national ministry or agency","GOVSUBTYPE":"Not Applicable","OWN_TYPE":"Not Reported","OWNSUBTYPE":"Not Applicable","MANG_AUTH":"Administración de Parques Nacionales","MANG_PLAN":"https://sib.gob.ar/archivos/PG_RNE_SAN_ANTONIO.pdf","VERIF":"State Verified","METADATAID":1935,"PRNT_ISO3":"ARG","ISO3":"ARG","SUPP_INFO":"Not Applicable","CONS_OBJ":"Not Applicable","INLND_WTRS":"Not Reported","OECM_ASMT":"Not Applicable","layer":"WDPA_W~1","path":"C:/DATAS/PRO/GIS/ARGENT~1/RAW/WDPA_W~1/WDPA_W~2/WDPA_W~1.SHP"}},
{"type":"Feature","geometry":{"type":"Polygon","coordinates":[[[-65.8434,-25.099122],[-65.852675,-25.075174],[-65.898349,-25.063384],[-65.881685,-25.073649],[-65.901241,-25.099534],[-66.025862,-25.129847],[-66.039251,-25.16171],[-66.046207,-25.210937],[-65.998825,-25.322895],[-66.0097,-25.37946],[-65.973311,-25.385545],[-65.978897,-25.411237],[-65.956342,-25.432219],[-65.956423,-25.531389],[-65.892004,-25.528464],[-65.880878,-25.362757],[-65.89428,-25.317169],[-65.816303,-25.30072],[-65.839193,-25.222506],[-65.830653,-25.192595],[-65.88522,-25.163042],[-65.869767,-25.135755],[-65.835152,-25.127178],[-65.8434,-25.099122]]]},"properties":{"fid":292,"SITE_ID":166722,"SITE_PID":"166722","SITE_TYPE":"PA","NAME_ENG":"Los Cardones","NAME":"Los Cardones","DESIG":"Parque Nacional","DESIG_ENG":"National Park","DESIG_TYPE":"National","IUCN_CAT":"II","INT_CRIT":"Not Applicable","REALM":"Terrestrial","REP_M_AREA":0,"GIS_M_AREA":0,"REP_AREA":641.17,"GIS_AREA":646.69518535036,"NO_TAKE":"Not Applicable","NO_TK_AREA":0,"STATUS":"Designated","STATUS_YR":1996,"GOV_TYPE":"Federal or national ministry or agency","GOVSUBTYPE":"Not Applicable","OWN_TYPE":"Not Reported","OWNSUBTYPE":"Not Applicable","MANG_AUTH":"Administración de Parques Nacionales","MANG_PLAN":"https://sib.gob.ar/archivos/PG_PN_LosCardones.pdf","VERIF":"State Verified","METADATAID":1935,"PRNT_ISO3":"ARG","ISO3":"ARG","SUPP_INFO":"Not Applicable","CONS_OBJ":"Not Applicable","INLND_WTRS":"Not Reported","OECM_ASMT":"Not Applicable","layer":"WDPA_W~1","path":"C:/DATAS/PRO/GIS/ARGENT~1/RAW/WDPA_W~1/WDPA_W~2/WDPA_W~1.SHP"}},
{"type":"Feature","geometry":{"type":"Polygon","coordinates":[[[-54.116517,-25.969198],[-54.101271,-26.019552],[-54.051615,-26.02834],[-54.0314,-25.999399],[-54.116517,-25.969198]]]},"properties":{"fid":293,"SITE_ID":166725,"SITE_PID":"166725","SITE_TYPE":"PA","NAME_ENG":"Urugua-í","NAME":"Urugua-í","DESIG":"Reserva de Vida Silvestre","DESIG_ENG":"Wildlife Reserve","DESIG_TYPE":"National","IUCN_CAT":"Ia","INT_CRIT":"Not Applicable","REALM":"Terrestrial","REP_M_AREA":0,"GIS_M_AREA":0,"REP_AREA":31.492,"GIS_AREA":31.4932403792142,"NO_TAKE":"Not Applicable","NO_TK_AREA":0,"STATUS":"Designated","STATUS_YR":2002,"GOV_TYPE":"Not Reported","GOVSUBTYPE":"Not Applicable","OWN_TYPE":"Not Reported","OWNSUBTYPE":"Not Applicable","MANG_AUTH":"Not Reported","MANG_PLAN":"Not Reported","VERIF":"State Verified","METADATAID":1852,"PRNT_ISO3":"ARG","ISO3":"ARG","SUPP_INFO":"Not Applicable","CONS_OBJ":"Not Applicable","INLND_WTRS":"Not Reported","OECM_ASMT":"Not Applicable","layer":"WDPA_W~1","path":"C:/DATAS/PRO/GIS/ARGENT~1/RAW/WDPA_W~1/WDPA_W~2/WDPA_W~1.SHP"}},
{"type":"Feature","geometry":{"type":"MultiPolygon","coordinates":[[[[-71.671382,-42.263639],[-71.668069,-42.250762],[-71.668728,-42.249324],[-71.669331,-42.247909],[-71.669967,-42.246611],[-71.668802,-42.243558],[-71.673565,-42.235302],[-71.666937,-42.227385],[-71.695696,-42.201865],[-71.722533,-42.200791],[-71.738368,-42.190844],[-71.760342,-42.188448],[-71.763112,-42.188454],[-71.764836,-42.188412],[-71.766215,-42.188379],[-71.767939,-42.188337],[-71.775405,-42.18856],[-71.783479,-42.185089],[-71.787601,-42.260206],[-71.671382,-42.263639]]],[[[-71.596858,-42.090652],[-71.614983,-42.086786],[-71.738711,-42.083094],[-71.740912,-42.083028],[-71.741683,-42.083005],[-71.728308,-42.104596],[-71.728126,-42.104705],[-71.727556,-42.104993],[-71.726725,-42.105414],[-71.725577,-42.105855],[-71.723426,-42.106077],[-71.716109,-42.101846],[-71.707197,-42.104519],[-71.677327,-42.096214],[-71.647699,-42.103709],[-71.632857,-42.093193],[-71.607396,-42.099432],[-71.596858,-42.090652]]]]},"properties":{"fid":294,"SITE_ID":166726,"SITE_PID":"166726","SITE_TYPE":"PA","NAME_ENG":"Lago Puelo","NAME":"Lago Puelo","DESIG":"Reserva Nacional","DESIG_ENG":"National Reserve","DESIG_TYPE":"National","IUCN_CAT":"VI","INT_CRIT":"Not Applicable","REALM":"Terrestrial","REP_M_AREA":0,"GIS_M_AREA":0,"REP_AREA":84.27,"GIS_AREA":85.4340458512397,"NO_TAKE":"Not Applicable","NO_TK_AREA":0,"STATUS":"Designated","STATUS_YR":1937,"GOV_TYPE":"Federal or national ministry or agency","GOVSUBTYPE":"Not Applicable","OWN_TYPE":"Not Reported","OWNSUBTYPE":"Not Applicable","MANG_AUTH":"Administración de Parques Nacionales","MANG_PLAN":"https://sib.gob.ar/archivos/PLAN_DE_GESTION_PN_LAGO_PUELO_2019_2029.pdf","VERIF":"State Verified","METADATAID":1935,"PRNT_ISO3":"ARG","ISO3":"ARG","SUPP_INFO":"Not Applicable","CONS_OBJ":"Not Applicable","INLND_WTRS":"Not Reported","OECM_ASMT":"Not Applicable","layer":"WDPA_W~1","path":"C:/DATAS/PRO/GIS/ARGENT~1/RAW/WDPA_W~1/WDPA_W~2/WDPA_W~1.SHP"}},
{"type":"Feature","geometry":{"type":"Polygon","coordinates":[[[-68.89363,-50.20155],[-68.978189,-50.201362],[-68.979793,-50.233182],[-69.058288,-50.260231],[-69.058343,-50.291761],[-68.977903,-50.291691],[-68.940472,-50.271442],[-68.912842,-50.240802],[-68.912512,-50.217232],[-68.900011,-50.217212],[-68.89363,-50.20155]]]},"properties":{"fid":295,"SITE_ID":166727,"SITE_PID":"166727","SITE_TYPE":"PA","NAME_ENG":"Monte León","NAME":"Monte León","DESIG":"Reserva Nacional","DESIG_ENG":"National Reserve","DESIG_TYPE":"National","IUCN_CAT":"VI","INT_CRIT":"Not Applicable","REALM":"Terrestrial","REP_M_AREA":0,"GIS_M_AREA":0,"REP_AREA":65.49,"GIS_AREA":65.5155729760553,"NO_TAKE":"Not Applicable","NO_TK_AREA":0,"STATUS":"Designated","STATUS_YR":2004,"GOV_TYPE":"Federal or national ministry or agency","GOVSUBTYPE":"Not Applicable","OWN_TYPE":"Not Reported","OWNSUBTYPE":"Not Applicable","MANG_AUTH":"Administración de Parques Nacionales","MANG_PLAN":"Not Reported","VERIF":"State Verified","METADATAID":1935,"PRNT_ISO3":"ARG","ISO3":"ARG","SUPP_INFO":"Not Applicable","CONS_OBJ":"Not Applicable","INLND_WTRS":"Not Reported","OECM_ASMT":"Not Applicable","layer":"WDPA_W~1","path":"C:/DATAS/PRO/GIS/ARGENT~1/RAW/WDPA_W~1/WDPA_W~2/WDPA_W~1.SHP"}},
{"type":"Feature","geometry":{"type":"Polygon","coordinates":[[[-68.744407,-37.736558],[-68.836881,-37.622298],[-68.926115,-37.656424],[-69.130183,-37.529955],[-69.153759,-37.561044],[-69.038051,-37.681377],[-69.095422,-37.721246],[-69.023655,-37.781354],[-69.119731,-37.823055],[-69.173533,-37.891449],[-69.193844,-37.948496],[-69.099438,-37.990332],[-69.096812,-37.964623],[-69.14472,-37.918908],[-69.140508,-37.906404],[-69.131946,-37.922583],[-69.089162,-37.929662],[-69.049389,-37.884666],[-68.913328,-37.831639],[-68.885499,-37.835571],[-68.893968,-37.815578],[-68.87476,-37.805197],[-68.772747,-37.795693],[-68.744407,-37.736558]]]},"properties":{"fid":296,"SITE_ID":166732,"SITE_PID":"166732","SITE_TYPE":"PA","NAME_ENG":"Auca Mahuida","NAME":"Auca Mahuida","DESIG":"Reserva Natural de Uso Múltiple","DESIG_ENG":"Multiple Use Nature Reserve","DESIG_TYPE":"National","IUCN_CAT":"VI","INT_CRIT":"Not Applicable","REALM":"Terrestrial","REP_M_AREA":0,"GIS_M_AREA":0,"REP_AREA":770.2,"GIS_AREA":764.363989210894,"NO_TAKE":"Not Applicable","NO_TK_AREA":0,"STATUS":"Designated","STATUS_YR":1996,"GOV_TYPE":"Sub-national ministry or agency","GOVSUBTYPE":"Not Applicable","OWN_TYPE":"Not Reported","OWNSUBTYPE":"Not Applicable","MANG_AUTH":"Not Reported","MANG_PLAN":"Not Reported","VERIF":"State Verified","METADATAID":1852,"PRNT_ISO3":"ARG","ISO3":"ARG","SUPP_INFO":"Not Applicable","CONS_OBJ":"Not Applicable","INLND_WTRS":"Not Reported","OECM_ASMT":"Not Applicable","layer":"WDPA_W~1","path":"C:/DATAS/PRO/GIS/ARGENT~1/RAW/WDPA_W~1/WDPA_W~2/WDPA_W~1.SHP"}},
{"type":"Feature","geometry":{"type":"Polygon","coordinates":[[[-69.343201,-33.597876],[-69.402427,-33.592147],[-69.410064,-33.60436],[-69.389779,-33.616959],[-69.343201,-33.597876]]]},"properties":{"fid":297,"SITE_ID":166734,"SITE_PID":"166734","SITE_TYPE":"PA","NAME_ENG":"Manzano Historico","NAME":"Manzano Historico","DESIG":"Reserva Cultural y Paisajística","DESIG_ENG":"Protected Nature and Cultural and Landscape Reserve","DESIG_TYPE":"National","IUCN_CAT":"V","INT_CRIT":"Not Applicable","REALM":"Terrestrial","REP_M_AREA":0,"GIS_M_AREA":0,"REP_AREA":1,"GIS_AREA":9.30468830968793,"NO_TAKE":"Not Applicable","NO_TK_AREA":0,"STATUS":"Designated","STATUS_YR":1995,"GOV_TYPE":"Not Reported","GOVSUBTYPE":"Not Applicable","OWN_TYPE":"Not Reported","OWNSUBTYPE":"Not Applicable","MANG_AUTH":"Not Reported","MANG_PLAN":"Not Reported","VERIF":"State Verified","METADATAID":1852,"PRNT_ISO3":"ARG","ISO3":"ARG","SUPP_INFO":"Not Applicable","CONS_OBJ":"Not Applicable","INLND_WTRS":"Not Reported","OECM_ASMT":"Not Applicable","layer":"WDPA_W~1","path":"C:/DATAS/PRO/GIS/ARGENT~1/RAW/WDPA_W~1/WDPA_W~2/WDPA_W~1.SHP"}},
{"type":"Feature","geometry":{"type":"Polygon","coordinates":[[[-55.580579,-27.7273],[-55.570689,-27.753244],[-55.542116,-27.758349],[-55.538421,-27.73195],[-55.580579,-27.7273]]]},"properties":{"fid":298,"SITE_ID":166784,"SITE_PID":"166784","SITE_TYPE":"PA","NAME_ENG":"Sierra Crovetto","NAME":"Sierra Crovetto","DESIG":"Parque Provincial","DESIG_ENG":"Provincial Park","DESIG_TYPE":"National","IUCN_CAT":"II","INT_CRIT":"Not Applicable","REALM":"Terrestrial","REP_M_AREA":0,"GIS_M_AREA":0,"REP_AREA":10.88,"GIS_AREA":10.2214128592417,"NO_TAKE":"Not Applicable","NO_TK_AREA":0,"STATUS":"Designated","STATUS_YR":1996,"GOV_TYPE":"Sub-national ministry or agency","GOVSUBTYPE":"Not Applicable","OWN_TYPE":"Not Reported","OWNSUBTYPE":"Not Applicable","MANG_AUTH":"Not Reported","MANG_PLAN":"Not Reported","VERIF":"State Verified","METADATAID":1852,"PRNT_ISO3":"ARG","ISO3":"ARG","SUPP_INFO":"Not Applicable","CONS_OBJ":"Not Applicable","INLND_WTRS":"Not Reported","OECM_ASMT":"Not Applicable","layer":"WDPA_W~1","path":"C:/DATAS/PRO/GIS/ARGENT~1/RAW/WDPA_W~1/WDPA_W~2/WDPA_W~1.SHP"}},
{"type":"Feature","geometry":{"type":"Polygon","coordinates":[[[-54.384012,-25.898417],[-54.390967,-25.920769],[-54.40685,-25.921649],[-54.383615,-25.886444],[-54.441471,-25.869122],[-54.38615,-25.846802],[-54.398808,-25.838308],[-54.430775,-25.841922],[-54.436959,-25.85924],[-54.456733,-25.856446],[-54.460027,-25.840506],[-54.497003,-25.852712],[-54.461758,-25.812646],[-54.513032,-25.849712],[-54.508224,-25.818664],[-54.530441,-25.8202],[-54.523946,-25.84759],[-54.556148,-25.840972],[-54.548027,-25.86609],[-54.571991,-25.879736],[-54.538141,-25.920195],[-54.51706,-25.91016],[-54.539759,-25.89837],[-54.51089,-25.895163],[-54.526506,-25.87598],[-54.504919,-25.86593],[-54.494126,-25.907275],[-54.491471,-25.884492],[-54.467622,-25.897005],[-54.493701,-25.872427],[-54.450295,-25.872913],[-54.458807,-25.905804],[-54.446295,-25.910404],[-54.451274,-25.935617],[-54.432101,-25.921968],[-54.434959,-25.961568],[-54.42311,-25.919305],[-54.431474,-25.907907],[-54.414673,-25.912396],[-54.422755,-25.926188],[-54.404178,-25.941713],[-54.396761,-25.926522],[-54.381911,-25.930829],[-54.375774,-25.903031],[-54.368255,-25.932644],[-54.354786,-25.91467],[-54.333329,-25.916428],[-54.3278,-25.907078],[-54.296611,-25.937423],[-54.319045,-25.899398],[-54.334973,-25.912032],[-54.359583,-25.90333],[-54.352985,-25.894678],[-54.384012,-25.898417]]]},"properties":{"fid":299,"SITE_ID":166785,"SITE_PID":"166785","SITE_TYPE":"PA","NAME_ENG":"Lago Urugua-i","NAME":"Lago Urugua-i","DESIG":"Paisaje Protegido","DESIG_ENG":"Protected Landscape","DESIG_TYPE":"National","IUCN_CAT":"V","INT_CRIT":"Not Applicable","REALM":"Terrestrial","REP_M_AREA":0,"GIS_M_AREA":0,"REP_AREA":80,"GIS_AREA":120.141608910869,"NO_TAKE":"Not Applicable","NO_TK_AREA":0,"STATUS":"Designated","STATUS_YR":1996,"GOV_TYPE":"Sub-national ministry or agency","GOVSUBTYPE":"Not Applicable","OWN_TYPE":"Not Reported","OWNSUBTYPE":"Not Applicable","MANG_AUTH":"Not Reported","MANG_PLAN":"Not Reported","VERIF":"State Verified","METADATAID":1852,"PRNT_ISO3":"ARG","ISO3":"ARG","SUPP_INFO":"Not Applicable","CONS_OBJ":"Not Applicable","INLND_WTRS":"Not Reported","OECM_ASMT":"Not Applicable","layer":"WDPA_W~1","path":"C:/DATAS/PRO/GIS/ARGENT~1/RAW/WDPA_W~1/WDPA_W~2/WDPA_W~1.SHP"}},
{"type":"Feature","geometry":{"type":"Polygon","coordinates":[[[-53.827539,-26.886467],[-54.04582,-26.887497],[-54.048987,-26.902415],[-54.020789,-26.902919],[-54.00629,-26.932996],[-54.034007,-26.942469],[-54.013406,-26.961835],[-54.019752,-26.991479],[-53.995633,-26.984005],[-53.996488,-27.009235],[-54.017892,-27.006262],[-54.00383,-27.025043],[-53.976462,-27.017541],[-53.964893,-27.051704],[-53.935528,-27.03504],[-53.945728,-27.06387],[-53.923651,-27.059384],[-53.919742,-27.042999],[-53.908342,-27.068857],[-53.88514,-27.058207],[-53.902362,-27.045721],[-53.867132,-27.019714],[-53.869405,-27.001727],[-53.832591,-27.007495],[-53.841091,-26.99232],[-53.816358,-26.985275],[-53.840547,-26.975534],[-53.811982,-26.963871],[-53.80487,-26.939018],[-53.825328,-26.939427],[-53.81099,-26.932102],[-53.828229,-26.914699],[-53.804271,-26.8965],[-53.827539,-26.886467]]]},"properties":{"fid":300,"SITE_ID":166786,"SITE_PID":"166786","SITE_TYPE":"PA","NAME_ENG":"Esmeralda","NAME":"Esmeralda","DESIG":"Parque Provincial","DESIG_ENG":"Provincial Park","DESIG_TYPE":"National","IUCN_CAT":"II","INT_CRIT":"Not Applicable","REALM":"Terrestrial","REP_M_AREA":0,"GIS_M_AREA":0,"REP_AREA":315.96,"GIS_AREA":312.751519196266,"NO_TAKE":"Not Applicable","NO_TK_AREA":0,"STATUS":"Designated","STATUS_YR":1992,"GOV_TYPE":"Sub-national ministry or agency","GOVSUBTYPE":"Not Applicable","OWN_TYPE":"Not Reported","OWNSUBTYPE":"Not Applicable","MANG_AUTH":"Not Reported","MANG_PLAN":"Not Reported","VERIF":"State Verified","METADATAID":1852,"PRNT_ISO3":"ARG","ISO3":"ARG","SUPP_INFO":"Not Applicable","CONS_OBJ":"Not Applicable","INLND_WTRS":"Not Reported","OECM_ASMT":"Not Applicable","layer":"WDPA_W~1","path":"C:/DATAS/PRO/GIS/ARGENT~1/RAW/WDPA_W~1/WDPA_W~2/WDPA_W~1.SHP"}},
{"type":"Feature","geometry":{"type":"Polygon","coordinates":[[[-65.032881,-42.022391],[-65.064026,-42.022879],[-65.296701,-42.022886],[-65.291442,-42.115238],[-65.233738,-42.166994],[-65.203696,-42.213098],[-65.198045,-42.250725],[-65.19507,-42.324193],[-65.080851,-42.609295],[-65.119716,-42.77167],[-65.030015,-42.769243],[-65.03633,-42.731458],[-64.995751,-42.697509],[-64.326349,-42.750713],[-64.309195,-42.796146],[-64.216474,-42.893967],[-64.079711,-42.924565],[-63.664786,-42.850388],[-63.56372,-42.789656],[-63.558157,-42.696471],[-63.52385,-42.598651],[-63.551203,-42.277373],[-63.696774,-42.049744],[-63.749625,-42.030736],[-63.845128,-42.027954],[-64.174286,-42.160082],[-64.429269,-42.194852],[-64.868765,-42.148028],[-65.032881,-42.022391]]]},"properties":{"fid":301,"SITE_ID":198291,"SITE_PID":"198291","SITE_TYPE":"PA","NAME_ENG":"Península Valdés","NAME":"Península Valdés","DESIG":"Sitio Patrimonio de la Humanidad (natural o mixto)","DESIG_ENG":"World Heritage Site (natural or mixed)","DESIG_TYPE":"International","IUCN_CAT":"Not Applicable","INT_CRIT":"(x)","REALM":"Coastal","REP_M_AREA":0,"GIS_M_AREA":3456.54240138627,"REP_AREA":3600,"GIS_AREA":10037.7606333435,"NO_TAKE":"Not Reported","NO_TK_AREA":0,"STATUS":"Inscribed","STATUS_YR":1999,"GOV_TYPE":"Not Reported","GOVSUBTYPE":"Not Applicable","OWN_TYPE":"Not Reported","OWNSUBTYPE":"Not Applicable","MANG_AUTH":"Not Reported","MANG_PLAN":"Not Reported","VERIF":"State Verified","METADATAID":946,"PRNT_ISO3":"ARG","ISO3":"ARG","SUPP_INFO":"Not Applicable","CONS_OBJ":"Not Applicable","INLND_WTRS":"Not Reported","OECM_ASMT":"Not Applicable","layer":"WDPA_W~1","path":"C:/DATAS/PRO/GIS/ARGENT~1/RAW/WDPA_W~1/WDPA_W~2/WDPA_W~1.SHP"}},
{"type":"Feature","geometry":{"type":"Polygon","coordinates":[[[-68.279496,-32.633035],[-68.232274,-32.450645],[-68.232292,-32.274418],[-67.59702,-32.274496],[-67.524362,-32.306802],[-67.394622,-32.449556],[-67.391127,-32.470837],[-67.360346,-32.477714],[-67.350274,-32.515043],[-67.217924,-32.693506],[-67.217609,-32.827698],[-67.236475,-32.902621],[-67.195478,-33.055834],[-67.210431,-33.098396],[-67.195561,-33.196288],[-67.183614,-33.19746],[-67.172906,-33.367688],[-67.157045,-33.385184],[-67.134505,-33.463975],[-67.114148,-33.488057],[-67.098612,-33.515705],[-67.088741,-33.541486],[-67.067099,-33.566988],[-67.056292,-33.581065],[-67.035683,-33.60756],[-67.015326,-33.617811],[-67.004592,-33.667285],[-66.957576,-33.723111],[-66.891662,-33.766307],[-66.874129,-33.830164],[-66.673962,-33.952477],[-66.669244,-33.989879],[-66.706823,-34.023427],[-66.70957,-34.088523],[-66.525006,-33.989329],[-66.494081,-33.77887],[-66.525582,-33.456282],[-66.629213,-33.374924],[-66.771935,-33.519372],[-66.803637,-33.576225],[-66.805212,-33.664275],[-66.949545,-33.655163],[-66.970788,-33.595777],[-67.066536,-33.509671],[-67.122488,-33.417734],[-67.11094,-33.355905],[-67.14432,-33.232266],[-67.09237,-33.112445],[-67.091539,-33.044801],[-67.047544,-32.969864],[-67.086673,-32.895846],[-67.081623,-32.814394],[-67.098685,-32.785357],[-67.040493,-32.771892],[-67.03974,-32.707134],[-67.031038,-32.615487],[-67.035907,-32.615447],[-67.026649,-32.602434],[-67.022783,-32.587552],[-67.01893,-32.586214],[-67.018608,-32.577364],[-67.025517,-32.565562],[-67.026697,-32.542653],[-66.914374,-32.54352],[-66.936065,-32.527351],[-66.946838,-32.481682],[-66.956736,-32.468056],[-66.996305,-32.431523],[-67.011904,-32.387489],[-67.0383,-32.371937],[-67.172409,-32.366273],[-67.15037,-32.141893],[-67.173483,-31.999509],[-68.473351,-31.999529],[-68.532334,-32.248654],[-68.575106,-32.350448],[-68.655521,-32.445357],[-68.707066,-32.632785],[-68.279496,-32.633035]]]},"properties":{"fid":302,"SITE_ID":198305,"SITE_PID":"198305","SITE_TYPE":"PA","NAME_ENG":"Lagunas de Guanacache, Desaguadero y del Bebedero","NAME":"Lagunas de Guanacache, Desaguadero y del Bebedero","DESIG":"Sitio Ramsar, Humedal de Importancia Internacional","DESIG_ENG":"Wetland of International Importance (Ramsar Site)","DESIG_TYPE":"International","IUCN_CAT":"Not Reported","INT_CRIT":"(i);(ii);(v);(vii)","REALM":"Terrestrial","REP_M_AREA":0,"GIS_M_AREA":0,"REP_AREA":9623.7,"GIS_AREA":9630.56031071332,"NO_TAKE":"Not Applicable","NO_TK_AREA":0,"STATUS":"Designated","STATUS_YR":1999,"GOV_TYPE":"Not Reported","GOVSUBTYPE":"Not Applicable","OWN_TYPE":"Not Reported","OWNSUBTYPE":"Not Applicable","MANG_AUTH":"Not Reported","MANG_PLAN":"Management plan is not implented and not available","VERIF":"State Verified","METADATAID":1852,"PRNT_ISO3":"ARG","ISO3":"ARG","SUPP_INFO":"Not Applicable","CONS_OBJ":"Not Applicable","INLND_WTRS":"Not Reported","OECM_ASMT":"Not Applicable","layer":"WDPA_W~1","path":"C:/DATAS/PRO/GIS/ARGENT~1/RAW/WDPA_W~1/WDPA_W~2/WDPA_W~1.SHP"}},
{"type":"Feature","geometry":{"type":"Polygon","coordinates":[[[-58.556016,-34.29402],[-58.535219,-34.261097],[-58.469454,-34.273894],[-58.415396,-34.263291],[-58.403718,-34.225822],[-58.355236,-34.190706],[-58.373704,-34.158285],[-58.362169,-34.054571],[-58.416121,-34.0027],[-58.477041,-34.002714],[-58.63111,-34.040354],[-58.675356,-34.025883],[-58.806774,-34.08114],[-58.746362,-34.164856],[-58.692464,-34.172605],[-58.712549,-34.247988],[-58.556016,-34.29402]]]},"properties":{"fid":303,"SITE_ID":220252,"SITE_PID":"220252","SITE_TYPE":"PA","NAME_ENG":"Delta del Parana","NAME":"Delta del Parana","DESIG":"Reserva de la Biósfera","DESIG_ENG":"UNESCO-MAB Biosphere Reserve","DESIG_TYPE":"International","IUCN_CAT":"Not Applicable","INT_CRIT":"Not Applicable","REALM":"Terrestrial","REP_M_AREA":0,"GIS_M_AREA":28.8333452340169,"REP_AREA":886,"GIS_AREA":910.640007811504,"NO_TAKE":"Not Applicable","NO_TK_AREA":0,"STATUS":"Designated","STATUS_YR":2000,"GOV_TYPE":"Not Reported","GOVSUBTYPE":"Not Applicable","OWN_TYPE":"Not Reported","OWNSUBTYPE":"Not Applicable","MANG_AUTH":"Not Reported","MANG_PLAN":"Not Reported","VERIF":"State Verified","METADATAID":1852,"PRNT_ISO3":"ARG","ISO3":"ARG","SUPP_INFO":"Not Applicable","CONS_OBJ":"Not Applicable","INLND_WTRS":"Not Reported","OECM_ASMT":"Not Applicable","layer":"WDPA_W~1","path":"C:/DATAS/PRO/GIS/ARGENT~1/RAW/WDPA_W~1/WDPA_W~2/WDPA_W~1.SHP"}},
{"type":"Feature","geometry":{"type":"Polygon","coordinates":[[[-61.495857,-24.347971],[-61.343092,-24.432536],[-61.314018,-24.340559],[-61.227283,-24.27405],[-61.246147,-24.262271],[-61.302259,-24.327544],[-61.359916,-24.294408],[-61.381347,-24.263011],[-61.418804,-24.278376],[-61.412341,-24.251272],[-61.458926,-24.218439],[-61.547174,-24.324536],[-61.71006,-24.224999],[-61.66367,-24.145181],[-61.916943,-24.021063],[-61.947038,-24.120926],[-61.794867,-24.179031],[-61.794631,-24.242466],[-61.794484,-24.332374],[-61.774364,-24.304204],[-61.770595,-24.306157],[-61.768873,-24.310816],[-61.763391,-24.312653],[-61.749498,-24.325364],[-61.74477,-24.338856],[-61.718501,-24.334831],[-61.724234,-24.356143],[-61.690014,-24.365353],[-61.712093,-24.38248],[-61.700836,-24.392991],[-61.663375,-24.357442],[-61.583986,-24.376156],[-61.515665,-24.342639],[-61.495857,-24.347971]]]},"properties":{"fid":304,"SITE_ID":220253,"SITE_PID":"220253","SITE_TYPE":"PA","NAME_ENG":"Riacho Teuquito","NAME":"Riacho Teuquito","DESIG":"Reserva de la Biósfera","DESIG_ENG":"UNESCO-MAB Biosphere Reserve","DESIG_TYPE":"International","IUCN_CAT":"Not Applicable","INT_CRIT":"Not Applicable","REALM":"Terrestrial","REP_M_AREA":0,"GIS_M_AREA":0,"REP_AREA":810,"GIS_AREA":897.2277051648858,"NO_TAKE":"Not Applicable","NO_TK_AREA":0,"STATUS":"Designated","STATUS_YR":1995,"GOV_TYPE":"Not Reported","GOVSUBTYPE":"Not Applicable","OWN_TYPE":"Not Reported","OWNSUBTYPE":"Not Applicable","MANG_AUTH":"Not Reported","MANG_PLAN":"Not Reported","VERIF":"State Verified","METADATAID":1852,"PRNT_ISO3":"ARG","ISO3":"ARG","SUPP_INFO":"Not Applicable","CONS_OBJ":"Not Applicable","INLND_WTRS":"Not Reported","OECM_ASMT":"Not Applicable","layer":"WDPA_W~1","path":"C:/DATAS/PRO/GIS/ARGENT~1/RAW/WDPA_W~1/WDPA_W~2/WDPA_W~1.SHP"}},
{"type":"Feature","geometry":{"type":"Polygon","coordinates":[[[-67.898842,-29.583813],[-67.906459,-29.695522],[-68.251741,-29.663786],[-68.273321,-29.665055],[-68.259358,-29.746298],[-68.264435,-29.762801],[-68.244124,-29.771687],[-68.242855,-29.78565],[-68.237777,-29.793267],[-68.212569,-29.799974],[-68.200405,-29.811529],[-68.191891,-29.81457],[-68.17912,-29.820044],[-68.174863,-29.839505],[-68.14932,-29.861398],[-68.133508,-29.865655],[-68.121953,-29.881468],[-68.110398,-29.886941],[-68.099451,-29.893023],[-68.09641,-29.896671],[-68.134116,-29.896063],[-68.14932,-29.916133],[-68.155402,-29.927688],[-68.164524,-29.944108],[-68.104316,-30.043238],[-68.019174,-30.172167],[-68.018566,-30.179465],[-67.925518,-30.232983],[-67.783817,-30.16122],[-67.822131,-30.108311],[-67.724217,-30.194061],[-67.707189,-30.180073],[-67.668267,-29.620568],[-67.898842,-29.583813]]]},"properties":{"fid":305,"SITE_ID":220291,"SITE_PID":"220291","SITE_TYPE":"PA","NAME_ENG":"Ischigualasto / Talampaya Natural Parks","NAME":"Parques Naturales de Ischigualasto y Talampaya","DESIG":"Sitio Patrimonio de la Humanidad (natural o mixto)","DESIG_ENG":"World Heritage Site (natural or mixed)","DESIG_TYPE":"International","IUCN_CAT":"Not Applicable","INT_CRIT":"(viii)","REALM":"Terrestrial","REP_M_AREA":0,"GIS_M_AREA":0,"REP_AREA":2753.69,"GIS_AREA":2694.78823331868,"NO_TAKE":"Not Applicable","NO_TK_AREA":0,"STATUS":"Inscribed","STATUS_YR":2000,"GOV_TYPE":"Not Reported","GOVSUBTYPE":"Not Applicable","OWN_TYPE":"Not Reported","OWNSUBTYPE":"Not Applicable","MANG_AUTH":"Not Reported","MANG_PLAN":"Not Reported","VERIF":"State Verified","METADATAID":946,"PRNT_ISO3":"ARG","ISO3":"ARG","SUPP_INFO":"Not Applicable","CONS_OBJ":"Not Applicable","INLND_WTRS":"Not Reported","OECM_ASMT":"Not Applicable","layer":"WDPA_W~1","path":"C:/DATAS/PRO/GIS/ARGENT~1/RAW/WDPA_W~1/WDPA_W~2/WDPA_W~1.SHP"}},
{"type":"Feature","geometry":{"type":"Polygon","coordinates":[[[-56.863766,-27.436069],[-56.89551,-27.491889],[-56.95447,-27.512524],[-56.901862,-27.541376],[-56.84941,-27.501626],[-56.837091,-27.461462],[-56.863766,-27.436069]]]},"properties":{"fid":306,"SITE_ID":300019,"SITE_PID":"300019","SITE_TYPE":"PA","NAME_ENG":"Apipé Grande","NAME":"Apipé Grande","DESIG":"Reserva Natural Provincial","DESIG_ENG":"Provincial Nature Reserve","DESIG_TYPE":"National","IUCN_CAT":"VI","INT_CRIT":"Not Applicable","REALM":"Terrestrial","REP_M_AREA":0,"GIS_M_AREA":0,"REP_AREA":27.5,"GIS_AREA":47.0725174329513,"NO_TAKE":"Not Applicable","NO_TK_AREA":0,"STATUS":"Designated","STATUS_YR":1994,"GOV_TYPE":"Not Reported","GOVSUBTYPE":"Not Applicable","OWN_TYPE":"Not Reported","OWNSUBTYPE":"Not Applicable","MANG_AUTH":"Not Reported","MANG_PLAN":"Not Reported","VERIF":"State Verified","METADATAID":1852,"PRNT_ISO3":"ARG","ISO3":"ARG","SUPP_INFO":"Not Applicable","CONS_OBJ":"Not Applicable","INLND_WTRS":"Not Reported","OECM_ASMT":"Not Applicable","layer":"WDPA_W~1","path":"C:/DATAS/PRO/GIS/ARGENT~1/RAW/WDPA_W~1/WDPA_W~2/WDPA_W~1.SHP"}},
{"type":"Feature","geometry":{"type":"Polygon","coordinates":[[[-70.616334,-37.129265],[-70.587505,-37.128563],[-70.59908,-37.123294],[-70.616334,-37.129265]]]},"properties":{"fid":307,"SITE_ID":300021,"SITE_PID":"300021","SITE_TYPE":"PA","NAME_ENG":"Cañada Molina","NAME":"Cañada Molina","DESIG":"Monumento Natural Provincial","DESIG_ENG":"Provincial Nature Monument","DESIG_TYPE":"National","IUCN_CAT":"III","INT_CRIT":"Not Applicable","REALM":"Terrestrial","REP_M_AREA":0,"GIS_M_AREA":0,"REP_AREA":0.5,"GIS_AREA":1.70166794195074,"NO_TAKE":"Not Applicable","NO_TK_AREA":0,"STATUS":"Designated","STATUS_YR":1993,"GOV_TYPE":"Sub-national ministry or agency","GOVSUBTYPE":"Not Applicable","OWN_TYPE":"Not Reported","OWNSUBTYPE":"Not Applicable","MANG_AUTH":"Not Reported","MANG_PLAN":"Not Reported","VERIF":"State Verified","METADATAID":1852,"PRNT_ISO3":"ARG","ISO3":"ARG","SUPP_INFO":"Not Applicable","CONS_OBJ":"Not Applicable","INLND_WTRS":"Not Reported","OECM_ASMT":"Not Applicable","layer":"WDPA_W~1","path":"C:/DATAS/PRO/GIS/ARGENT~1/RAW/WDPA_W~1/WDPA_W~2/WDPA_W~1.SHP"}},
{"type":"Feature","geometry":{"type":"Polygon","coordinates":[[[-69.813331,-35.791152],[-69.827421,-35.804051],[-69.820256,-35.80907],[-69.813331,-35.791152]]]},"properties":{"fid":308,"SITE_ID":300024,"SITE_PID":"300024","SITE_TYPE":"PA","NAME_ENG":"Caverna de las Brujas","NAME":"Caverna de las Brujas","DESIG":"Reserva Natural","DESIG_ENG":"Nature Reserve","DESIG_TYPE":"National","IUCN_CAT":"IV","INT_CRIT":"Not Applicable","REALM":"Terrestrial","REP_M_AREA":0,"GIS_M_AREA":0,"REP_AREA":4.51,"GIS_AREA":1.30524729046758,"NO_TAKE":"Not Applicable","NO_TK_AREA":0,"STATUS":"Designated","STATUS_YR":1990,"GOV_TYPE":"Sub-national ministry or agency","GOVSUBTYPE":"Not Applicable","OWN_TYPE":"Not Reported","OWNSUBTYPE":"Not Applicable","MANG_AUTH":"Not Reported","MANG_PLAN":"Not Reported","VERIF":"State Verified","METADATAID":1852,"PRNT_ISO3":"ARG","ISO3":"ARG","SUPP_INFO":"Not Applicable","CONS_OBJ":"Not Applicable","INLND_WTRS":"Not Reported","OECM_ASMT":"Not Applicable","layer":"WDPA_W~1","path":"C:/DATAS/PRO/GIS/ARGENT~1/RAW/WDPA_W~1/WDPA_W~2/WDPA_W~1.SHP"}},
{"type":"Feature","geometry":{"type":"Polygon","coordinates":[[[-55.555959,-27.153441],[-55.547943,-27.110225],[-55.470468,-27.110157],[-55.548834,-27.103037],[-55.567546,-27.126641],[-55.555959,-27.153441]]]},"properties":{"fid":309,"SITE_ID":300029,"SITE_PID":"300029","SITE_TYPE":"PA","NAME_ENG":"Corpus","NAME":"Corpus","DESIG":"Reserva Ictica","DESIG_ENG":"Ichthyic Reserve","DESIG_TYPE":"National","IUCN_CAT":"VI","INT_CRIT":"Not Applicable","REALM":"Terrestrial","REP_M_AREA":0,"GIS_M_AREA":0,"REP_AREA":8.8272,"GIS_AREA":8.34813052041309,"NO_TAKE":"Not Applicable","NO_TK_AREA":0,"STATUS":"Designated","STATUS_YR":1978,"GOV_TYPE":"Sub-national ministry or agency","GOVSUBTYPE":"Not Applicable","OWN_TYPE":"Not Reported","OWNSUBTYPE":"Not Applicable","MANG_AUTH":"Not Reported","MANG_PLAN":"Not Reported","VERIF":"State Verified","METADATAID":1852,"PRNT_ISO3":"ARG","ISO3":"ARG","SUPP_INFO":"Not Applicable","CONS_OBJ":"Not Applicable","INLND_WTRS":"Not Reported","OECM_ASMT":"Not Applicable","layer":"WDPA_W~1","path":"C:/DATAS/PRO/GIS/ARGENT~1/RAW/WDPA_W~1/WDPA_W~2/WDPA_W~1.SHP"}},
{"type":"Feature","geometry":{"type":"Polygon","coordinates":[[[-71.449414,-42.126258],[-71.501837,-42.092316],[-71.55134,-42.1112],[-71.596683,-42.186455],[-71.584123,-42.23077],[-71.4578,-42.260934],[-71.427712,-42.207256],[-71.44666,-42.206854],[-71.442319,-42.177919],[-71.41805,-42.17177],[-71.449414,-42.126258]]]},"properties":{"fid":310,"SITE_ID":300031,"SITE_PID":"300031","SITE_TYPE":"PA","NAME_ENG":"Lago Epuyén","NAME":"Lago Epuyén","DESIG":"Reserva Forestal","DESIG_ENG":"Forest Reserve","DESIG_TYPE":"National","IUCN_CAT":"VI","INT_CRIT":"Not Applicable","REALM":"Terrestrial","REP_M_AREA":0,"GIS_M_AREA":0,"REP_AREA":200,"GIS_AREA":189.156517168198,"NO_TAKE":"Not Applicable","NO_TK_AREA":0,"STATUS":"Designated","STATUS_YR":2003,"GOV_TYPE":"Sub-national ministry or agency","GOVSUBTYPE":"Not Applicable","OWN_TYPE":"Not Reported","OWNSUBTYPE":"Not Applicable","MANG_AUTH":"Not Reported","MANG_PLAN":"Not Reported","VERIF":"State Verified","METADATAID":1852,"PRNT_ISO3":"ARG","ISO3":"ARG","SUPP_INFO":"Not Applicable","CONS_OBJ":"Not Applicable","INLND_WTRS":"Not Reported","OECM_ASMT":"Not Applicable","layer":"WDPA_W~1","path":"C:/DATAS/PRO/GIS/ARGENT~1/RAW/WDPA_W~1/WDPA_W~2/WDPA_W~1.SHP"}},
{"type":"Feature","geometry":{"type":"Polygon","coordinates":[[[-54.927003,-27.093777],[-54.968945,-27.102111],[-54.995913,-27.073779],[-55.016184,-27.167313],[-54.975366,-27.159862],[-54.915293,-27.118676],[-54.920373,-27.096292],[-54.94016,-27.114548],[-54.951948,-27.108702],[-54.927003,-27.093777]]]},"properties":{"fid":311,"SITE_ID":300032,"SITE_PID":"300032","SITE_TYPE":"PA","NAME_ENG":"Cuña Pirú","NAME":"Cuña Pirú","DESIG":"Reserva Privada","DESIG_ENG":"Private Reserve","DESIG_TYPE":"National","IUCN_CAT":"Not Reported","INT_CRIT":"Not Applicable","REALM":"Terrestrial","REP_M_AREA":0,"GIS_M_AREA":0,"REP_AREA":54.9263,"GIS_AREA":54.91348991925211,"NO_TAKE":"Not Applicable","NO_TK_AREA":0,"STATUS":"Designated","STATUS_YR":2000,"GOV_TYPE":"Not Reported","GOVSUBTYPE":"Not Applicable","OWN_TYPE":"Not Reported","OWNSUBTYPE":"Not Applicable","MANG_AUTH":"Not Reported","MANG_PLAN":"Not Reported","VERIF":"State Verified","METADATAID":1852,"PRNT_ISO3":"ARG","ISO3":"ARG","SUPP_INFO":"Not Applicable","CONS_OBJ":"Not Applicable","INLND_WTRS":"Not Reported","OECM_ASMT":"Not Applicable","layer":"WDPA_W~1","path":"C:/DATAS/PRO/GIS/ARGENT~1/RAW/WDPA_W~1/WDPA_W~2/WDPA_W~1.SHP"}},
{"type":"Feature","geometry":{"type":"Polygon","coordinates":[[[-69.082366,-39.405885],[-69.066532,-39.398941],[-69.088165,-39.383171],[-69.180755,-39.422729],[-69.190548,-39.431137],[-69.180699,-39.43892],[-69.164033,-39.428108],[-69.169866,-39.422274],[-69.165699,-39.418941],[-69.158071,-39.427979],[-69.133616,-39.430608],[-69.159866,-39.465608],[-69.080699,-39.443108],[-69.07232,-39.467228],[-69.024386,-39.447754],[-68.984437,-39.407704],[-68.924442,-39.387252],[-69.029032,-39.397941],[-69.093477,-39.423385],[-69.082366,-39.405885]]]},"properties":{"fid":312,"SITE_ID":300035,"SITE_PID":"300035","SITE_TYPE":"PA","NAME_ENG":"El Mangrullo","NAME":"El Mangrullo","DESIG":"Reserva de Uso Múltiple","DESIG_ENG":"Multiple Use Reserve","DESIG_TYPE":"National","IUCN_CAT":"VI","INT_CRIT":"Not Applicable","REALM":"Terrestrial","REP_M_AREA":0,"GIS_M_AREA":0,"REP_AREA":92.4,"GIS_AREA":87.5168005559834,"NO_TAKE":"Not Applicable","NO_TK_AREA":0,"STATUS":"Designated","STATUS_YR":1996,"GOV_TYPE":"Sub-national ministry or agency","GOVSUBTYPE":"Not Applicable","OWN_TYPE":"Not Reported","OWNSUBTYPE":"Not Applicable","MANG_AUTH":"Not Reported","MANG_PLAN":"Not Reported","VERIF":"State Verified","METADATAID":1852,"PRNT_ISO3":"ARG","ISO3":"ARG","SUPP_INFO":"Not Applicable","CONS_OBJ":"Not Applicable","INLND_WTRS":"Not Reported","OECM_ASMT":"Not Applicable","layer":"WDPA_W~1","path":"C:/DATAS/PRO/GIS/ARGENT~1/RAW/WDPA_W~1/WDPA_W~2/WDPA_W~1.SHP"}},
{"type":"Feature","geometry":{"type":"Polygon","coordinates":[[[-54.002068,-25.723165],[-53.997751,-25.748738],[-53.991274,-25.71798],[-54.002068,-25.723165]]]},"properties":{"fid":313,"SITE_ID":300042,"SITE_PID":"300042","SITE_TYPE":"PA","NAME_ENG":"Florencio de Basaldua","NAME":"Florencio de Basaldua","DESIG":"Monumento Natural","DESIG_ENG":"Nature Monument","DESIG_TYPE":"National","IUCN_CAT":"VI","INT_CRIT":"Not Applicable","REALM":"Terrestrial","REP_M_AREA":0,"GIS_M_AREA":0,"REP_AREA":2.49,"GIS_AREA":2.49463766008322,"NO_TAKE":"Not Applicable","NO_TK_AREA":0,"STATUS":"Designated","STATUS_YR":1996,"GOV_TYPE":"Sub-national ministry or agency","GOVSUBTYPE":"Not Applicable","OWN_TYPE":"Not Reported","OWNSUBTYPE":"Not Applicable","MANG_AUTH":"Not Reported","MANG_PLAN":"Not Reported","VERIF":"State Verified","METADATAID":1852,"PRNT_ISO3":"ARG","ISO3":"ARG","SUPP_INFO":"Not Applicable","CONS_OBJ":"Not Applicable","INLND_WTRS":"Not Reported","OECM_ASMT":"Not Applicable","layer":"WDPA_W~1","path":"C:/DATAS/PRO/GIS/ARGENT~1/RAW/WDPA_W~1/WDPA_W~2/WDPA_W~1.SHP"}},
{"type":"Feature","geometry":{"type":"Polygon","coordinates":[[[-68.47398,-50.062746],[-68.466495,-50.047142],[-68.503107,-50.021971],[-68.512072,-50.053469],[-68.47398,-50.062746]]]},"properties":{"fid":314,"SITE_ID":300049,"SITE_PID":"300049","SITE_TYPE":"PA","NAME_ENG":"Isla Leones","NAME":"Isla Leones","DESIG":"Área de Uso Limitado Bajo Protección Especial","DESIG_ENG":"Limited Use Area Under Special Protection","DESIG_TYPE":"National","IUCN_CAT":"VI","INT_CRIT":"Not Applicable","REALM":"Marine","REP_M_AREA":0,"GIS_M_AREA":11.7382143773937,"REP_AREA":11.5,"GIS_AREA":11.7382143773937,"NO_TAKE":"Not Reported","NO_TK_AREA":0,"STATUS":"Designated","STATUS_YR":1991,"GOV_TYPE":"Sub-national ministry or agency","GOVSUBTYPE":"Not Applicable","OWN_TYPE":"Not Reported","OWNSUBTYPE":"Not Applicable","MANG_AUTH":"Not Reported","MANG_PLAN":"Not Reported","VERIF":"State Verified","METADATAID":1852,"PRNT_ISO3":"ARG","ISO3":"ARG","SUPP_INFO":"Not Applicable","CONS_OBJ":"Not Applicable","INLND_WTRS":"Not Applicable","OECM_ASMT":"Not Applicable","layer":"WDPA_W~1","path":"C:/DATAS/PRO/GIS/ARGENT~1/RAW/WDPA_W~1/WDPA_W~2/WDPA_W~1.SHP"}},
{"type":"Feature","geometry":{"type":"Polygon","coordinates":[[[-65.812108,-47.940726],[-65.81433,-47.951835],[-65.807665,-47.956278],[-65.801,-47.956278],[-65.794335,-47.960721],[-65.736573,-47.954056],[-65.736573,-47.940726],[-65.752124,-47.938505],[-65.767675,-47.94517],[-65.781005,-47.951835],[-65.812108,-47.940726]]]},"properties":{"fid":315,"SITE_ID":300054,"SITE_PID":"300054","SITE_TYPE":"PA","NAME_ENG":"Isla Pinguinos","NAME":"Isla Pinguinos","DESIG":"Reserva Provincial","DESIG_ENG":"Provincial Reserve","DESIG_TYPE":"National","IUCN_CAT":"VI","INT_CRIT":"Not Applicable","REALM":"Coastal","REP_M_AREA":0,"GIS_M_AREA":7.14823799820401,"REP_AREA":9.3,"GIS_AREA":9.30531126464287,"NO_TAKE":"Not Reported","NO_TK_AREA":0,"STATUS":"Designated","STATUS_YR":1992,"GOV_TYPE":"Sub-national ministry or agency","GOVSUBTYPE":"Not Applicable","OWN_TYPE":"Not Reported","OWNSUBTYPE":"Not Applicable","MANG_AUTH":"Not Reported","MANG_PLAN":"Not Reported","VERIF":"State Verified","METADATAID":1852,"PRNT_ISO3":"ARG","ISO3":"ARG","SUPP_INFO":"Not Applicable","CONS_OBJ":"Not Applicable","INLND_WTRS":"Not Reported","OECM_ASMT":"Not Applicable","layer":"WDPA_W~1","path":"C:/DATAS/PRO/GIS/ARGENT~1/RAW/WDPA_W~1/WDPA_W~2/WDPA_W~1.SHP"}},
{"type":"Feature","geometry":{"type":"Polygon","coordinates":[[[-65.693922,-26.895284],[-65.716482,-26.902805],[-65.717986,-26.943414],[-65.675873,-26.938902],[-65.693922,-26.895284]]]},"properties":{"fid":316,"SITE_ID":300057,"SITE_PID":"300057","SITE_TYPE":"PA","NAME_ENG":"La Angostura","NAME":"La Angostura","DESIG":"Reserva Natural Estricta","DESIG_ENG":"Strict Nature Reserve","DESIG_TYPE":"National","IUCN_CAT":"Ia","INT_CRIT":"Not Applicable","REALM":"Terrestrial","REP_M_AREA":0,"GIS_M_AREA":0,"REP_AREA":9.182,"GIS_AREA":16.7173800235179,"NO_TAKE":"Not Applicable","NO_TK_AREA":0,"STATUS":"Designated","STATUS_YR":1996,"GOV_TYPE":"Sub-national ministry or agency","GOVSUBTYPE":"Not Applicable","OWN_TYPE":"Not Reported","OWNSUBTYPE":"Not Applicable","MANG_AUTH":"Not Reported","MANG_PLAN":"Not Reported","VERIF":"State Verified","METADATAID":1852,"PRNT_ISO3":"ARG","ISO3":"ARG","SUPP_INFO":"Not Applicable","CONS_OBJ":"Not Applicable","INLND_WTRS":"Not Reported","OECM_ASMT":"Not Applicable","layer":"WDPA_W~1","path":"C:/DATAS/PRO/GIS/ARGENT~1/RAW/WDPA_W~1/WDPA_W~2/WDPA_W~1.SHP"}},
{"type":"Feature","geometry":{"type":"Polygon","coordinates":[[[-71.745727,-43.261445],[-71.7232,-43.281225],[-71.653889,-43.28291],[-71.655397,-43.250535],[-71.699305,-43.266208],[-71.745727,-43.261445]]]},"properties":{"fid":317,"SITE_ID":300059,"SITE_PID":"300059","SITE_TYPE":"PA","NAME_ENG":"Lago Baggilt","NAME":"Lago Baggilt","DESIG":"Área Natural Protegida","DESIG_ENG":"Protected Nature Area","DESIG_TYPE":"National","IUCN_CAT":"VI","INT_CRIT":"Not Applicable","REALM":"Terrestrial","REP_M_AREA":0,"GIS_M_AREA":0,"REP_AREA":15,"GIS_AREA":17.6537767736227,"NO_TAKE":"Not Applicable","NO_TK_AREA":0,"STATUS":"Designated","STATUS_YR":1996,"GOV_TYPE":"Sub-national ministry or agency","GOVSUBTYPE":"Not Applicable","OWN_TYPE":"Not Reported","OWNSUBTYPE":"Not Applicable","MANG_AUTH":"Not Reported","MANG_PLAN":"Not Reported","VERIF":"State Verified","METADATAID":1852,"PRNT_ISO3":"ARG","ISO3":"ARG","SUPP_INFO":"Not Applicable","CONS_OBJ":"Not Applicable","INLND_WTRS":"Not Reported","OECM_ASMT":"Not Applicable","layer":"WDPA_W~1","path":"C:/DATAS/PRO/GIS/ARGENT~1/RAW/WDPA_W~1/WDPA_W~2/WDPA_W~1.SHP"}},
{"type":"Feature","geometry":{"type":"Polygon","coordinates":[[[-69.870047,-34.135136],[-69.832901,-34.160239],[-69.805923,-34.245634],[-69.897364,-34.264468],[-69.911131,-34.291535],[-69.581253,-34.397328],[-69.433265,-34.411353],[-69.42271,-34.34541],[-69.305818,-34.321899],[-69.262096,-34.265606],[-69.241841,-34.083667],[-69.411943,-33.933189],[-69.436883,-33.949936],[-69.475622,-33.930925],[-69.501016,-33.947287],[-69.509143,-34.044553],[-69.555126,-34.100322],[-69.850116,-34.049095],[-69.834228,-34.086702],[-69.860388,-34.103833],[-69.870047,-34.135136]]]},"properties":{"fid":318,"SITE_ID":300062,"SITE_PID":"300062","SITE_TYPE":"PA","NAME_ENG":"Laguna del Diamante","NAME":"Laguna del Diamante","DESIG":"Reserva Natural","DESIG_ENG":"Nature Reserve","DESIG_TYPE":"National","IUCN_CAT":"II","INT_CRIT":"Not Applicable","REALM":"Terrestrial","REP_M_AREA":0,"GIS_M_AREA":0,"REP_AREA":1920,"GIS_AREA":1978.8009434819603,"NO_TAKE":"Not Applicable","NO_TK_AREA":0,"STATUS":"Designated","STATUS_YR":1994,"GOV_TYPE":"Sub-national ministry or agency","GOVSUBTYPE":"Not Applicable","OWN_TYPE":"Not Reported","OWNSUBTYPE":"Not Applicable","MANG_AUTH":"Not Reported","MANG_PLAN":"Not Reported","VERIF":"State Verified","METADATAID":1852,"PRNT_ISO3":"ARG","ISO3":"ARG","SUPP_INFO":"Not Applicable","CONS_OBJ":"Not Applicable","INLND_WTRS":"Not Reported","OECM_ASMT":"Not Applicable","layer":"WDPA_W~1","path":"C:/DATAS/PRO/GIS/ARGENT~1/RAW/WDPA_W~1/WDPA_W~2/WDPA_W~1.SHP"}},
{"type":"Feature","geometry":{"type":"Polygon","coordinates":[[[-63.532527,-37.675123],[-63.574088,-37.720729],[-63.613781,-37.722855],[-63.616333,-37.746595],[-63.523545,-37.745996],[-63.499103,-37.733636],[-63.494607,-37.670375],[-63.532527,-37.675123]]]},"properties":{"fid":319,"SITE_ID":300064,"SITE_PID":"300064","SITE_TYPE":"PA","NAME_ENG":"Laguna Guatrache","NAME":"Laguna Guatrache","DESIG":"Reserva Natural","DESIG_ENG":"Nature Reserve","DESIG_TYPE":"National","IUCN_CAT":"VI","INT_CRIT":"Not Applicable","REALM":"Terrestrial","REP_M_AREA":0,"GIS_M_AREA":0,"REP_AREA":85,"GIS_AREA":54.6195617321655,"NO_TAKE":"Not Applicable","NO_TK_AREA":0,"STATUS":"Designated","STATUS_YR":1991,"GOV_TYPE":"Sub-national ministry or agency","GOVSUBTYPE":"Not Applicable","OWN_TYPE":"Not Reported","OWNSUBTYPE":"Not Applicable","MANG_AUTH":"Not Reported","MANG_PLAN":"Not Reported","VERIF":"State Verified","METADATAID":1852,"PRNT_ISO3":"ARG","ISO3":"ARG","SUPP_INFO":"Not Applicable","CONS_OBJ":"Not Applicable","INLND_WTRS":"Not Reported","OECM_ASMT":"Not Applicable","layer":"WDPA_W~1","path":"C:/DATAS/PRO/GIS/ARGENT~1/RAW/WDPA_W~1/WDPA_W~2/WDPA_W~1.SHP"}},
{"type":"Feature","geometry":{"type":"Polygon","coordinates":[[[-65.356568,-23.100173],[-65.366508,-23.090233],[-65.376448,-23.100173],[-65.366508,-23.110113],[-65.356568,-23.100173]]]},"properties":{"fid":320,"SITE_ID":300065,"SITE_PID":"300065","SITE_TYPE":"PA","NAME_ENG":"Laguna Leandro","NAME":"Laguna Leandro","DESIG":"Monumento Natural","DESIG_ENG":"Nature Monument","DESIG_TYPE":"National","IUCN_CAT":"III","INT_CRIT":"Not Applicable","REALM":"Terrestrial","REP_M_AREA":0,"GIS_M_AREA":0,"REP_AREA":2.9,"GIS_AREA":3.52144882281591,"NO_TAKE":"Not Applicable","NO_TK_AREA":0,"STATUS":"Designated","STATUS_YR":1985,"GOV_TYPE":"Sub-national ministry or agency","GOVSUBTYPE":"Not Applicable","OWN_TYPE":"Not Reported","OWNSUBTYPE":"Not Applicable","MANG_AUTH":"Not Reported","MANG_PLAN":"Not Reported","VERIF":"State Verified","METADATAID":1852,"PRNT_ISO3":"ARG","ISO3":"ARG","SUPP_INFO":"Not Applicable","CONS_OBJ":"Not Applicable","INLND_WTRS":"Not Reported","OECM_ASMT":"Not Applicable","layer":"WDPA_W~1","path":"C:/DATAS/PRO/GIS/ARGENT~1/RAW/WDPA_W~1/WDPA_W~2/WDPA_W~1.SHP"}},
{"type":"Feature","geometry":{"type":"Polygon","coordinates":[[[-69.593453,-31.796045],[-69.553885,-31.748976],[-69.870086,-31.665182],[-69.892876,-31.73231],[-69.841148,-31.729611],[-69.799579,-31.747903],[-69.693026,-31.758849],[-69.613612,-31.813641],[-69.593453,-31.796045]]]},"properties":{"fid":321,"SITE_ID":300069,"SITE_PID":"300069","SITE_TYPE":"PA","NAME_ENG":"Los Morrillos","NAME":"Los Morrillos","DESIG":"Refugio de Vida Silvestre","DESIG_ENG":"Wildlife Refuge","DESIG_TYPE":"National","IUCN_CAT":"Ia","INT_CRIT":"Not Applicable","REALM":"Terrestrial","REP_M_AREA":0,"GIS_M_AREA":0,"REP_AREA":235,"GIS_AREA":195.532306658438,"NO_TAKE":"Not Applicable","NO_TK_AREA":0,"STATUS":"Designated","STATUS_YR":1993,"GOV_TYPE":"Not Reported","GOVSUBTYPE":"Not Applicable","OWN_TYPE":"Not Reported","OWNSUBTYPE":"Not Applicable","MANG_AUTH":"Not Reported","MANG_PLAN":"Not Reported","VERIF":"State Verified","METADATAID":1852,"PRNT_ISO3":"ARG","ISO3":"ARG","SUPP_INFO":"Not Applicable","CONS_OBJ":"Not Applicable","INLND_WTRS":"Not Reported","OECM_ASMT":"Not Applicable","layer":"WDPA_W~1","path":"C:/DATAS/PRO/GIS/ARGENT~1/RAW/WDPA_W~1/WDPA_W~2/WDPA_W~1.SHP"}},
{"type":"Feature","geometry":{"type":"Polygon","coordinates":[[[-54.411192,-26.037373],[-54.411721,-26.031142],[-54.425407,-26.026485],[-54.411192,-26.037373]]]},"properties":{"fid":322,"SITE_ID":300070,"SITE_PID":"300070","SITE_TYPE":"PA","NAME_ENG":"Lote \"C\" Huerto Municipal","NAME":"Lote \"C\" Huerto Municipal","DESIG":"Parque Natural Municipal","DESIG_ENG":"Municipal Nature Park","DESIG_TYPE":"National","IUCN_CAT":"VI","INT_CRIT":"Not Applicable","REALM":"Terrestrial","REP_M_AREA":0,"GIS_M_AREA":0,"REP_AREA":0.83,"GIS_AREA":0.954653888080499,"NO_TAKE":"Not Applicable","NO_TK_AREA":0,"STATUS":"Designated","STATUS_YR":1995,"GOV_TYPE":"Not Reported","GOVSUBTYPE":"Not Applicable","OWN_TYPE":"Not Reported","OWNSUBTYPE":"Not Applicable","MANG_AUTH":"Not Reported","MANG_PLAN":"Not Reported","VERIF":"State Verified","METADATAID":1852,"PRNT_ISO3":"ARG","ISO3":"ARG","SUPP_INFO":"Not Applicable","CONS_OBJ":"Not Applicable","INLND_WTRS":"Not Reported","OECM_ASMT":"Not Applicable","layer":"WDPA_W~1","path":"C:/DATAS/PRO/GIS/ARGENT~1/RAW/WDPA_W~1/WDPA_W~2/WDPA_W~1.SHP"}},
{"type":"Feature","geometry":{"type":"Polygon","coordinates":[[[-71.463311,-43.20312],[-71.452506,-43.195803],[-71.495241,-43.165363],[-71.507685,-43.172653],[-71.463311,-43.20312]]]},"properties":{"fid":323,"SITE_ID":300073,"SITE_PID":"300073","SITE_TYPE":"PA","NAME_ENG":"Nant y Fall (Arroyo Las Caídas)","NAME":"Nant y Fall (Arroyo Las Caídas)","DESIG":"Reserva Natural Turística","DESIG_ENG":"Tourist Nature Reserve","DESIG_TYPE":"National","IUCN_CAT":"VI","INT_CRIT":"Not Applicable","REALM":"Terrestrial","REP_M_AREA":0,"GIS_M_AREA":0,"REP_AREA":5,"GIS_AREA":6.07016501536873,"NO_TAKE":"Not Applicable","NO_TK_AREA":0,"STATUS":"Designated","STATUS_YR":1995,"GOV_TYPE":"Sub-national ministry or agency","GOVSUBTYPE":"Not Applicable","OWN_TYPE":"Not Reported","OWNSUBTYPE":"Not Applicable","MANG_AUTH":"Not Reported","MANG_PLAN":"Not Reported","VERIF":"State Verified","METADATAID":1852,"PRNT_ISO3":"ARG","ISO3":"ARG","SUPP_INFO":"Not Applicable","CONS_OBJ":"Not Applicable","INLND_WTRS":"Not Reported","OECM_ASMT":"Not Applicable","layer":"WDPA_W~1","path":"C:/DATAS/PRO/GIS/ARGENT~1/RAW/WDPA_W~1/WDPA_W~2/WDPA_W~1.SHP"}},
{"type":"Feature","geometry":{"type":"Polygon","coordinates":[[[-54.117804,-26.993147],[-54.184713,-26.933479],[-54.265067,-26.974858],[-54.269431,-26.977193],[-54.268282,-27.00853],[-54.248872,-27.015735],[-54.254481,-27.033961],[-54.233547,-27.052778],[-54.117804,-26.993147]]]},"properties":{"fid":324,"SITE_ID":300074,"SITE_PID":"300074","SITE_TYPE":"PA","NAME_ENG":"Papel Misionero","NAME":"Papel Misionero","DESIG":"Reserva Natural Cultural","DESIG_ENG":"Cultural Nature Reserve","DESIG_TYPE":"National","IUCN_CAT":"VI","INT_CRIT":"Not Applicable","REALM":"Terrestrial","REP_M_AREA":0,"GIS_M_AREA":0,"REP_AREA":103.97,"GIS_AREA":104.807007756538,"NO_TAKE":"Not Applicable","NO_TK_AREA":0,"STATUS":"Designated","STATUS_YR":1995,"GOV_TYPE":"Not Reported","GOVSUBTYPE":"Not Applicable","OWN_TYPE":"Not Reported","OWNSUBTYPE":"Not Applicable","MANG_AUTH":"Not Reported","MANG_PLAN":"Not Reported","VERIF":"State Verified","METADATAID":1852,"PRNT_ISO3":"ARG","ISO3":"ARG","SUPP_INFO":"Not Applicable","CONS_OBJ":"Not Applicable","INLND_WTRS":"Not Reported","OECM_ASMT":"Not Applicable","layer":"WDPA_W~1","path":"C:/DATAS/PRO/GIS/ARGENT~1/RAW/WDPA_W~1/WDPA_W~2/WDPA_W~1.SHP"}},
{"type":"Feature","geometry":{"type":"Polygon","coordinates":[[[-72.832963,-50.320492],[-72.94013,-50.318103],[-72.969402,-50.339639],[-73.010256,-50.346286],[-73.015877,-50.349582],[-73.022807,-50.349463],[-73.025355,-50.352061],[-73.02829,-50.352841],[-73.028869,-50.359198],[-73.031134,-50.368686],[-73.033702,-50.376997],[-73.036348,-50.383381],[-73.038848,-50.390609],[-73.041159,-50.396663],[-73.030028,-50.480004],[-72.993073,-50.474849],[-72.964507,-50.490335],[-72.846497,-50.482197],[-72.783204,-50.461582],[-72.764325,-50.446659],[-72.761922,-50.440594],[-72.752604,-50.429476],[-72.747533,-50.42666],[-72.7163,-50.431556],[-72.722215,-50.442139],[-72.746778,-50.439855],[-72.750552,-50.452506],[-72.7482,-50.455679],[-72.74482,-50.459893],[-72.745788,-50.462988],[-72.749807,-50.464685],[-72.752399,-50.46322],[-72.756775,-50.469255],[-72.767643,-50.475027],[-72.775947,-50.490512],[-72.780442,-50.492125],[-72.797644,-50.494384],[-72.800835,-50.491041],[-72.801651,-50.492179],[-72.805783,-50.496127],[-72.808215,-50.496866],[-72.811011,-50.497566],[-72.814386,-50.498489],[-72.820444,-50.502826],[-72.831438,-50.510282],[-72.852793,-50.507492],[-72.859152,-50.512306],[-72.860391,-50.517316],[-72.860768,-50.523465],[-72.862343,-50.524848],[-72.874116,-50.528017],[-72.875866,-50.529898],[-72.881639,-50.523618],[-72.882937,-50.525009],[-72.883531,-50.528202],[-72.891697,-50.537229],[-72.892681,-50.547978],[-72.89822,-50.553908],[-72.897112,-50.556808],[-72.897723,-50.558257],[-72.89707,-50.559195],[-72.896099,-50.559109],[-72.894217,-50.558205],[-72.892979,-50.558165],[-72.889236,-50.559954],[-72.884566,-50.559187],[-72.882296,-50.558815],[-72.880959,-50.557923],[-72.880993,-50.556691],[-72.880958,-50.555612],[-72.877252,-50.557251],[-72.875277,-50.55761],[-72.873716,-50.55694],[-72.868737,-50.546476],[-72.869997,-50.537828],[-72.868416,-50.537502],[-72.867624,-50.537532],[-72.865249,-50.539118],[-72.865284,-50.550133],[-72.855304,-50.547932],[-72.853702,-50.548119],[-72.850824,-50.550058],[-72.849798,-50.550488],[-72.848162,-50.550152],[-72.848522,-50.539569],[-72.84519,-50.53841],[-72.843907,-50.536594],[-72.835562,-50.532128],[-72.833956,-50.530619],[-72.832372,-50.529493],[-72.831565,-50.529391],[-72.830142,-50.530096],[-72.826849,-50.531889],[-72.825253,-50.532781],[-72.824552,-50.533048],[-72.822356,-50.52957],[-72.819843,-50.528782],[-72.817024,-50.525977],[-72.816484,-50.525625],[-72.815066,-50.524818],[-72.812994,-50.525404],[-72.811824,-50.525305],[-72.806896,-50.522881],[-72.803766,-50.523508],[-72.801712,-50.523117],[-72.800483,-50.522512],[-72.79841,-50.518729],[-72.797138,-50.518281],[-72.793608,-50.51795],[-72.792819,-50.515487],[-72.78283,-50.508476],[-72.782607,-50.507767],[-72.781049,-50.507918],[-72.779811,-50.508088],[-72.77837,-50.507092],[-72.777279,-50.506565],[-72.776322,-50.506537],[-72.774853,-50.506357],[-72.774013,-50.506052],[-72.772577,-50.505603],[-72.770967,-50.505083],[-72.767601,-50.504214],[-72.765862,-50.504343],[-72.762551,-50.508688],[-72.763112,-50.509625],[-72.764239,-50.509978],[-72.763965,-50.510296],[-72.762297,-50.509915],[-72.760831,-50.509556],[-72.753957,-50.505255],[-72.746537,-50.502303],[-72.720471,-50.488567],[-72.715067,-50.48423],[-72.687793,-50.447039],[-72.664238,-50.43836],[-72.710108,-50.406128],[-72.713088,-50.273533],[-72.776415,-50.267532],[-72.782277,-50.282158],[-72.745087,-50.286115],[-72.743681,-50.302266],[-72.793722,-50.291688],[-72.78971,-50.31095],[-72.808088,-50.311571],[-72.81721,-50.317531],[-72.832963,-50.320492]]]},"properties":{"fid":325,"SITE_ID":300076,"SITE_PID":"300076","SITE_TYPE":"PA","NAME_ENG":"Península de Magallanes","NAME":"Península de Magallanes","DESIG":"Parque y Reserva Provincial","DESIG_ENG":"Provincial Reserve and Park","DESIG_TYPE":"National","IUCN_CAT":"VI","INT_CRIT":"Not Applicable","REALM":"Terrestrial","REP_M_AREA":0,"GIS_M_AREA":0,"REP_AREA":457.88,"GIS_AREA":454.765381728934,"NO_TAKE":"Not Applicable","NO_TK_AREA":0,"STATUS":"Designated","STATUS_YR":1993,"GOV_TYPE":"Sub-national ministry or agency","GOVSUBTYPE":"Not Applicable","OWN_TYPE":"Not Reported","OWNSUBTYPE":"Not Applicable","MANG_AUTH":"Not Reported","MANG_PLAN":"Not Reported","VERIF":"State Verified","METADATAID":1852,"PRNT_ISO3":"ARG","ISO3":"ARG","SUPP_INFO":"Not Applicable","CONS_OBJ":"Not Applicable","INLND_WTRS":"Not Reported","OECM_ASMT":"Not Applicable","layer":"WDPA_W~1","path":"C:/DATAS/PRO/GIS/ARGENT~1/RAW/WDPA_W~1/WDPA_W~2/WDPA_W~1.SHP"}},
{"type":"Feature","geometry":{"type":"Polygon","coordinates":[[[-55.629698,-27.373468],[-55.652676,-27.371984],[-55.637786,-27.381202],[-55.629698,-27.373468]]]},"properties":{"fid":326,"SITE_ID":300078,"SITE_PID":"300078","SITE_TYPE":"PA","NAME_ENG":"Puerto San Juan","NAME":"Puerto San Juan","DESIG":"Reserva Privada","DESIG_ENG":"Private Reserve","DESIG_TYPE":"National","IUCN_CAT":"VI","INT_CRIT":"Not Applicable","REALM":"Terrestrial","REP_M_AREA":0,"GIS_M_AREA":0,"REP_AREA":2.5,"GIS_AREA":2.62494586582472,"NO_TAKE":"Not Applicable","NO_TK_AREA":0,"STATUS":"Designated","STATUS_YR":1997,"GOV_TYPE":"Not Reported","GOVSUBTYPE":"Not Applicable","OWN_TYPE":"Not Reported","OWNSUBTYPE":"Not Applicable","MANG_AUTH":"Not Reported","MANG_PLAN":"Not Reported","VERIF":"State Verified","METADATAID":1852,"PRNT_ISO3":"ARG","ISO3":"ARG","SUPP_INFO":"Not Applicable","CONS_OBJ":"Not Applicable","INLND_WTRS":"Not Reported","OECM_ASMT":"Not Applicable","layer":"WDPA_W~1","path":"C:/DATAS/PRO/GIS/ARGENT~1/RAW/WDPA_W~1/WDPA_W~2/WDPA_W~1.SHP"}},
{"type":"Feature","geometry":{"type":"Polygon","coordinates":[[[-65.913225,-27.009185],[-65.820912,-27.038369],[-65.755707,-27.057228],[-65.748522,-27.028999],[-65.733381,-27.02307],[-65.717606,-27.008288],[-65.729509,-26.98943],[-65.736095,-26.989443],[-65.806248,-27.012634],[-65.823759,-27.009521],[-65.851084,-26.997636],[-65.899307,-26.978895],[-65.903353,-26.97858],[-65.913225,-27.009185]]]},"properties":{"fid":327,"SITE_ID":300079,"SITE_PID":"300079","SITE_TYPE":"PA","NAME_ENG":"Quebrada del Portugués","NAME":"Quebrada del Portugués","DESIG":"Reserva Natural","DESIG_ENG":"Nature Reserve","DESIG_TYPE":"National","IUCN_CAT":"Ia","INT_CRIT":"Not Applicable","REALM":"Terrestrial","REP_M_AREA":0,"GIS_M_AREA":0,"REP_AREA":120,"GIS_AREA":76.910857992318,"NO_TAKE":"Not Applicable","NO_TK_AREA":0,"STATUS":"Designated","STATUS_YR":1996,"GOV_TYPE":"Sub-national ministry or agency","GOVSUBTYPE":"Not Applicable","OWN_TYPE":"Not Reported","OWNSUBTYPE":"Not Applicable","MANG_AUTH":"Not Reported","MANG_PLAN":"Not Reported","VERIF":"State Verified","METADATAID":1852,"PRNT_ISO3":"ARG","ISO3":"ARG","SUPP_INFO":"Not Applicable","CONS_OBJ":"Not Applicable","INLND_WTRS":"Not Reported","OECM_ASMT":"Not Applicable","layer":"WDPA_W~1","path":"C:/DATAS/PRO/GIS/ARGENT~1/RAW/WDPA_W~1/WDPA_W~2/WDPA_W~1.SHP"}},
{"type":"Feature","geometry":{"type":"Polygon","coordinates":[[[-58.635993,-29.861844],[-58.613734,-29.888291],[-58.563279,-29.876225],[-58.536956,-29.817545],[-58.604411,-29.783543],[-58.635993,-29.861844]]]},"properties":{"fid":328,"SITE_ID":300080,"SITE_PID":"300080","SITE_TYPE":"PA","NAME_ENG":"Rincón de Santa María","NAME":"Rincón de Santa María","DESIG":"Reserva Natural Provincial","DESIG_ENG":"Provincial Nature Reserve","DESIG_TYPE":"National","IUCN_CAT":"Ia","INT_CRIT":"Not Applicable","REALM":"Terrestrial","REP_M_AREA":0,"GIS_M_AREA":0,"REP_AREA":24.5,"GIS_AREA":71.3784541524186,"NO_TAKE":"Not Applicable","NO_TK_AREA":0,"STATUS":"Designated","STATUS_YR":1994,"GOV_TYPE":"Not Reported","GOVSUBTYPE":"Not Applicable","OWN_TYPE":"Not Reported","OWNSUBTYPE":"Not Applicable","MANG_AUTH":"Not Reported","MANG_PLAN":"Not Reported","VERIF":"State Verified","METADATAID":1852,"PRNT_ISO3":"ARG","ISO3":"ARG","SUPP_INFO":"Not Applicable","CONS_OBJ":"Not Applicable","INLND_WTRS":"Not Reported","OECM_ASMT":"Not Applicable","layer":"WDPA_W~1","path":"C:/DATAS/PRO/GIS/ARGENT~1/RAW/WDPA_W~1/WDPA_W~2/WDPA_W~1.SHP"}},
{"type":"Feature","geometry":{"type":"Polygon","coordinates":[[[-72.057893,-42.171845],[-72.043053,-42.194565],[-72.084502,-42.224423],[-72.12943,-42.301321],[-72.040338,-42.367651],[-72.040384,-42.384712],[-71.908264,-42.392132],[-71.838222,-42.357447],[-71.723764,-42.362547],[-71.671063,-42.334401],[-71.639706,-42.29428],[-71.630447,-42.266987],[-71.631669,-42.255633],[-71.631975,-42.250203],[-71.771918,-42.2435],[-71.769086,-42.205331],[-71.766767,-42.175419],[-71.76544,-42.151829],[-71.764528,-42.129193],[-71.76826,-42.128815],[-71.768969,-42.128945],[-71.770336,-42.128739],[-71.772404,-42.128802],[-71.77328,-42.129138],[-71.773828,-42.129607],[-71.774447,-42.129899],[-71.77516,-42.129789],[-71.77661,-42.130383],[-71.776498,-42.130668],[-71.775697,-42.131045],[-71.775059,-42.131186],[-71.774603,-42.131541],[-71.774988,-42.13342],[-71.773821,-42.136322],[-71.773951,-42.137183],[-71.77454,-42.137932],[-71.77534,-42.138406],[-71.77612,-42.138869],[-71.776795,-42.138913],[-71.777059,-42.139043],[-71.776866,-42.139633],[-71.776608,-42.139916],[-71.775798,-42.140427],[-71.775476,-42.142318],[-71.775578,-42.142694],[-71.776283,-42.143589],[-71.777664,-42.144393],[-71.779194,-42.145451],[-71.779859,-42.147297],[-71.780951,-42.147956],[-71.781437,-42.148111],[-71.784027,-42.148424],[-71.785305,-42.148492],[-71.78731,-42.148928],[-71.788063,-42.149122],[-71.789028,-42.149572],[-71.789612,-42.1496],[-71.790759,-42.148812],[-71.791862,-42.148208],[-71.795675,-42.146367],[-71.798957,-42.145527],[-71.804173,-42.145947],[-71.806201,-42.146808],[-71.807881,-42.148033],[-71.808297,-42.148631],[-71.808548,-42.149315],[-71.808519,-42.150659],[-71.808919,-42.151086],[-71.816226,-42.156406],[-71.827535,-42.158933],[-71.82988,-42.161207],[-71.831068,-42.161775],[-71.833042,-42.162397],[-71.834633,-42.162044],[-71.836536,-42.162188],[-71.840731,-42.160424],[-71.841659,-42.156962],[-71.844738,-42.15454],[-71.846886,-42.154297],[-71.849211,-42.154351],[-71.851387,-42.155648],[-71.859095,-42.159673],[-71.862657,-42.157893],[-71.864592,-42.156246],[-71.868411,-42.156288],[-71.871,-42.154916],[-71.874054,-42.154934],[-71.876195,-42.156898],[-71.878951,-42.158799],[-71.879844,-42.161142],[-71.879518,-42.165668],[-71.881424,-42.168224],[-71.885638,-42.17212],[-71.886097,-42.174678],[-71.894445,-42.18079],[-71.898263,-42.180706],[-71.901451,-42.182005],[-71.905348,-42.183085],[-71.908148,-42.185044],[-71.91119,-42.187034],[-71.91464,-42.189253],[-71.918023,-42.189359],[-71.920653,-42.189177],[-71.922839,-42.190155],[-71.925404,-42.1904],[-71.927503,-42.188746],[-71.931931,-42.184341],[-71.934921,-42.182526],[-71.937808,-42.179614],[-71.939336,-42.175639],[-71.943779,-42.17166],[-71.94604,-42.169768],[-71.946645,-42.167352],[-71.954749,-42.164385],[-71.957665,-42.141231],[-71.963266,-42.139386],[-71.965352,-42.140175],[-71.969835,-42.144657],[-71.972962,-42.142416],[-71.977303,-42.142099],[-71.988525,-42.138843],[-71.991474,-42.140606],[-71.995423,-42.140612],[-71.999578,-42.141719],[-72.003684,-42.13985],[-72.006781,-42.139876],[-72.009268,-42.137582],[-72.012669,-42.136401],[-72.012293,-42.134105],[-72.015186,-42.132373],[-72.037436,-42.147619],[-72.057893,-42.171845]]]},"properties":{"fid":329,"SITE_ID":300083,"SITE_PID":"300083","SITE_TYPE":"PA","NAME_ENG":"Río Turbio","NAME":"Río Turbio","DESIG":"Parque Provincial y Reserva Forestal","DESIG_ENG":"Provincial Park and Forest Reserve","DESIG_TYPE":"National","IUCN_CAT":"II","INT_CRIT":"Not Applicable","REALM":"Terrestrial","REP_M_AREA":0,"GIS_M_AREA":0,"REP_AREA":500,"GIS_AREA":748.857606758727,"NO_TAKE":"Not Applicable","NO_TK_AREA":0,"STATUS":"Designated","STATUS_YR":1994,"GOV_TYPE":"Sub-national ministry or agency","GOVSUBTYPE":"Not Applicable","OWN_TYPE":"Not Reported","OWNSUBTYPE":"Not Applicable","MANG_AUTH":"Not Reported","MANG_PLAN":"Not Reported","VERIF":"State Verified","METADATAID":1852,"PRNT_ISO3":"ARG","ISO3":"ARG","SUPP_INFO":"Not Applicable","CONS_OBJ":"Not Applicable","INLND_WTRS":"Not Reported","OECM_ASMT":"Not Applicable","layer":"WDPA_W~1","path":"C:/DATAS/PRO/GIS/ARGENT~1/RAW/WDPA_W~1/WDPA_W~2/WDPA_W~1.SHP"}},
{"type":"Feature","geometry":{"type":"Polygon","coordinates":[[[-67.367986,-34.774565],[-67.357224,-34.844518],[-67.287739,-34.832937],[-67.328272,-34.751872],[-67.367986,-34.774565]]]},"properties":{"fid":330,"SITE_ID":300087,"SITE_PID":"300087","SITE_TYPE":"PA","NAME_ENG":"Sierra Pintada","NAME":"Sierra Pintada","DESIG":"Reserva de Uso Múltiple","DESIG_ENG":"Multiple Use Reserve","DESIG_TYPE":"National","IUCN_CAT":"VI","INT_CRIT":"Not Applicable","REALM":"Terrestrial","REP_M_AREA":0,"GIS_M_AREA":0,"REP_AREA":135,"GIS_AREA":46.3374198104209,"NO_TAKE":"Not Applicable","NO_TK_AREA":0,"STATUS":"Designated","STATUS_YR":1996,"GOV_TYPE":"Not Reported","GOVSUBTYPE":"Not Applicable","OWN_TYPE":"Not Reported","OWNSUBTYPE":"Not Applicable","MANG_AUTH":"Not Reported","MANG_PLAN":"Not Reported","VERIF":"State Verified","METADATAID":1852,"PRNT_ISO3":"ARG","ISO3":"ARG","SUPP_INFO":"Not Applicable","CONS_OBJ":"Not Applicable","INLND_WTRS":"Not Reported","OECM_ASMT":"Not Applicable","layer":"WDPA_W~1","path":"C:/DATAS/PRO/GIS/ARGENT~1/RAW/WDPA_W~1/WDPA_W~2/WDPA_W~1.SHP"}},
{"type":"Feature","geometry":{"type":"Polygon","coordinates":[[[-56.741696,-36.387741],[-56.806671,-36.391719],[-56.834517,-36.415587],[-56.941924,-36.434151],[-57.002921,-36.48454],[-57.074525,-36.503104],[-57.109001,-36.467302],[-57.184584,-36.47128],[-57.298621,-36.509734],[-57.272101,-36.53758],[-57.245581,-36.613163],[-57.262819,-36.670182],[-57.234973,-36.7272],[-57.229669,-36.846541],[-57.148782,-36.932732],[-57.114306,-36.995055],[-57.123588,-37.017597],[-57.085133,-37.022901],[-57.029441,-37.075941],[-56.968444,-37.102461],[-56.887557,-37.103787],[-56.697938,-36.853171],[-56.711198,-36.821347],[-56.699264,-36.703332],[-56.715176,-36.428847],[-56.729762,-36.402327],[-56.741696,-36.387741]]]},"properties":{"fid":331,"SITE_ID":300088,"SITE_PID":"300088","SITE_TYPE":"PA","NAME_ENG":"Laguna Salada Grande","NAME":"Laguna Salada Grande","DESIG":"Reserva Forestal","DESIG_ENG":"Forest Reserve","DESIG_TYPE":"National","IUCN_CAT":"VI","INT_CRIT":"Not Applicable","REALM":"Terrestrial","REP_M_AREA":0,"GIS_M_AREA":0,"REP_AREA":2919.72,"GIS_AREA":2976.23259717618,"NO_TAKE":"Not Applicable","NO_TK_AREA":0,"STATUS":"Designated","STATUS_YR":2000,"GOV_TYPE":"Sub-national ministry or agency","GOVSUBTYPE":"Not Applicable","OWN_TYPE":"Not Reported","OWNSUBTYPE":"Not Applicable","MANG_AUTH":"Not Reported","MANG_PLAN":"Not Reported","VERIF":"State Verified","METADATAID":1852,"PRNT_ISO3":"ARG","ISO3":"ARG","SUPP_INFO":"Not Applicable","CONS_OBJ":"Not Applicable","INLND_WTRS":"Not Reported","OECM_ASMT":"Not Applicable","layer":"WDPA_W~1","path":"C:/DATAS/PRO/GIS/ARGENT~1/RAW/WDPA_W~1/WDPA_W~2/WDPA_W~1.SHP"}},
{"type":"Feature","geometry":{"type":"Polygon","coordinates":[[[-54.886293,-27.045108],[-54.878008,-27.007078],[-54.894852,-26.991947],[-54.856992,-26.991478],[-54.854922,-26.940363],[-54.8914,-26.940425],[-54.895393,-26.958154],[-54.968308,-26.947555],[-54.969791,-26.971772],[-54.934963,-26.974747],[-54.930728,-27.009785],[-54.966937,-27.023489],[-54.975857,-27.076562],[-54.928366,-27.09363],[-54.898519,-27.087903],[-54.888091,-27.06729],[-54.886293,-27.045108]]]},"properties":{"fid":332,"SITE_ID":300091,"SITE_PID":"300091","SITE_TYPE":"PA","NAME_ENG":"Valle del Arroyo Cuña-Pirú","NAME":"Valle del Arroyo Cuña-Pirú","DESIG":"Parque Provincial","DESIG_ENG":"Provincial Park","DESIG_TYPE":"National","IUCN_CAT":"II","INT_CRIT":"Not Applicable","REALM":"Terrestrial","REP_M_AREA":0,"GIS_M_AREA":0,"REP_AREA":125.22,"GIS_AREA":123.71526246262898,"NO_TAKE":"Not Applicable","NO_TK_AREA":0,"STATUS":"Designated","STATUS_YR":1993,"GOV_TYPE":"Sub-national ministry or agency","GOVSUBTYPE":"Not Applicable","OWN_TYPE":"Not Reported","OWNSUBTYPE":"Not Applicable","MANG_AUTH":"Not Reported","MANG_PLAN":"Not Reported","VERIF":"State Verified","METADATAID":1852,"PRNT_ISO3":"ARG","ISO3":"ARG","SUPP_INFO":"Not Applicable","CONS_OBJ":"Not Applicable","INLND_WTRS":"Not Reported","OECM_ASMT":"Not Applicable","layer":"WDPA_W~1","path":"C:/DATAS/PRO/GIS/ARGENT~1/RAW/WDPA_W~1/WDPA_W~2/WDPA_W~1.SHP"}},
{"type":"Feature","geometry":{"type":"Polygon","coordinates":[[[-54.610686,-26.020413],[-54.612442,-26.02307],[-54.609355,-26.023021],[-54.610686,-26.020413]]]},"properties":{"fid":333,"SITE_ID":300092,"SITE_PID":"300092","SITE_TYPE":"PA","NAME_ENG":"Yarará","NAME":"Yarará","DESIG":"Parque Natural Municipal","DESIG_ENG":"Municipal Nature Park","DESIG_TYPE":"National","IUCN_CAT":"VI","INT_CRIT":"Not Applicable","REALM":"Terrestrial","REP_M_AREA":0,"GIS_M_AREA":0,"REP_AREA":0.1038,"GIS_AREA":0.103795923945944,"NO_TAKE":"Not Applicable","NO_TK_AREA":0,"STATUS":"Designated","STATUS_YR":1995,"GOV_TYPE":"Not Reported","GOVSUBTYPE":"Not Applicable","OWN_TYPE":"Not Reported","OWNSUBTYPE":"Not Applicable","MANG_AUTH":"Not Reported","MANG_PLAN":"Not Reported","VERIF":"State Verified","METADATAID":1852,"PRNT_ISO3":"ARG","ISO3":"ARG","SUPP_INFO":"Not Applicable","CONS_OBJ":"Not Applicable","INLND_WTRS":"Not Reported","OECM_ASMT":"Not Applicable","layer":"WDPA_W~1","path":"C:/DATAS/PRO/GIS/ARGENT~1/RAW/WDPA_W~1/WDPA_W~2/WDPA_W~1.SHP"}},
{"type":"Feature","geometry":{"type":"Polygon","coordinates":[[[-66.61186,-22.569352],[-66.624796,-22.551298],[-66.627369,-22.537147],[-66.631229,-22.527499],[-66.640922,-22.51789],[-66.647952,-22.516564],[-66.666233,-22.503553],[-66.670961,-22.495672],[-66.678054,-22.488186],[-66.689874,-22.483458],[-66.702482,-22.483064],[-66.730481,-22.478967],[-66.756462,-22.48267],[-66.763554,-22.47676],[-66.764342,-22.444845],[-66.778965,-22.434869],[-66.857836,-22.466789],[-66.87139,-22.471492],[-66.885221,-22.476471],[-66.903478,-22.48311],[-66.925607,-22.490578],[-66.938653,-22.502886],[-66.954054,-22.518733],[-66.963651,-22.53034],[-66.973799,-22.540111],[-66.98149,-22.540044],[-66.991845,-22.540218],[-67.000738,-22.540065],[-67.028366,-22.540688],[-67.024198,-22.576283],[-67.021016,-22.598756],[-67.019783,-22.613335],[-67.018926,-22.622086],[-67.017799,-22.627549],[-67.015521,-22.64685],[-67.015333,-22.65102],[-67.01545,-22.654885],[-67.014721,-22.658103],[-66.969565,-22.709532],[-66.975354,-22.79894],[-66.995294,-22.811161],[-67.00044,-22.845252],[-66.952933,-22.857794],[-66.858904,-22.829094],[-66.855199,-22.847207],[-66.851494,-22.849677],[-66.84038,-22.849677],[-66.821031,-22.854617],[-66.812798,-22.866967],[-66.780129,-22.843511],[-66.774925,-22.808511],[-66.71688,-22.792044],[-66.608201,-22.848031],[-66.604908,-22.830741],[-66.579796,-22.824978],[-66.575268,-22.806041],[-66.599144,-22.794926],[-66.602438,-22.769815],[-66.57321,-22.723297],[-66.61186,-22.569352]]]},"properties":{"fid":334,"SITE_ID":900557,"SITE_PID":"900557","SITE_TYPE":"PA","NAME_ENG":"Lagunas de Vilama","NAME":"Lagunas de Vilama","DESIG":"Sitio Ramsar, Humedal de Importancia Internacional","DESIG_ENG":"Wetland of International Importance (Ramsar Site)","DESIG_TYPE":"International","IUCN_CAT":"Not Reported","INT_CRIT":"(i);(ii);(iii);(iv);(vi)","REALM":"Terrestrial","REP_M_AREA":0,"GIS_M_AREA":0,"REP_AREA":1570,"GIS_AREA":1574.13170482928,"NO_TAKE":"Not Applicable","NO_TK_AREA":0,"STATUS":"Designated","STATUS_YR":2000,"GOV_TYPE":"Not Reported","GOVSUBTYPE":"Not Applicable","OWN_TYPE":"Not Reported","OWNSUBTYPE":"Not Applicable","MANG_AUTH":"Not Reported","MANG_PLAN":"Management plan is not implented and not available","VERIF":"State Verified","METADATAID":1852,"PRNT_ISO3":"ARG","ISO3":"ARG","SUPP_INFO":"Not Applicable","CONS_OBJ":"Not Applicable","INLND_WTRS":"Not Reported","OECM_ASMT":"Not Applicable","layer":"WDPA_W~1","path":"C:/DATAS/PRO/GIS/ARGENT~1/RAW/WDPA_W~1/WDPA_W~2/WDPA_W~1.SHP"}},
{"type":"Feature","geometry":{"type":"MultiPolygon","coordinates":[[[[-58.640647,-26.237087],[-58.640062,-26.25816],[-58.613562,-26.275202],[-58.568766,-26.275295],[-58.563266,-26.303302],[-58.460269,-26.34741],[-58.482161,-26.383955],[-58.458484,-26.386811],[-58.460494,-26.406284],[-58.418631,-26.439299],[-58.400494,-26.438232],[-58.355658,-26.403758],[-58.369988,-26.387402],[-58.523883,-26.295921],[-58.550661,-26.266417],[-58.640647,-26.237087]]],[[[-58.113132,-26.218411],[-58.163347,-26.180413],[-58.121765,-26.184876],[-58.11211,-26.136933],[-58.153531,-26.123774],[-58.201756,-26.134632],[-58.246524,-26.101296],[-58.298578,-26.254103],[-58.26935,-26.267813],[-58.285234,-26.287789],[-58.272673,-26.370165],[-58.272495,-26.369239],[-58.270461,-26.367285],[-58.268168,-26.366103],[-58.251574,-26.366726],[-58.272258,-26.369414],[-58.272647,-26.371518],[-58.271694,-26.374784],[-58.263318,-26.374852],[-58.26088,-26.411776],[-58.285275,-26.420447],[-58.342587,-26.388781],[-58.345124,-26.396509],[-58.366672,-26.41485],[-58.346694,-26.427264],[-58.358753,-26.446358],[-58.324954,-26.449997],[-58.332797,-26.458809],[-58.312037,-26.482007],[-58.327258,-26.49811],[-58.309978,-26.498576],[-58.330335,-26.515805],[-58.313159,-26.520562],[-58.307947,-26.550285],[-58.297806,-26.52408],[-58.31464,-26.502603],[-58.293918,-26.508776],[-58.306665,-26.485983],[-58.286698,-26.494813],[-58.283052,-26.531984],[-58.299743,-26.559969],[-58.283736,-26.569141],[-58.20038,-26.567703],[-58.205237,-26.556373],[-58.208776,-26.554249],[-58.213701,-26.552156],[-58.215671,-26.551479],[-58.21804,-26.550587],[-58.22118,-26.548801],[-58.231029,-26.534582],[-58.229675,-26.526887],[-58.225181,-26.524179],[-58.222011,-26.520085],[-58.220103,-26.517315],[-58.218133,-26.514176],[-58.211946,-26.506635],[-58.210025,-26.497695],[-58.236629,-26.471431],[-58.182891,-26.454804],[-58.221365,-26.416454],[-58.223185,-26.393892],[-58.246665,-26.409536],[-58.257505,-26.37288],[-58.247565,-26.365072],[-58.25167,-26.355582],[-58.23898,-26.353436],[-58.239889,-26.33869],[-58.211889,-26.321734],[-58.173062,-26.330441],[-58.205058,-26.36941],[-58.168025,-26.353573],[-58.156514,-26.317439],[-58.169964,-26.264592],[-58.1097,-26.237446],[-58.113132,-26.218411]],[[-58.259678,-26.35048],[-58.257242,-26.314672],[-58.218469,-26.289416],[-58.259678,-26.35048]],[[-58.306572,-26.475407],[-58.33704,-26.417257],[-58.297126,-26.422787],[-58.313909,-26.452562],[-58.306572,-26.475407]],[[-58.258023,-26.429053],[-58.275783,-26.422344],[-58.241257,-26.415939],[-58.258023,-26.429053]],[[-58.304771,-26.458642],[-58.296716,-26.441352],[-58.279472,-26.443417],[-58.287358,-26.462844],[-58.304771,-26.458642]]]]},"properties":{"fid":335,"SITE_ID":900662,"SITE_PID":"900662","SITE_TYPE":"PA","NAME_ENG":"Laguna Oca del Rio Paraguay","NAME":"Laguna Oca del Rio Paraguay","DESIG":"Reserva de la Biósfera","DESIG_ENG":"UNESCO-MAB Biosphere Reserve","DESIG_TYPE":"International","IUCN_CAT":"Not Applicable","INT_CRIT":"Not Applicable","REALM":"Terrestrial","REP_M_AREA":0,"GIS_M_AREA":0,"REP_AREA":618,"GIS_AREA":617.175420603947,"NO_TAKE":"Not Applicable","NO_TK_AREA":0,"STATUS":"Designated","STATUS_YR":2001,"GOV_TYPE":"Not Reported","GOVSUBTYPE":"Not Applicable","OWN_TYPE":"Not Reported","OWNSUBTYPE":"Not Applicable","MANG_AUTH":"Not Reported","MANG_PLAN":"Not Reported","VERIF":"State Verified","METADATAID":1852,"PRNT_ISO3":"ARG","ISO3":"ARG","SUPP_INFO":"Not Applicable","CONS_OBJ":"Not Applicable","INLND_WTRS":"Not Reported","OECM_ASMT":"Not Applicable","layer":"WDPA_W~1","path":"C:/DATAS/PRO/GIS/ARGENT~1/RAW/WDPA_W~1/WDPA_W~2/WDPA_W~1.SHP"}},
{"type":"Feature","geometry":{"type":"Polygon","coordinates":[[[-59.762967,-29.503976],[-59.585418,-29.505457],[-59.58029,-29.459301],[-59.604248,-29.394004],[-59.517679,-29.340489],[-59.508502,-29.250972],[-59.407479,-29.221433],[-59.346736,-29.114351],[-59.27527,-29.099544],[-59.204953,-29.041103],[-59.210215,-28.971433],[-59.157821,-28.87649],[-59.160441,-28.79462],[-59.078771,-28.667963],[-59.105528,-28.631902],[-59.099445,-28.574616],[-59.048868,-28.493155],[-59.086052,-28.43596],[-59.075674,-28.368497],[-59.103764,-28.32848],[-59.109219,-28.227456],[-59.062438,-28.128102],[-58.955773,-28.136737],[-58.898277,-28.081313],[-58.883579,-28.068478],[-58.880735,-28.066724],[-58.881645,-28.060662],[-58.881915,-28.059398],[-58.882483,-28.058268],[-58.883259,-28.057119],[-58.884045,-28.055748],[-58.88535,-28.054015],[-58.88679,-28.052009],[-58.888164,-28.050278],[-58.890246,-28.048705],[-58.891641,-28.046994],[-58.892455,-28.045576],[-58.893728,-28.035736],[-58.891329,-28.025501],[-58.886208,-28.015532],[-58.885431,-28.009144],[-58.884902,-28.00623],[-58.883918,-27.999474],[-58.888989,-27.999327],[-58.942456,-27.999394],[-58.962065,-28.000336],[-58.979162,-28.000352],[-59.060339,-28.000314],[-59.0781,-28.000283],[-59.119425,-28.000279],[-59.141358,-28.000395],[-59.229832,-28.000265],[-59.234476,-28.109869],[-59.264115,-28.143929],[-59.268335,-28.410883],[-59.345013,-28.471316],[-59.346149,-28.544018],[-59.416579,-28.592297],[-59.434186,-28.713845],[-59.467555,-28.742244],[-59.496354,-28.835473],[-59.548493,-28.880956],[-59.62171,-29.082857],[-59.649443,-29.100883],[-59.67579,-29.227071],[-59.739577,-29.378219],[-59.762967,-29.503976]]]},"properties":{"fid":336,"SITE_ID":900669,"SITE_PID":"900669","SITE_TYPE":"PA","NAME_ENG":"Jaaukanigás","NAME":"Jaaukanigás","DESIG":"Sitio Ramsar, Humedal de Importancia Internacional","DESIG_ENG":"Wetland of International Importance (Ramsar Site)","DESIG_TYPE":"International","IUCN_CAT":"Not Reported","INT_CRIT":"(i);(iii);(v);(viii)","REALM":"Terrestrial","REP_M_AREA":0,"GIS_M_AREA":0,"REP_AREA":4920,"GIS_AREA":4402.95758270723,"NO_TAKE":"Not Applicable","NO_TK_AREA":0,"STATUS":"Designated","STATUS_YR":2001,"GOV_TYPE":"Not Reported","GOVSUBTYPE":"Not Applicable","OWN_TYPE":"Not Reported","OWNSUBTYPE":"Not Applicable","MANG_AUTH":"Not Reported","MANG_PLAN":"Management plan is not implented and not available","VERIF":"State Verified","METADATAID":1852,"PRNT_ISO3":"ARG","ISO3":"ARG","SUPP_INFO":"Not Applicable","CONS_OBJ":"Not Applicable","INLND_WTRS":"Not Reported","OECM_ASMT":"Not Applicable","layer":"WDPA_W~1","path":"C:/DATAS/PRO/GIS/ARGENT~1/RAW/WDPA_W~1/WDPA_W~2/WDPA_W~1.SHP"}},
{"type":"Feature","geometry":{"type":"Polygon","coordinates":[[[-57.229415,-28.596831],[-57.087452,-28.596186],[-57.088616,-28.450595],[-57.229243,-28.450942],[-57.229415,-28.596831]]]},"properties":{"fid":337,"SITE_ID":900670,"SITE_PID":"900670","SITE_TYPE":"PA","NAME_ENG":"Lagunas y Esteros del Iberá","NAME":"Lagunas y Esteros del Iberá","DESIG":"Sitio Ramsar, Humedal de Importancia Internacional","DESIG_ENG":"Wetland of International Importance (Ramsar Site)","DESIG_TYPE":"International","IUCN_CAT":"Not Reported","INT_CRIT":"(i);(ii);(iii);(vii)","REALM":"Terrestrial","REP_M_AREA":0,"GIS_M_AREA":0,"REP_AREA":245.5,"GIS_AREA":223.389303184915,"NO_TAKE":"Not Applicable","NO_TK_AREA":0,"STATUS":"Designated","STATUS_YR":2002,"GOV_TYPE":"Not Reported","GOVSUBTYPE":"Not Applicable","OWN_TYPE":"Not Reported","OWNSUBTYPE":"Not Applicable","MANG_AUTH":"Not Reported","MANG_PLAN":"Management plan is not implented and not available","VERIF":"State Verified","METADATAID":1852,"PRNT_ISO3":"ARG","ISO3":"ARG","SUPP_INFO":"Not Applicable","CONS_OBJ":"Not Applicable","INLND_WTRS":"Not Reported","OECM_ASMT":"Not Applicable","layer":"WDPA_W~1","path":"C:/DATAS/PRO/GIS/ARGENT~1/RAW/WDPA_W~1/WDPA_W~2/WDPA_W~1.SHP"}},
{"type":"Feature","geometry":{"type":"Polygon","coordinates":[[[-64.667374,-22.187698],[-64.775023,-22.189256],[-64.786212,-22.244247],[-64.792532,-22.245249],[-64.799848,-22.254362],[-64.897312,-22.28016],[-64.935221,-22.333121],[-65.027009,-22.393124],[-65.078041,-22.452995],[-65.139993,-22.595871],[-65.129807,-22.691717],[-65.079338,-22.795732],[-64.984283,-22.831786],[-65.079229,-22.864119],[-65.090074,-22.893519],[-65.136907,-22.925308],[-65.171254,-22.914905],[-65.178402,-22.834669],[-65.269847,-22.819236],[-65.277858,-22.819117],[-65.279243,-22.827503],[-65.278992,-22.846722],[-65.27536,-22.868479],[-65.277756,-22.874815],[-65.277908,-22.877628],[-65.27787,-22.880033],[-65.277069,-22.884789],[-65.276527,-22.888168],[-65.274689,-22.891703],[-65.176552,-22.980974],[-65.174179,-22.982267],[-65.171822,-22.982868],[-65.169876,-22.98451],[-65.167252,-22.986082],[-65.163773,-22.986845],[-65.161346,-22.987734],[-65.158089,-22.989876],[-65.156509,-22.992323],[-65.151535,-22.997768],[-65.149101,-22.998888],[-65.146973,-22.999994],[-65.143044,-23.002029],[-65.136892,-23.001707],[-65.134769,-23.001597],[-65.131469,-23.004081],[-65.129925,-23.007998],[-65.129095,-23.009873],[-65.126692,-23.0118],[-65.122556,-23.015931],[-65.11137,-23.022446],[-65.106357,-23.024961],[-65.102634,-23.025086],[-65.098024,-23.02501],[-65.096331,-23.024834],[-65.095003,-23.025173],[-65.093664,-23.025186],[-65.090134,-23.025889],[-65.088187,-23.026853],[-65.084191,-23.029815],[-65.067869,-23.045045],[-65.067023,-23.048324],[-65.06778,-23.050179],[-65.068771,-23.052433],[-65.069484,-23.053961],[-65.069435,-23.057446],[-65.068458,-23.058939],[-65.067617,-23.060586],[-65.064712,-23.063418],[-65.062338,-23.064356],[-65.060304,-23.067925],[-65.06639,-23.089348],[-65.061607,-23.117252],[-65.070879,-23.133998],[-65.044794,-23.155677],[-65.046576,-23.164185],[-65.048691,-23.168697],[-65.049891,-23.171001],[-65.050824,-23.173264],[-65.05208,-23.175744],[-65.057455,-23.185403],[-65.064705,-23.197229],[-65.072373,-23.202007],[-65.077455,-23.231681],[-65.04368,-23.224237],[-65.034642,-23.242965],[-65.176033,-23.322372],[-65.122856,-23.412888],[-65.140602,-23.538946],[-65.020248,-23.701351],[-65.100601,-23.812439],[-65.138054,-23.790869],[-65.232864,-23.822399],[-65.210175,-23.875404],[-65.179523,-23.872959],[-65.177259,-23.942114],[-65.229442,-23.985026],[-65.237781,-23.999938],[-65.222752,-24.016541],[-65.25195,-24.061252],[-65.340486,-24.083488],[-65.388032,-24.075903],[-65.407566,-24.093402],[-65.427361,-24.091203],[-65.427431,-24.091203],[-65.43261,-24.091223],[-65.43786,-24.091076],[-65.446905,-24.092106],[-65.449993,-24.089625],[-65.451994,-24.087306],[-65.454176,-24.084821],[-65.457615,-24.084833],[-65.461958,-24.085015],[-65.467025,-24.085032],[-65.469381,-24.084376],[-65.475707,-24.086558],[-65.480974,-24.08209],[-65.484955,-24.082103],[-65.488031,-24.082279],[-65.497452,-24.079818],[-65.574013,-24.081464],[-65.555726,-24.132334],[-65.572092,-24.205127],[-65.555195,-24.22254],[-65.425406,-24.213867],[-65.320621,-24.136651],[-65.257909,-24.131382],[-65.256592,-24.131376],[-65.223351,-24.132637],[-65.198644,-24.133575],[-65.190298,-24.134238],[-65.138771,-24.120228],[-65.076119,-24.055923],[-65.071677,-24.055013],[-65.071092,-24.052838],[-65.066426,-24.052342],[-65.061609,-24.049133],[-65.056491,-24.047542],[-65.05391,-24.045406],[-65.052872,-24.045595],[-65.052658,-24.045634],[-65.04873,-24.043578],[-65.046284,-24.036232],[-65.014148,-24.0329],[-64.981328,-24.012668],[-64.899107,-24.018625],[-64.853418,-24.049087],[-64.85082,-24.073641],[-64.815692,-24.084403],[-64.792594,-23.995954],[-64.82436,-23.883136],[-64.774847,-23.767045],[-64.646494,-23.746327],[-64.58621,-23.713862],[-64.50341,-23.575114],[-64.401012,-23.512002],[-64.36884,-23.443417],[-64.219167,-23.307894],[-64.335809,-23.154717],[-64.325704,-23.091861],[-64.373698,-22.979593],[-64.346231,-22.754262],[-64.359772,-22.723296],[-64.39711,-22.717243],[-64.391785,-22.683784],[-64.414604,-22.677622],[-64.411736,-22.655931],[-64.433067,-22.646242],[-64.435051,-22.634766],[-64.418419,-22.633022],[-64.429771,-22.624218],[-64.41642,-22.541254],[-64.483873,-22.479093],[-64.47537,-22.467737],[-64.481157,-22.459918],[-64.489203,-22.45644],[-64.489798,-22.454108],[-64.490387,-22.451815],[-64.490717,-22.449899],[-64.489703,-22.444941],[-64.491642,-22.437195],[-64.492482,-22.435572],[-64.495664,-22.434394],[-64.517665,-22.446772],[-64.525279,-22.441637],[-64.51284,-22.414103],[-64.565125,-22.371387],[-64.565247,-22.333763],[-64.529198,-22.284786],[-64.597038,-22.24144],[-64.615509,-22.202497],[-64.667374,-22.187698]]]},"properties":{"fid":338,"SITE_ID":900725,"SITE_PID":"900725","SITE_TYPE":"PA","NAME_ENG":"Las Yungas","NAME":"Las Yungas","DESIG":"Reserva de la Biósfera","DESIG_ENG":"UNESCO-MAB Biosphere Reserve","DESIG_TYPE":"International","IUCN_CAT":"Not Applicable","INT_CRIT":"Not Applicable","REALM":"Terrestrial","REP_M_AREA":0,"GIS_M_AREA":0,"REP_AREA":13500,"GIS_AREA":13490.1936550071,"NO_TAKE":"Not Applicable","NO_TK_AREA":0,"STATUS":"Designated","STATUS_YR":2002,"GOV_TYPE":"Not Reported","GOVSUBTYPE":"Not Applicable","OWN_TYPE":"Not Reported","OWNSUBTYPE":"Not Applicable","MANG_AUTH":"Not Reported","MANG_PLAN":"Not Reported","VERIF":"State Verified","METADATAID":1852,"PRNT_ISO3":"ARG","ISO3":"ARG","SUPP_INFO":"Not Applicable","CONS_OBJ":"Not Applicable","INLND_WTRS":"Not Reported","OECM_ASMT":"Not Applicable","layer":"WDPA_W~1","path":"C:/DATAS/PRO/GIS/ARGENT~1/RAW/WDPA_W~1/WDPA_W~2/WDPA_W~1.SHP"}},
{"type":"Feature","geometry":{"type":"Polygon","coordinates":[[[-62.48091,-30.325483],[-62.499759,-30.32587],[-62.521997,-30.326324],[-62.580127,-30.272887],[-62.583041,-30.257498],[-62.583106,-30.254872],[-62.58274,-30.252172],[-62.582753,-30.249613],[-62.587962,-30.243544],[-62.581547,-30.237992],[-62.589455,-30.227203],[-62.574807,-30.186624],[-62.577254,-30.181664],[-62.57885,-30.18011],[-62.582459,-30.183674],[-62.592549,-30.17693],[-62.555379,-30.103466],[-62.561007,-30.092686],[-62.560189,-30.090123],[-62.559922,-30.082352],[-62.562292,-30.080656],[-62.564586,-30.078761],[-62.566078,-30.076673],[-62.565734,-30.072],[-62.567908,-30.070177],[-62.570596,-30.062542],[-62.572262,-30.060882],[-62.586636,-30.058751],[-62.601084,-30.059806],[-62.604033,-30.059314],[-62.606888,-30.058302],[-62.609683,-30.057451],[-62.618128,-30.059038],[-62.620733,-30.05769],[-62.625433,-30.054422],[-62.62801,-30.05306],[-62.636709,-30.051169],[-62.637846,-30.045894],[-62.669258,-30.028506],[-62.725583,-29.954267],[-62.763526,-29.939171],[-62.810668,-29.842232],[-62.783568,-29.814767],[-63.340586,-29.776517],[-63.339501,-29.791708],[-63.335716,-29.803065],[-63.307955,-29.868682],[-63.321835,-29.954488],[-63.310479,-29.979725],[-63.313002,-29.99613],[-63.330668,-30.018843],[-63.368524,-30.075627],[-63.431617,-30.075627],[-63.427832,-30.155124],[-63.424046,-30.254811],[-63.424046,-30.264906],[-63.42657,-30.293929],[-63.427832,-30.311595],[-63.471997,-30.383521],[-63.459378,-30.388569],[-63.474521,-30.426424],[-63.466949,-30.433996],[-63.458116,-30.446614],[-63.44676,-30.474375],[-63.454331,-30.517279],[-63.44676,-30.531159],[-63.44045,-30.53873],[-63.44676,-30.548825],[-63.44676,-30.571539],[-63.434141,-30.5728],[-63.413951,-30.575324],[-63.387452,-30.576586],[-63.384928,-30.581634],[-63.387452,-30.590467],[-63.3925,-30.603085],[-63.393761,-30.623275],[-63.222148,-30.648512],[-63.225934,-30.669964],[-63.217101,-30.672488],[-63.20322,-30.672488],[-63.177983,-30.673749],[-63.190602,-30.735581],[-63.196911,-30.739366],[-63.205744,-30.740628],[-63.210791,-30.754509],[-63.204482,-30.758294],[-63.190602,-30.751985],[-63.183031,-30.750723],[-63.172936,-30.754509],[-63.162841,-30.758294],[-63.154008,-30.749461],[-63.138865,-30.746937],[-63.118676,-30.746937],[-63.050535,-30.76208],[-63.053059,-30.777222],[-63.044226,-30.78227],[-63.032869,-30.778484],[-63.021512,-30.774698],[-62.962205,-30.770913],[-62.923087,-30.81634],[-62.914254,-30.827697],[-62.91804,-30.907194],[-62.878922,-30.947573],[-62.870089,-30.947573],[-62.854946,-30.948835],[-62.827186,-30.94505],[-62.827186,-30.928646],[-62.793115,-30.914765],[-62.772925,-30.918551],[-62.765354,-30.927384],[-62.760307,-30.936217],[-62.766616,-30.946312],[-62.78933,-30.976596],[-62.786806,-30.99931],[-62.751474,-30.993],[-62.736331,-30.981644],[-62.721189,-30.970287],[-62.703523,-30.957668],[-62.687119,-30.94505],[-62.670715,-30.929907],[-62.659358,-30.919812],[-62.635383,-30.894575],[-62.618978,-30.888266],[-62.572289,-30.908456],[-62.596265,-30.936217],[-62.596265,-30.971549],[-62.591217,-30.985429],[-62.587432,-30.987953],[-62.579861,-30.989215],[-62.569766,-30.991739],[-62.5521,-30.986691],[-62.53191,-30.982906],[-62.509196,-30.976596],[-62.494054,-30.966501],[-62.478912,-30.93874],[-62.454936,-30.93874],[-62.43727,-30.94505],[-62.452413,-30.998048],[-62.430961,-31.010667],[-62.353987,-30.922336],[-62.341369,-30.913503],[-62.332536,-30.908456],[-62.324965,-30.905932],[-62.297204,-30.900885],[-62.273228,-30.89079],[-62.251777,-30.881957],[-62.232849,-30.873124],[-62.22023,-30.861767],[-62.197517,-30.827697],[-62.182374,-30.668702],[-62.212659,-30.536206],[-62.201302,-30.474375],[-62.18616,-30.444091],[-62.18616,-30.423901],[-62.178589,-30.394878],[-62.171017,-30.374688],[-62.166782,-30.36516],[-62.174971,-30.338096],[-62.177301,-30.330388],[-62.187069,-30.326721],[-62.260294,-30.325356],[-62.48091,-30.325483]]]},"properties":{"fid":339,"SITE_ID":900779,"SITE_PID":"900779","SITE_TYPE":"PA","NAME_ENG":"Bañados del Río Dulce y Laguna de Mar Chiquita","NAME":"Bañados del Río Dulce y Laguna de Mar Chiquita","DESIG":"Sitio Ramsar, Humedal de Importancia Internacional","DESIG_ENG":"Wetland of International Importance (Ramsar Site)","DESIG_TYPE":"International","IUCN_CAT":"Not Reported","INT_CRIT":"(i);(ii);(iii);(iv);(v);(vi);(vii);(viii)","REALM":"Terrestrial","REP_M_AREA":0,"GIS_M_AREA":0,"REP_AREA":9960,"GIS_AREA":10902.8859493886,"NO_TAKE":"Not Applicable","NO_TK_AREA":0,"STATUS":"Designated","STATUS_YR":2002,"GOV_TYPE":"Not Reported","GOVSUBTYPE":"Not Applicable","OWN_TYPE":"Not Reported","OWNSUBTYPE":"Not Applicable","MANG_AUTH":"Not Reported","MANG_PLAN":"Management plan is not implented and not available","VERIF":"State Verified","METADATAID":1852,"PRNT_ISO3":"ARG","ISO3":"ARG","SUPP_INFO":"Not Applicable","CONS_OBJ":"Not Applicable","INLND_WTRS":"Not Reported","OECM_ASMT":"Not Applicable","layer":"WDPA_W~1","path":"C:/DATAS/PRO/GIS/ARGENT~1/RAW/WDPA_W~1/WDPA_W~2/WDPA_W~1.SHP"}},
{"type":"Feature","geometry":{"type":"Polygon","coordinates":[[[-68.974344,-28.068835],[-69.288514,-28.061224],[-69.300672,-28.071516],[-69.306726,-28.128403],[-69.33536,-28.164012],[-69.380714,-28.181428],[-69.390486,-28.226293],[-69.394488,-28.220057],[-69.39817,-28.218992],[-69.400646,-28.217202],[-69.401712,-28.216731],[-69.402522,-28.216174],[-69.403318,-28.21572],[-69.404572,-28.215025],[-69.408541,-28.213678],[-69.410125,-28.205263],[-69.456685,-28.183707],[-69.463726,-28.197364],[-69.471655,-28.20221],[-69.472137,-28.204041],[-69.473446,-28.205136],[-69.479009,-28.207179],[-69.474648,-28.237073],[-69.502355,-28.262681],[-69.522955,-28.329204],[-69.530446,-28.335224],[-69.539367,-28.335807],[-69.542176,-28.33809],[-69.544723,-28.338171],[-69.546149,-28.337954],[-69.557312,-28.341929],[-69.583271,-28.353427],[-69.58762,-28.378218],[-69.590808,-28.381378],[-69.59408,-28.386162],[-69.595979,-28.388617],[-69.596556,-28.391856],[-69.63486,-28.384494],[-69.605693,-28.419067],[-69.570609,-28.405205],[-69.561311,-28.406214],[-69.55911,-28.406102],[-69.557878,-28.405905],[-69.556425,-28.405694],[-69.55527,-28.405758],[-69.553817,-28.406237],[-69.551383,-28.408025],[-69.54563,-28.413424],[-69.543929,-28.414626],[-69.542384,-28.415218],[-69.541567,-28.415577],[-69.537519,-28.415766],[-69.536468,-28.416406],[-69.535694,-28.416952],[-69.534096,-28.418616],[-69.530095,-28.421432],[-69.528556,-28.422791],[-69.528305,-28.423451],[-69.527677,-28.4246],[-69.526339,-28.426493],[-69.525683,-28.427491],[-69.524722,-28.428461],[-69.518749,-28.431242],[-69.516114,-28.431722],[-69.514974,-28.431789],[-69.513043,-28.43178],[-69.510883,-28.43116],[-69.509599,-28.430582],[-69.50881,-28.428762],[-69.507927,-28.427767],[-69.507646,-28.426654],[-69.50821,-28.425355],[-69.507499,-28.424001],[-69.506996,-28.423066],[-69.506407,-28.422484],[-69.504127,-28.420949],[-69.502832,-28.420121],[-69.501641,-28.418735],[-69.500986,-28.417981],[-69.498547,-28.416613],[-69.496009,-28.416411],[-69.492789,-28.416415],[-69.489329,-28.414634],[-69.488328,-28.413803],[-69.484392,-28.415409],[-69.482983,-28.415929],[-69.481571,-28.416084],[-69.476987,-28.415978],[-69.473122,-28.415584],[-69.47137,-28.41572],[-69.469877,-28.415497],[-69.468548,-28.416105],[-69.466477,-28.418231],[-69.465401,-28.418679],[-69.464843,-28.419448],[-69.463659,-28.420555],[-69.462368,-28.420988],[-69.460654,-28.422659],[-69.45123,-28.437023],[-69.449283,-28.43844],[-69.446676,-28.438672],[-69.445342,-28.439602],[-69.444488,-28.440827],[-69.441235,-28.442846],[-69.440589,-28.443955],[-69.437089,-28.447125],[-69.435488,-28.448509],[-69.431561,-28.45031],[-69.426204,-28.451647],[-69.424621,-28.451687],[-69.37615,-28.448502],[-69.363279,-28.440969],[-69.360396,-28.439817],[-69.355919,-28.439942],[-69.353218,-28.439358],[-69.35066,-28.438518],[-69.349015,-28.437059],[-69.342903,-28.43469],[-69.337704,-28.431556],[-69.331663,-28.428844],[-69.331082,-28.428653],[-69.324147,-28.42361],[-69.321374,-28.419567],[-69.319658,-28.416889],[-69.315987,-28.411445],[-69.299806,-28.437948],[-69.287809,-28.457665],[-69.267737,-28.489955],[-69.246273,-28.525094],[-69.232975,-28.54669],[-69.220554,-28.567],[-69.214028,-28.577184],[-69.20623,-28.590118],[-69.20241,-28.596253],[-69.203047,-28.596526],[-69.203544,-28.596759],[-69.203884,-28.597148],[-69.205692,-28.600165],[-69.207039,-28.600227],[-69.207536,-28.600338],[-69.210189,-28.601189],[-69.210739,-28.601391],[-69.2114,-28.601619],[-69.212689,-28.602419],[-69.213097,-28.602967],[-69.214042,-28.603391],[-69.214212,-28.603651],[-69.21474,-28.604926],[-69.214966,-28.605259],[-69.215843,-28.605784],[-69.216289,-28.606206],[-69.216523,-28.606386],[-69.216576,-28.607089],[-69.216523,-28.607553],[-69.215855,-28.609511],[-69.21575,-28.611021],[-69.216879,-28.616485],[-69.214793,-28.618713],[-69.215366,-28.624097],[-69.213998,-28.625682],[-69.214268,-28.627759],[-69.214489,-28.628344],[-69.215243,-28.629275],[-69.214874,-28.630429],[-69.214052,-28.631736],[-69.21384,-28.632748],[-69.214082,-28.633615],[-69.214272,-28.634466],[-69.214646,-28.63494],[-69.214934,-28.637792],[-69.215454,-28.638589],[-69.215955,-28.638789],[-69.215807,-28.64023],[-69.217425,-28.641304],[-69.217236,-28.642424],[-69.217325,-28.643025],[-69.21735,-28.643927],[-69.216912,-28.644585],[-69.216279,-28.644999],[-69.216308,-28.645585],[-69.217074,-28.646487],[-69.217156,-28.647009],[-69.217493,-28.647526],[-69.217691,-28.647819],[-69.217858,-28.648159],[-69.217617,-28.648903],[-69.216468,-28.649042],[-69.216861,-28.650679],[-69.216116,-28.653188],[-69.214854,-28.65412],[-69.21438,-28.654628],[-69.21394,-28.654904],[-69.21292,-28.656628],[-69.212897,-28.657191],[-69.213412,-28.657979],[-69.213541,-28.658754],[-69.213176,-28.659065],[-69.21287,-28.659171],[-69.211439,-28.6594],[-69.211531,-28.662328],[-69.21175,-28.662987],[-69.212019,-28.663359],[-69.212858,-28.664753],[-69.21215,-28.66462],[-69.211704,-28.664064],[-69.210584,-28.663997],[-69.209862,-28.664654],[-69.209809,-28.6658],[-69.211093,-28.667029],[-69.211329,-28.667897],[-69.210454,-28.669484],[-69.208542,-28.67032],[-69.208297,-28.670995],[-69.206495,-28.679521],[-69.206686,-28.680276],[-69.207486,-28.680204],[-69.208594,-28.680083],[-69.209314,-28.679852],[-69.209831,-28.68056],[-69.209856,-28.681412],[-69.209452,-28.682619],[-69.208922,-28.683694],[-69.208081,-28.684754],[-69.206546,-28.685434],[-69.204201,-28.687436],[-69.203476,-28.689109],[-69.202942,-28.69139],[-69.203089,-28.692693],[-69.204409,-28.693566],[-69.205538,-28.694631],[-69.20551,-28.695227],[-69.204269,-28.6962],[-69.198678,-28.709581],[-69.194629,-28.712234],[-69.19344,-28.714136],[-69.193518,-28.715091],[-69.192653,-28.716994],[-69.192157,-28.717725],[-69.191552,-28.718673],[-69.190917,-28.718966],[-69.189957,-28.719414],[-69.185795,-28.720883],[-69.183623,-28.721043],[-69.181373,-28.722231],[-69.181812,-28.72718],[-69.170669,-28.736377],[-69.161877,-28.761262],[-69.09785,-28.786102],[-69.081875,-28.794116],[-69.040581,-28.81034],[-68.95291,-28.84203],[-68.943483,-28.846595],[-68.90914,-28.860207],[-68.755469,-28.433328],[-68.707898,-28.30762],[-68.974344,-28.068835]]]},"properties":{"fid":340,"SITE_ID":900780,"SITE_PID":"900780","SITE_TYPE":"PA","NAME_ENG":"Laguna Brava","NAME":"Laguna Brava","DESIG":"Sitio Ramsar, Humedal de Importancia Internacional","DESIG_ENG":"Wetland of International Importance (Ramsar Site)","DESIG_TYPE":"International","IUCN_CAT":"Not Reported","INT_CRIT":"(i);(ii);(iii);(iv)","REALM":"Terrestrial","REP_M_AREA":0,"GIS_M_AREA":0,"REP_AREA":4050,"GIS_AREA":4227.68458650343,"NO_TAKE":"Not Applicable","NO_TK_AREA":0,"STATUS":"Designated","STATUS_YR":2003,"GOV_TYPE":"Not Reported","GOVSUBTYPE":"Not Applicable","OWN_TYPE":"Not Reported","OWNSUBTYPE":"Not Applicable","MANG_AUTH":"Not Reported","MANG_PLAN":"http://sites.wetlands.org/reports/ris/6AR012.html","VERIF":"State Verified","METADATAID":1852,"PRNT_ISO3":"ARG","ISO3":"ARG","SUPP_INFO":"Not Applicable","CONS_OBJ":"Not Applicable","INLND_WTRS":"Not Reported","OECM_ASMT":"Not Applicable","layer":"WDPA_W~1","path":"C:/DATAS/PRO/GIS/ARGENT~1/RAW/WDPA_W~1/WDPA_W~2/WDPA_W~1.SHP"}},
{"type":"Feature","geometry":{"type":"Polygon","coordinates":[[[-58.658272,-27.150466],[-58.639682,-27.118497],[-58.556366,-27.109327],[-58.558586,-27.036565],[-58.525119,-27.039378],[-58.517075,-27.06307],[-58.502322,-27.051528],[-58.518205,-27.001509],[-58.478974,-27.002549],[-58.470148,-26.986914],[-58.497758,-26.927209],[-58.454049,-26.929138],[-58.379307,-26.882818],[-58.389168,-26.868815],[-58.389006,-26.866966],[-58.385908,-26.865517],[-58.381785,-26.864189],[-58.37958,-26.862205],[-58.378489,-26.859913],[-58.379639,-26.85644],[-58.381218,-26.856448],[-58.382921,-26.856957],[-58.385199,-26.857149],[-58.386417,-26.859504],[-58.388162,-26.86247],[-58.391428,-26.864295],[-58.39649,-26.860884],[-58.397742,-26.833909],[-58.407497,-26.845512],[-58.427854,-26.824982],[-58.44605,-26.831943],[-58.445408,-26.818395],[-58.477803,-26.824576],[-58.468356,-26.800179],[-58.486512,-26.804549],[-58.500433,-26.760477],[-58.531232,-26.758747],[-58.537553,-26.738176],[-58.548497,-26.749821],[-58.569132,-26.728507],[-58.572236,-26.687618],[-58.611695,-26.681488],[-58.630146,-26.661586],[-58.703779,-26.767154],[-58.706226,-26.811851],[-58.946814,-27.078884],[-58.98348,-27.203345],[-59.002933,-27.333111],[-58.992178,-27.384733],[-59.011536,-27.43492],[-59.145609,-27.55451],[-59.293085,-27.829067],[-59.269592,-27.91423],[-59.225174,-27.963053],[-59.22983,-28.000265],[-59.119268,-28.000255],[-59.060209,-28.000399],[-58.978684,-28.000338],[-58.962246,-28.000336],[-58.939539,-27.99947],[-58.936397,-27.999434],[-58.918625,-27.999442],[-58.909603,-27.999399],[-58.883953,-27.999388],[-58.885186,-28.007599],[-58.886163,-28.01542],[-58.893715,-28.035698],[-58.892366,-28.045522],[-58.891645,-28.046782],[-58.89027,-28.048827],[-58.888223,-28.050297],[-58.886547,-28.052006],[-58.885676,-28.053536],[-58.884302,-28.055267],[-58.883197,-28.057089],[-58.881748,-28.059896],[-58.880828,-28.06681],[-58.865575,-28.05684],[-58.859668,-28.05024],[-58.829347,-27.961906],[-58.843446,-27.877215],[-58.809695,-27.783499],[-58.820294,-27.677352],[-58.883448,-27.604889],[-58.870935,-27.575183],[-58.881682,-27.498481],[-58.78066,-27.381777],[-58.671174,-27.360037],[-58.623103,-27.327367],[-58.594691,-27.260549],[-58.595188,-27.225006],[-58.606429,-27.214434],[-58.6569,-27.191012],[-58.658272,-27.150466]]]},"properties":{"fid":341,"SITE_ID":902258,"SITE_PID":"902258","SITE_TYPE":"PA","NAME_ENG":"Humedales Chaco","NAME":"Humedales Chaco","DESIG":"Sitio Ramsar, Humedal de Importancia Internacional","DESIG_ENG":"Wetland of International Importance (Ramsar Site)","DESIG_TYPE":"International","IUCN_CAT":"Not Reported","INT_CRIT":"(i);(ii);(iii);(iv);(v);(viii)","REALM":"Terrestrial","REP_M_AREA":0,"GIS_M_AREA":0,"REP_AREA":5080,"GIS_AREA":4821.60762384183,"NO_TAKE":"Not Applicable","NO_TK_AREA":0,"STATUS":"Designated","STATUS_YR":2004,"GOV_TYPE":"Not Reported","GOVSUBTYPE":"Not Applicable","OWN_TYPE":"Not Reported","OWNSUBTYPE":"Not Applicable","MANG_AUTH":"Not Reported","MANG_PLAN":"Management plan is implented and available","VERIF":"State Verified","METADATAID":1852,"PRNT_ISO3":"ARG","ISO3":"ARG","SUPP_INFO":"Not Applicable","CONS_OBJ":"Not Applicable","INLND_WTRS":"Not Reported","OECM_ASMT":"Not Applicable","layer":"WDPA_W~1","path":"C:/DATAS/PRO/GIS/ARGENT~1/RAW/WDPA_W~1/WDPA_W~2/WDPA_W~1.SHP"}},
{"type":"Feature","geometry":{"type":"Polygon","coordinates":[[[-58.363488,-34.59655],[-58.357579,-34.619352],[-58.339798,-34.615995],[-58.349286,-34.594769],[-58.363488,-34.59655]]]},"properties":{"fid":342,"SITE_ID":902401,"SITE_PID":"902401","SITE_TYPE":"PA","NAME_ENG":"Costanera Sur","NAME":"Costanera Sur","DESIG":"Sitio Ramsar, Humedal de Importancia Internacional","DESIG_ENG":"Wetland of International Importance (Ramsar Site)","DESIG_TYPE":"International","IUCN_CAT":"Not Reported","INT_CRIT":"(ii);(iii)","REALM":"Terrestrial","REP_M_AREA":0,"GIS_M_AREA":0.013339028016047,"REP_AREA":3.5,"GIS_AREA":3.58916915596651,"NO_TAKE":"Not Applicable","NO_TK_AREA":0,"STATUS":"Designated","STATUS_YR":2005,"GOV_TYPE":"Not Reported","GOVSUBTYPE":"Not Applicable","OWN_TYPE":"Not Reported","OWNSUBTYPE":"Not Applicable","MANG_AUTH":"Not Reported","MANG_PLAN":"http://sites.wetlands.org/reports/ris/6AR014.html","VERIF":"State Verified","METADATAID":1852,"PRNT_ISO3":"ARG","ISO3":"ARG","SUPP_INFO":"Not Applicable","CONS_OBJ":"Not Applicable","INLND_WTRS":"Not Reported","OECM_ASMT":"Not Applicable","layer":"WDPA_W~1","path":"C:/DATAS/PRO/GIS/ARGENT~1/RAW/WDPA_W~1/WDPA_W~2/WDPA_W~1.SHP"}},
{"type":"Feature","geometry":{"type":"Polygon","coordinates":[[[-69.917283,-37.053946],[-70.159661,-37.045682],[-70.170155,-37.240172],[-70.039532,-37.244708],[-70.036524,-37.14454],[-69.922356,-37.14838],[-69.917283,-37.053946]]]},"properties":{"fid":343,"SITE_ID":902887,"SITE_PID":"902887","SITE_TYPE":"PA","NAME_ENG":"Parque Provincial El Tromen","NAME":"Parque Provincial El Tromen","DESIG":"Sitio Ramsar, Humedal de Importancia Internacional","DESIG_ENG":"Wetland of International Importance (Ramsar Site)","DESIG_TYPE":"International","IUCN_CAT":"Not Reported","INT_CRIT":"(i);(ii);(iii);(iv);(ix)","REALM":"Terrestrial","REP_M_AREA":0,"GIS_M_AREA":0,"REP_AREA":300,"GIS_AREA":354.167741163865,"NO_TAKE":"Not Applicable","NO_TK_AREA":0,"STATUS":"Designated","STATUS_YR":2006,"GOV_TYPE":"Not Reported","GOVSUBTYPE":"Not Applicable","OWN_TYPE":"Not Reported","OWNSUBTYPE":"Not Applicable","MANG_AUTH":"Not Reported","MANG_PLAN":"Management plan is implented and available","VERIF":"State Verified","METADATAID":1852,"PRNT_ISO3":"ARG","ISO3":"ARG","SUPP_INFO":"Not Applicable","CONS_OBJ":"Not Applicable","INLND_WTRS":"Not Reported","OECM_ASMT":"Not Applicable","layer":"WDPA_W~1","path":"C:/DATAS/PRO/GIS/ARGENT~1/RAW/WDPA_W~1/WDPA_W~2/WDPA_W~1.SHP"}},
{"type":"Feature","geometry":{"type":"Polygon","coordinates":[[[-58.908472,-34.238009],[-58.907681,-34.239551],[-58.907273,-34.241257],[-58.907278,-34.248308],[-58.893343,-34.279128],[-58.890802,-34.277803],[-58.88961,-34.284531],[-58.889227,-34.285545],[-58.888767,-34.286604],[-58.888328,-34.287391],[-58.886822,-34.28944],[-58.88519,-34.291173],[-58.882785,-34.292882],[-58.881349,-34.293521],[-58.879614,-34.291978],[-58.878597,-34.292304],[-58.878319,-34.291913],[-58.878365,-34.291568],[-58.87956,-34.290477],[-58.881112,-34.291446],[-58.88159,-34.291282],[-58.881652,-34.291009],[-58.881663,-34.290328],[-58.881754,-34.289723],[-58.882341,-34.289572],[-58.882787,-34.289311],[-58.882882,-34.289126],[-58.882288,-34.288135],[-58.88312,-34.286814],[-58.882486,-34.2862],[-58.882238,-34.286185],[-58.881592,-34.286293],[-58.881166,-34.28688],[-58.881086,-34.287198],[-58.881074,-34.287512],[-58.881198,-34.287921],[-58.881268,-34.288337],[-58.881077,-34.288524],[-58.8793,-34.288383],[-58.878969,-34.287981],[-58.878736,-34.287524],[-58.878588,-34.286992],[-58.878739,-34.286772],[-58.880016,-34.286712],[-58.880387,-34.286563],[-58.880512,-34.286045],[-58.880327,-34.285726],[-58.879343,-34.285412],[-58.878636,-34.285396],[-58.877989,-34.285276],[-58.877271,-34.285002],[-58.876982,-34.28451],[-58.876989,-34.283855],[-58.877473,-34.283656],[-58.880928,-34.283711],[-58.878025,-34.274617],[-58.863832,-34.27732],[-58.86335,-34.274458],[-58.860784,-34.273743],[-58.860375,-34.273005],[-58.860905,-34.272444],[-58.861455,-34.272184],[-58.863031,-34.270748],[-58.863049,-34.270349],[-58.862926,-34.26996],[-58.862806,-34.269387],[-58.862714,-34.268393],[-58.862848,-34.267958],[-58.863168,-34.267732],[-58.863723,-34.267534],[-58.864443,-34.267299],[-58.864582,-34.267032],[-58.864495,-34.2667],[-58.864248,-34.266151],[-58.863927,-34.265689],[-58.862684,-34.264302],[-58.862244,-34.264133],[-58.861854,-34.264028],[-58.860019,-34.264021],[-58.858184,-34.262056],[-58.856414,-34.261893],[-58.855842,-34.261982],[-58.855445,-34.262275],[-58.855186,-34.262591],[-58.827273,-34.222383],[-58.824232,-34.221833],[-58.824394,-34.21662],[-58.821357,-34.215771],[-58.812583,-34.220705],[-58.813089,-34.219217],[-58.813264,-34.217915],[-58.825458,-34.209842],[-58.83153,-34.214854],[-58.854471,-34.253437],[-58.87075,-34.226772],[-58.865486,-34.18713],[-58.860586,-34.183336],[-58.857065,-34.183143],[-58.85699,-34.183006],[-58.85789,-34.182054],[-58.859766,-34.180965],[-58.870244,-34.179804],[-58.871055,-34.180978],[-58.872399,-34.181243],[-58.897142,-34.187803],[-58.902516,-34.199575],[-58.90393,-34.202371],[-58.905681,-34.206037],[-58.902366,-34.209298],[-58.899803,-34.213879],[-58.89777,-34.21868],[-58.896712,-34.221655],[-58.896655,-34.221568],[-58.897629,-34.223541],[-58.89877,-34.22203],[-58.904042,-34.223331],[-58.902456,-34.227012],[-58.897624,-34.233825],[-58.908472,-34.238009]]]},"properties":{"fid":344,"SITE_ID":903114,"SITE_PID":"903114","SITE_TYPE":"PA","NAME_ENG":"Reserva Natural Otamendi","NAME":"Reserva Natural Otamendi","DESIG":"Sitio Ramsar, Humedal de Importancia Internacional","DESIG_ENG":"Wetland of International Importance (Ramsar Site)","DESIG_TYPE":"International","IUCN_CAT":"Not Reported","INT_CRIT":"(i);(ii);(iii);(iv)","REALM":"Terrestrial","REP_M_AREA":0,"GIS_M_AREA":0,"REP_AREA":30,"GIS_AREA":40.8485059494998,"NO_TAKE":"Not Applicable","NO_TK_AREA":0,"STATUS":"Designated","STATUS_YR":2008,"GOV_TYPE":"Not Reported","GOVSUBTYPE":"Not Applicable","OWN_TYPE":"Not Reported","OWNSUBTYPE":"Not Applicable","MANG_AUTH":"Not Reported","MANG_PLAN":"Management plan is implented and available","VERIF":"State Verified","METADATAID":1852,"PRNT_ISO3":"ARG","ISO3":"ARG","SUPP_INFO":"Not Applicable","CONS_OBJ":"Not Applicable","INLND_WTRS":"Not Reported","OECM_ASMT":"Not Applicable","layer":"WDPA_W~1","path":"C:/DATAS/PRO/GIS/ARGENT~1/RAW/WDPA_W~1/WDPA_W~2/WDPA_W~1.SHP"}},
{"type":"Feature","geometry":{"type":"Polygon","coordinates":[[[-68.293722,-54.731946],[-68.322367,-54.717687],[-68.373411,-54.720754],[-68.374521,-54.771144],[-68.307972,-54.771268],[-68.281091,-54.748671],[-68.293722,-54.731946]]]},"properties":{"fid":345,"SITE_ID":555542775,"SITE_PID":"555542775","SITE_TYPE":"PA","NAME_ENG":"Glaciar Vinciguerra y Turberas Asociadas","NAME":"Glaciar Vinciguerra y Turberas Asociadas","DESIG":"Sitio Ramsar, Humedal de Importancia Internacional","DESIG_ENG":"Wetland of International Importance (Ramsar Site)","DESIG_TYPE":"International","IUCN_CAT":"Not Reported","INT_CRIT":"(i);(ii)","REALM":"Terrestrial","REP_M_AREA":0,"GIS_M_AREA":0,"REP_AREA":27.6,"GIS_AREA":27.5954014545753,"NO_TAKE":"Not Applicable","NO_TK_AREA":0,"STATUS":"Designated","STATUS_YR":2009,"GOV_TYPE":"Not Reported","GOVSUBTYPE":"Not Applicable","OWN_TYPE":"Not Reported","OWNSUBTYPE":"Not Applicable","MANG_AUTH":"Not Reported","MANG_PLAN":"Management plan is not implented and not available","VERIF":"State Verified","METADATAID":1852,"PRNT_ISO3":"ARG","ISO3":"ARG","SUPP_INFO":"Not Applicable","CONS_OBJ":"Not Applicable","INLND_WTRS":"Not Reported","OECM_ASMT":"Not Applicable","layer":"WDPA_W~1","path":"C:/DATAS/PRO/GIS/ARGENT~1/RAW/WDPA_W~1/WDPA_W~2/WDPA_W~1.SHP"}},
{"type":"Feature","geometry":{"type":"Polygon","coordinates":[[[-58.227997,-31.852945],[-58.236383,-31.850782],[-58.25804,-31.845649],[-58.260086,-31.864021],[-58.317501,-31.844794],[-58.324249,-31.856438],[-58.320368,-31.843928],[-58.315003,-31.821495],[-58.316526,-31.819991],[-58.32091,-31.815932],[-58.326521,-31.810537],[-58.328798,-31.810197],[-58.331032,-31.820111],[-58.34413,-31.817708],[-58.342605,-31.808659],[-58.373233,-31.804301],[-58.374555,-31.810906],[-58.381457,-31.809935],[-58.379983,-31.803478],[-58.405869,-31.799836],[-58.43645,-31.783547],[-58.460822,-31.783159],[-58.4488,-31.8709],[-58.440003,-31.858954],[-58.410666,-31.864059],[-58.33026,-31.921053],[-58.305886,-31.902532],[-58.312404,-31.914271],[-58.3099,-31.914939],[-58.289367,-31.909693],[-58.259167,-31.911113],[-58.254358,-31.912292],[-58.251466,-31.913407],[-58.249726,-31.914849],[-58.249683,-31.915107],[-58.249948,-31.915447],[-58.249796,-31.915738],[-58.249378,-31.916092],[-58.24839,-31.916079],[-58.246495,-31.917676],[-58.244777,-31.917608],[-58.243592,-31.918648],[-58.242343,-31.91861],[-58.241658,-31.919282],[-58.237603,-31.9197],[-58.231609,-31.922733],[-58.229647,-31.92263],[-58.225847,-31.924173],[-58.222993,-31.922753],[-58.220884,-31.92276],[-58.215294,-31.927741],[-58.212885,-31.927757],[-58.209671,-31.924592],[-58.206457,-31.925223],[-58.201012,-31.922459],[-58.199669,-31.92238],[-58.198835,-31.922503],[-58.198305,-31.922879],[-58.197366,-31.923651],[-58.196256,-31.923903],[-58.194972,-31.924536],[-58.194077,-31.925581],[-58.193406,-31.92571],[-58.192272,-31.924448],[-58.191726,-31.923526],[-58.19156,-31.923038],[-58.191515,-31.922677],[-58.1699,-31.9367],[-58.1549,-31.9959],[-58.170686,-32.104827],[-58.143437,-32.062663],[-58.138094,-32.003154],[-58.1651,-31.9386],[-58.1969,-31.9007],[-58.1927,-31.8574],[-58.2063,-31.8259],[-58.227997,-31.852945]]]},"properties":{"fid":346,"SITE_ID":555542782,"SITE_PID":"555542782","SITE_TYPE":"PA","NAME_ENG":"Palmar Yatay","NAME":"Palmar Yatay","DESIG":"Sitio Ramsar, Humedal de Importancia Internacional","DESIG_ENG":"Wetland of International Importance (Ramsar Site)","DESIG_TYPE":"International","IUCN_CAT":"Not Reported","INT_CRIT":"(ii);(iii);(iv);(vii)","REALM":"Terrestrial","REP_M_AREA":0,"GIS_M_AREA":0,"REP_AREA":214.5,"GIS_AREA":228.060975287913,"NO_TAKE":"Not Applicable","NO_TK_AREA":0,"STATUS":"Designated","STATUS_YR":2011,"GOV_TYPE":"Not Reported","GOVSUBTYPE":"Not Applicable","OWN_TYPE":"Not Reported","OWNSUBTYPE":"Not Applicable","MANG_AUTH":"Not Reported","MANG_PLAN":"Management plan is implented and available","VERIF":"State Verified","METADATAID":1852,"PRNT_ISO3":"ARG","ISO3":"ARG","SUPP_INFO":"Not Applicable","CONS_OBJ":"Not Applicable","INLND_WTRS":"Not Reported","OECM_ASMT":"Not Applicable","layer":"WDPA_W~1","path":"C:/DATAS/PRO/GIS/ARGENT~1/RAW/WDPA_W~1/WDPA_W~2/WDPA_W~1.SHP"}},
{"type":"Feature","geometry":{"type":"Polygon","coordinates":[[[-58.099559,-34.770775],[-58.105186,-34.7752],[-58.118808,-34.787012],[-58.130324,-34.798058],[-58.135343,-34.80372],[-58.168568,-34.828635],[-58.151672,-34.839088],[-58.192403,-34.836731],[-58.151427,-34.882726],[-58.093618,-34.836553],[-58.069146,-34.850867],[-58.060717,-34.844071],[-58.054712,-34.839619],[-58.011599,-34.800263],[-58.007299,-34.797795],[-58.005661,-34.79519],[-58.002519,-34.792485],[-57.999052,-34.789115],[-58.002785,-34.786199],[-58.004527,-34.784915],[-58.009192,-34.783005],[-58.013539,-34.781151],[-58.015587,-34.780665],[-58.02102,-34.779367],[-58.02428,-34.778477],[-58.031129,-34.777875],[-58.047553,-34.777154],[-58.05166,-34.776817],[-58.0561,-34.775708],[-58.06304,-34.773763],[-58.069809,-34.771551],[-58.071141,-34.770902],[-58.073452,-34.770042],[-58.079342,-34.767243],[-58.087316,-34.763057],[-58.099559,-34.770775]]]},"properties":{"fid":347,"SITE_ID":555547531,"SITE_PID":"555547531","SITE_TYPE":"PA","NAME_ENG":"Pereyra Iraola","NAME":"Pereyra Iraola","DESIG":"Reserva de la Biósfera","DESIG_ENG":"UNESCO-MAB Biosphere Reserve","DESIG_TYPE":"International","IUCN_CAT":"Not Applicable","INT_CRIT":"Not Applicable","REALM":"Terrestrial","REP_M_AREA":0,"GIS_M_AREA":0.023380290515891,"REP_AREA":102,"GIS_AREA":102.779546920741,"NO_TAKE":"Not Applicable","NO_TK_AREA":0,"STATUS":"Designated","STATUS_YR":2007,"GOV_TYPE":"Not Reported","GOVSUBTYPE":"Not Applicable","OWN_TYPE":"Not Reported","OWNSUBTYPE":"Not Applicable","MANG_AUTH":"Not Reported","MANG_PLAN":"Not Reported","VERIF":"State Verified","METADATAID":1852,"PRNT_ISO3":"ARG","ISO3":"ARG","SUPP_INFO":"Not Applicable","CONS_OBJ":"Not Applicable","INLND_WTRS":"Not Reported","OECM_ASMT":"Not Applicable","layer":"WDPA_W~1","path":"C:/DATAS/PRO/GIS/ARGENT~1/RAW/WDPA_W~1/WDPA_W~2/WDPA_W~1.SHP"}},
{"type":"Feature","geometry":{"type":"Polygon","coordinates":[[[-59.360496,-38.74165],[-59.354944,-38.750152],[-59.241643,-38.727075],[-59.360496,-38.74165]]]},"properties":{"fid":348,"SITE_ID":555558341,"SITE_PID":"555558341","SITE_TYPE":"PA","NAME_ENG":"Arroyo Zabala","NAME":"Arroyo Zabala","DESIG":"Reserva Natural de Uso Múltiple","DESIG_ENG":"Multiple Use Nature Reserve","DESIG_TYPE":"National","IUCN_CAT":"VI","INT_CRIT":"Not Applicable","REALM":"Coastal","REP_M_AREA":12,"GIS_M_AREA":10.1956890364132,"REP_AREA":18.47,"GIS_AREA":15.8044376427526,"NO_TAKE":"Not Reported","NO_TK_AREA":0,"STATUS":"Designated","STATUS_YR":2001,"GOV_TYPE":"Sub-national ministry or agency","GOVSUBTYPE":"Not Applicable","OWN_TYPE":"Not Reported","OWNSUBTYPE":"Not Applicable","MANG_AUTH":"Not Reported","MANG_PLAN":"Not Reported","VERIF":"State Verified","METADATAID":1852,"PRNT_ISO3":"ARG","ISO3":"ARG","SUPP_INFO":"Not Applicable","CONS_OBJ":"Not Applicable","INLND_WTRS":"Not Reported","OECM_ASMT":"Not Applicable","layer":"WDPA_W~1","path":"C:/DATAS/PRO/GIS/ARGENT~1/RAW/WDPA_W~1/WDPA_W~2/WDPA_W~1.SHP"}},
{"type":"Feature","geometry":{"type":"Polygon","coordinates":[[[-62.227467,-38.8387],[-62.333836,-38.833394],[-62.326732,-38.895015],[-62.343873,-38.948255],[-62.302538,-39.033021],[-62.353145,-39.101657],[-62.347502,-39.157023],[-62.285091,-39.225156],[-62.080593,-39.313371],[-62.005823,-39.369697],[-62.001361,-39.832955],[-61.833226,-39.832453],[-61.835204,-39.088608],[-62.227467,-38.8387]]]},"properties":{"fid":349,"SITE_ID":555558342,"SITE_PID":"555558342","SITE_TYPE":"PA","NAME_ENG":"Bahía Blanca, Bahía Falsa y Bahía Verde","NAME":"Bahía Blanca, Bahía Falsa y Bahía Verde","DESIG":"Reserva Natural de Uso Múltiple","DESIG_ENG":"Multiple Use Nature Reserve","DESIG_TYPE":"National","IUCN_CAT":"VI","INT_CRIT":"Not Applicable","REALM":"Coastal","REP_M_AREA":1800,"GIS_M_AREA":1835.18435613276,"REP_AREA":2543.54,"GIS_AREA":2546.2020136738,"NO_TAKE":"Not Reported","NO_TK_AREA":0,"STATUS":"Designated","STATUS_YR":1998,"GOV_TYPE":"Sub-national ministry or agency","GOVSUBTYPE":"Not Applicable","OWN_TYPE":"Not Reported","OWNSUBTYPE":"Not Applicable","MANG_AUTH":"Not Reported","MANG_PLAN":"Not Reported","VERIF":"State Verified","METADATAID":1852,"PRNT_ISO3":"ARG","ISO3":"ARG","SUPP_INFO":"Not Applicable","CONS_OBJ":"Not Applicable","INLND_WTRS":"Not Reported","OECM_ASMT":"Not Applicable","layer":"WDPA_W~1","path":"C:/DATAS/PRO/GIS/ARGENT~1/RAW/WDPA_W~1/WDPA_W~2/WDPA_W~1.SHP"}},
{"type":"Feature","geometry":{"type":"Polygon","coordinates":[[[-62.000478,-39.833829],[-62.271724,-39.830847],[-62.276342,-39.854392],[-62.330262,-39.85964],[-62.321963,-39.93396],[-62.339153,-39.957281],[-62.338398,-39.964292],[-62.344677,-39.973042],[-62.331845,-40.007324],[-62.33382,-40.017988],[-62.343405,-40.058617],[-62.343455,-40.072823],[-62.346284,-40.081833],[-62.34531,-40.094289],[-62.342038,-40.10422],[-62.3398,-40.118945],[-62.328431,-40.143109],[-62.326463,-40.165495],[-62.339277,-40.187588],[-62.371366,-40.220341],[-62.383128,-40.229461],[-62.401785,-40.240703],[-62.45194,-40.261444],[-62.491967,-40.306464],[-62.492383,-40.332012],[-62.421813,-40.430846],[-62.421521,-40.46067],[-62.175086,-40.58162],[-62.175436,-40.643116],[-62.225336,-40.678682],[-62.272664,-40.7768],[-62.167639,-40.775987],[-61.799654,-40.501413],[-61.799033,-40.165021],[-62.000478,-39.833829]]]},"properties":{"fid":350,"SITE_ID":555558343,"SITE_PID":"555558343","SITE_TYPE":"PA","NAME_ENG":"Bahía San Blas","NAME":"Bahia San Blas","DESIG":"Reserva Natural de Uso Múltiple","DESIG_ENG":"Multiple Use Nature Reserve","DESIG_TYPE":"National","IUCN_CAT":"VI","INT_CRIT":"Not Applicable","REALM":"Coastal","REP_M_AREA":2350,"GIS_M_AREA":3239.94759236796,"REP_AREA":3967.48,"GIS_AREA":3971.64872120021,"NO_TAKE":"Not Reported","NO_TK_AREA":0,"STATUS":"Designated","STATUS_YR":2001,"GOV_TYPE":"Sub-national ministry or agency","GOVSUBTYPE":"Not Applicable","OWN_TYPE":"Not Reported","OWNSUBTYPE":"Not Applicable","MANG_AUTH":"Not Reported","MANG_PLAN":"Not Reported","VERIF":"State Verified","METADATAID":1852,"PRNT_ISO3":"ARG","ISO3":"ARG","SUPP_INFO":"Not Applicable","CONS_OBJ":"Not Applicable","INLND_WTRS":"Not Reported","OECM_ASMT":"Not Applicable","layer":"WDPA_W~1","path":"C:/DATAS/PRO/GIS/ARGENT~1/RAW/WDPA_W~1/WDPA_W~2/WDPA_W~1.SHP"}},
{"type":"Feature","geometry":{"type":"Polygon","coordinates":[[[-65.081036,-42.001935],[-64.803294,-42.000969],[-64.732289,-41.7667],[-65.00665,-41.771047],[-65.026937,-41.788436],[-65.02259,-41.828045],[-65.051571,-41.828045],[-65.086349,-41.979716],[-65.081036,-42.001935]]]},"properties":{"fid":351,"SITE_ID":555558344,"SITE_PID":"555558344","SITE_TYPE":"PA","NAME_ENG":"Puerto Lobos","NAME":"Puerto Lobos","DESIG":"Paisaje Protegido","DESIG_ENG":"Protected Landscape","DESIG_TYPE":"National","IUCN_CAT":"V","INT_CRIT":"Not Applicable","REALM":"Marine","REP_M_AREA":315,"GIS_M_AREA":600.644990601807,"REP_AREA":621.21,"GIS_AREA":623.4439568337849,"NO_TAKE":"Not Reported","NO_TK_AREA":0,"STATUS":"Designated","STATUS_YR":1998,"GOV_TYPE":"Sub-national ministry or agency","GOVSUBTYPE":"Not Applicable","OWN_TYPE":"Not Reported","OWNSUBTYPE":"Not Applicable","MANG_AUTH":"Not Reported","MANG_PLAN":"Not Reported","VERIF":"State Verified","METADATAID":1852,"PRNT_ISO3":"ARG","ISO3":"ARG","SUPP_INFO":"Not Applicable","CONS_OBJ":"Not Applicable","INLND_WTRS":"Not Applicable","OECM_ASMT":"Not Applicable","layer":"WDPA_W~1","path":"C:/DATAS/PRO/GIS/ARGENT~1/RAW/WDPA_W~1/WDPA_W~2/WDPA_W~1.SHP"}},
{"type":"Feature","geometry":{"type":"Polygon","coordinates":[[[-66.928315,-46.879601],[-66.919345,-46.852691],[-67.021006,-46.79887],[-67.038946,-46.76299],[-67.146587,-46.682259],[-67.191438,-46.679269],[-67.218348,-46.640399],[-67.281138,-46.616479],[-67.346919,-46.616479],[-67.346919,-46.628439],[-67.245258,-46.658339],[-67.197418,-46.7002],[-67.158547,-46.7002],[-67.074826,-46.76598],[-67.047916,-46.813821],[-66.994096,-46.828771],[-66.928315,-46.879601]]]},"properties":{"fid":352,"SITE_ID":555558349,"SITE_PID":"555558349","SITE_TYPE":"PA","NAME_ENG":"Barco Hundido","NAME":"Barco Hundido","DESIG":"Reserva Provincial","DESIG_ENG":"Provincial Reserve","DESIG_TYPE":"National","IUCN_CAT":"III","INT_CRIT":"Not Applicable","REALM":"Coastal","REP_M_AREA":0,"GIS_M_AREA":90.9937201759617,"REP_AREA":103.7,"GIS_AREA":111.322131131157,"NO_TAKE":"Not Reported","NO_TK_AREA":0,"STATUS":"Designated","STATUS_YR":2002,"GOV_TYPE":"Sub-national ministry or agency","GOVSUBTYPE":"Not Applicable","OWN_TYPE":"Not Reported","OWNSUBTYPE":"Not Applicable","MANG_AUTH":"Not Reported","MANG_PLAN":"Not Reported","VERIF":"State Verified","METADATAID":1852,"PRNT_ISO3":"ARG","ISO3":"ARG","SUPP_INFO":"Not Applicable","CONS_OBJ":"Not Applicable","INLND_WTRS":"Not Reported","OECM_ASMT":"Not Applicable","layer":"WDPA_W~1","path":"C:/DATAS/PRO/GIS/ARGENT~1/RAW/WDPA_W~1/WDPA_W~2/WDPA_W~1.SHP"}},
{"type":"Feature","geometry":{"type":"Polygon","coordinates":[[[-67.546498,-46.401996],[-67.522694,-46.423711],[-67.534669,-46.396638],[-67.546498,-46.401996]]]},"properties":{"fid":353,"SITE_ID":555558350,"SITE_PID":"555558350","SITE_TYPE":"PA","NAME_ENG":"Humedal Caleta Olivia","NAME":"Humedal Caleta Olivia","DESIG":"Reserva Provincial","DESIG_ENG":"Provincial Reserve","DESIG_TYPE":"National","IUCN_CAT":"VI","INT_CRIT":"Not Applicable","REALM":"Coastal","REP_M_AREA":0,"GIS_M_AREA":0.635648244895921,"REP_AREA":3.1,"GIS_AREA":2.73712247115015,"NO_TAKE":"Not Reported","NO_TK_AREA":0,"STATUS":"Designated","STATUS_YR":2000,"GOV_TYPE":"Sub-national ministry or agency","GOVSUBTYPE":"Not Applicable","OWN_TYPE":"Not Reported","OWNSUBTYPE":"Not Applicable","MANG_AUTH":"Not Reported","MANG_PLAN":"Not Reported","VERIF":"State Verified","METADATAID":1852,"PRNT_ISO3":"ARG","ISO3":"ARG","SUPP_INFO":"Not Applicable","CONS_OBJ":"Not Applicable","INLND_WTRS":"Not Reported","OECM_ASMT":"Not Applicable","layer":"WDPA_W~1","path":"C:/DATAS/PRO/GIS/ARGENT~1/RAW/WDPA_W~1/WDPA_W~2/WDPA_W~1.SHP"}},
{"type":"Feature","geometry":{"type":"Polygon","coordinates":[[[-66.491771,-47.050033],[-66.425991,-47.082923],[-66.159878,-47.124783],[-66.019347,-47.112823],[-66.028317,-47.091893],[-66.222669,-47.097873],[-66.491771,-47.050033]]]},"properties":{"fid":354,"SITE_ID":555558351,"SITE_PID":"555558351","SITE_TYPE":"PA","NAME_ENG":"Monte Loayza","NAME":"Monte Loayza","DESIG":"Reserva Provincial","DESIG_ENG":"Provincial Reserve","DESIG_TYPE":"National","IUCN_CAT":"Not Reported","INT_CRIT":"Not Applicable","REALM":"Terrestrial","REP_M_AREA":0,"GIS_M_AREA":0,"REP_AREA":174,"GIS_AREA":76.0618986258188,"NO_TAKE":"Not Applicable","NO_TK_AREA":0,"STATUS":"Designated","STATUS_YR":2004,"GOV_TYPE":"Sub-national ministry or agency","GOVSUBTYPE":"Not Applicable","OWN_TYPE":"Not Reported","OWNSUBTYPE":"Not Applicable","MANG_AUTH":"Not Reported","MANG_PLAN":"Not Reported","VERIF":"State Verified","METADATAID":1852,"PRNT_ISO3":"ARG","ISO3":"ARG","SUPP_INFO":"Not Applicable","CONS_OBJ":"Not Applicable","INLND_WTRS":"Not Reported","OECM_ASMT":"Not Applicable","layer":"WDPA_W~1","path":"C:/DATAS/PRO/GIS/ARGENT~1/RAW/WDPA_W~1/WDPA_W~2/WDPA_W~1.SHP"}},
{"type":"Feature","geometry":{"type":"Polygon","coordinates":[[[-67.600618,-49.145198],[-67.600618,-49.162279],[-67.613757,-49.187243],[-67.605874,-49.193812],[-67.586165,-49.185929],[-67.583537,-49.155709],[-67.579596,-49.14257],[-67.579596,-49.137314],[-67.600618,-49.145198]]]},"properties":{"fid":355,"SITE_ID":555558353,"SITE_PID":"555558353","SITE_TYPE":"PA","NAME_ENG":"Isla Cormorán y Banco de Justicia","NAME":"Isla Cormorán y Banco de Justicia","DESIG":"Área de Uso Limitado Bajo Protección Especial","DESIG_ENG":"Limited Use Area Under Special Protection","DESIG_TYPE":"National","IUCN_CAT":"VI","INT_CRIT":"Not Applicable","REALM":"Marine","REP_M_AREA":0,"GIS_M_AREA":8.24673081129099,"REP_AREA":2.85,"GIS_AREA":8.24673081129099,"NO_TAKE":"Not Reported","NO_TK_AREA":0,"STATUS":"Designated","STATUS_YR":1990,"GOV_TYPE":"Sub-national ministry or agency","GOVSUBTYPE":"Not Applicable","OWN_TYPE":"Not Reported","OWNSUBTYPE":"Not Applicable","MANG_AUTH":"Not Reported","MANG_PLAN":"Not Reported","VERIF":"State Verified","METADATAID":1852,"PRNT_ISO3":"ARG","ISO3":"ARG","SUPP_INFO":"Not Applicable","CONS_OBJ":"Not Applicable","INLND_WTRS":"Not Applicable","OECM_ASMT":"Not Applicable","layer":"WDPA_W~1","path":"C:/DATAS/PRO/GIS/ARGENT~1/RAW/WDPA_W~1/WDPA_W~2/WDPA_W~1.SHP"}},
{"type":"Feature","geometry":{"type":"Polygon","coordinates":[[[-67.789638,-49.372731],[-67.773015,-49.379789],[-67.738578,-49.354109],[-67.723042,-49.314931],[-67.79756,-49.328004],[-67.789638,-49.372731]]]},"properties":{"fid":356,"SITE_ID":555558354,"SITE_PID":"555558354","SITE_TYPE":"PA","NAME_ENG":"Bahía San Julián","NAME":"Bahía San Julián","DESIG":"Área de Uso Limitado Bajo Protección Especial","DESIG_ENG":"Limited Use Area Under Special Protection","DESIG_TYPE":"National","IUCN_CAT":"V","INT_CRIT":"Not Applicable","REALM":"Coastal","REP_M_AREA":25,"GIS_M_AREA":3.83682106733705,"REP_AREA":33.97,"GIS_AREA":28.5591277905336,"NO_TAKE":"Not Reported","NO_TK_AREA":0,"STATUS":"Designated","STATUS_YR":1990,"GOV_TYPE":"Not Reported","GOVSUBTYPE":"Not Applicable","OWN_TYPE":"Not Reported","OWNSUBTYPE":"Not Applicable","MANG_AUTH":"Not Reported","MANG_PLAN":"Not Reported","VERIF":"State Verified","METADATAID":1852,"PRNT_ISO3":"ARG","ISO3":"ARG","SUPP_INFO":"Not Applicable","CONS_OBJ":"Not Applicable","INLND_WTRS":"Not Reported","OECM_ASMT":"Not Applicable","layer":"WDPA_W~1","path":"C:/DATAS/PRO/GIS/ARGENT~1/RAW/WDPA_W~1/WDPA_W~2/WDPA_W~1.SHP"}},
{"type":"Feature","geometry":{"type":"Polygon","coordinates":[[[-69.058288,-50.260231],[-69.178096,-50.291763],[-69.154484,-50.291774],[-69.154517,-50.382185],[-69.198599,-50.382161],[-69.199186,-50.472793],[-69.009757,-50.472916],[-68.92542,-50.378734],[-68.879306,-50.360845],[-68.867442,-50.326653],[-68.635498,-50.251483],[-68.713515,-50.201781],[-68.89363,-50.20155],[-68.900011,-50.217212],[-68.912512,-50.217232],[-68.912842,-50.240802],[-68.940472,-50.271442],[-68.977903,-50.291691],[-69.058343,-50.291761],[-69.058288,-50.260231]]]},"properties":{"fid":357,"SITE_ID":555558355,"SITE_PID":"555558355","SITE_TYPE":"PA","NAME_ENG":"Monte León","NAME":"Monte León","DESIG":"Parque Nacional","DESIG_ENG":"National Park","DESIG_TYPE":"National","IUCN_CAT":"II","INT_CRIT":"Not Applicable","REALM":"Terrestrial","REP_M_AREA":0,"GIS_M_AREA":5.33950623227788,"REP_AREA":556.2,"GIS_AREA":562.691919586142,"NO_TAKE":"Not Applicable","NO_TK_AREA":0,"STATUS":"Designated","STATUS_YR":2004,"GOV_TYPE":"Federal or national ministry or agency","GOVSUBTYPE":"Not Applicable","OWN_TYPE":"Not Reported","OWNSUBTYPE":"Not Applicable","MANG_AUTH":"Administración de Parques Nacionales","MANG_PLAN":"Not Reported","VERIF":"State Verified","METADATAID":1935,"PRNT_ISO3":"ARG","ISO3":"ARG","SUPP_INFO":"Not Applicable","CONS_OBJ":"Not Applicable","INLND_WTRS":"Not Reported","OECM_ASMT":"Not Applicable","layer":"WDPA_W~1","path":"C:/DATAS/PRO/GIS/ARGENT~1/RAW/WDPA_W~1/WDPA_W~2/WDPA_W~1.SHP"}},
{"type":"Feature","geometry":{"type":"Polygon","coordinates":[[[-68.978943,-51.613413],[-69.01438,-51.606215],[-69.129352,-51.659575],[-69.090708,-51.684377],[-69.026638,-51.682088],[-68.974009,-51.643189],[-68.978943,-51.613413]]]},"properties":{"fid":358,"SITE_ID":555558356,"SITE_PID":"555558356","SITE_TYPE":"PA","NAME_ENG":"Aves Migratorias","NAME":"Aves Migratorias","DESIG":"Reserva Provincial","DESIG_ENG":"Provincial Reserve","DESIG_TYPE":"National","IUCN_CAT":"IV","INT_CRIT":"Not Applicable","REALM":"Terrestrial","REP_M_AREA":0,"GIS_M_AREA":3.75860768767076,"REP_AREA":26.9,"GIS_AREA":58.8286684250524,"NO_TAKE":"Not Applicable","NO_TK_AREA":0,"STATUS":"Designated","STATUS_YR":2001,"GOV_TYPE":"Sub-national ministry or agency","GOVSUBTYPE":"Not Applicable","OWN_TYPE":"Not Reported","OWNSUBTYPE":"Not Applicable","MANG_AUTH":"Not Reported","MANG_PLAN":"Not Reported","VERIF":"State Verified","METADATAID":1852,"PRNT_ISO3":"ARG","ISO3":"ARG","SUPP_INFO":"Not Applicable","CONS_OBJ":"Not Applicable","INLND_WTRS":"Not Reported","OECM_ASMT":"Not Applicable","layer":"WDPA_W~1","path":"C:/DATAS/PRO/GIS/ARGENT~1/RAW/WDPA_W~1/WDPA_W~2/WDPA_W~1.SHP"}},
{"type":"Feature","geometry":{"type":"Polygon","coordinates":[[[-68.204546,-54.816446],[-68.226619,-54.804723],[-68.205641,-54.816956],[-68.18658,-54.820304],[-68.204546,-54.816446]]]},"properties":{"fid":359,"SITE_ID":555558359,"SITE_PID":"555558359","SITE_TYPE":"PA","NAME_ENG":"Playa Larga","NAME":"Playa Larga","DESIG":"Reserva Cultural Natural","DESIG_ENG":"Nature and Cultural Reserve","DESIG_TYPE":"National","IUCN_CAT":"V","INT_CRIT":"Not Applicable","REALM":"Marine","REP_M_AREA":0,"GIS_M_AREA":0.319053981693572,"REP_AREA":0.24,"GIS_AREA":0.321572593475688,"NO_TAKE":"Not Reported","NO_TK_AREA":0,"STATUS":"Designated","STATUS_YR":1997,"GOV_TYPE":"Sub-national ministry or agency","GOVSUBTYPE":"Not Applicable","OWN_TYPE":"Not Reported","OWNSUBTYPE":"Not Applicable","MANG_AUTH":"Not Reported","MANG_PLAN":"Not Reported","VERIF":"State Verified","METADATAID":1852,"PRNT_ISO3":"ARG","ISO3":"ARG","SUPP_INFO":"Not Applicable","CONS_OBJ":"Not Applicable","INLND_WTRS":"Not Applicable","OECM_ASMT":"Not Applicable","layer":"WDPA_W~1","path":"C:/DATAS/PRO/GIS/ARGENT~1/RAW/WDPA_W~1/WDPA_W~2/WDPA_W~1.SHP"}},
{"type":"Feature","geometry":{"type":"Polygon","coordinates":[[[-61.660422,-39.082942],[-61.112566,-39.082942],[-61.112566,-38.974286],[-61.660422,-38.974286],[-61.660422,-39.082942]]]},"properties":{"fid":360,"SITE_ID":555558360,"SITE_PID":"555558360","SITE_TYPE":"PA","NAME_ENG":"Pehuen Co-Monte Hermoso","NAME":"Pehuen Co-Monte Hermoso","DESIG":"Reserva Natural","DESIG_ENG":"Nature Reserve","DESIG_TYPE":"National","IUCN_CAT":"IV","INT_CRIT":"Not Applicable","REALM":"Coastal","REP_M_AREA":0,"GIS_M_AREA":456.489470195205,"REP_AREA":254.2,"GIS_AREA":572.243883074281,"NO_TAKE":"Not Reported","NO_TK_AREA":0,"STATUS":"Designated","STATUS_YR":2005,"GOV_TYPE":"Sub-national ministry or agency","GOVSUBTYPE":"Not Applicable","OWN_TYPE":"Not Reported","OWNSUBTYPE":"Not Applicable","MANG_AUTH":"Not Reported","MANG_PLAN":"Not Reported","VERIF":"State Verified","METADATAID":1852,"PRNT_ISO3":"ARG","ISO3":"ARG","SUPP_INFO":"Not Applicable","CONS_OBJ":"Not Applicable","INLND_WTRS":"Not Reported","OECM_ASMT":"Not Applicable","layer":"WDPA_W~1","path":"C:/DATAS/PRO/GIS/ARGENT~1/RAW/WDPA_W~1/WDPA_W~2/WDPA_W~1.SHP"}},
{"type":"Feature","geometry":{"type":"MultiPolygon","coordinates":[[[[-66.400279,-45.212126],[-66.377941,-45.186565],[-66.41075,-45.168416],[-66.425584,-45.202611],[-66.400279,-45.212126]]],[[[-66.358744,-45.173174],[-66.344957,-45.150791],[-66.361886,-45.134221],[-66.382305,-45.152546],[-66.358744,-45.173174]]],[[[-66.073962,-45.115483],[-66.107252,-45.10311],[-66.121834,-45.117129],[-66.070643,-45.14855],[-66.025557,-45.132798],[-66.038859,-45.114257],[-66.073962,-45.115483]]],[[[-65.481042,-45.026747],[-65.458036,-45.00405],[-65.484384,-44.981968],[-65.510114,-45.003745],[-65.481042,-45.026747]]],[[[-65.495533,-44.942782],[-65.515514,-44.900066],[-65.569319,-44.90015],[-65.592839,-44.900192],[-65.570925,-44.932428],[-65.613036,-44.952012],[-65.638786,-45.022039],[-65.664229,-45.027013],[-65.850899,-44.98826],[-65.899435,-44.995444],[-65.949589,-45.029818],[-66.014349,-44.984312],[-66.196911,-44.966433],[-66.283562,-45.032937],[-66.371969,-45.028905],[-66.529138,-45.086323],[-66.564604,-45.129035],[-66.611994,-45.129218],[-66.611557,-45.178988],[-66.547075,-45.201253],[-66.716634,-45.210221],[-66.717745,-45.260807],[-66.681021,-45.260022],[-66.663255,-45.229643],[-66.540899,-45.242469],[-66.493567,-45.232136],[-66.435191,-45.157804],[-66.445071,-45.13328],[-66.513148,-45.122598],[-66.454872,-45.102878],[-66.417159,-45.113117],[-66.388549,-45.101183],[-66.0332,-45.101374],[-66.000031,-45.126911],[-65.933895,-45.137532],[-65.922367,-45.114859],[-66.00448,-45.065427],[-66.004885,-45.026616],[-65.983446,-45.069306],[-65.936666,-45.076861],[-65.893806,-45.056094],[-65.804463,-45.085113],[-65.7818,-45.052992],[-65.717225,-45.076023],[-65.662787,-45.067773],[-65.562798,-45.082315],[-65.547879,-45.06753],[-65.575751,-45.023883],[-65.549023,-45.017167],[-65.543957,-44.962264],[-65.495533,-44.942782]]]]},"properties":{"fid":361,"SITE_ID":555558361,"SITE_PID":"555558361","SITE_TYPE":"PA","NAME_ENG":"Patagonia Austral","NAME":"Patagonia Austral","DESIG":"Parque Interjurisdiccional Marino Costero","DESIG_ENG":"Interjurisdictional Coastal Marine Park","DESIG_TYPE":"National","IUCN_CAT":"Not Reported","INT_CRIT":"Not Applicable","REALM":"Coastal","REP_M_AREA":737.6,"GIS_M_AREA":740.521506202084,"REP_AREA":1048.12,"GIS_AREA":1035.69951845251,"NO_TAKE":"Not Reported","NO_TK_AREA":0,"STATUS":"Designated","STATUS_YR":2009,"GOV_TYPE":"Federal or national ministry or agency","GOVSUBTYPE":"Not Applicable","OWN_TYPE":"Not Reported","OWNSUBTYPE":"Not Applicable","MANG_AUTH":"Administración de Parques Nacionales y Pcia. de Chubut","MANG_PLAN":"https://sib.gob.ar/archivos/Plan_de_Gestion_2018_PIMCPA_FINAL_APROBADO.pdf","VERIF":"State Verified","METADATAID":1935,"PRNT_ISO3":"ARG","ISO3":"ARG","SUPP_INFO":"Not Applicable","CONS_OBJ":"Not Applicable","INLND_WTRS":"Not Reported","OECM_ASMT":"Not Applicable","layer":"WDPA_W~1","path":"C:/DATAS/PRO/GIS/ARGENT~1/RAW/WDPA_W~1/WDPA_W~2/WDPA_W~1.SHP"}},
{"type":"Feature","geometry":{"type":"Polygon","coordinates":[[[-65.889269,-47.766457],[-65.84454,-47.893492],[-65.761461,-47.916218],[-65.790628,-47.93168],[-65.786002,-47.945328],[-65.769941,-47.943144],[-65.767542,-47.944986],[-65.767509,-47.945098],[-65.767471,-47.945228],[-65.767642,-47.945742],[-65.767385,-47.946042],[-65.765658,-47.946685],[-65.765087,-47.95014],[-65.770498,-47.952909],[-65.798323,-47.951624],[-65.801849,-47.954137],[-65.800693,-47.956107],[-65.800693,-47.95625],[-65.800833,-47.95639],[-65.800836,-47.956393],[-65.804077,-47.957064],[-65.804291,-47.960847],[-65.840097,-47.963731],[-65.838826,-47.942173],[-65.867737,-47.948698],[-65.897061,-47.931565],[-65.941219,-47.95428],[-65.931868,-48.017212],[-65.95324,-48.014456],[-65.940868,-48.030851],[-65.980296,-48.050981],[-65.904372,-48.080372],[-65.894236,-48.101345],[-65.917764,-48.096819],[-65.908098,-48.105614],[-65.940906,-48.12473],[-65.975528,-48.099989],[-66.121065,-48.123588],[-66.159926,-48.190461],[-66.228255,-48.201297],[-66.337558,-48.277163],[-66.360179,-48.314717],[-66.33388,-48.354685],[-66.334723,-48.360752],[-66.336065,-48.361495],[-66.336174,-48.361515],[-66.336536,-48.36158],[-66.337036,-48.361737],[-66.338063,-48.362166],[-66.340262,-48.363636],[-66.343003,-48.368804],[-66.349785,-48.36722],[-66.343403,-48.365863],[-66.343175,-48.361024],[-66.342075,-48.359996],[-66.341747,-48.35911],[-66.341675,-48.358982],[-66.341404,-48.358625],[-66.341352,-48.358547],[-66.34129,-48.358454],[-66.341204,-48.358325],[-66.340062,-48.35754],[-66.340148,-48.357026],[-66.349856,-48.35507],[-66.350913,-48.355042],[-66.350957,-48.355054],[-66.351412,-48.355184],[-66.355925,-48.360779],[-66.358424,-48.361778],[-66.394687,-48.349586],[-66.453464,-48.353883],[-66.489167,-48.416667],[-66.229444,-48.421111],[-66.18518,-48.392569],[-66.151846,-48.33305],[-66.029569,-48.277684],[-65.981199,-48.278508],[-65.921781,-48.233678],[-65.793432,-48.183633],[-65.728319,-48.110252],[-65.743814,-48.069036],[-65.685011,-48.058092],[-65.556476,-47.967129],[-65.558864,-47.877306],[-65.614297,-47.850222],[-65.621111,-47.792778],[-65.889269,-47.766457]]]},"properties":{"fid":362,"SITE_ID":555558362,"SITE_PID":"555558362","SITE_TYPE":"PA","NAME_ENG":"Isla Pingüino","NAME":"Isla Pingüino","DESIG":"Parque Interjurisdiccional Marino","DESIG_ENG":"Interjurisdictional Marine Park","DESIG_TYPE":"National","IUCN_CAT":"Not Reported","INT_CRIT":"Not Applicable","REALM":"Marine","REP_M_AREA":1595.26,"GIS_M_AREA":1572.66090058057,"REP_AREA":1595.26,"GIS_AREA":1577.68273095839,"NO_TAKE":"Not Reported","NO_TK_AREA":0,"STATUS":"Designated","STATUS_YR":2012,"GOV_TYPE":"Federal or national ministry or agency","GOVSUBTYPE":"Not Applicable","OWN_TYPE":"Not Reported","OWNSUBTYPE":"Not Applicable","MANG_AUTH":"Administración de Parques Nacionales y Pcia. de Santa Cruz","MANG_PLAN":"Not Reported","VERIF":"State Verified","METADATAID":1935,"PRNT_ISO3":"ARG","ISO3":"ARG","SUPP_INFO":"Not Applicable","CONS_OBJ":"Not Applicable","INLND_WTRS":"Not Applicable","OECM_ASMT":"Not Applicable","layer":"WDPA_W~1","path":"C:/DATAS/PRO/GIS/ARGENT~1/RAW/WDPA_W~1/WDPA_W~2/WDPA_W~1.SHP"}},
{"type":"Feature","geometry":{"type":"Polygon","coordinates":[[[-67.616667,-49.141667],[-67.636997,-49.148234],[-67.613892,-49.185181],[-67.674683,-49.222595],[-67.667306,-49.243538],[-67.612755,-49.250273],[-67.612641,-49.251029],[-67.612526,-49.251415],[-67.612441,-49.252528],[-67.61207,-49.253371],[-67.611927,-49.253785],[-67.611755,-49.25417],[-67.609314,-49.263222],[-67.6096,-49.264735],[-67.6096,-49.265463],[-67.6096,-49.265906],[-67.6096,-49.266934],[-67.609143,-49.270874],[-67.608029,-49.272359],[-67.607273,-49.272744],[-67.607101,-49.272873],[-67.606873,-49.273087],[-67.606159,-49.273615],[-67.605831,-49.273958],[-67.605288,-49.274215],[-67.604303,-49.275714],[-67.603603,-49.295673],[-67.606445,-49.302868],[-67.608929,-49.306695],[-67.609685,-49.30768],[-67.610385,-49.308308],[-67.621606,-49.326582],[-67.631572,-49.355464],[-67.667192,-49.406675],[-67.667463,-49.407617],[-67.667778,-49.408702],[-67.668192,-49.410615],[-67.66862,-49.41347],[-67.66902,-49.422522],[-67.687579,-49.481928],[-67.688807,-49.505855],[-67.697645,-49.52974],[-67.708266,-49.615187],[-67.720487,-49.63596],[-67.724728,-49.757769],[-67.782556,-49.865046],[-67.625317,-49.868914],[-67.519242,-49.441061],[-67.561056,-49.158722],[-67.616667,-49.141667]]]},"properties":{"fid":363,"SITE_ID":555558363,"SITE_PID":"555558363","SITE_TYPE":"PA","NAME_ENG":"Makenke","NAME":"Makenke","DESIG":"Parque Interjurisdiccional Marino","DESIG_ENG":"Interjurisdictional Marine Park","DESIG_TYPE":"National","IUCN_CAT":"Not Reported","INT_CRIT":"Not Applicable","REALM":"Marine","REP_M_AREA":726.63,"GIS_M_AREA":723.579067743689,"REP_AREA":726.63,"GIS_AREA":724.567375674436,"NO_TAKE":"Not Reported","NO_TK_AREA":0,"STATUS":"Designated","STATUS_YR":2012,"GOV_TYPE":"Federal or national ministry or agency","GOVSUBTYPE":"Not Applicable","OWN_TYPE":"Not Reported","OWNSUBTYPE":"Not Applicable","MANG_AUTH":"Administración de Parques Nacionales y Pcia. de Santa Cruz","MANG_PLAN":"Not Reported","VERIF":"State Verified","METADATAID":1935,"PRNT_ISO3":"ARG","ISO3":"ARG","SUPP_INFO":"Not Applicable","CONS_OBJ":"Not Applicable","INLND_WTRS":"Not Applicable","OECM_ASMT":"Not Applicable","layer":"WDPA_W~1","path":"C:/DATAS/PRO/GIS/ARGENT~1/RAW/WDPA_W~1/WDPA_W~2/WDPA_W~1.SHP"}},
{"type":"Feature","geometry":{"type":"Polygon","coordinates":[[[-57.545942,-38.103092],[-57.545948,-38.130471],[-57.519509,-38.130418],[-57.519246,-38.103177],[-57.545942,-38.103092]]]},"properties":{"fid":364,"SITE_ID":555558364,"SITE_PID":"555558364","SITE_TYPE":"PA","NAME_ENG":"Restinga del Faro","NAME":"Restinga del Faro","DESIG":"Reserva Natural Provincial","DESIG_ENG":"Provincial Nature Reserve","DESIG_TYPE":"National","IUCN_CAT":"IV","INT_CRIT":"Not Applicable","REALM":"Marine","REP_M_AREA":7,"GIS_M_AREA":7.06237832474754,"REP_AREA":7.06,"GIS_AREA":7.06237832474754,"NO_TAKE":"Not Reported","NO_TK_AREA":0,"STATUS":"Designated","STATUS_YR":2011,"GOV_TYPE":"Sub-national ministry or agency","GOVSUBTYPE":"Not Applicable","OWN_TYPE":"Not Reported","OWNSUBTYPE":"Not Applicable","MANG_AUTH":"Not Reported","MANG_PLAN":"Not Reported","VERIF":"State Verified","METADATAID":1852,"PRNT_ISO3":"ARG","ISO3":"ARG","SUPP_INFO":"Not Applicable","CONS_OBJ":"Not Applicable","INLND_WTRS":"Not Applicable","OECM_ASMT":"Not Applicable","layer":"WDPA_W~1","path":"C:/DATAS/PRO/GIS/ARGENT~1/RAW/WDPA_W~1/WDPA_W~2/WDPA_W~1.SHP"}},
{"type":"Feature","geometry":{"type":"Polygon","coordinates":[[[-60.617212,-38.926812],[-60.614786,-38.939953],[-60.553325,-38.931159],[-60.617212,-38.926812]]]},"properties":{"fid":365,"SITE_ID":555558365,"SITE_PID":"555558365","SITE_TYPE":"PA","NAME_ENG":"Arroyo Los Gauchos","NAME":"Arroyo Los Gauchos","DESIG":"Reserva Natural de Uso Múltiple","DESIG_ENG":"Multiple Use Nature Reserve","DESIG_TYPE":"National","IUCN_CAT":"VI","INT_CRIT":"Not Applicable","REALM":"Terrestrial","REP_M_AREA":0,"GIS_M_AREA":0,"REP_AREA":7.7,"GIS_AREA":5.65767379232479,"NO_TAKE":"Not Applicable","NO_TK_AREA":0,"STATUS":"Designated","STATUS_YR":2011,"GOV_TYPE":"Sub-national ministry or agency","GOVSUBTYPE":"Not Applicable","OWN_TYPE":"Not Reported","OWNSUBTYPE":"Not Applicable","MANG_AUTH":"Not Reported","MANG_PLAN":"Not Reported","VERIF":"State Verified","METADATAID":1852,"PRNT_ISO3":"ARG","ISO3":"ARG","SUPP_INFO":"Not Applicable","CONS_OBJ":"Not Applicable","INLND_WTRS":"Not Reported","OECM_ASMT":"Not Applicable","layer":"WDPA_W~1","path":"C:/DATAS/PRO/GIS/ARGENT~1/RAW/WDPA_W~1/WDPA_W~2/WDPA_W~1.SHP"}},
{"type":"Feature","geometry":{"type":"Polygon","coordinates":[[[-62.26384,-38.82179],[-62.259392,-38.813627],[-62.277706,-38.799142],[-62.26384,-38.82179]]]},"properties":{"fid":366,"SITE_ID":555558366,"SITE_PID":"555558366","SITE_TYPE":"PA","NAME_ENG":"Islote de la Gaviota Cangrejera","NAME":"Islote de la Gaviota Cangrejera","DESIG":"Reserva Natural Integral","DESIG_ENG":"Integral Nature Reserve","DESIG_TYPE":"National","IUCN_CAT":"Not Reported","INT_CRIT":"Not Applicable","REALM":"Terrestrial","REP_M_AREA":0,"GIS_M_AREA":0.179739739360305,"REP_AREA":0.81,"GIS_AREA":2.92473393416059,"NO_TAKE":"Not Applicable","NO_TK_AREA":0,"STATUS":"Designated","STATUS_YR":2011,"GOV_TYPE":"Sub-national ministry or agency","GOVSUBTYPE":"Not Applicable","OWN_TYPE":"Not Reported","OWNSUBTYPE":"Not Applicable","MANG_AUTH":"Not Reported","MANG_PLAN":"Not Reported","VERIF":"State Verified","METADATAID":1852,"PRNT_ISO3":"ARG","ISO3":"ARG","SUPP_INFO":"Not Applicable","CONS_OBJ":"Not Applicable","INLND_WTRS":"Not Reported","OECM_ASMT":"Not Applicable","layer":"WDPA_W~1","path":"C:/DATAS/PRO/GIS/ARGENT~1/RAW/WDPA_W~1/WDPA_W~2/WDPA_W~1.SHP"}},
{"type":"Feature","geometry":{"type":"MultiPolygon","coordinates":[[[[-64.243145,-42.705276],[-64.161659,-42.712528],[-64.159914,-42.604903],[-64.242377,-42.583086],[-64.257615,-42.61247],[-64.262135,-42.619361],[-64.2672,-42.622858],[-64.2672,-42.624325],[-64.236691,-42.614938],[-64.218433,-42.619942],[-64.213223,-42.623151],[-64.211169,-42.625205],[-64.211169,-42.626964],[-64.209116,-42.629017],[-64.205009,-42.630777],[-64.204715,-42.63283],[-64.207649,-42.635763],[-64.214103,-42.635763],[-64.214983,-42.636643],[-64.215863,-42.636643],[-64.21909,-42.639869],[-64.21997,-42.639869],[-64.221143,-42.641043],[-64.221143,-42.642802],[-64.220557,-42.643682],[-64.220557,-42.644562],[-64.217036,-42.647789],[-64.22085,-42.653948],[-64.237278,-42.656881],[-64.243145,-42.705276]]],[[[-64.07828,-42.397307],[-64.124336,-42.433384],[-64.285095,-42.418131],[-64.301522,-42.406693],[-64.354326,-42.429864],[-64.470788,-42.442476],[-64.484576,-42.431037],[-64.484576,-42.427811],[-64.481349,-42.423704],[-64.480762,-42.418131],[-64.484282,-42.418131],[-64.489563,-42.421945],[-64.491616,-42.432504],[-64.496016,-42.432504],[-64.499243,-42.433384],[-64.610131,-42.425758],[-64.612185,-42.423704],[-64.612185,-42.422825],[-64.613065,-42.421945],[-64.613651,-42.413732],[-64.616292,-42.410213],[-64.615412,-42.40112],[-64.589795,-42.36925],[-64.593946,-42.369199],[-64.676044,-42.371798],[-64.670405,-42.467843],[-64.570887,-42.473366],[-64.4958,-42.464041],[-64.487971,-42.464734],[-64.412309,-42.469333],[-64.386415,-42.466864],[-64.366654,-42.469841],[-64.107764,-42.464379],[-63.991397,-42.36189],[-64.002451,-42.250408],[-64.097068,-42.2504],[-64.104975,-42.251535],[-64.103215,-42.251535],[-64.099988,-42.255055],[-64.083267,-42.255055],[-64.08092,-42.260628],[-64.072413,-42.261508],[-64.065079,-42.27148],[-64.064199,-42.27148],[-64.060972,-42.274119],[-64.059212,-42.274119],[-64.057452,-42.27588],[-64.056571,-42.27588],[-64.053931,-42.281159],[-64.054811,-42.282039],[-64.054518,-42.282919],[-64.055398,-42.283799],[-64.055398,-42.284679],[-64.051291,-42.288785],[-64.048064,-42.294651],[-64.048064,-42.296118],[-64.048651,-42.296997],[-64.048944,-42.300224],[-64.047184,-42.303743],[-64.043664,-42.30697],[-64.042197,-42.313716],[-64.046011,-42.323982],[-64.052465,-42.324862],[-64.052465,-42.327501],[-64.060972,-42.328968],[-64.061559,-42.329848],[-64.065079,-42.330728],[-64.066252,-42.3319],[-64.055105,-42.343339],[-64.050118,-42.345686],[-64.045131,-42.345686],[-64.044251,-42.344806],[-64.043371,-42.344806],[-64.039557,-42.349499],[-64.048064,-42.377949],[-64.07828,-42.397307]]]]},"properties":{"fid":367,"SITE_ID":555558375,"SITE_PID":"555558375","SITE_TYPE":"PA","NAME_ENG":"Humedales de Península Valdés","NAME":"Humedales de Península Valdés","DESIG":"Sitio Ramsar, Humedal de Importancia Internacional","DESIG_ENG":"Wetland of International Importance (Ramsar Site)","DESIG_TYPE":"International","IUCN_CAT":"Not Reported","INT_CRIT":"(ii);(iv);(v);(vi)","REALM":"Terrestrial","REP_M_AREA":0,"GIS_M_AREA":5.18880232201357,"REP_AREA":426.95,"GIS_AREA":427.552529318775,"NO_TAKE":"Not Applicable","NO_TK_AREA":0,"STATUS":"Designated","STATUS_YR":2012,"GOV_TYPE":"Not Reported","GOVSUBTYPE":"Not Applicable","OWN_TYPE":"Not Reported","OWNSUBTYPE":"Not Applicable","MANG_AUTH":"Not Reported","MANG_PLAN":"Management plan is implented and available","VERIF":"State Verified","METADATAID":1852,"PRNT_ISO3":"ARG","ISO3":"ARG","SUPP_INFO":"Not Applicable","CONS_OBJ":"Not Applicable","INLND_WTRS":"Not Reported","OECM_ASMT":"Not Applicable","layer":"WDPA_W~1","path":"C:/DATAS/PRO/GIS/ARGENT~1/RAW/WDPA_W~1/WDPA_W~2/WDPA_W~1.SHP"}},
{"type":"Feature","geometry":{"type":"Polygon","coordinates":[[[-61.147691,-24.756565],[-61.15399,-24.743971],[-61.378289,-24.960625],[-61.351458,-24.952212],[-61.310143,-24.996581],[-61.262872,-24.998616],[-61.278882,-24.99993],[-61.264358,-25.007046],[-61.270669,-25.02455],[-61.257212,-25.041568],[-61.23352,-25.041017],[-61.247326,-25.053549],[-61.232522,-25.057438],[-61.253357,-25.062393],[-61.229271,-25.088998],[-61.236282,-25.10219],[-61.216054,-25.097768],[-61.215863,-25.123465],[-61.159238,-25.114068],[-61.153661,-25.130999],[-61.1368,-25.119102],[-61.09817,-25.150471],[-61.096036,-25.180093],[-61.071425,-25.183849],[-61.086857,-25.199427],[-61.067024,-25.20381],[-61.078505,-25.216263],[-61.064801,-25.263084],[-60.831577,-25.048013],[-60.839545,-25.037594],[-60.819215,-25.036624],[-60.86924,-25.034568],[-60.893283,-25.011325],[-60.941881,-25.005158],[-60.922064,-24.979459],[-60.944336,-24.988025],[-60.939596,-24.959872],[-60.945593,-24.977346],[-60.998245,-24.920925],[-61.021955,-24.921578],[-61.025314,-24.891172],[-61.041361,-24.900309],[-61.076882,-24.87581],[-61.069058,-24.856394],[-61.091501,-24.854795],[-61.091672,-24.837948],[-61.14734,-24.803326],[-61.138912,-24.788456],[-61.156903,-24.786657],[-61.161728,-24.763057],[-61.147691,-24.756565]]]},"properties":{"fid":368,"SITE_ID":555577536,"SITE_PID":"555577536","SITE_TYPE":"PA","NAME_ENG":"El Impenetrable","NAME":"El Impenetrable","DESIG":"Parque Nacional","DESIG_ENG":"National Park","DESIG_TYPE":"National","IUCN_CAT":"II","INT_CRIT":"Not Applicable","REALM":"Terrestrial","REP_M_AREA":0,"GIS_M_AREA":0,"REP_AREA":1280,"GIS_AREA":1278.23272371025,"NO_TAKE":"Not Applicable","NO_TK_AREA":0,"STATUS":"Designated","STATUS_YR":2014,"GOV_TYPE":"Federal or national ministry or agency","GOVSUBTYPE":"Not Applicable","OWN_TYPE":"Not Reported","OWNSUBTYPE":"Not Applicable","MANG_AUTH":"Administración de Parques Nacionales","MANG_PLAN":"Not Reported","VERIF":"State Verified","METADATAID":1935,"PRNT_ISO3":"ARG","ISO3":"ARG","SUPP_INFO":"Not Applicable","CONS_OBJ":"Not Applicable","INLND_WTRS":"Not Reported","OECM_ASMT":"Not Applicable","layer":"WDPA_W~1","path":"C:/DATAS/PRO/GIS/ARGENT~1/RAW/WDPA_W~1/WDPA_W~2/WDPA_W~1.SHP"}},
{"type":"Feature","geometry":{"type":"MultiPolygon","coordinates":[[[[-71.189762,-47.078751],[-71.184651,-46.991602],[-71.250225,-46.989896],[-71.252916,-47.034743],[-71.318596,-47.033115],[-71.331809,-47.009238],[-71.428178,-47.032201],[-71.515826,-47.029934],[-71.522489,-47.131296],[-71.50691,-47.119376],[-71.324973,-47.122407],[-71.333414,-47.2914],[-71.397528,-47.289041],[-71.400447,-47.299875],[-71.402852,-47.344647],[-71.337302,-47.346476],[-71.339706,-47.391381],[-71.20739,-47.394854],[-71.209064,-47.426864],[-71.12811,-47.426004],[-71.129023,-47.396867],[-71.207363,-47.394865],[-71.202255,-47.305056],[-71.268276,-47.303222],[-71.254258,-47.070759],[-71.189762,-47.078751]]],[[[-71.309393,-46.929634],[-71.301847,-46.91296],[-71.372301,-46.905964],[-71.373665,-46.943963],[-71.510007,-46.937768],[-71.475925,-46.95125],[-71.365999,-46.947774],[-71.309393,-46.929634]]]]},"properties":{"fid":369,"SITE_ID":555577537,"SITE_PID":"555577537","SITE_TYPE":"PA","NAME_ENG":"Patagonia","NAME":"Patagonia","DESIG":"Parque Nacional","DESIG_ENG":"National Park","DESIG_TYPE":"National","IUCN_CAT":"II","INT_CRIT":"Not Applicable","REALM":"Terrestrial","REP_M_AREA":0,"GIS_M_AREA":0,"REP_AREA":528.11,"GIS_AREA":536.257730999604,"NO_TAKE":"Not Applicable","NO_TK_AREA":0,"STATUS":"Designated","STATUS_YR":2015,"GOV_TYPE":"Federal or national ministry or agency","GOVSUBTYPE":"Not Applicable","OWN_TYPE":"Not Reported","OWNSUBTYPE":"Not Applicable","MANG_AUTH":"Administración de Parques Nacionales","MANG_PLAN":"Not Reported","VERIF":"State Verified","METADATAID":1935,"PRNT_ISO3":"ARG","ISO3":"ARG","SUPP_INFO":"Not Applicable","CONS_OBJ":"Not Applicable","INLND_WTRS":"Not Reported","OECM_ASMT":"Not Applicable","layer":"WDPA_W~1","path":"C:/DATAS/PRO/GIS/ARGENT~1/RAW/WDPA_W~1/WDPA_W~2/WDPA_W~1.SHP"}},
{"type":"Feature","geometry":{"type":"MultiPolygon","coordinates":[[[[-63.923492,-24.194279],[-63.920599,-24.178944],[-63.986506,-24.167145],[-63.984356,-24.199271],[-63.926393,-24.209647],[-63.923492,-24.194279]]],[[[-63.996988,-24.165553],[-64.155591,-24.154943],[-64.167962,-24.236074],[-64.133915,-24.236306],[-64.117571,-24.173371],[-63.995886,-24.182302],[-63.996988,-24.165553]]]]},"properties":{"fid":370,"SITE_ID":555577538,"SITE_PID":"555577538","SITE_TYPE":"PA","NAME_ENG":"Pizarro","NAME":"Pizarro","DESIG":"Reserva Nacional","DESIG_ENG":"National Reserve","DESIG_TYPE":"National","IUCN_CAT":"VI","INT_CRIT":"Not Applicable","REALM":"Terrestrial","REP_M_AREA":0,"GIS_M_AREA":0,"REP_AREA":78.37,"GIS_AREA":78.7354257084087,"NO_TAKE":"Not Applicable","NO_TK_AREA":0,"STATUS":"Designated","STATUS_YR":2015,"GOV_TYPE":"Federal or national ministry or agency","GOVSUBTYPE":"Not Applicable","OWN_TYPE":"Not Reported","OWNSUBTYPE":"Not Applicable","MANG_AUTH":"Administración de Parques Nacionales","MANG_PLAN":"Not Reported","VERIF":"State Verified","METADATAID":1935,"PRNT_ISO3":"ARG","ISO3":"ARG","SUPP_INFO":"Not Applicable","CONS_OBJ":"Not Applicable","INLND_WTRS":"Not Reported","OECM_ASMT":"Not Applicable","layer":"WDPA_W~1","path":"C:/DATAS/PRO/GIS/ARGENT~1/RAW/WDPA_W~1/WDPA_W~2/WDPA_W~1.SHP"}},
{"type":"Feature","geometry":{"type":"Polygon","coordinates":[[[-69.204808,-29.000848],[-69.225711,-29.012476],[-69.288943,-28.988449],[-69.369014,-28.981928],[-69.401034,-28.957257],[-69.401128,-29.167687],[-69.447706,-29.149683],[-69.467808,-29.120611],[-69.467807,-29.30385],[-69.440448,-29.351399],[-69.375628,-29.370972],[-69.355685,-29.393849],[-69.364444,-29.416405],[-69.334735,-29.445179],[-69.299876,-29.449147],[-69.275386,-29.521016],[-69.194331,-29.558066],[-69.190799,-29.544838],[-69.188723,-29.542637],[-69.186587,-29.542908],[-69.181918,-29.540306],[-69.179698,-29.537766],[-69.178538,-29.534487],[-69.180133,-29.532259],[-69.179965,-29.523222],[-69.172137,-29.513918],[-69.170039,-29.508746],[-69.172137,-29.504231],[-69.160571,-29.480545],[-69.167056,-29.47345],[-69.162501,-29.442063],[-69.152674,-29.436295],[-69.148013,-29.434828],[-69.143656,-29.435769],[-69.117526,-29.341326],[-69.093875,-29.315924],[-69.092372,-29.243855],[-69.081744,-29.20925],[-69.085383,-29.182957],[-69.081172,-29.168757],[-69.083071,-29.158518],[-69.08475,-29.153683],[-69.085162,-29.146507],[-69.078836,-29.128073],[-69.082248,-29.119884],[-69.087708,-29.106918],[-69.119782,-29.063925],[-69.138207,-29.055736],[-69.132748,-29.047547],[-69.140255,-29.044817],[-69.142984,-29.041405],[-69.148444,-29.041405],[-69.155908,-29.042738],[-69.177788,-29.024344],[-69.177788,-29.015473],[-69.18939,-29.01479],[-69.196204,-29.012445],[-69.201673,-29.005919],[-69.204808,-29.000848]]]},"properties":{"fid":371,"SITE_ID":555577539,"SITE_PID":"555577539","SITE_TYPE":"PA","NAME_ENG":"San Guillermo","NAME":"San Guillermo","DESIG":"Parque Nacional","DESIG_ENG":"National Park","DESIG_TYPE":"National","IUCN_CAT":"II","INT_CRIT":"Not Applicable","REALM":"Terrestrial","REP_M_AREA":0,"GIS_M_AREA":0,"REP_AREA":1660,"GIS_AREA":1639.74679631247,"NO_TAKE":"Not Applicable","NO_TK_AREA":0,"STATUS":"Designated","STATUS_YR":1999,"GOV_TYPE":"Federal or national ministry or agency","GOVSUBTYPE":"Not Applicable","OWN_TYPE":"Not Reported","OWNSUBTYPE":"Not Applicable","MANG_AUTH":"Administración de Parques Nacionales","MANG_PLAN":"http://www.sib.gov.ar/archivos/PLAN_MANEJO_PNSG_con_anexos.pdf","VERIF":"State Verified","METADATAID":1935,"PRNT_ISO3":"ARG","ISO3":"ARG","SUPP_INFO":"Not Applicable","CONS_OBJ":"Not Applicable","INLND_WTRS":"Not Reported","OECM_ASMT":"Not Applicable","layer":"WDPA_W~1","path":"C:/DATAS/PRO/GIS/ARGENT~1/RAW/WDPA_W~1/WDPA_W~2/WDPA_W~1.SHP"}},
{"type":"Feature","geometry":{"type":"Polygon","coordinates":[[[-64.790215,-22.245459],[-64.796766,-22.259078],[-64.771436,-22.284714],[-64.704965,-22.287902],[-64.734726,-22.263944],[-64.743366,-22.234029],[-64.773599,-22.246603],[-64.790215,-22.245459]]]},"properties":{"fid":372,"SITE_ID":555577540,"SITE_PID":"555577540","SITE_TYPE":"PA","NAME_ENG":"El Nogalar de Los Toldos","NAME":"El Nogalar de Los Toldos","DESIG":"Reserva Nacional","DESIG_ENG":"National Reserve","DESIG_TYPE":"National","IUCN_CAT":"VI","INT_CRIT":"Not Applicable","REALM":"Terrestrial","REP_M_AREA":0,"GIS_M_AREA":0,"REP_AREA":32.75,"GIS_AREA":32.7390476110514,"NO_TAKE":"Not Applicable","NO_TK_AREA":0,"STATUS":"Designated","STATUS_YR":2006,"GOV_TYPE":"Federal or national ministry or agency","GOVSUBTYPE":"Not Applicable","OWN_TYPE":"Not Reported","OWNSUBTYPE":"Not Applicable","MANG_AUTH":"Administración de Parques Nacionales","MANG_PLAN":"https://sib.gob.ar/archivos/PG_BA_NOG.pdf","VERIF":"State Verified","METADATAID":1935,"PRNT_ISO3":"ARG","ISO3":"ARG","SUPP_INFO":"Not Applicable","CONS_OBJ":"Not Applicable","INLND_WTRS":"Not Reported","OECM_ASMT":"Not Applicable","layer":"WDPA_W~1","path":"C:/DATAS/PRO/GIS/ARGENT~1/RAW/WDPA_W~1/WDPA_W~2/WDPA_W~1.SHP"}},
{"type":"Feature","geometry":{"type":"Polygon","coordinates":[[[-68.157979,-47.66728],[-68.26449,-47.667478],[-68.304339,-47.709348],[-68.304151,-47.790294],[-68.277459,-47.790262],[-68.277331,-47.835231],[-68.090326,-47.834837],[-68.088469,-47.812347],[-68.057093,-47.812251],[-68.057252,-47.789764],[-67.971268,-47.788215],[-67.971712,-47.765733],[-67.945036,-47.765491],[-67.944554,-47.789336],[-67.809468,-47.788868],[-67.87696,-47.773874],[-67.847304,-47.638973],[-67.892039,-47.63178],[-67.901893,-47.586853],[-67.925728,-47.586958],[-67.925941,-47.564474],[-67.942551,-47.564545],[-67.942961,-47.519576],[-67.994168,-47.508536],[-68.025856,-47.531135],[-68.125416,-47.538632],[-68.124883,-47.632616],[-68.14485,-47.632665],[-68.14473,-47.655151],[-67.958365,-47.654551],[-67.957562,-47.744443],[-68.157576,-47.745082],[-68.157979,-47.66728]]]},"properties":{"fid":373,"SITE_ID":555577541,"SITE_PID":"555577541","SITE_TYPE":"PA","NAME_ENG":"Bosques Petrificados de Jaramillo","NAME":"Bosques Petrificados de Jaramillo","DESIG":"Parque Nacional","DESIG_ENG":"National Park","DESIG_TYPE":"National","IUCN_CAT":"II","INT_CRIT":"Not Applicable","REALM":"Terrestrial","REP_M_AREA":0,"GIS_M_AREA":0,"REP_AREA":635.43,"GIS_AREA":634.929925376232,"NO_TAKE":"Not Applicable","NO_TK_AREA":0,"STATUS":"Designated","STATUS_YR":2012,"GOV_TYPE":"Federal or national ministry or agency","GOVSUBTYPE":"Not Applicable","OWN_TYPE":"Not Reported","OWNSUBTYPE":"Not Applicable","MANG_AUTH":"Administración de Parques Nacionales","MANG_PLAN":"https://sib.gob.ar/archivos/IF-2018-60876708-APN-DRPA-APNAC.pdf","VERIF":"State Verified","METADATAID":1935,"PRNT_ISO3":"ARG","ISO3":"ARG","SUPP_INFO":"Not Applicable","CONS_OBJ":"Not Applicable","INLND_WTRS":"Not Reported","OECM_ASMT":"Not Applicable","layer":"WDPA_W~1","path":"C:/DATAS/PRO/GIS/ARGENT~1/RAW/WDPA_W~1/WDPA_W~2/WDPA_W~1.SHP"}},
{"type":"Feature","geometry":{"type":"MultiPolygon","coordinates":[[[[-60.692741,-32.301646],[-60.707697,-32.30307],[-60.696669,-32.322926],[-60.682448,-32.317945],[-60.686429,-32.303666],[-60.692741,-32.301646]]],[[[-60.68127,-32.247728],[-60.70276,-32.224379],[-60.71282,-32.266897],[-60.748056,-32.309435],[-60.735651,-32.326985],[-60.728524,-32.30583],[-60.714589,-32.30061],[-60.687925,-32.301307],[-60.695957,-32.267388],[-60.68488,-32.276619],[-60.68127,-32.247728]]]]},"properties":{"fid":374,"SITE_ID":555577542,"SITE_PID":"555577542","SITE_TYPE":"PA","NAME_ENG":"Islas de Santa Fé","NAME":"Islas de Santa Fé","DESIG":"Parque Nacional","DESIG_ENG":"National Park","DESIG_TYPE":"National","IUCN_CAT":"II","INT_CRIT":"Not Applicable","REALM":"Terrestrial","REP_M_AREA":0,"GIS_M_AREA":0,"REP_AREA":40.96,"GIS_AREA":35.2098438578804,"NO_TAKE":"Not Applicable","NO_TK_AREA":0,"STATUS":"Designated","STATUS_YR":2010,"GOV_TYPE":"Federal or national ministry or agency","GOVSUBTYPE":"Not Applicable","OWN_TYPE":"Not Reported","OWNSUBTYPE":"Not Applicable","MANG_AUTH":"Administración de Parques Nacionales","MANG_PLAN":"Not Reported","VERIF":"State Verified","METADATAID":1935,"PRNT_ISO3":"ARG","ISO3":"ARG","SUPP_INFO":"Not Applicable","CONS_OBJ":"Not Applicable","INLND_WTRS":"Not Reported","OECM_ASMT":"Not Applicable","layer":"WDPA_W~1","path":"C:/DATAS/PRO/GIS/ARGENT~1/RAW/WDPA_W~1/WDPA_W~2/WDPA_W~1.SHP"}},
{"type":"Feature","geometry":{"type":"Polygon","coordinates":[[[-56.875383,-36.329025],[-56.876228,-36.329096],[-56.876335,-36.329132],[-56.876347,-36.329143],[-56.876382,-36.329155],[-56.876406,-36.329167],[-56.876525,-36.329179],[-56.877049,-36.329191],[-56.878072,-36.329691],[-56.878274,-36.329845],[-56.878274,-36.329869],[-56.878322,-36.329953],[-56.878334,-36.329953],[-56.878346,-36.329988],[-56.878357,-36.330012],[-56.878429,-36.330309],[-56.878702,-36.330726],[-56.887733,-36.331214],[-56.888185,-36.331452],[-56.889505,-36.33182],[-56.889731,-36.331951],[-56.889743,-36.331951],[-56.889767,-36.331963],[-56.889791,-36.331963],[-56.889874,-36.332023],[-56.890076,-36.332094],[-56.890195,-36.332165],[-56.890624,-36.332308],[-56.890885,-36.332487],[-56.890897,-36.332487],[-56.892385,-36.333209],[-56.893717,-36.333855],[-56.893717,-36.333867],[-56.896394,-36.333712],[-56.902664,-36.33558],[-56.904698,-36.338162],[-56.906815,-36.33816],[-56.919737,-36.360372],[-56.869244,-36.387281],[-56.868984,-36.369458],[-56.831208,-36.362411],[-56.824201,-36.347303],[-56.852582,-36.34376],[-56.854753,-36.329489],[-56.855479,-36.329619],[-56.857561,-36.329191],[-56.858096,-36.329155],[-56.85818,-36.329167],[-56.858322,-36.329167],[-56.858346,-36.329155],[-56.858453,-36.329155],[-56.858513,-36.329155],[-56.858548,-36.329155],[-56.85856,-36.329155],[-56.858846,-36.329155],[-56.859595,-36.329096],[-56.859619,-36.329084],[-56.859643,-36.329084],[-56.859774,-36.32906],[-56.859821,-36.32906],[-56.860309,-36.328941],[-56.860975,-36.328882],[-56.861392,-36.328787],[-56.861404,-36.328787],[-56.861464,-36.328787],[-56.861499,-36.328787],[-56.861618,-36.328787],[-56.86163,-36.328775],[-56.861701,-36.328775],[-56.861927,-36.328751],[-56.861939,-36.328751],[-56.861963,-36.328751],[-56.862011,-36.328751],[-56.862356,-36.328691],[-56.864235,-36.328727],[-56.868614,-36.330785],[-56.871374,-36.329346],[-56.872552,-36.329381],[-56.872563,-36.32937],[-56.872587,-36.32937],[-56.872611,-36.32937],[-56.872694,-36.32937],[-56.872754,-36.329346],[-56.872885,-36.329334],[-56.873099,-36.329334],[-56.873408,-36.329215],[-56.873694,-36.329155],[-56.873765,-36.329155],[-56.873896,-36.329132],[-56.87392,-36.32912],[-56.875383,-36.329025]]]},"properties":{"fid":375,"SITE_ID":555577543,"SITE_PID":"555577543","SITE_TYPE":"PA","NAME_ENG":"Campos del Tuyú","NAME":"Campos del Tuyú","DESIG":"Parque Nacional","DESIG_ENG":"National Park","DESIG_TYPE":"National","IUCN_CAT":"II","INT_CRIT":"Not Applicable","REALM":"Terrestrial","REP_M_AREA":0,"GIS_M_AREA":0.844895435281364,"REP_AREA":30.3999996185,"GIS_AREA":30.4846832371493,"NO_TAKE":"Not Applicable","NO_TK_AREA":0,"STATUS":"Designated","STATUS_YR":2009,"GOV_TYPE":"Federal or national ministry or agency","GOVSUBTYPE":"Not Applicable","OWN_TYPE":"Not Reported","OWNSUBTYPE":"Not Applicable","MANG_AUTH":"Administración de Parques Nacionales","MANG_PLAN":"https://sib.gob.ar/archivos/PG_PN_Campos_del_Tuyu_2018.pdf","VERIF":"State Verified","METADATAID":1935,"PRNT_ISO3":"ARG","ISO3":"ARG","SUPP_INFO":"Not Applicable","CONS_OBJ":"Not Applicable","INLND_WTRS":"Not Reported","OECM_ASMT":"Not Applicable","layer":"WDPA_W~1","path":"C:/DATAS/PRO/GIS/ARGENT~1/RAW/WDPA_W~1/WDPA_W~2/WDPA_W~1.SHP"}},
{"type":"Feature","geometry":{"type":"MultiPolygon","coordinates":[[[[-64.737786,-31.766861],[-64.854471,-31.768404],[-64.858089,-31.827835],[-64.792014,-31.827843],[-64.741918,-31.789445],[-64.737786,-31.766861]]],[[[-64.821494,-31.634549],[-64.822336,-31.597352],[-64.823439,-31.553842],[-64.870786,-31.555561],[-64.877154,-31.634454],[-64.821494,-31.634549]]]]},"properties":{"fid":376,"SITE_ID":555577544,"SITE_PID":"555577544","SITE_TYPE":"PA","NAME_ENG":"Quebrada del Condorito","NAME":"Quebrada del Condorito","DESIG":"Reserva Nacional","DESIG_ENG":"National Reserve","DESIG_TYPE":"National","IUCN_CAT":"VI","INT_CRIT":"Not Applicable","REALM":"Terrestrial","REP_M_AREA":0,"GIS_M_AREA":0,"REP_AREA":108.07,"GIS_AREA":108.030359203086,"NO_TAKE":"Not Applicable","NO_TK_AREA":0,"STATUS":"Designated","STATUS_YR":1996,"GOV_TYPE":"Federal or national ministry or agency","GOVSUBTYPE":"Not Applicable","OWN_TYPE":"Not Reported","OWNSUBTYPE":"Not Applicable","MANG_AUTH":"Administración de Parques Nacionales","MANG_PLAN":"https://sib.gob.ar/archivos/PG_PNQC_2017-2023__1_.pdf","VERIF":"State Verified","METADATAID":1935,"PRNT_ISO3":"ARG","ISO3":"ARG","SUPP_INFO":"Not Applicable","CONS_OBJ":"Not Applicable","INLND_WTRS":"Not Reported","OECM_ASMT":"Not Applicable","layer":"WDPA_W~1","path":"C:/DATAS/PRO/GIS/ARGENT~1/RAW/WDPA_W~1/WDPA_W~2/WDPA_W~1.SHP"}},
{"type":"Feature","geometry":{"type":"Polygon","coordinates":[[[-54.609226,-26.208202],[-54.609016,-26.212565],[-54.598754,-26.212857],[-54.609226,-26.208202]]]},"properties":{"fid":377,"SITE_ID":555587055,"SITE_PID":"555587055","SITE_TYPE":"PA","NAME_ENG":"Santa Maria del Aguaray mini","NAME":"Santa Maria del Aguaray mini","DESIG":"Reserva Privada","DESIG_ENG":"Private Reserve","DESIG_TYPE":"National","IUCN_CAT":"VI","INT_CRIT":"Not Applicable","REALM":"Terrestrial","REP_M_AREA":0,"GIS_M_AREA":0,"REP_AREA":0.64,"GIS_AREA":0.236114887645699,"NO_TAKE":"Not Applicable","NO_TK_AREA":0,"STATUS":"Designated","STATUS_YR":1999,"GOV_TYPE":"Not Reported","GOVSUBTYPE":"Not Applicable","OWN_TYPE":"Not Reported","OWNSUBTYPE":"Not Applicable","MANG_AUTH":"Not Reported","MANG_PLAN":"Not Reported","VERIF":"State Verified","METADATAID":1852,"PRNT_ISO3":"ARG","ISO3":"ARG","SUPP_INFO":"Not Applicable","CONS_OBJ":"Not Applicable","INLND_WTRS":"Not Reported","OECM_ASMT":"Not Applicable","layer":"WDPA_W~1","path":"C:/DATAS/PRO/GIS/ARGENT~1/RAW/WDPA_W~1/WDPA_W~2/WDPA_W~1.SHP"}},
{"type":"Feature","geometry":{"type":"Polygon","coordinates":[[[-54.558106,-25.631637],[-54.548667,-25.625904],[-54.549586,-25.624821],[-54.558106,-25.631637]]]},"properties":{"fid":378,"SITE_ID":555587056,"SITE_PID":"555587056","SITE_TYPE":"PA","NAME_ENG":"Andres Giai","NAME":"Andres Giai","DESIG":"Paisaje Protegido","DESIG_ENG":"Protected Landscape","DESIG_TYPE":"National","IUCN_CAT":"V","INT_CRIT":"Not Applicable","REALM":"Terrestrial","REP_M_AREA":0,"GIS_M_AREA":0,"REP_AREA":0.12,"GIS_AREA":0.117111468207954,"NO_TAKE":"Not Applicable","NO_TK_AREA":0,"STATUS":"Designated","STATUS_YR":1997,"GOV_TYPE":"Not Reported","GOVSUBTYPE":"Not Applicable","OWN_TYPE":"Not Reported","OWNSUBTYPE":"Not Applicable","MANG_AUTH":"Not Reported","MANG_PLAN":"Not Reported","VERIF":"State Verified","METADATAID":1852,"PRNT_ISO3":"ARG","ISO3":"ARG","SUPP_INFO":"Not Applicable","CONS_OBJ":"Not Applicable","INLND_WTRS":"Not Reported","OECM_ASMT":"Not Applicable","layer":"WDPA_W~1","path":"C:/DATAS/PRO/GIS/ARGENT~1/RAW/WDPA_W~1/WDPA_W~2/WDPA_W~1.SHP"}},
{"type":"Feature","geometry":{"type":"Polygon","coordinates":[[[-54.325041,-26.489532],[-54.324962,-26.440519],[-54.347279,-26.440323],[-54.350346,-26.503976],[-54.331345,-26.504432],[-54.338967,-26.49121],[-54.325041,-26.489532]]]},"properties":{"fid":379,"SITE_ID":555587057,"SITE_PID":"555587057","SITE_TYPE":"PA","NAME_ENG":"Tomo","NAME":"Tomo","DESIG":"Reserva Privada","DESIG_ENG":"Private Reserve","DESIG_TYPE":"National","IUCN_CAT":"VI","INT_CRIT":"Not Applicable","REALM":"Terrestrial","REP_M_AREA":0,"GIS_M_AREA":0,"REP_AREA":14.41,"GIS_AREA":15.2168901644788,"NO_TAKE":"Not Applicable","NO_TK_AREA":0,"STATUS":"Designated","STATUS_YR":1997,"GOV_TYPE":"Not Reported","GOVSUBTYPE":"Not Applicable","OWN_TYPE":"Not Reported","OWNSUBTYPE":"Not Applicable","MANG_AUTH":"Not Reported","MANG_PLAN":"Not Reported","VERIF":"State Verified","METADATAID":1852,"PRNT_ISO3":"ARG","ISO3":"ARG","SUPP_INFO":"Not Applicable","CONS_OBJ":"Not Applicable","INLND_WTRS":"Not Reported","OECM_ASMT":"Not Applicable","layer":"WDPA_W~1","path":"C:/DATAS/PRO/GIS/ARGENT~1/RAW/WDPA_W~1/WDPA_W~2/WDPA_W~1.SHP"}},
{"type":"Feature","geometry":{"type":"Polygon","coordinates":[[[-55.149907,-27.207168],[-55.149592,-27.175812],[-55.162434,-27.175704],[-55.162552,-27.206973],[-55.149907,-27.207168]]]},"properties":{"fid":380,"SITE_ID":555587058,"SITE_PID":"555587058","SITE_TYPE":"PA","NAME_ENG":"El Paraíso","NAME":"El Paraíso","DESIG":"Reserva Privada","DESIG_ENG":"Private Reserve","DESIG_TYPE":"National","IUCN_CAT":"VI","INT_CRIT":"Not Applicable","REALM":"Terrestrial","REP_M_AREA":0,"GIS_M_AREA":0,"REP_AREA":4.4,"GIS_AREA":4.38163764098133,"NO_TAKE":"Not Applicable","NO_TK_AREA":0,"STATUS":"Designated","STATUS_YR":1998,"GOV_TYPE":"Not Reported","GOVSUBTYPE":"Not Applicable","OWN_TYPE":"Not Reported","OWNSUBTYPE":"Not Applicable","MANG_AUTH":"Not Reported","MANG_PLAN":"Not Reported","VERIF":"State Verified","METADATAID":1852,"PRNT_ISO3":"ARG","ISO3":"ARG","SUPP_INFO":"Not Applicable","CONS_OBJ":"Not Applicable","INLND_WTRS":"Not Reported","OECM_ASMT":"Not Applicable","layer":"WDPA_W~1","path":"C:/DATAS/PRO/GIS/ARGENT~1/RAW/WDPA_W~1/WDPA_W~2/WDPA_W~1.SHP"}},
{"type":"Feature","geometry":{"type":"Polygon","coordinates":[[[-54.098243,-25.499689],[-54.119987,-25.506008],[-54.108148,-25.508087],[-54.098243,-25.499689]]]},"properties":{"fid":381,"SITE_ID":555587059,"SITE_PID":"555587059","SITE_TYPE":"PA","NAME_ENG":"Ingeniero Agrónomo Roberto Cametti","NAME":"Ingeniero Agrónomo Roberto Cametti","DESIG":"Parque Provincial","DESIG_ENG":"Provincial Park","DESIG_TYPE":"National","IUCN_CAT":"II","INT_CRIT":"Not Applicable","REALM":"Terrestrial","REP_M_AREA":0,"GIS_M_AREA":0,"REP_AREA":1.36,"GIS_AREA":1.30255386315908,"NO_TAKE":"Not Applicable","NO_TK_AREA":0,"STATUS":"Designated","STATUS_YR":2001,"GOV_TYPE":"Not Reported","GOVSUBTYPE":"Not Applicable","OWN_TYPE":"Not Reported","OWNSUBTYPE":"Not Applicable","MANG_AUTH":"Not Reported","MANG_PLAN":"Not Reported","VERIF":"State Verified","METADATAID":1852,"PRNT_ISO3":"ARG","ISO3":"ARG","SUPP_INFO":"Not Applicable","CONS_OBJ":"Not Applicable","INLND_WTRS":"Not Reported","OECM_ASMT":"Not Applicable","layer":"WDPA_W~1","path":"C:/DATAS/PRO/GIS/ARGENT~1/RAW/WDPA_W~1/WDPA_W~2/WDPA_W~1.SHP"}},
{"type":"Feature","geometry":{"type":"Polygon","coordinates":[[[-54.288395,-26.691622],[-54.283571,-26.705462],[-54.262451,-26.69861],[-54.270142,-26.68424],[-54.288395,-26.691622]]]},"properties":{"fid":382,"SITE_ID":555587060,"SITE_PID":"555587060","SITE_TYPE":"PA","NAME_ENG":"Yaguarundi","NAME":"Yaguarundi","DESIG":"Reserva Privada de Vida Silvestre","DESIG_ENG":"Private Wildlife Refuge","DESIG_TYPE":"National","IUCN_CAT":"II","INT_CRIT":"Not Applicable","REALM":"Terrestrial","REP_M_AREA":0,"GIS_M_AREA":0,"REP_AREA":4,"GIS_AREA":4.026383871281651,"NO_TAKE":"Not Applicable","NO_TK_AREA":0,"STATUS":"Designated","STATUS_YR":2003,"GOV_TYPE":"Not Reported","GOVSUBTYPE":"Not Applicable","OWN_TYPE":"Not Reported","OWNSUBTYPE":"Not Applicable","MANG_AUTH":"Not Reported","MANG_PLAN":"Not Reported","VERIF":"State Verified","METADATAID":1852,"PRNT_ISO3":"ARG","ISO3":"ARG","SUPP_INFO":"Not Applicable","CONS_OBJ":"Not Applicable","INLND_WTRS":"Not Reported","OECM_ASMT":"Not Applicable","layer":"WDPA_W~1","path":"C:/DATAS/PRO/GIS/ARGENT~1/RAW/WDPA_W~1/WDPA_W~2/WDPA_W~1.SHP"}},
{"type":"Feature","geometry":{"type":"Polygon","coordinates":[[[-55.204329,-27.406982],[-55.200382,-27.404473],[-55.205852,-27.397203],[-55.204329,-27.406982]]]},"properties":{"fid":383,"SITE_ID":555587061,"SITE_PID":"555587061","SITE_TYPE":"PA","NAME_ENG":"Paraje los Indios","NAME":"Paraje los Indios","DESIG":"Parque Natural Municipal","DESIG_ENG":"Municipal Nature Park","DESIG_TYPE":"National","IUCN_CAT":"II","INT_CRIT":"Not Applicable","REALM":"Terrestrial","REP_M_AREA":0,"GIS_M_AREA":0,"REP_AREA":0.11,"GIS_AREA":0.205542134136915,"NO_TAKE":"Not Applicable","NO_TK_AREA":0,"STATUS":"Designated","STATUS_YR":1989,"GOV_TYPE":"Not Reported","GOVSUBTYPE":"Not Applicable","OWN_TYPE":"Not Reported","OWNSUBTYPE":"Not Applicable","MANG_AUTH":"Not Reported","MANG_PLAN":"Not Reported","VERIF":"State Verified","METADATAID":1852,"PRNT_ISO3":"ARG","ISO3":"ARG","SUPP_INFO":"Not Applicable","CONS_OBJ":"Not Applicable","INLND_WTRS":"Not Reported","OECM_ASMT":"Not Applicable","layer":"WDPA_W~1","path":"C:/DATAS/PRO/GIS/ARGENT~1/RAW/WDPA_W~1/WDPA_W~2/WDPA_W~1.SHP"}},
{"type":"Feature","geometry":{"type":"Polygon","coordinates":[[[-54.003852,-26.351653],[-54.003994,-26.390748],[-53.990311,-26.390748],[-53.990269,-26.354438],[-54.003852,-26.351653]]]},"properties":{"fid":384,"SITE_ID":555587062,"SITE_PID":"555587062","SITE_TYPE":"PA","NAME_ENG":"Julian Freaza","NAME":"Julian Freaza","DESIG":"Reserva Privada","DESIG_ENG":"Private Reserve","DESIG_TYPE":"National","IUCN_CAT":"VI","INT_CRIT":"Not Applicable","REALM":"Terrestrial","REP_M_AREA":0,"GIS_M_AREA":0,"REP_AREA":6.4153,"GIS_AREA":6.2279658547503,"NO_TAKE":"Not Applicable","NO_TK_AREA":0,"STATUS":"Designated","STATUS_YR":2003,"GOV_TYPE":"Not Reported","GOVSUBTYPE":"Not Applicable","OWN_TYPE":"Not Reported","OWNSUBTYPE":"Not Applicable","MANG_AUTH":"Not Reported","MANG_PLAN":"Not Reported","VERIF":"State Verified","METADATAID":1852,"PRNT_ISO3":"ARG","ISO3":"ARG","SUPP_INFO":"Not Applicable","CONS_OBJ":"Not Applicable","INLND_WTRS":"Not Reported","OECM_ASMT":"Not Applicable","layer":"WDPA_W~1","path":"C:/DATAS/PRO/GIS/ARGENT~1/RAW/WDPA_W~1/WDPA_W~2/WDPA_W~1.SHP"}},
{"type":"Feature","geometry":{"type":"Polygon","coordinates":[[[-54.411503,-25.900491],[-54.402323,-25.884126],[-54.421167,-25.89158],[-54.411503,-25.900491]]]},"properties":{"fid":385,"SITE_ID":555587063,"SITE_PID":"555587063","SITE_TYPE":"PA","NAME_ENG":"Isla Palacios","NAME":"Isla Palacios","DESIG":"Monumento Natural","DESIG_ENG":"Nature Monument","DESIG_TYPE":"National","IUCN_CAT":"III","INT_CRIT":"Not Applicable","REALM":"Terrestrial","REP_M_AREA":0,"GIS_M_AREA":0,"REP_AREA":1.6761,"GIS_AREA":1.6760501165093,"NO_TAKE":"Not Applicable","NO_TK_AREA":0,"STATUS":"Designated","STATUS_YR":1996,"GOV_TYPE":"Not Reported","GOVSUBTYPE":"Not Applicable","OWN_TYPE":"Not Reported","OWNSUBTYPE":"Not Applicable","MANG_AUTH":"Not Reported","MANG_PLAN":"Not Reported","VERIF":"State Verified","METADATAID":1852,"PRNT_ISO3":"ARG","ISO3":"ARG","SUPP_INFO":"Not Applicable","CONS_OBJ":"Not Applicable","INLND_WTRS":"Not Reported","OECM_ASMT":"Not Applicable","layer":"WDPA_W~1","path":"C:/DATAS/PRO/GIS/ARGENT~1/RAW/WDPA_W~1/WDPA_W~2/WDPA_W~1.SHP"}},
{"type":"Feature","geometry":{"type":"Polygon","coordinates":[[[-55.004382,-27.47884],[-54.999294,-27.469854],[-55.007374,-27.475132],[-55.004382,-27.47884]]]},"properties":{"fid":386,"SITE_ID":555587064,"SITE_PID":"555587064","SITE_TYPE":"PA","NAME_ENG":"Ing. Barney","NAME":"Ing. Barney","DESIG":"Reserva Privada","DESIG_ENG":"Private Reserve","DESIG_TYPE":"National","IUCN_CAT":"VI","INT_CRIT":"Not Applicable","REALM":"Terrestrial","REP_M_AREA":0,"GIS_M_AREA":0,"REP_AREA":0.5,"GIS_AREA":0.500356144059913,"NO_TAKE":"Not Applicable","NO_TK_AREA":0,"STATUS":"Designated","STATUS_YR":2000,"GOV_TYPE":"Not Reported","GOVSUBTYPE":"Not Applicable","OWN_TYPE":"Not Reported","OWNSUBTYPE":"Not Applicable","MANG_AUTH":"Not Reported","MANG_PLAN":"Not Reported","VERIF":"State Verified","METADATAID":1852,"PRNT_ISO3":"ARG","ISO3":"ARG","SUPP_INFO":"Not Applicable","CONS_OBJ":"Not Applicable","INLND_WTRS":"Not Reported","OECM_ASMT":"Not Applicable","layer":"WDPA_W~1","path":"C:/DATAS/PRO/GIS/ARGENT~1/RAW/WDPA_W~1/WDPA_W~2/WDPA_W~1.SHP"}},
{"type":"Feature","geometry":{"type":"Polygon","coordinates":[[[-54.066154,-25.797814],[-54.069629,-25.787463],[-54.072745,-25.789052],[-54.066154,-25.797814]]]},"properties":{"fid":387,"SITE_ID":555587065,"SITE_PID":"555587065","SITE_TYPE":"PA","NAME_ENG":"Caa Pora","NAME":"Caa Pora","DESIG":"Reserva Privada","DESIG_ENG":"Private Reserve","DESIG_TYPE":"National","IUCN_CAT":"Not Reported","INT_CRIT":"Not Applicable","REALM":"Terrestrial","REP_M_AREA":0,"GIS_M_AREA":0,"REP_AREA":0.41,"GIS_AREA":0.395956460618172,"NO_TAKE":"Not Applicable","NO_TK_AREA":0,"STATUS":"Designated","STATUS_YR":1990,"GOV_TYPE":"Not Reported","GOVSUBTYPE":"Not Applicable","OWN_TYPE":"Not Reported","OWNSUBTYPE":"Not Applicable","MANG_AUTH":"Not Reported","MANG_PLAN":"Not Reported","VERIF":"State Verified","METADATAID":1852,"PRNT_ISO3":"ARG","ISO3":"ARG","SUPP_INFO":"Not Applicable","CONS_OBJ":"Not Applicable","INLND_WTRS":"Not Reported","OECM_ASMT":"Not Applicable","layer":"WDPA_W~1","path":"C:/DATAS/PRO/GIS/ARGENT~1/RAW/WDPA_W~1/WDPA_W~2/WDPA_W~1.SHP"}},
{"type":"Feature","geometry":{"type":"Polygon","coordinates":[[[-54.549151,-26.959554],[-54.539026,-26.95349],[-54.548327,-26.940837],[-54.549151,-26.959554]]]},"properties":{"fid":388,"SITE_ID":555587066,"SITE_PID":"555587066","SITE_TYPE":"PA","NAME_ENG":"La Ponderosa","NAME":"La Ponderosa","DESIG":"Reserva Privada","DESIG_ENG":"Private Reserve","DESIG_TYPE":"National","IUCN_CAT":"Not Reported","INT_CRIT":"Not Applicable","REALM":"Terrestrial","REP_M_AREA":0,"GIS_M_AREA":0,"REP_AREA":1.99,"GIS_AREA":1.98874249828817,"NO_TAKE":"Not Applicable","NO_TK_AREA":0,"STATUS":"Designated","STATUS_YR":2004,"GOV_TYPE":"Not Reported","GOVSUBTYPE":"Not Applicable","OWN_TYPE":"Not Reported","OWNSUBTYPE":"Not Applicable","MANG_AUTH":"Not Reported","MANG_PLAN":"Not Reported","VERIF":"State Verified","METADATAID":1852,"PRNT_ISO3":"ARG","ISO3":"ARG","SUPP_INFO":"Not Applicable","CONS_OBJ":"Not Applicable","INLND_WTRS":"Not Reported","OECM_ASMT":"Not Applicable","layer":"WDPA_W~1","path":"C:/DATAS/PRO/GIS/ARGENT~1/RAW/WDPA_W~1/WDPA_W~2/WDPA_W~1.SHP"}},
{"type":"Feature","geometry":{"type":"Polygon","coordinates":[[[-54.214311,-25.848362],[-54.183832,-25.835735],[-54.175106,-25.849339],[-54.169492,-25.837152],[-54.167013,-25.79347],[-54.210214,-25.792259],[-54.214311,-25.848362]]]},"properties":{"fid":389,"SITE_ID":555587067,"SITE_PID":"555587067","SITE_TYPE":"PA","NAME_ENG":"Uruzu","NAME":"Uruzu","DESIG":"Parque Provincial","DESIG_ENG":"Provincial Park","DESIG_TYPE":"National","IUCN_CAT":"II","INT_CRIT":"Not Applicable","REALM":"Terrestrial","REP_M_AREA":0,"GIS_M_AREA":0,"REP_AREA":24.9412,"GIS_AREA":24.8831128173702,"NO_TAKE":"Not Applicable","NO_TK_AREA":0,"STATUS":"Designated","STATUS_YR":2004,"GOV_TYPE":"Not Reported","GOVSUBTYPE":"Not Applicable","OWN_TYPE":"Not Reported","OWNSUBTYPE":"Not Applicable","MANG_AUTH":"Not Reported","MANG_PLAN":"Not Reported","VERIF":"State Verified","METADATAID":1852,"PRNT_ISO3":"ARG","ISO3":"ARG","SUPP_INFO":"Not Applicable","CONS_OBJ":"Not Applicable","INLND_WTRS":"Not Reported","OECM_ASMT":"Not Applicable","layer":"WDPA_W~1","path":"C:/DATAS/PRO/GIS/ARGENT~1/RAW/WDPA_W~1/WDPA_W~2/WDPA_W~1.SHP"}},
{"type":"Feature","geometry":{"type":"Polygon","coordinates":[[[-54.126441,-25.553518],[-54.11974,-25.542365],[-54.123582,-25.544632],[-54.126441,-25.553518]]]},"properties":{"fid":390,"SITE_ID":555587068,"SITE_PID":"555587068","SITE_TYPE":"PA","NAME_ENG":"Grupo de la Isla","NAME":"Grupo de la Isla","DESIG":"Parque Provincial","DESIG_ENG":"Provincial Park","DESIG_TYPE":"National","IUCN_CAT":"II","INT_CRIT":"Not Applicable","REALM":"Terrestrial","REP_M_AREA":0,"GIS_M_AREA":0,"REP_AREA":0.15,"GIS_AREA":0.171576924688353,"NO_TAKE":"Not Applicable","NO_TK_AREA":0,"STATUS":"Designated","STATUS_YR":2005,"GOV_TYPE":"Not Reported","GOVSUBTYPE":"Not Applicable","OWN_TYPE":"Not Reported","OWNSUBTYPE":"Not Applicable","MANG_AUTH":"Not Reported","MANG_PLAN":"Not Reported","VERIF":"State Verified","METADATAID":1852,"PRNT_ISO3":"ARG","ISO3":"ARG","SUPP_INFO":"Not Applicable","CONS_OBJ":"Not Applicable","INLND_WTRS":"Not Reported","OECM_ASMT":"Not Applicable","layer":"WDPA_W~1","path":"C:/DATAS/PRO/GIS/ARGENT~1/RAW/WDPA_W~1/WDPA_W~2/WDPA_W~1.SHP"}},
{"type":"Feature","geometry":{"type":"Polygon","coordinates":[[[-54.258485,-27.140269],[-54.235029,-27.191991],[-54.200398,-27.175099],[-54.223706,-27.174406],[-54.206545,-27.158032],[-54.224852,-27.12281],[-54.258485,-27.140269]]]},"properties":{"fid":391,"SITE_ID":555587069,"SITE_PID":"555587069","SITE_TYPE":"PA","NAME_ENG":"Guaramboca","NAME":"Guaramboca","DESIG":"Parque Provincial","DESIG_ENG":"Provincial Park","DESIG_TYPE":"National","IUCN_CAT":"II","INT_CRIT":"Not Applicable","REALM":"Terrestrial","REP_M_AREA":0,"GIS_M_AREA":0,"REP_AREA":20.84,"GIS_AREA":21.6949473470669,"NO_TAKE":"Not Applicable","NO_TK_AREA":0,"STATUS":"Designated","STATUS_YR":2006,"GOV_TYPE":"Not Reported","GOVSUBTYPE":"Not Applicable","OWN_TYPE":"Not Reported","OWNSUBTYPE":"Not Applicable","MANG_AUTH":"Not Reported","MANG_PLAN":"Not Reported","VERIF":"State Verified","METADATAID":1852,"PRNT_ISO3":"ARG","ISO3":"ARG","SUPP_INFO":"Not Applicable","CONS_OBJ":"Not Applicable","INLND_WTRS":"Not Reported","OECM_ASMT":"Not Applicable","layer":"WDPA_W~1","path":"C:/DATAS/PRO/GIS/ARGENT~1/RAW/WDPA_W~1/WDPA_W~2/WDPA_W~1.SHP"}},
{"type":"Feature","geometry":{"type":"Polygon","coordinates":[[[-54.449869,-25.752411],[-54.501362,-25.730316],[-54.489801,-25.723928],[-54.488046,-25.718086],[-54.488041,-25.716836],[-54.489996,-25.707794],[-54.50618,-25.679786],[-54.524984,-25.664575],[-54.52942,-25.662309],[-54.533529,-25.661591],[-54.534419,-25.661025],[-54.535621,-25.66088],[-54.536195,-25.659155],[-54.537553,-25.657108],[-54.556978,-25.671315],[-54.564408,-25.677207],[-54.575634,-25.748557],[-54.449869,-25.752411]]]},"properties":{"fid":392,"SITE_ID":555587070,"SITE_PID":"555587070","SITE_TYPE":"PA","NAME_ENG":"Puerto Peninsula","NAME":"Puerto Peninsula","DESIG":"Parque Provincial","DESIG_ENG":"Provincial Park","DESIG_TYPE":"National","IUCN_CAT":"II","INT_CRIT":"Not Applicable","REALM":"Terrestrial","REP_M_AREA":0,"GIS_M_AREA":0,"REP_AREA":69,"GIS_AREA":69.8027377067003,"NO_TAKE":"Not Applicable","NO_TK_AREA":0,"STATUS":"Designated","STATUS_YR":2004,"GOV_TYPE":"Not Reported","GOVSUBTYPE":"Not Applicable","OWN_TYPE":"Not Reported","OWNSUBTYPE":"Not Applicable","MANG_AUTH":"Not Reported","MANG_PLAN":"Not Reported","VERIF":"State Verified","METADATAID":1852,"PRNT_ISO3":"ARG","ISO3":"ARG","SUPP_INFO":"Not Applicable","CONS_OBJ":"Not Applicable","INLND_WTRS":"Not Reported","OECM_ASMT":"Not Applicable","layer":"WDPA_W~1","path":"C:/DATAS/PRO/GIS/ARGENT~1/RAW/WDPA_W~1/WDPA_W~2/WDPA_W~1.SHP"}},
{"type":"Feature","geometry":{"type":"Polygon","coordinates":[[[-65.718201,-26.352484],[-65.771607,-26.477968],[-65.791564,-26.633214],[-65.759965,-26.705748],[-65.689188,-26.672112],[-65.674492,-26.59503],[-65.629599,-26.507965],[-65.641414,-26.447551],[-65.611766,-26.410623],[-65.615884,-26.290031],[-65.586655,-26.121319],[-65.674299,-26.117635],[-65.697841,-26.208569],[-65.691892,-26.245679],[-65.713433,-26.284589],[-65.704925,-26.339096],[-65.718201,-26.352484]]]},"properties":{"fid":393,"SITE_ID":555587071,"SITE_PID":"555587071","SITE_TYPE":"PA","NAME_ENG":"Cumbres Calchaquies","NAME":"Cumbres Calchaquies","DESIG":"Parque Provincial","DESIG_ENG":"Provincial Park","DESIG_TYPE":"National","IUCN_CAT":"II","INT_CRIT":"Not Applicable","REALM":"Terrestrial","REP_M_AREA":0,"GIS_M_AREA":0,"REP_AREA":400,"GIS_AREA":679.312394123291,"NO_TAKE":"Not Applicable","NO_TK_AREA":0,"STATUS":"Designated","STATUS_YR":1965,"GOV_TYPE":"Not Reported","GOVSUBTYPE":"Not Applicable","OWN_TYPE":"Not Reported","OWNSUBTYPE":"Not Applicable","MANG_AUTH":"Not Reported","MANG_PLAN":"Not Reported","VERIF":"State Verified","METADATAID":1852,"PRNT_ISO3":"ARG","ISO3":"ARG","SUPP_INFO":"Not Applicable","CONS_OBJ":"Not Applicable","INLND_WTRS":"Not Reported","OECM_ASMT":"Not Applicable","layer":"WDPA_W~1","path":"C:/DATAS/PRO/GIS/ARGENT~1/RAW/WDPA_W~1/WDPA_W~2/WDPA_W~1.SHP"}},
{"type":"Feature","geometry":{"type":"Polygon","coordinates":[[[-64.377266,-24.047006],[-64.426763,-24.12941],[-64.43793,-24.120104],[-64.424749,-24.100403],[-64.456253,-24.106521],[-64.456303,-24.168119],[-64.410399,-24.175618],[-64.413207,-24.140139],[-64.398205,-24.139983],[-64.365326,-24.17949],[-64.33814,-24.082818],[-64.311696,-24.052818],[-64.377266,-24.047006]]]},"properties":{"fid":394,"SITE_ID":555587072,"SITE_PID":"555587072","SITE_TYPE":"PA","NAME_ENG":"Las Lancitas","NAME":"Las Lancitas","DESIG":"Reserva Natural Provincial","DESIG_ENG":"Provincial Nature Reserve","DESIG_TYPE":"National","IUCN_CAT":"VI","INT_CRIT":"Not Applicable","REALM":"Terrestrial","REP_M_AREA":0,"GIS_M_AREA":0,"REP_AREA":95.36,"GIS_AREA":110.8282702076,"NO_TAKE":"Not Applicable","NO_TK_AREA":0,"STATUS":"Designated","STATUS_YR":2002,"GOV_TYPE":"Not Reported","GOVSUBTYPE":"Not Applicable","OWN_TYPE":"Not Reported","OWNSUBTYPE":"Not Applicable","MANG_AUTH":"Not Reported","MANG_PLAN":"Not Reported","VERIF":"State Verified","METADATAID":1852,"PRNT_ISO3":"ARG","ISO3":"ARG","SUPP_INFO":"Not Applicable","CONS_OBJ":"Not Applicable","INLND_WTRS":"Not Reported","OECM_ASMT":"Not Applicable","layer":"WDPA_W~1","path":"C:/DATAS/PRO/GIS/ARGENT~1/RAW/WDPA_W~1/WDPA_W~2/WDPA_W~1.SHP"}},
{"type":"Feature","geometry":{"type":"Polygon","coordinates":[[[-64.570328,-22.692684],[-64.539087,-22.711183],[-64.518204,-22.755804],[-64.521149,-22.831221],[-64.502725,-22.866508],[-64.487106,-22.865433],[-64.502372,-22.881321],[-64.49734,-22.907578],[-64.462466,-22.896004],[-64.444012,-22.911905],[-64.47011,-22.681581],[-64.570328,-22.692684]]]},"properties":{"fid":395,"SITE_ID":555587073,"SITE_PID":"555587073","SITE_TYPE":"PA","NAME_ENG":"Laguna Pintascayo","NAME":"Laguna Pintascayo","DESIG":"Parque Provincial","DESIG_ENG":"Provincial Park","DESIG_TYPE":"National","IUCN_CAT":"II","INT_CRIT":"Not Applicable","REALM":"Terrestrial","REP_M_AREA":0,"GIS_M_AREA":0,"REP_AREA":121.38,"GIS_AREA":158.108889856201,"NO_TAKE":"Not Applicable","NO_TK_AREA":0,"STATUS":"Designated","STATUS_YR":2000,"GOV_TYPE":"Not Reported","GOVSUBTYPE":"Not Applicable","OWN_TYPE":"Not Reported","OWNSUBTYPE":"Not Applicable","MANG_AUTH":"Not Reported","MANG_PLAN":"Not Reported","VERIF":"State Verified","METADATAID":1852,"PRNT_ISO3":"ARG","ISO3":"ARG","SUPP_INFO":"Not Applicable","CONS_OBJ":"Not Applicable","INLND_WTRS":"Not Reported","OECM_ASMT":"Not Applicable","layer":"WDPA_W~1","path":"C:/DATAS/PRO/GIS/ARGENT~1/RAW/WDPA_W~1/WDPA_W~2/WDPA_W~1.SHP"}},
{"type":"Feature","geometry":{"type":"MultiPolygon","coordinates":[[[[-65.558236,-24.692922],[-65.59473,-24.707021],[-65.598521,-24.801686],[-65.541912,-24.817941],[-65.526776,-24.784101],[-65.475304,-24.785874],[-65.479952,-24.783429],[-65.482475,-24.778936],[-65.485189,-24.762325],[-65.483706,-24.754153],[-65.515071,-24.743853],[-65.558236,-24.692922]]],[[[-65.480658,-24.780848],[-65.474712,-24.784327],[-65.466837,-24.767282],[-65.483992,-24.766193],[-65.480658,-24.780848]]]]},"properties":{"fid":396,"SITE_ID":555587074,"SITE_PID":"555587074","SITE_TYPE":"PA","NAME_ENG":"Finca Las Costas","NAME":"Finca Las Costas","DESIG":"Reserva Natural de Uso Múltiple","DESIG_ENG":"Multiple Use Nature Reserve","DESIG_TYPE":"National","IUCN_CAT":"VI","INT_CRIT":"Not Applicable","REALM":"Terrestrial","REP_M_AREA":0,"GIS_M_AREA":0,"REP_AREA":105.14,"GIS_AREA":108.087262037636,"NO_TAKE":"Not Applicable","NO_TK_AREA":0,"STATUS":"Designated","STATUS_YR":1995,"GOV_TYPE":"Not Reported","GOVSUBTYPE":"Not Applicable","OWN_TYPE":"Not Reported","OWNSUBTYPE":"Not Applicable","MANG_AUTH":"Not Reported","MANG_PLAN":"Not Reported","VERIF":"State Verified","METADATAID":1852,"PRNT_ISO3":"ARG","ISO3":"ARG","SUPP_INFO":"Not Applicable","CONS_OBJ":"Not Applicable","INLND_WTRS":"Not Reported","OECM_ASMT":"Not Applicable","layer":"WDPA_W~1","path":"C:/DATAS/PRO/GIS/ARGENT~1/RAW/WDPA_W~1/WDPA_W~2/WDPA_W~1.SHP"}},
{"type":"Feature","geometry":{"type":"Polygon","coordinates":[[[-65.070165,-23.19916],[-65.059194,-23.188197],[-65.054877,-23.1798],[-65.049124,-23.170523],[-65.048039,-23.167179],[-65.044969,-23.162274],[-65.043895,-23.155568],[-65.070504,-23.133679],[-65.061296,-23.116842],[-65.066204,-23.089336],[-65.060102,-23.068123],[-65.062177,-23.064141],[-65.064969,-23.063184],[-65.066699,-23.061629],[-65.069102,-23.058349],[-65.069563,-23.057322],[-65.0696,-23.053918],[-65.069094,-23.05316],[-65.068216,-23.051207],[-65.066343,-23.049056],[-65.067502,-23.043547],[-65.085973,-23.027854],[-65.089605,-23.026165],[-65.096389,-23.02476],[-65.101834,-23.025061],[-65.106705,-23.025004],[-65.122368,-23.016589],[-65.129001,-23.010002],[-65.131208,-23.004364],[-65.135219,-23.001613],[-65.142283,-23.002109],[-65.145973,-23.000743],[-65.153648,-22.995019],[-65.157599,-22.990303],[-65.161244,-22.98784],[-65.166497,-22.986404],[-65.169214,-22.985049],[-65.172401,-22.982859],[-65.176725,-22.980701],[-65.237339,-22.913738],[-65.270274,-22.89529],[-65.276267,-22.888193],[-65.278459,-22.88212],[-65.277096,-22.875158],[-65.27531,-22.868491],[-65.278383,-22.827128],[-65.277034,-22.822926],[-65.27725,-22.818135],[-65.27599,-22.814879],[-65.276543,-22.80717],[-65.274135,-22.789417],[-65.302587,-22.762791],[-65.305091,-22.724962],[-65.271339,-22.650642],[-65.349248,-22.60477],[-65.410903,-22.745],[-65.442728,-22.763104],[-65.507331,-22.765344],[-65.52334,-22.825911],[-65.577339,-22.860953],[-65.609263,-22.922827],[-65.672403,-22.954842],[-65.694427,-22.993835],[-65.704568,-23.065426],[-65.692891,-23.086918],[-65.736955,-23.229956],[-65.720605,-23.270728],[-65.744253,-23.319644],[-65.730747,-23.351523],[-65.74273,-23.412589],[-65.690127,-23.375769],[-65.648808,-23.378669],[-65.586278,-23.427476],[-65.569087,-23.46221],[-65.566761,-23.543785],[-65.618396,-23.567755],[-65.627921,-23.628854],[-65.66018,-23.658721],[-65.671392,-23.701944],[-65.6519,-23.731694],[-65.67116,-23.794301],[-65.635371,-23.856784],[-65.575421,-23.864078],[-65.576846,-23.923666],[-65.545912,-23.965285],[-65.472879,-23.987395],[-65.425691,-24.025954],[-65.393335,-24.009444],[-65.4086,-23.862038],[-65.34802,-23.668149],[-65.354584,-23.648812],[-65.306255,-23.614342],[-65.32131,-23.516095],[-65.306951,-23.48177],[-65.311438,-23.430353],[-65.338558,-23.39101],[-65.168607,-23.315731],[-65.084345,-23.196952],[-65.070165,-23.19916]]]},"properties":{"fid":397,"SITE_ID":555587075,"SITE_PID":"555587075","SITE_TYPE":"PA","NAME_ENG":"Quebrada de Humahuaca","NAME":"Quebrada de Humahuaca","DESIG":"Paisaje Protegido","DESIG_ENG":"Protected Landscape","DESIG_TYPE":"National","IUCN_CAT":"V","INT_CRIT":"Not Applicable","REALM":"Terrestrial","REP_M_AREA":0,"GIS_M_AREA":0,"REP_AREA":5417.65,"GIS_AREA":5460.31130683013,"NO_TAKE":"Not Applicable","NO_TK_AREA":0,"STATUS":"Designated","STATUS_YR":2000,"GOV_TYPE":"Not Reported","GOVSUBTYPE":"Not Applicable","OWN_TYPE":"Not Reported","OWNSUBTYPE":"Not Applicable","MANG_AUTH":"Not Reported","MANG_PLAN":"Not Reported","VERIF":"State Verified","METADATAID":1852,"PRNT_ISO3":"ARG","ISO3":"ARG","SUPP_INFO":"Not Applicable","CONS_OBJ":"Not Applicable","INLND_WTRS":"Not Reported","OECM_ASMT":"Not Applicable","layer":"WDPA_W~1","path":"C:/DATAS/PRO/GIS/ARGENT~1/RAW/WDPA_W~1/WDPA_W~2/WDPA_W~1.SHP"}},
{"type":"Feature","geometry":{"type":"Polygon","coordinates":[[[-66.10256,-25.61282],[-66.123625,-25.618707],[-66.158596,-25.715813],[-66.183167,-25.722778],[-66.211115,-25.802608],[-66.203881,-25.820871],[-66.183743,-25.795673],[-66.128564,-25.795017],[-66.098255,-25.757012],[-66.075061,-25.691836],[-66.10256,-25.61282]]]},"properties":{"fid":398,"SITE_ID":555587076,"SITE_PID":"555587076","SITE_TYPE":"PA","NAME_ENG":"Angastaco","NAME":"Angastaco","DESIG":"Monumento Natural","DESIG_ENG":"Nature Monument","DESIG_TYPE":"National","IUCN_CAT":"III","INT_CRIT":"Not Applicable","REALM":"Terrestrial","REP_M_AREA":0,"GIS_M_AREA":0,"REP_AREA":131.75,"GIS_AREA":137.417737622217,"NO_TAKE":"Not Applicable","NO_TK_AREA":0,"STATUS":"Designated","STATUS_YR":1995,"GOV_TYPE":"Not Reported","GOVSUBTYPE":"Not Applicable","OWN_TYPE":"Not Reported","OWNSUBTYPE":"Not Applicable","MANG_AUTH":"Not Reported","MANG_PLAN":"Not Reported","VERIF":"State Verified","METADATAID":1852,"PRNT_ISO3":"ARG","ISO3":"ARG","SUPP_INFO":"Not Applicable","CONS_OBJ":"Not Applicable","INLND_WTRS":"Not Reported","OECM_ASMT":"Not Applicable","layer":"WDPA_W~1","path":"C:/DATAS/PRO/GIS/ARGENT~1/RAW/WDPA_W~1/WDPA_W~2/WDPA_W~1.SHP"}},
{"type":"Feature","geometry":{"type":"Polygon","coordinates":[[[-65.726375,-25.591302],[-65.763967,-25.623178],[-65.764447,-25.667176],[-65.786596,-25.666457],[-65.795626,-25.687867],[-65.802711,-25.791217],[-65.793551,-25.883823],[-65.805626,-25.915268],[-65.752318,-25.972549],[-65.775798,-25.973816],[-65.796496,-26.007345],[-65.88945,-26.025115],[-65.92737,-26.060121],[-65.90923,-26.07972],[-65.916572,-26.098956],[-65.76111,-26.098287],[-65.745918,-26.120717],[-65.695111,-26.140639],[-65.663011,-26.057126],[-65.632946,-26.030567],[-65.627165,-25.979317],[-65.647,-25.952825],[-65.629295,-25.896661],[-65.640795,-25.842139],[-65.625464,-25.779682],[-65.649108,-25.676025],[-65.612707,-25.623577],[-65.71699,-25.606289],[-65.726375,-25.591302]]]},"properties":{"fid":399,"SITE_ID":555587077,"SITE_PID":"555587077","SITE_TYPE":"PA","NAME_ENG":"Quebrada de Cafayate","NAME":"Quebrada de Cafayate","DESIG":"Reserva Natural Manejada","DESIG_ENG":"Managed Nature Reserve","DESIG_TYPE":"National","IUCN_CAT":"VI","INT_CRIT":"Not Applicable","REALM":"Terrestrial","REP_M_AREA":0,"GIS_M_AREA":0,"REP_AREA":258.74,"GIS_AREA":953.298762234475,"NO_TAKE":"Not Applicable","NO_TK_AREA":0,"STATUS":"Designated","STATUS_YR":1995,"GOV_TYPE":"Not Reported","GOVSUBTYPE":"Not Applicable","OWN_TYPE":"Not Reported","OWNSUBTYPE":"Not Applicable","MANG_AUTH":"Not Reported","MANG_PLAN":"Not Reported","VERIF":"State Verified","METADATAID":1852,"PRNT_ISO3":"ARG","ISO3":"ARG","SUPP_INFO":"Not Applicable","CONS_OBJ":"Not Applicable","INLND_WTRS":"Not Reported","OECM_ASMT":"Not Applicable","layer":"WDPA_W~1","path":"C:/DATAS/PRO/GIS/ARGENT~1/RAW/WDPA_W~1/WDPA_W~2/WDPA_W~1.SHP"}},
{"type":"Feature","geometry":{"type":"Polygon","coordinates":[[[-68.89352,-31.948334],[-68.843086,-32.12441],[-68.724522,-32.002307],[-68.705057,-31.949219],[-68.89352,-31.948334]]]},"properties":{"fid":400,"SITE_ID":555587078,"SITE_PID":"555587078","SITE_TYPE":"PA","NAME_ENG":"Pedernal","NAME":"Pedernal","DESIG":"Paisaje Protegido","DESIG_ENG":"Protected Landscape","DESIG_TYPE":"National","IUCN_CAT":"V","INT_CRIT":"Not Applicable","REALM":"Terrestrial","REP_M_AREA":0,"GIS_M_AREA":0,"REP_AREA":177,"GIS_AREA":193.695056209016,"NO_TAKE":"Not Applicable","NO_TK_AREA":0,"STATUS":"Designated","STATUS_YR":2000,"GOV_TYPE":"Not Reported","GOVSUBTYPE":"Not Applicable","OWN_TYPE":"Not Reported","OWNSUBTYPE":"Not Applicable","MANG_AUTH":"Not Reported","MANG_PLAN":"Not Reported","VERIF":"State Verified","METADATAID":1852,"PRNT_ISO3":"ARG","ISO3":"ARG","SUPP_INFO":"Not Applicable","CONS_OBJ":"Not Applicable","INLND_WTRS":"Not Reported","OECM_ASMT":"Not Applicable","layer":"WDPA_W~1","path":"C:/DATAS/PRO/GIS/ARGENT~1/RAW/WDPA_W~1/WDPA_W~2/WDPA_W~1.SHP"}},
{"type":"Feature","geometry":{"type":"Polygon","coordinates":[[[-68.604167,-30.05604],[-68.61784,-30.148822],[-68.648116,-30.21621],[-68.568031,-30.220117],[-68.533849,-30.149798],[-68.529942,-30.057017],[-68.604167,-30.05604]]]},"properties":{"fid":401,"SITE_ID":555587079,"SITE_PID":"555587079","SITE_TYPE":"PA","NAME_ENG":"La Ciénaga","NAME":"La Ciénaga","DESIG":"Área Natural Protegida","DESIG_ENG":"Protected Nature Area","DESIG_TYPE":"National","IUCN_CAT":"VI","INT_CRIT":"Not Applicable","REALM":"Terrestrial","REP_M_AREA":0,"GIS_M_AREA":0,"REP_AREA":96,"GIS_AREA":139.661538285572,"NO_TAKE":"Not Applicable","NO_TK_AREA":0,"STATUS":"Designated","STATUS_YR":2005,"GOV_TYPE":"Not Reported","GOVSUBTYPE":"Not Applicable","OWN_TYPE":"Not Reported","OWNSUBTYPE":"Not Applicable","MANG_AUTH":"Not Reported","MANG_PLAN":"Not Reported","VERIF":"State Verified","METADATAID":1852,"PRNT_ISO3":"ARG","ISO3":"ARG","SUPP_INFO":"Not Applicable","CONS_OBJ":"Not Applicable","INLND_WTRS":"Not Reported","OECM_ASMT":"Not Applicable","layer":"WDPA_W~1","path":"C:/DATAS/PRO/GIS/ARGENT~1/RAW/WDPA_W~1/WDPA_W~2/WDPA_W~1.SHP"}},
{"type":"Feature","geometry":{"type":"Polygon","coordinates":[[[-68.920509,-32.543915],[-68.964996,-32.459952],[-68.948732,-32.439979],[-68.981777,-32.429342],[-68.996924,-32.434996],[-69.023587,-32.443729],[-69.03995,-32.446808],[-69.049895,-32.457966],[-69.116555,-32.438851],[-69.111816,-32.45729],[-69.115455,-32.509823],[-69.142919,-32.519591],[-69.150919,-32.553048],[-69.147044,-32.586331],[-69.162217,-32.599885],[-69.155804,-32.621057],[-69.149227,-32.624916],[-69.140736,-32.676189],[-69.114822,-32.705381],[-69.088919,-32.718115],[-69.079094,-32.712326],[-69.063345,-32.70639],[-69.029688,-32.702027],[-69.009917,-32.673912],[-68.993073,-32.679334],[-68.882142,-32.700877],[-68.865637,-32.693849],[-68.807259,-32.696087],[-68.840433,-32.666445],[-68.865255,-32.62153],[-68.898836,-32.580992],[-68.920509,-32.543915]]]},"properties":{"fid":402,"SITE_ID":555587080,"SITE_PID":"555587080","SITE_TYPE":"PA","NAME_ENG":"Villavicencio","NAME":"Villavicencio","DESIG":"Reserva Privada","DESIG_ENG":"Private Reserve","DESIG_TYPE":"National","IUCN_CAT":"Not Reported","INT_CRIT":"Not Applicable","REALM":"Terrestrial","REP_M_AREA":0,"GIS_M_AREA":0,"REP_AREA":620,"GIS_AREA":624.2923581307481,"NO_TAKE":"Not Applicable","NO_TK_AREA":0,"STATUS":"Designated","STATUS_YR":2000,"GOV_TYPE":"Not Reported","GOVSUBTYPE":"Not Applicable","OWN_TYPE":"Not Reported","OWNSUBTYPE":"Not Applicable","MANG_AUTH":"Not Reported","MANG_PLAN":"Not Reported","VERIF":"State Verified","METADATAID":1852,"PRNT_ISO3":"ARG","ISO3":"ARG","SUPP_INFO":"Not Applicable","CONS_OBJ":"Not Applicable","INLND_WTRS":"Not Reported","OECM_ASMT":"Not Applicable","layer":"WDPA_W~1","path":"C:/DATAS/PRO/GIS/ARGENT~1/RAW/WDPA_W~1/WDPA_W~2/WDPA_W~1.SHP"}},
{"type":"Feature","geometry":{"type":"Polygon","coordinates":[[[-68.763534,-31.449653],[-68.774954,-31.458626],[-68.749667,-31.47494],[-68.745589,-31.456995],[-68.763534,-31.449653]]]},"properties":{"fid":403,"SITE_ID":555587081,"SITE_PID":"555587081","SITE_TYPE":"PA","NAME_ENG":"Dique Quebrada de Ullum","NAME":"Dique Quebrada de Ullum","DESIG":"Paisaje Protegido","DESIG_ENG":"Protected Landscape","DESIG_TYPE":"National","IUCN_CAT":"V","INT_CRIT":"Not Applicable","REALM":"Terrestrial","REP_M_AREA":0,"GIS_M_AREA":0,"REP_AREA":7.6,"GIS_AREA":4.39626933761693,"NO_TAKE":"Not Applicable","NO_TK_AREA":0,"STATUS":"Designated","STATUS_YR":1981,"GOV_TYPE":"Not Reported","GOVSUBTYPE":"Not Applicable","OWN_TYPE":"Not Reported","OWNSUBTYPE":"Not Applicable","MANG_AUTH":"Not Reported","MANG_PLAN":"Not Reported","VERIF":"State Verified","METADATAID":1852,"PRNT_ISO3":"ARG","ISO3":"ARG","SUPP_INFO":"Not Applicable","CONS_OBJ":"Not Applicable","INLND_WTRS":"Not Reported","OECM_ASMT":"Not Applicable","layer":"WDPA_W~1","path":"C:/DATAS/PRO/GIS/ARGENT~1/RAW/WDPA_W~1/WDPA_W~2/WDPA_W~1.SHP"}},
{"type":"Feature","geometry":{"type":"Polygon","coordinates":[[[-60.528407,-31.715682],[-60.519808,-31.71628],[-60.518222,-31.714256],[-60.528407,-31.715682]]]},"properties":{"fid":404,"SITE_ID":555587082,"SITE_PID":"555587082","SITE_TYPE":"PA","NAME_ENG":"Islote Muicipal Curupi","NAME":"Islote Muicipal Curupi","DESIG":"Reserva Municipal","DESIG_ENG":"Municipal Reserve","DESIG_TYPE":"National","IUCN_CAT":"VI","INT_CRIT":"Not Applicable","REALM":"Terrestrial","REP_M_AREA":0,"GIS_M_AREA":0,"REP_AREA":0.15,"GIS_AREA":0.165299850903327,"NO_TAKE":"Not Applicable","NO_TK_AREA":0,"STATUS":"Designated","STATUS_YR":1995,"GOV_TYPE":"Not Reported","GOVSUBTYPE":"Not Applicable","OWN_TYPE":"Not Reported","OWNSUBTYPE":"Not Applicable","MANG_AUTH":"Not Reported","MANG_PLAN":"Not Reported","VERIF":"State Verified","METADATAID":1852,"PRNT_ISO3":"ARG","ISO3":"ARG","SUPP_INFO":"Not Applicable","CONS_OBJ":"Not Applicable","INLND_WTRS":"Not Reported","OECM_ASMT":"Not Applicable","layer":"WDPA_W~1","path":"C:/DATAS/PRO/GIS/ARGENT~1/RAW/WDPA_W~1/WDPA_W~2/WDPA_W~1.SHP"}},
{"type":"Feature","geometry":{"type":"Polygon","coordinates":[[[-59.908325,-33.235901],[-59.905884,-33.224304],[-59.890808,-33.234314],[-59.874695,-33.277283],[-59.836975,-33.274597],[-59.791016,-33.240173],[-59.818787,-33.201477],[-59.779035,-33.162821],[-59.838774,-33.095811],[-59.857605,-33.093201],[-59.892822,-33.03717],[-59.928528,-33.0224],[-59.936829,-33.04071],[-59.955627,-33.004578],[-60.011108,-33.018005],[-60.039795,-33.006897],[-60.04071,-32.989807],[-60.006714,-32.999023],[-60.003113,-32.979187],[-59.967712,-32.972107],[-59.979004,-32.950806],[-60.017212,-32.947998],[-59.99559,-32.914658],[-59.97094,-32.909756],[-59.981598,-32.878674],[-60.009426,-32.844491],[-60.029588,-32.845138],[-60.02211,-32.828911],[-60.129545,-32.696944],[-60.175166,-32.668059],[-60.202692,-32.613264],[-60.421366,-32.441456],[-60.451416,-32.435791],[-60.4375,-32.479919],[-60.471924,-32.513184],[-60.484314,-32.578979],[-60.500977,-32.552612],[-60.502808,-32.551392],[-60.505676,-32.553406],[-60.507812,-32.552002],[-60.511902,-32.552429],[-60.518982,-32.551392],[-60.52478,-32.547607],[-60.525208,-32.545105],[-60.521484,-32.543396],[-60.519592,-32.541199],[-60.515198,-32.538818],[-60.512512,-32.538269],[-60.512085,-32.53772],[-60.51239,-32.537109],[-60.513428,-32.535217],[-60.513611,-32.53418],[-60.519409,-32.530884],[-60.525024,-32.535583],[-60.526917,-32.517212],[-60.542908,-32.526978],[-60.529175,-32.52948],[-60.531189,-32.573303],[-60.528992,-32.5755],[-60.524475,-32.574585],[-60.520874,-32.575317],[-60.523193,-32.583313],[-60.510986,-32.59198],[-60.515625,-32.609009],[-60.564392,-32.61499],[-60.608521,-32.640686],[-60.668579,-32.63031],[-60.68512,-32.680176],[-60.692993,-32.677124],[-60.695129,-32.672974],[-60.703674,-32.667908],[-60.70752,-32.664917],[-60.711304,-32.662415],[-60.724487,-32.662781],[-60.721497,-32.670288],[-60.719604,-32.67981],[-60.718384,-32.691895],[-60.723511,-32.748291],[-60.716003,-32.773621],[-60.658875,-32.831177],[-60.682495,-32.873413],[-60.675598,-32.900879],[-60.593628,-32.960876],[-60.598083,-33.011108],[-60.533997,-33.066589],[-60.494385,-33.132019],[-60.370972,-33.176697],[-60.315918,-33.176697],[-60.234314,-33.219482],[-60.227295,-33.255981],[-60.197998,-33.224304],[-60.178528,-33.25531],[-60.146423,-33.254089],[-60.149109,-33.231873],[-60.118896,-33.221375],[-60.07959,-33.262878],[-60.036194,-33.248291],[-60.05542,-33.234619],[-60.035217,-33.231201],[-60.025208,-33.285889],[-59.945679,-33.23999],[-59.945313,-33.275391],[-59.921692,-33.28241],[-59.899902,-33.270508],[-59.908325,-33.235901]]]},"properties":{"fid":405,"SITE_ID":555587083,"SITE_PID":"555587083","SITE_TYPE":"PA","NAME_ENG":"Islas de Victoria","NAME":"Islas de Victoria","DESIG":"Reserva Natural de Uso Múltiple","DESIG_ENG":"Multiple Use Nature Reserve","DESIG_TYPE":"National","IUCN_CAT":"VI","INT_CRIT":"Not Applicable","REALM":"Terrestrial","REP_M_AREA":0,"GIS_M_AREA":0,"REP_AREA":3760,"GIS_AREA":4303.1773672922,"NO_TAKE":"Not Applicable","NO_TK_AREA":0,"STATUS":"Designated","STATUS_YR":2003,"GOV_TYPE":"Not Reported","GOVSUBTYPE":"Not Applicable","OWN_TYPE":"Not Reported","OWNSUBTYPE":"Not Applicable","MANG_AUTH":"Not Reported","MANG_PLAN":"Not Reported","VERIF":"State Verified","METADATAID":1852,"PRNT_ISO3":"ARG","ISO3":"ARG","SUPP_INFO":"Not Applicable","CONS_OBJ":"Not Applicable","INLND_WTRS":"Not Reported","OECM_ASMT":"Not Applicable","layer":"WDPA_W~1","path":"C:/DATAS/PRO/GIS/ARGENT~1/RAW/WDPA_W~1/WDPA_W~2/WDPA_W~1.SHP"}}
]}