{"type":"FeatureCollection", "features": [
{"type":"Feature","geometry":{"type":"MultiPolygon","coordinates":[[[[-68.609416,-54.893957],[-68.609667,-54.911876],[-68.411689,-54.882345],[-67.966519,-54.873352],[-67.717997,-54.905439],[-67.596252,-54.89184],[-67.479779,-54.922701],[-67.288131,-54.905459],[-67.134842,-54.929686],[-67.036327,-54.975132],[-66.86149,-54.987193],[-66.646654,-55.084774],[-66.07833,-55.183333],[-65.726669,-55.381668],[-65.726672,-56.380002],[-67.266668,-56.38],[-67.266669,-56.769969],[-59.331608,-56.932682],[-58.909464,-56.600405],[-58.53025,-56.180898],[-57.662429,-56.084221],[-56.741339,-55.885144],[-55.90459,-55.597164],[-55.431838,-55.374089],[-55.107792,-55.187858],[-54.524065,-54.74733],[-54.275482,-54.494894],[-54.051313,-54.203164],[-53.569683,-53.897554],[-53.165736,-53.557977],[-52.79508,-53.144971],[-52.557595,-52.762954],[-52.393352,-52.336773],[-52.322328,-51.843228],[-52.364499,-51.377533],[-52.526522,-50.862099],[-52.764007,-50.386302],[-53.0592,-49.988726],[-53.483123,-49.571942],[-53.864876,-49.28095],[-54.322092,-49.001365],[-55.174377,-48.577538],[-55.718153,-48.3798],[-56.288562,-48.225798],[-57.225188,-48.054962],[-58.161814,-47.904452],[-58.900906,-47.85518],[-59.422487,-47.862648],[-60.774158,-47.678608],[-60.842962,-47.061921],[-60.9384,-46.655424],[-60.911766,-46.281234],[-60.791914,-45.997345],[-60.680939,-45.532882],[-60.581062,-45.284308],[-60.123846,-44.948011],[-59.702143,-44.519276],[-59.49573,-44.23593],[-59.315951,-43.911103],[-59.178342,-43.545747],[-59.105099,-43.200884],[-58.625689,-42.754354],[-58.199546,-42.255114],[-57.968719,-41.914532],[-56.845655,-41.623756],[-55.753665,-41.212764],[-55.145523,-40.90196],[-54.666113,-40.584601],[-54.264385,-40.250413],[-53.911485,-39.863262],[-53.230101,-38.804996],[-52.92603,-38.397443],[-52.661909,-37.844559],[-53.56699,-37.412868],[-54.275311,-37.099797],[-55.867166,-35.633062],[-56.784306,-36.290311],[-56.731676,-36.325979],[-56.690737,-36.498335],[-56.67282,-36.737245],[-56.673629,-36.833601],[-56.665812,-36.862214],[-56.688369,-36.911528],[-57.125501,-37.492775],[-57.411212,-37.734842],[-57.492996,-37.830621],[-57.491854,-37.832347],[-57.537828,-37.956321],[-57.5364,-37.958277],[-57.539356,-37.971293],[-57.541944,-37.973482],[-57.543786,-37.986636],[-57.542634,-37.987863],[-57.531484,-38.01201],[-57.528139,-38.013171],[-57.54075,-38.046189],[-57.534863,-38.045936],[-57.526568,-38.042781],[-57.517779,-38.038969],[-57.540284,-38.087111],[-57.570151,-38.106974],[-57.683375,-38.20587],[-58.136735,-38.41106],[-58.311754,-38.474444],[-58.453912,-38.522452],[-58.566508,-38.550949],[-58.601001,-38.558154],[-58.689536,-38.574543],[-58.697674,-38.583661],[-58.68946,-38.587935],[-59.005614,-38.671816],[-59.07716,-38.690195],[-59.182839,-38.711469],[-59.290953,-38.727873],[-59.32554,-38.735526],[-59.389072,-38.747823],[-59.564476,-38.77552],[-59.728183,-38.806205],[-60.080838,-38.861275],[-60.167632,-38.876675],[-60.85103,-38.979589],[-61.117921,-38.997642],[-61.233208,-38.993798],[-61.606517,-39.004063],[-61.680649,-38.980464],[-61.69429,-38.967936],[-61.706697,-38.965466],[-61.731545,-38.968429],[-61.749984,-38.973989],[-61.793321,-38.993013],[-61.836316,-38.985639],[-62.073409,-38.925111],[-62.076764,-38.904438],[-62.085101,-38.904081],[-62.094595,-38.900541],[-62.092354,-38.89543],[-62.100191,-38.900611],[-62.165955,-38.812031],[-62.3001,-38.785336],[-62.329406,-38.725237],[-62.383039,-38.735428],[-62.383096,-38.740615],[-62.496529,-38.737806],[-62.503067,-38.739134],[-62.501854,-38.737706],[-62.504126,-38.738304],[-62.505703,-38.742497],[-62.503888,-38.744282],[-62.495025,-38.746186],[-62.50829,-38.757904],[-62.507636,-38.760581],[-62.505881,-38.764626],[-62.491349,-38.768683],[-62.470219,-38.80409],[-62.476358,-38.784352],[-62.412139,-38.786137],[-62.406518,-38.766447],[-62.375882,-38.790717],[-62.373622,-38.769213],[-62.352891,-38.76951],[-62.368833,-38.780961],[-62.343998,-38.773615],[-62.340577,-38.802079],[-62.306134,-38.799414],[-62.353813,-38.815118],[-62.371867,-38.799355],[-62.365591,-38.815237],[-62.397268,-38.795607],[-62.388523,-38.815029],[-62.413716,-38.818688],[-62.388374,-38.828711],[-62.392747,-38.828265],[-62.326149,-38.838178],[-62.351952,-38.863037],[-62.320529,-38.904268],[-62.345713,-38.950311],[-62.321371,-38.995754],[-62.300384,-38.993398],[-62.316945,-39.002992],[-62.299285,-39.025007],[-62.353832,-39.10509],[-62.330546,-39.116583],[-62.352019,-39.113004],[-62.342234,-39.162954],[-62.29179,-39.223102],[-62.292189,-39.224948],[-62.237414,-39.251589],[-62.301687,-39.245043],[-62.316887,-39.266092],[-62.12989,-39.292723],[-62.012323,-39.36433],[-62.011205,-39.357525],[-62.011824,-39.36207],[-62.010455,-39.369625],[-62.031811,-39.39358],[-62.085587,-39.390106],[-62.185014,-39.298358],[-62.288497,-39.298638],[-62.285903,-39.317317],[-62.260562,-39.315431],[-62.286831,-39.322932],[-62.259824,-39.32229],[-62.279931,-39.325859],[-62.262608,-39.347227],[-62.238813,-39.345204],[-62.230319,-39.353009],[-62.203122,-39.346846],[-62.239313,-39.360195],[-62.194175,-39.37697],[-62.207591,-39.401039],[-62.179965,-39.39026],[-62.180441,-39.39697],[-62.167069,-39.37527],[-62.172227,-39.390774],[-62.166146,-39.387876],[-62.166417,-39.389932],[-62.16339,-39.396242],[-62.165417,-39.397256],[-62.161905,-39.395814],[-62.16152,-39.392173],[-62.164532,-39.392801],[-62.165303,-39.38849],[-62.162919,-39.384549],[-62.149856,-39.380024],[-62.147995,-39.402865],[-62.092702,-39.423418],[-62.072626,-39.436535],[-62.048385,-39.463006],[-62.119055,-39.662554],[-62.099305,-39.685605],[-62.093624,-39.672815],[-62.095825,-39.683761],[-62.123606,-39.731171],[-62.123249,-39.7533],[-62.12194,-39.770908],[-62.116835,-39.827649],[-62.119441,-39.845709],[-62.162093,-39.828934],[-62.21406,-39.84264],[-62.236546,-39.816977],[-62.29633,-39.827364],[-62.266099,-39.859058],[-62.303968,-39.862556],[-62.34223,-39.9636],[-62.33889,-40.186875],[-62.481372,-40.295949],[-62.485476,-40.303052],[-62.42323,-40.458562],[-62.321615,-40.516418],[-62.300009,-40.543259],[-62.29556,-40.547375],[-62.284329,-40.566363],[-62.286542,-40.569409],[-62.279784,-40.572193],[-62.271361,-40.568291],[-62.269124,-40.566078],[-62.258892,-40.569361],[-62.258369,-40.573311],[-62.252682,-40.557107],[-62.254942,-40.551182],[-62.30879,-40.527316],[-62.24126,-40.545091],[-62.172732,-40.584471],[-62.17278,-40.621543],[-62.215586,-40.670274],[-62.236216,-40.697281],[-62.257274,-40.741325],[-62.290515,-40.819371],[-62.310431,-40.869578],[-62.354999,-40.891802],[-62.384932,-40.90891],[-62.533649,-40.951265],[-62.659884,-41.006145],[-62.679342,-41.019443],[-62.745997,-41.037319],[-62.786893,-41.022745],[-62.832397,-41.056213],[-62.884521,-41.079407],[-63.043701,-41.140198],[-63.081299,-41.148376],[-63.091003,-41.149292],[-63.143921,-41.15741],[-63.777222,-41.1604],[-63.836304,-41.143127],[-63.871094,-41.13739],[-63.896912,-41.12262],[-63.958496,-41.07312],[-64.11438,-41.03009],[-64.081787,-41.026672],[-64.098877,-41.00177],[-64.112,-41.022888],[-64.206177,-41.009827],[-64.541199,-40.864929],[-64.746277,-40.818604],[-64.867981,-40.830505],[-64.904114,-40.811096],[-64.845215,-40.782471],[-64.845276,-40.81488],[-64.843079,-40.789001],[-64.808105,-40.793701],[-64.774109,-40.803223],[-64.744019,-40.801575],[-64.745911,-40.799805],[-64.749695,-40.7948],[-64.749512,-40.791809],[-64.746582,-40.786987],[-64.733582,-40.786926],[-64.747375,-40.777283],[-64.747375,-40.775085],[-64.753601,-40.768677],[-64.759583,-40.768188],[-64.769409,-40.77478],[-64.790588,-40.781982],[-64.796692,-40.776001],[-64.784485,-40.743591],[-64.801697,-40.730713],[-64.811401,-40.72522],[-64.838806,-40.720825],[-64.846619,-40.719482],[-64.930786,-40.710999],[-64.956482,-40.713989],[-64.948975,-40.715698],[-64.995911,-40.716919],[-64.916687,-40.727295],[-64.959229,-40.748108],[-64.904175,-40.762512],[-64.94928,-40.755798],[-64.984009,-40.756775],[-65.051208,-40.784424],[-65.060974,-40.798706],[-65.083374,-40.808472],[-65.113281,-40.832092],[-65.120422,-40.845215],[-65.165894,-40.96521],[-65.166321,-40.979797],[-65.164307,-40.987671],[-65.161316,-41.008911],[-65.136291,-41.223206],[-65.133911,-41.231995],[-65.073608,-41.415222],[-64.99231,-41.49939],[-65.006409,-41.563599],[-64.986389,-41.576782],[-65.016479,-41.610291],[-65.03479,-41.594299],[-65.0354,-41.605408],[-64.997803,-41.764404],[-64.998413,-41.770691],[-65.012695,-41.779724],[-65.015869,-41.832214],[-65.047302,-41.83728],[-65.049683,-41.845886],[-65.05011,-41.877014],[-65.057617,-41.881592],[-65.056885,-41.895874],[-65.068525,-42.014782],[-64.99914,-42.107331],[-64.905255,-42.169555],[-64.840763,-42.190082],[-64.836599,-42.194526],[-64.806423,-42.198743],[-64.772071,-42.206317],[-64.473561,-42.236881],[-64.48043,-42.249527],[-64.525825,-42.286549],[-64.567243,-42.321166],[-64.614524,-42.417208],[-64.61456,-42.424382],[-64.592502,-42.427202],[-64.579475,-42.423989],[-64.573693,-42.423882],[-64.542962,-42.425667],[-64.528078,-42.42813],[-64.491351,-42.428058],[-64.428224,-42.43948],[-64.301541,-42.403936],[-64.191419,-42.415833],[-64.170052,-42.418736],[-64.149446,-42.422924],[-64.140356,-42.428064],[-64.099096,-42.403888],[-64.051888,-42.374383],[-64.04256,-42.346543],[-64.070162,-42.333076],[-64.049032,-42.316895],[-64.059026,-42.275302],[-64.064071,-42.273542],[-64.079728,-42.261216],[-64.134915,-42.239326],[-64.312958,-42.252146],[-64.37875,-42.238345],[-64.075113,-42.178329],[-63.950239,-42.113798],[-63.938056,-42.109658],[-63.937818,-42.104566],[-63.934963,-42.103281],[-63.90936,-42.095381],[-63.889515,-42.087719],[-63.847351,-42.078154],[-63.80157,-42.072157],[-63.773112,-42.07349],[-63.739086,-42.097808],[-63.7161,-42.150917],[-63.704583,-42.166336],[-63.637673,-42.261515],[-63.598555,-42.330234],[-63.582803,-42.607346],[-63.639815,-42.699764],[-63.629964,-42.764628],[-63.677327,-42.79204],[-63.685833,-42.792563],[-64.145191,-42.87379],[-64.252616,-42.767417],[-64.249406,-42.683045],[-64.210562,-42.627043],[-64.273407,-42.617727],[-64.256827,-42.596515],[-64.277091,-42.577673],[-64.28246,-42.573251],[-64.308963,-42.585945],[-64.326524,-42.540211],[-64.355958,-42.530765],[-64.508291,-42.499546],[-64.51481,-42.50195],[-64.596307,-42.496453],[-64.641279,-42.499856],[-64.722989,-42.534929],[-64.790304,-42.579449],[-64.872007,-42.614559],[-64.948987,-42.629464],[-64.985036,-42.653649],[-64.987763,-42.670353],[-64.995529,-42.69775],[-65.017911,-42.711051],[-65.033101,-42.725023],[-65.036071,-42.730562],[-65.036736,-42.751293],[-65.03538,-42.761239],[-65.026314,-42.773613],[-65.001377,-42.779894],[-64.697235,-42.897202],[-64.669847,-42.905363],[-64.667301,-42.908457],[-64.545639,-42.922305],[-64.501262,-42.941817],[-64.396822,-42.959591],[-64.330316,-42.935916],[-64.307681,-42.979162],[-64.458955,-43.064466],[-64.757608,-43.150603],[-64.97634,-43.254972],[-65.050293,-43.328276],[-65.052579,-43.402579],[-65.210602,-43.549086],[-65.224105,-43.556432],[-65.244539,-43.566158],[-65.269761,-43.588555],[-65.285644,-43.597597],[-65.286893,-43.602475],[-65.325678,-43.650183],[-65.332906,-43.6575],[-65.342186,-43.687765],[-65.351181,-43.71965],[-65.349432,-43.728454],[-65.355416,-43.752855],[-65.354619,-43.764467],[-65.322377,-43.782337],[-65.299421,-43.933439],[-65.276829,-43.966632],[-65.231143,-43.9727],[-65.251582,-44.027639],[-65.224778,-44.045342],[-65.187944,-44.035456],[-65.235949,-44.068471],[-65.216385,-44.128642],[-65.250783,-44.147012],[-65.276386,-44.146898],[-65.283277,-44.15495],[-65.298106,-44.1654],[-65.305111,-44.178002],[-65.309603,-44.190927],[-65.311773,-44.204271],[-65.311093,-44.22088],[-65.302574,-44.244532],[-65.293366,-44.25838],[-65.288179,-44.263377],[-65.279612,-44.269451],[-65.270674,-44.275098],[-65.270779,-44.298807],[-65.253006,-44.308292],[-65.222059,-44.363766],[-65.218877,-44.369447],[-65.233659,-44.38539],[-65.244188,-44.38539],[-65.25204,-44.388245],[-65.2695,-44.399161],[-65.282381,-44.422363],[-65.292122,-44.426648],[-65.334459,-44.456],[-65.280862,-44.515219],[-65.28107,-44.518104],[-65.30079,-44.510193],[-65.316286,-44.531191],[-65.3239,-44.508854],[-65.376219,-44.516825],[-65.359414,-44.537378],[-65.394481,-44.555343],[-65.358216,-44.573777],[-65.372911,-44.587168],[-65.38927,-44.579941],[-65.395978,-44.592836],[-65.425854,-44.573219],[-65.436175,-44.569917],[-65.450658,-44.576501],[-65.470975,-44.584759],[-65.46339,-44.600225],[-65.470439,-44.598024],[-65.582244,-44.647636],[-65.595569,-44.642372],[-65.622933,-44.659296],[-65.669898,-44.693054],[-65.723406,-44.807625],[-65.724655,-44.833502],[-65.721116,-44.83493],[-65.72058,-44.83945],[-65.72867,-44.843496],[-65.671385,-44.886802],[-65.66035,-44.889508],[-65.658744,-44.891352],[-65.650832,-44.887962],[-65.648185,-44.888646],[-65.634327,-44.886589],[-65.631424,-44.88503],[-65.626272,-44.88597],[-65.626665,-44.889694],[-65.621216,-44.885732],[-65.614768,-44.891407],[-65.607308,-44.897951],[-65.607665,-44.904482],[-65.598171,-44.907326],[-65.572889,-44.895607],[-65.571961,-44.909182],[-65.568166,-44.912573],[-65.525669,-44.92416],[-65.528227,-44.928146],[-65.527656,-44.92949],[-65.53287,-44.928413],[-65.534556,-44.928146],[-65.557173,-44.950406],[-65.551867,-44.950061],[-65.593697,-44.972238],[-65.601502,-44.970596],[-65.58431,-45.006668],[-65.622287,-45.003432],[-65.602256,-45.027151],[-65.660434,-45.044449],[-65.669667,-45.043997],[-65.681302,-45.028864],[-65.690677,-45.053111],[-65.69615,-45.059273],[-65.740455,-45.023962],[-65.809412,-45.015422],[-65.828722,-45.039122],[-65.823154,-45.018349],[-65.831434,-45.008498],[-65.838822,-45.006642],[-65.854348,-45.001895],[-65.869053,-45.004572],[-65.890504,-45.019812],[-65.885971,-45.029164],[-65.893324,-45.038765],[-65.934441,-45.049437],[-66.019686,-44.998869],[-66.162275,-44.983021],[-66.17309,-44.998155],[-66.194612,-44.982201],[-66.2257,-45.0281],[-66.246401,-45.020926],[-66.28703,-45.053828],[-66.290272,-45.057278],[-66.359198,-45.039739],[-66.363273,-45.061601],[-66.398519,-45.053124],[-66.517135,-45.096936],[-66.533018,-45.142383],[-66.465709,-45.143841],[-66.473174,-45.165881],[-66.599702,-45.139409],[-66.594467,-45.171621],[-66.514101,-45.196784],[-66.518652,-45.222898],[-66.662014,-45.211418],[-66.832925,-45.230834],[-66.888961,-45.241684],[-66.990148,-45.293794],[-67.345068,-45.623017],[-67.368553,-45.787256],[-67.454749,-45.819468],[-67.475777,-45.853762],[-67.456415,-45.861436],[-67.547726,-45.91884],[-67.531219,-45.958964],[-67.586065,-45.980795],[-67.585965,-46.022277],[-67.618745,-46.046186],[-67.623051,-46.052072],[-67.624502,-46.056795],[-67.619344,-46.065037],[-67.592809,-46.295157],[-67.436434,-46.553167],[-67.353742,-46.619621],[-67.121628,-46.707441],[-67.075614,-46.774028],[-66.95092,-46.846982],[-66.790964,-46.999758],[-66.630507,-47.045786],[-66.497776,-47.038277],[-66.197696,-47.087402],[-65.940692,-47.072181],[-65.867381,-47.092097],[-65.841625,-47.139382],[-65.735735,-47.201786],[-65.757721,-47.222059],[-65.717846,-47.332161],[-65.739803,-47.510235],[-65.838642,-47.746816],[-65.899597,-47.758728],[-66.00531,-47.730774],[-66.105286,-47.799011],[-66.195007,-47.820007],[-66.281982,-47.871399],[-66.190186,-47.829529],[-66.088196,-47.812988],[-65.978088,-47.762695],[-65.951782,-47.758972],[-65.938293,-47.766907],[-65.88086,-47.762688],[-65.858188,-47.872776],[-65.820983,-47.904571],[-65.768231,-47.907355],[-65.7904,-47.938033],[-65.765658,-47.946685],[-65.770498,-47.952909],[-65.831017,-47.965387],[-65.846807,-47.939075],[-65.924173,-47.939689],[-65.951456,-47.976409],[-65.931868,-48.017212],[-65.980367,-48.050743],[-65.896434,-48.10303],[-65.917621,-48.096748],[-65.940906,-48.12473],[-65.975528,-48.099989],[-66.121065,-48.123588],[-66.159926,-48.190461],[-66.228255,-48.201297],[-66.337558,-48.277163],[-66.360179,-48.314717],[-66.343003,-48.368804],[-66.448039,-48.352313],[-66.494353,-48.417472],[-66.647614,-48.432177],[-66.753191,-48.473166],[-66.831052,-48.523036],[-66.875262,-48.593383],[-66.990583,-48.613442],[-67.129696,-48.685143],[-67.219925,-48.838],[-67.41309,-48.912715],[-67.551289,-49.014365],[-67.635617,-49.13824],[-67.613892,-49.185181],[-67.664612,-49.203491],[-67.688904,-49.26178],[-67.742187,-49.276489],[-67.715698,-49.31781],[-67.797607,-49.328003],[-67.772095,-49.380676],[-67.837524,-49.38678],[-67.818604,-49.405518],[-67.713806,-49.385925],[-67.668091,-49.255188],[-67.612755,-49.250273],[-67.603603,-49.295673],[-67.687579,-49.481928],[-67.732251,-49.782696],[-67.836403,-49.944609],[-67.904803,-49.997947],[-68.147222,-50.105422],[-68.34358,-50.120801],[-68.531921,-49.933594],[-68.63739,-49.777588],[-68.571411,-49.936829],[-68.659119,-49.964905],[-68.874512,-49.96582],[-68.9328,-50],[-68.85907,-49.969177],[-68.672913,-49.993286],[-68.580688,-49.964416],[-68.509277,-50.019775],[-68.490295,-50.088013],[-68.354906,-50.151305],[-68.407207,-50.186236],[-68.880006,-50.335618],[-69.07931,-50.565332],[-69.141028,-50.727244],[-69.132019,-50.899586],[-69.225206,-50.974892],[-69.240112,-50.957825],[-69.321228,-50.988403],[-69.396118,-51.079712],[-69.441284,-51.089783],[-69.464905,-51.11261],[-69.434326,-51.113708],[-69.205505,-50.975281],[-69.166128,-50.980888],[-68.958534,-51.571995],[-69.037292,-51.56073],[-69.134705,-51.60321],[-69.344116,-51.551575],[-69.617798,-51.626892],[-69.335205,-51.58551],[-69.116821,-51.629883],[-69.11731,-51.65509],[-69.014099,-51.606384],[-68.961329,-51.62389],[-68.948418,-51.642471],[-68.85211,-51.775876],[-68.70845,-51.981247],[-68.421499,-52.253678],[-68.354731,-52.336388],[-68.432596,-52.39769],[-68.606232,-52.658268],[-68.567965,-52.70313],[-68.564348,-52.705319],[-68.287671,-52.951427],[-68.201502,-53.141958],[-68.214637,-53.152809],[-68.266747,-53.016109],[-68.347982,-53.015109],[-68.446135,-53.091847],[-68.501315,-53.105267],[-68.556058,-53.195649],[-68.551002,-53.243357],[-68.387057,-53.311969],[-68.206598,-53.306686],[-68.137071,-53.331338],[-67.990163,-53.584512],[-67.681737,-53.797174],[-67.778435,-53.833789],[-67.667621,-53.793556],[-67.615507,-53.817712],[-67.553762,-53.836927],[-67.541579,-53.844065],[-67.577461,-53.856772],[-67.579841,-53.868859],[-67.549907,-53.916353],[-67.49161,-53.941861],[-67.251047,-54.08106],[-66.752477,-54.252397],[-66.692467,-54.298939],[-66.699319,-54.3007],[-66.464998,-54.47873],[-65.821484,-54.64786],[-65.684178,-54.663426],[-65.551166,-54.647341],[-65.5199,-54.67756],[-65.511191,-54.65586],[-65.430812,-54.642154],[-65.428528,-54.663188],[-65.401878,-54.640346],[-65.234876,-54.618826],[-65.25453,-54.663322],[-65.234352,-54.641383],[-65.116759,-54.65823],[-65.134463,-54.665225],[-65.193473,-54.695254],[-65.203839,-54.780106],[-65.263868,-54.795905],[-65.232288,-54.829256],[-65.382137,-54.941071],[-65.468283,-54.88859],[-65.511018,-54.934942],[-65.719012,-54.971357],[-65.739113,-54.909853],[-65.982389,-54.9026],[-65.971361,-54.968373],[-66.107656,-54.994928],[-66.334086,-54.996499],[-66.372157,-55.039567],[-66.450251,-55.057508],[-66.648831,-55.028184],[-66.764473,-54.96074],[-67.276002,-54.887745],[-67.278446,-54.869992],[-67.30266,-54.887353],[-67.352686,-54.866109],[-67.341436,-54.882727],[-67.409507,-54.889409],[-67.45052,-54.865638],[-67.506306,-54.874632],[-67.50576,-54.853494],[-67.703463,-54.88603],[-68.033311,-54.850207],[-68.248533,-54.795028],[-68.315205,-54.810803],[-68.260597,-54.840713],[-68.324771,-54.841356],[-68.31442,-54.836573],[-68.428848,-54.858059],[-68.575386,-54.852635],[-68.499928,-54.867107],[-68.609416,-54.893957]],[[-62.022453,-39.003197],[-62.020683,-39.015129],[-62.009861,-39.012161],[-62.00827,-39.017605],[-62.04052,-39.039772],[-62.074451,-39.003361],[-62.09708,-39.023808],[-62.115406,-39.016647],[-62.112011,-39.008728],[-62.12677,-39.004623],[-62.079212,-38.983865],[-62.049893,-38.994466],[-62.022453,-39.003197]],[[-62.121204,-39.022854],[-62.131855,-39.036263],[-62.14064,-39.035545],[-62.139641,-39.019836],[-62.13517,-39.018589],[-62.133823,-39.008789],[-62.13224,-39.011715],[-62.128391,-39.005051],[-62.123451,-39.006458],[-62.121204,-39.022854]],[[-62.278095,-39.017597],[-62.301281,-39.022209],[-62.270313,-38.999859],[-62.278095,-39.017597]],[[-62.211502,-39.006805],[-62.208904,-39.009106],[-62.214695,-39.016155],[-62.215759,-39.0047],[-62.211502,-39.006805]],[[-62.014141,-38.994138],[-62.05093,-38.988641],[-62.056534,-38.982053],[-62.014141,-38.994138]],[[-62.283539,-38.978471],[-62.285957,-38.976892],[-62.283539,-38.975309],[-62.283539,-38.978471]],[[-62.260677,-38.932485],[-62.283207,-38.951845],[-62.290443,-38.933874],[-62.280403,-38.926237],[-62.264687,-38.923444],[-62.260677,-38.932485]],[[-62.29874,-38.887395],[-62.294426,-38.892461],[-62.312584,-38.882093],[-62.305149,-38.866903],[-62.289631,-38.880014],[-62.29874,-38.887395]],[[-62.279213,-38.87203],[-62.270718,-38.87454],[-62.289688,-38.871084],[-62.285893,-38.871538],[-62.279213,-38.87203]],[[-62.313671,-38.855707],[-62.322914,-38.857408],[-62.32848,-38.846513],[-62.313671,-38.855707]],[[-62.30529,-38.853547],[-62.315308,-38.84295],[-62.309277,-38.842596],[-62.299145,-38.846239],[-62.300869,-38.854215],[-62.30529,-38.853547]],[[-62.235859,-38.852521],[-62.246864,-38.849977],[-62.262867,-38.840227],[-62.247765,-38.829019],[-62.237419,-38.846418],[-62.235859,-38.852521]],[[-62.317123,-38.826532],[-62.325394,-38.828737],[-62.316792,-38.82485],[-62.317123,-38.826532]],[[-62.258602,-38.818433],[-62.273995,-38.81952],[-62.277195,-38.799196],[-62.258602,-38.818433]],[[-62.058014,-39.08091],[-62.054157,-39.075691],[-62.022137,-39.085518],[-62.012871,-39.099888],[-62.016396,-39.107906],[-62.02282,-39.103058],[-62.037777,-39.103127],[-62.042793,-39.111259],[-62.03632,-39.115051],[-62.055374,-39.134724],[-62.056561,-39.143753],[-62.067821,-39.148582],[-62.073128,-39.145687],[-62.073071,-39.139919],[-62.06488,-39.135479],[-62.073349,-39.109013],[-62.082802,-39.095474],[-62.080128,-39.085541],[-62.071304,-39.080864],[-62.071724,-39.079502],[-62.058014,-39.08091]],[[-62.02718,-39.103687],[-62.017506,-39.108574],[-62.012989,-39.107559],[-62.011318,-39.100239],[-62.020733,-39.087177],[-61.995411,-39.090431],[-61.987167,-39.095154],[-61.988922,-39.101303],[-62.001484,-39.104744],[-61.994293,-39.126656],[-61.989719,-39.126038],[-61.999538,-39.105453],[-61.985653,-39.100769],[-61.984703,-39.095676],[-61.990295,-39.089706],[-61.966881,-39.114536],[-61.975235,-39.090191],[-61.931721,-39.095596],[-61.943165,-39.114185],[-61.912868,-39.101658],[-61.913486,-39.131542],[-61.947247,-39.147335],[-61.888645,-39.158646],[-61.888927,-39.098846],[-61.883385,-39.126148],[-61.869888,-39.169434],[-61.86702,-39.185257],[-61.868362,-39.195671],[-61.873592,-39.19202],[-61.8834,-39.19989],[-61.872543,-39.193039],[-61.86866,-39.196823],[-61.863586,-39.193924],[-61.866928,-39.16853],[-61.855301,-39.17691],[-61.85207,-39.224667],[-61.86982,-39.244331],[-61.886112,-39.239151],[-61.911297,-39.211971],[-61.949806,-39.178596],[-62.039249,-39.158936],[-62.055309,-39.159245],[-62.057213,-39.153843],[-62.054466,-39.136253],[-62.039627,-39.13456],[-62.041786,-39.122017],[-62.034874,-39.11557],[-62.041374,-39.109417],[-62.037567,-39.10894],[-62.021305,-39.112423],[-62.019215,-39.112038],[-62.02718,-39.103687]],[[-61.910198,-39.128441],[-61.908398,-39.107544],[-61.90329,-39.114822],[-61.895473,-39.133423],[-61.907463,-39.143944],[-61.918053,-39.14967],[-61.918873,-39.138561],[-61.910198,-39.128441]],[[-62.026623,-39.238544],[-62.005619,-39.240105],[-62.002777,-39.241447],[-62.022823,-39.260666],[-62.032761,-39.251446],[-62.026623,-39.238544]],[[-62.069843,-39.250481],[-62.091385,-39.250759],[-62.116085,-39.240673],[-62.137054,-39.22691],[-62.159901,-39.200573],[-62.153839,-39.194427],[-62.069843,-39.250481]],[[-62.239994,-39.185368],[-62.22504,-39.196449],[-62.224548,-39.205154],[-62.239994,-39.185368]],[[-62.22683,-39.338207],[-62.212074,-39.343346],[-62.219948,-39.34721],[-62.233791,-39.341469],[-62.22683,-39.338207]],[[-62.123695,-39.881412],[-62.113419,-39.865162],[-62.121986,-39.881321],[-62.123539,-39.886551],[-62.123695,-39.881412]],[[-62.128456,-40.036243],[-62.168743,-40.022274],[-62.159668,-40.019852],[-62.128456,-40.036243]],[[-62.116508,-40.126938],[-62.108715,-40.126202],[-62.111176,-40.152615],[-62.116932,-40.165573],[-62.113205,-40.188789],[-62.108929,-40.193027],[-62.108772,-40.220001],[-62.129555,-40.157207],[-62.116508,-40.126938]],[[-62.355797,-40.222694],[-62.319168,-40.19442],[-62.33297,-40.212685],[-62.355797,-40.222694]],[[-62.36153,-40.254543],[-62.36935,-40.232597],[-62.360023,-40.240723],[-62.36153,-40.254543]],[[-62.073162,-40.259762],[-62.075832,-40.251408],[-62.077034,-40.247097],[-62.072147,-40.251896],[-62.073162,-40.259762]],[[-62.33477,-40.28714],[-62.325985,-40.286564],[-62.315758,-40.292889],[-62.323624,-40.317249],[-62.326931,-40.33009],[-62.331997,-40.335224],[-62.346809,-40.326763],[-62.33477,-40.28714]],[[-62.295856,-40.319763],[-62.29026,-40.312351],[-62.290199,-40.29705],[-62.276535,-40.299862],[-62.275646,-40.301853],[-62.271439,-40.2994],[-62.264919,-40.299431],[-62.270794,-40.321609],[-62.312057,-40.342857],[-62.295856,-40.319763]],[[-62.173946,-40.368511],[-62.163902,-40.360973],[-62.151783,-40.379299],[-62.150482,-40.375511],[-62.141693,-40.386585],[-62.14283,-40.39299],[-62.135948,-40.391972],[-62.136913,-40.401188],[-62.143433,-40.420517],[-62.160789,-40.427525],[-62.163124,-40.435486],[-62.198544,-40.425465],[-62.186035,-40.386135],[-62.173946,-40.368511]],[[-62.205601,-40.472687],[-62.202446,-40.457462],[-62.198524,-40.44561],[-62.188972,-40.451706],[-62.174248,-40.460518],[-62.176834,-40.465626],[-62.169411,-40.463345],[-62.217144,-40.523476],[-62.234913,-40.507954],[-62.211712,-40.477478],[-62.205601,-40.472687]],[[-62.164417,-40.451904],[-62.153698,-40.448528],[-62.158535,-40.456463],[-62.164417,-40.451904]],[[-64.754127,-40.777546],[-64.767555,-40.783531],[-64.755356,-40.774391],[-64.754127,-40.777546]],[[-65.254921,-44.152626],[-65.262878,-44.153248],[-65.254478,-44.150105],[-65.254921,-44.152626]],[[-65.648651,-44.767319],[-65.651077,-44.76757],[-65.654182,-44.765942],[-65.648651,-44.767319]],[[-65.609238,-45.041985],[-65.595337,-45.045063],[-65.592987,-45.042427],[-65.585937,-45.050686],[-65.595955,-45.056389],[-65.602455,-45.056736],[-65.616631,-45.060024],[-65.622589,-45.049587],[-65.618393,-45.045948],[-65.611298,-45.043217],[-65.609238,-45.041985]],[[-65.865128,-45.038052],[-65.866707,-45.039501],[-65.870003,-45.034527],[-65.872833,-45.030304],[-65.865128,-45.038052]],[[-66.015663,-45.092384],[-66.005455,-45.082241],[-65.992973,-45.09108],[-65.986023,-45.092007],[-65.985268,-45.095417],[-65.988106,-45.099628],[-65.98101,-45.105339],[-66.015663,-45.092384]],[[-65.960312,-45.107838],[-65.963684,-45.103725],[-65.944824,-45.108131],[-65.960312,-45.107838]],[[-66.419975,-45.09433],[-66.414963,-45.094578],[-66.421379,-45.095631],[-66.419975,-45.09433]],[[-66.402061,-45.189266],[-66.409302,-45.183792],[-66.392876,-45.190624],[-66.400917,-45.193794],[-66.403908,-45.191456],[-66.402061,-45.189266]],[[-65.946083,-47.762005],[-65.940903,-47.758121],[-65.936714,-47.765629],[-65.946083,-47.762005]],[[-66.014175,-47.763123],[-66.000092,-47.761124],[-65.990952,-47.760529],[-65.98996,-47.765575],[-65.991943,-47.764904],[-66.005707,-47.771812],[-66.002731,-47.768322],[-66.006035,-47.767651],[-66.004936,-47.769508],[-66.008347,-47.773811],[-66.022324,-47.77359],[-66.022102,-47.772255],[-66.030144,-47.775814],[-66.05481,-47.786423],[-66.014175,-47.763123]],[[-65.719559,-47.909794],[-65.713364,-47.907475],[-65.710693,-47.914379],[-65.718842,-47.915409],[-65.719559,-47.909794]],[[-67.047989,-48.752491],[-67.044319,-48.749104],[-67.04303,-48.750999],[-67.047989,-48.752491]],[[-67.696785,-49.274036],[-67.733643,-49.276875],[-67.689331,-49.267738],[-67.696785,-49.274036]],[[-67.6968,-49.289036],[-67.694176,-49.297821],[-67.701027,-49.298904],[-67.6968,-49.289036]],[[-69.425362,-51.089718],[-69.420097,-51.087345],[-69.408798,-51.092529],[-69.452866,-51.109722],[-69.454842,-51.103218],[-69.440201,-51.09063],[-69.430428,-51.08881],[-69.425362,-51.089718]],[[-61.45555,-51.000829],[-61.45462,-51.000547],[-61.454902,-51.001252],[-61.45555,-51.000829]],[[-61.205684,-51.038247],[-61.166625,-51.055424],[-61.246419,-51.028903],[-61.24027,-51.013958],[-61.219964,-51.025622],[-61.211618,-51.034332],[-61.205684,-51.038247]],[[-61.12881,-51.026713],[-61.125857,-51.024536],[-61.120059,-51.02289],[-61.115332,-51.026979],[-61.096782,-51.033804],[-61.091281,-51.034471],[-61.092215,-51.038397],[-61.095729,-51.041731],[-61.046504,-51.081693],[-61.126544,-51.071597],[-61.124622,-51.030235],[-61.12881,-51.026713]],[[-60.983582,-51.053944],[-60.979391,-51.05003],[-60.976768,-51.056614],[-60.983582,-51.053944]],[[-60.906407,-51.088715],[-60.900151,-51.089379],[-60.89787,-51.092809],[-60.889538,-51.101756],[-60.88443,-51.101014],[-60.863831,-51.124116],[-60.906407,-51.088715]],[[-60.794619,-51.118903],[-60.794589,-51.119775],[-60.79789,-51.118161],[-60.794619,-51.118903]],[[-60.739195,-51.123795],[-60.733942,-51.124718],[-60.761556,-51.128395],[-60.739195,-51.123795]],[[-60.407052,-51.144161],[-60.375094,-51.146773],[-60.442866,-51.152193],[-60.407052,-51.144161]],[[-60.83178,-51.153775],[-60.829449,-51.160469],[-60.850022,-51.167069],[-60.889527,-51.17284],[-60.841719,-51.15331],[-60.832207,-51.151558],[-60.83178,-51.153775]],[[-60.242372,-51.160357],[-60.248194,-51.160008],[-60.242838,-51.159891],[-60.242372,-51.160357]],[[-60.897999,-51.17134],[-60.904427,-51.170368],[-60.901314,-51.169559],[-60.897999,-51.17134]],[[-60.880777,-51.199112],[-60.850447,-51.193954],[-60.842534,-51.194988],[-60.886067,-51.210019],[-60.94094,-51.215047],[-60.880777,-51.199112]],[[-59.9278,-51.214122],[-59.917596,-51.208435],[-59.913946,-51.213555],[-59.904771,-51.217144],[-59.900108,-51.218143],[-59.90503,-51.221393],[-59.926091,-51.215717],[-59.9278,-51.214122]],[[-58.965501,-51.237633],[-58.972864,-51.233586],[-58.960996,-51.234723],[-58.905301,-51.276172],[-58.745824,-51.317452],[-58.739786,-51.349698],[-58.738634,-51.314984],[-58.670218,-51.335834],[-58.63956,-51.323869],[-58.618997,-51.35825],[-58.616483,-51.356743],[-58.580045,-51.347546],[-58.562479,-51.364083],[-58.568819,-51.323521],[-58.617647,-51.350464],[-58.636583,-51.314431],[-58.465906,-51.298142],[-58.342982,-51.354506],[-58.332471,-51.385971],[-58.376651,-51.394689],[-58.340833,-51.390473],[-58.315088,-51.416668],[-58.358743,-51.432843],[-58.331064,-51.438614],[-58.362763,-51.46615],[-58.366773,-51.433815],[-58.45704,-51.45504],[-58.483908,-51.398322],[-58.519395,-51.419793],[-58.506353,-51.38155],[-58.557943,-51.404152],[-58.537733,-51.421086],[-58.598976,-51.439486],[-58.522909,-51.42907],[-58.594568,-51.454373],[-58.596525,-51.452115],[-58.624937,-51.466896],[-58.626794,-51.463147],[-58.633577,-51.470051],[-58.59617,-51.464619],[-58.517629,-51.42878],[-58.541791,-51.444649],[-58.50815,-51.436459],[-58.504205,-51.453782],[-58.543729,-51.457238],[-58.535306,-51.458569],[-58.52329,-51.471203],[-58.551568,-51.469189],[-58.546251,-51.471524],[-58.559949,-51.475628],[-58.559881,-51.480236],[-58.555234,-51.475625],[-58.532358,-51.476529],[-58.526624,-51.482354],[-58.520589,-51.474511],[-58.514486,-51.478421],[-58.542604,-51.490193],[-58.536668,-51.491673],[-58.529836,-51.511956],[-58.491914,-51.468461],[-58.473165,-51.491147],[-58.424741,-51.468899],[-58.422006,-51.534607],[-58.462728,-51.547711],[-58.417505,-51.563122],[-58.405138,-51.528157],[-58.377484,-51.530188],[-58.385873,-51.564885],[-58.328233,-51.56736],[-58.326684,-51.537718],[-58.275635,-51.555884],[-58.264051,-51.594601],[-58.29207,-51.588608],[-58.309011,-51.614889],[-58.282856,-51.5977],[-58.252222,-51.614438],[-58.282068,-51.623272],[-58.256187,-51.621799],[-58.262273,-51.653665],[-58.280858,-51.655835],[-58.26384,-51.655207],[-58.26995,-51.660575],[-58.279544,-51.66166],[-58.266295,-51.661603],[-58.258375,-51.652856],[-58.240869,-51.654032],[-58.24793,-51.620934],[-58.218497,-51.660175],[-58.226579,-51.637669],[-58.202181,-51.644765],[-58.172834,-51.643515],[-58.211709,-51.641667],[-58.217271,-51.632649],[-58.204388,-51.630349],[-58.228548,-51.62711],[-58.20462,-51.62237],[-58.241636,-51.617745],[-58.252183,-51.584366],[-58.146661,-51.611817],[-58.262954,-51.553664],[-58.201278,-51.524208],[-58.29791,-51.530632],[-58.296339,-51.487263],[-58.333086,-51.520379],[-58.37848,-51.512692],[-58.351627,-51.486708],[-58.386583,-51.484505],[-58.328958,-51.475724],[-58.282686,-51.390976],[-58.05541,-51.369576],[-58.014735,-51.401768],[-58.003923,-51.377102],[-57.943768,-51.362447],[-57.853189,-51.414383],[-57.870946,-51.432488],[-57.837812,-51.474099],[-57.74193,-51.512661],[-57.847169,-51.501862],[-57.843809,-51.474774],[-57.897684,-51.498204],[-57.810426,-51.510102],[-57.76637,-51.540898],[-57.954908,-51.540364],[-57.993253,-51.507136],[-58.072992,-51.49432],[-58.018091,-51.535213],[-58.114546,-51.511002],[-58.09557,-51.532298],[-58.165764,-51.545088],[-58.104969,-51.565551],[-58.149534,-51.56709],[-58.131013,-51.569531],[-57.784425,-51.616635],[-57.72496,-51.644482],[-57.812922,-51.649039],[-57.858877,-51.675343],[-57.962636,-51.652157],[-57.975038,-51.654812],[-57.831301,-51.682043],[-57.920976,-51.687104],[-57.784658,-51.699051],[-57.82195,-51.676621],[-57.718088,-51.683274],[-57.869035,-51.729931],[-57.91609,-51.717514],[-57.894346,-51.723969],[-58.012254,-51.734772],[-57.857652,-51.738999],[-57.881922,-51.746658],[-58.036158,-51.758067],[-58.044177,-51.737333],[-58.067251,-51.735875],[-58.086778,-51.7419],[-58.046972,-51.749765],[-58.092752,-51.762532],[-58.064966,-51.771691],[-58.158117,-51.765061],[-58.153306,-51.739743],[-58.193175,-51.766195],[-58.299909,-51.750714],[-58.305986,-51.753956],[-58.201112,-51.777536],[-58.232954,-51.784016],[-58.109133,-51.788431],[-58.244834,-51.79217],[-58.231304,-51.792923],[-58.286356,-51.800438],[-58.297975,-51.821763],[-58.387559,-51.824452],[-58.339061,-51.826255],[-58.32181,-51.841187],[-58.337556,-51.843544],[-58.320977,-51.843566],[-58.303518,-51.827359],[-58.287694,-51.828808],[-58.281418,-51.806803],[-58.164396,-51.816092],[-58.235902,-51.828499],[-58.213572,-51.860708],[-58.2479,-51.873885],[-58.225171,-51.845479],[-58.297796,-51.859528],[-58.288929,-51.859583],[-58.316781,-51.869274],[-58.306846,-51.882896],[-58.460973,-51.904185],[-58.486085,-51.896582],[-58.461858,-51.890877],[-58.503656,-51.895047],[-58.507165,-51.885373],[-58.537553,-51.879567],[-58.541643,-51.864716],[-58.516595,-51.860848],[-58.536428,-51.860596],[-58.544115,-51.865109],[-58.549352,-51.859044],[-58.558633,-51.856915],[-58.548826,-51.848057],[-58.563722,-51.846837],[-58.56458,-51.829812],[-58.583707,-51.828206],[-58.593839,-51.830605],[-58.579626,-51.831063],[-58.565494,-51.846669],[-58.551396,-51.84887],[-58.563055,-51.855354],[-58.553037,-51.859806],[-58.561483,-51.864357],[-58.550302,-51.863141],[-58.538309,-51.881543],[-58.511599,-51.892176],[-58.678071,-51.904084],[-58.629346,-51.883877],[-58.718992,-51.872456],[-58.690729,-51.893139],[-58.743841,-51.881649],[-58.764116,-51.898884],[-58.857465,-51.857243],[-58.814256,-51.856831],[-58.932619,-51.841301],[-58.952863,-51.787548],[-58.97879,-51.85439],[-59.021467,-51.849141],[-59.048479,-51.859978],[-59.086366,-51.857586],[-59.099561,-51.840676],[-59.115625,-51.876503],[-59.092107,-51.858292],[-59.042024,-51.862179],[-59.023576,-51.852875],[-59.006566,-51.859955],[-59.013249,-51.873735],[-58.991506,-51.857411],[-58.989461,-51.873505],[-58.976831,-51.856427],[-58.760278,-51.936814],[-58.791677,-51.947148],[-58.83233,-51.920102],[-58.897649,-51.917855],[-58.804773,-51.947922],[-58.805099,-51.967229],[-58.769105,-51.956162],[-58.765897,-51.993119],[-58.744615,-51.953389],[-58.725698,-51.966927],[-58.699338,-51.952584],[-58.693841,-51.973523],[-58.624379,-51.966277],[-58.603883,-51.991105],[-58.631525,-52.006001],[-58.62528,-52.004109],[-58.586952,-52.016277],[-58.688013,-52.023755],[-58.635862,-52.051148],[-58.663465,-52.054261],[-58.637285,-52.114033],[-58.659631,-52.141475],[-58.694023,-52.123248],[-58.677929,-52.091411],[-58.713537,-52.064667],[-58.73915,-52.078659],[-58.746792,-52.045366],[-58.82258,-52.023941],[-58.813936,-52.056393],[-58.897233,-52.033696],[-58.890439,-52.048424],[-58.886339,-52.042973],[-58.85975,-52.084561],[-58.887025,-52.074639],[-58.928209,-52.117356],[-58.950647,-52.061699],[-58.988679,-52.097529],[-59.01555,-52.020302],[-59.058996,-52.043057],[-59.072175,-52.015999],[-59.100796,-52.030435],[-59.134595,-51.982517],[-59.15601,-51.996109],[-59.189501,-51.97175],[-59.168226,-52.012082],[-59.259759,-51.994194],[-59.291326,-52.011475],[-59.293235,-52.029246],[-59.265756,-52.006813],[-59.186406,-52.027606],[-59.23589,-52.053754],[-59.198771,-52.052624],[-59.210824,-52.080182],[-59.1321,-52.038732],[-59.14943,-52.057753],[-59.098961,-52.080156],[-59.177794,-52.102713],[-59.067625,-52.105093],[-59.179506,-52.14457],[-59.145593,-52.142087],[-59.14817,-52.164104],[-59.110693,-52.135491],[-59.116544,-52.163968],[-59.074228,-52.137097],[-59.024794,-52.143105],[-59.102821,-52.197168],[-59.092704,-52.2146],[-59.023105,-52.204546],[-59.054276,-52.242499],[-59.021261,-52.261832],[-59.160673,-52.209481],[-59.241182,-52.219002],[-59.247808,-52.17392],[-59.296625,-52.162709],[-59.317605,-52.184449],[-59.290987,-52.141121],[-59.349309,-52.161198],[-59.367258,-52.113909],[-59.370763,-52.144789],[-59.407712,-52.115673],[-59.386518,-52.158776],[-59.45343,-52.12546],[-59.435606,-52.152204],[-59.486871,-52.165795],[-59.398834,-52.181075],[-59.409025,-52.187218],[-59.420778,-52.180874],[-59.463895,-52.195679],[-59.451356,-52.191472],[-59.422739,-52.194146],[-59.461461,-52.224474],[-59.400309,-52.203714],[-59.422605,-52.220334],[-59.429567,-52.221505],[-59.433978,-52.243867],[-59.377908,-52.205113],[-59.329996,-52.211268],[-59.387817,-52.226378],[-59.341811,-52.253719],[-59.414665,-52.283991],[-59.345899,-52.268822],[-59.386606,-52.312943],[-59.335092,-52.346138],[-59.30684,-52.327004],[-59.308181,-52.350663],[-59.364078,-52.359372],[-59.391787,-52.345962],[-59.373517,-52.334092],[-59.425909,-52.33115],[-59.414861,-52.310284],[-59.497709,-52.31189],[-59.478322,-52.275395],[-59.510541,-52.273046],[-59.508583,-52.242832],[-59.583726,-52.259575],[-59.552297,-52.204991],[-59.630659,-52.209744],[-59.623422,-52.174012],[-59.73512,-52.126908],[-59.707056,-52.107563],[-59.731554,-52.097122],[-59.667852,-52.10018],[-59.67928,-52.124451],[-59.607389,-52.122048],[-59.641149,-52.084275],[-59.603956,-52.093007],[-59.5543,-52.066876],[-59.653936,-52.005822],[-59.545637,-52.005153],[-59.58827,-51.999909],[-59.64715,-51.962124],[-59.59621,-51.985194],[-59.526365,-51.966019],[-59.614717,-51.950631],[-59.609186,-51.916501],[-59.591901,-51.904076],[-59.515966,-51.938485],[-59.474683,-51.930066],[-59.537797,-51.881882],[-59.44481,-51.889172],[-59.486881,-51.884502],[-59.458862,-51.865526],[-59.515169,-51.857319],[-59.497972,-51.835549],[-59.446958,-51.823178],[-59.456126,-51.847145],[-59.410409,-51.812409],[-59.37927,-51.85815],[-59.361448,-51.777634],[-59.32423,-51.810581],[-59.301065,-51.789235],[-59.300436,-51.807755],[-59.272358,-51.798148],[-59.306069,-51.760605],[-59.269285,-51.743315],[-59.248444,-51.766323],[-59.230992,-51.72139],[-59.22459,-51.765073],[-59.197799,-51.722104],[-59.18099,-51.734177],[-59.153243,-51.704972],[-59.05597,-51.690471],[-59.061002,-51.745919],[-59.024633,-51.775208],[-59.045354,-51.773232],[-59.042436,-51.780457],[-59.071744,-51.783619],[-59.043729,-51.785778],[-59.030904,-51.812481],[-59.062757,-51.813065],[-59.028597,-51.831585],[-58.949174,-51.77415],[-59.003816,-51.772488],[-58.987009,-51.767846],[-59.008661,-51.711232],[-59.041116,-51.700039],[-59.034032,-51.677192],[-59.002921,-51.693907],[-59.024995,-51.672448],[-58.998197,-51.677487],[-59.048318,-51.653794],[-58.976711,-51.670985],[-59.178796,-51.584336],[-59.113261,-51.528674],[-59.12837,-51.496551],[-59.044479,-51.603665],[-59.014484,-51.602252],[-59.04967,-51.575371],[-59.026842,-51.560986],[-59.065307,-51.519688],[-59.045557,-51.504639],[-58.980554,-51.506157],[-58.950296,-51.521237],[-58.925577,-51.521771],[-58.942171,-51.542469],[-58.934305,-51.545277],[-58.916578,-51.5243],[-58.878023,-51.531853],[-58.846414,-51.522244],[-58.852264,-51.511098],[-58.830827,-51.519452],[-58.855192,-51.509652],[-58.879587,-51.530354],[-58.899401,-51.521592],[-58.918313,-51.52081],[-58.920053,-51.527764],[-58.924234,-51.519955],[-58.949033,-51.516148],[-58.95276,-51.507851],[-59.144037,-51.462113],[-59.100203,-51.411137],[-59.051553,-51.433789],[-58.980077,-51.426835],[-58.958753,-51.447228],[-58.969175,-51.424121],[-59.019765,-51.419156],[-59.005388,-51.385296],[-58.866785,-51.371701],[-58.965501,-51.237633]],[[-58.314754,-51.424518],[-58.305641,-51.42023],[-58.304142,-51.425109],[-58.308987,-51.425651],[-58.310669,-51.425281],[-58.314754,-51.424518]],[[-58.489471,-51.45607],[-58.491344,-51.457928],[-58.494572,-51.451569],[-58.483368,-51.455391],[-58.489471,-51.45607]],[[-58.090119,-51.547815],[-58.091905,-51.548055],[-58.09277,-51.547639],[-58.090119,-51.547815]],[[-58.057599,-51.552639],[-58.03964,-51.56377],[-58.081487,-51.5509],[-58.057599,-51.552639]],[[-57.794074,-51.604314],[-57.790194,-51.603681],[-57.783961,-51.607458],[-57.794074,-51.604314]],[[-57.753371,-51.623712],[-57.759643,-51.623029],[-57.760581,-51.622125],[-57.75727,-51.621011],[-57.757197,-51.622369],[-57.744163,-51.62275],[-57.74364,-51.625188],[-57.753371,-51.623712]],[[-57.733863,-51.673048],[-57.72628,-51.672698],[-57.724956,-51.67429],[-57.733863,-51.673048]],[[-58.180007,-51.802417],[-58.173919,-51.80643],[-58.222596,-51.807902],[-58.180007,-51.802417]],[[-58.138592,-51.806615],[-58.144799,-51.804406],[-58.142296,-51.803933],[-58.138592,-51.806615]],[[-58.201434,-51.865895],[-58.200751,-51.864933],[-58.19789,-51.865738],[-58.201434,-51.865895]],[[-58.258601,-51.870484],[-58.26863,-51.872685],[-58.279876,-51.873776],[-58.28395,-51.867703],[-58.27401,-51.866359],[-58.273058,-51.867846],[-58.258601,-51.870484]],[[-58.293521,-51.873378],[-58.280256,-51.874866],[-58.296139,-51.884621],[-58.303932,-51.885573],[-58.299708,-51.876531],[-58.308215,-51.875639],[-58.293521,-51.873378]],[[-58.262821,-51.867075],[-58.265419,-51.866686],[-58.263771,-51.864954],[-58.262821,-51.867075]],[[-58.24309,-51.856457],[-58.251293,-51.859154],[-58.250792,-51.855744],[-58.260991,-51.855893],[-58.250372,-51.854332],[-58.24309,-51.856457]],[[-58.230019,-51.848709],[-58.231175,-51.849781],[-58.236535,-51.848625],[-58.230019,-51.848709]],[[-58.240792,-51.846464],[-58.238477,-51.846452],[-58.239938,-51.847009],[-58.240792,-51.846464]],[[-58.403209,-51.905018],[-58.397464,-51.903283],[-58.395381,-51.904648],[-58.398039,-51.909665],[-58.401546,-51.922522],[-58.449732,-51.925595],[-58.472732,-51.91338],[-58.426589,-51.91619],[-58.423618,-51.915435],[-58.400374,-51.913765],[-58.398991,-51.907464],[-58.428725,-51.905499],[-58.403209,-51.905018]],[[-58.719745,-51.922379],[-58.704041,-51.923985],[-58.712726,-51.929399],[-58.733605,-51.922141],[-58.719745,-51.922379]],[[-58.517787,-51.905339],[-58.50698,-51.907982],[-58.510112,-51.912996],[-58.527328,-51.911902],[-58.537883,-51.901822],[-58.526069,-51.902943],[-58.517787,-51.905339]],[[-58.519107,-51.901066],[-58.534369,-51.899662],[-58.516715,-51.898898],[-58.519107,-51.901066]],[[-58.536788,-51.900132],[-58.553493,-51.898905],[-58.54486,-51.895966],[-58.536788,-51.900132]],[[-58.815978,-51.896294],[-58.813342,-51.895844],[-58.810859,-51.898171],[-58.815978,-51.896294]],[[-58.927129,-51.866575],[-58.926396,-51.870721],[-58.944535,-51.860303],[-58.927129,-51.866575]],[[-58.933118,-51.85317],[-58.928204,-51.859159],[-58.942208,-51.855114],[-58.939111,-51.852254],[-58.933118,-51.85317]],[[-58.766908,-51.945299],[-58.764642,-51.949281],[-58.781598,-51.945142],[-58.77081,-51.947137],[-58.766908,-51.945299]],[[-58.456326,-51.950217],[-58.451585,-51.951832],[-58.494446,-51.953467],[-58.456326,-51.950217]],[[-58.499328,-51.973227],[-58.479084,-51.971961],[-58.453125,-51.982314],[-58.439457,-51.977133],[-58.431255,-51.984736],[-58.469268,-51.985156],[-58.499328,-51.973227]],[[-58.43145,-51.987723],[-58.424106,-51.990842],[-58.403787,-52.014436],[-58.455085,-52.008112],[-58.441635,-52.029784],[-58.471726,-52.027193],[-58.446573,-52.041265],[-58.423825,-52.026968],[-58.433032,-52.10236],[-58.55466,-52.027464],[-58.469797,-52.003052],[-58.486207,-51.993056],[-58.474071,-51.99032],[-58.472455,-51.993002],[-58.447778,-51.995912],[-58.422794,-51.994841],[-58.429337,-51.994305],[-58.43145,-51.987723]],[[-58.392329,-51.996351],[-58.36864,-52.000988],[-58.361036,-52.008197],[-58.378194,-52.00535],[-58.3809,-52.002434],[-58.390321,-52.000001],[-58.392329,-51.996351]],[[-58.534137,-52.066606],[-58.537111,-52.065179],[-58.533721,-52.062323],[-58.534137,-52.066606]],[[-58.466233,-51.989994],[-58.47511,-51.987851],[-58.464856,-51.986863],[-58.466233,-51.989994]],[[-58.482261,-51.982202],[-58.50032,-51.981809],[-58.491401,-51.979662],[-58.482261,-51.982202]],[[-58.613822,-51.973775],[-58.618041,-51.973771],[-58.61175,-51.971734],[-58.613822,-51.973775]],[[-58.623745,-52.115982],[-58.62208,-52.112472],[-58.61857,-52.125976],[-58.61274,-52.133657],[-58.601081,-52.149354],[-58.609112,-52.140372],[-58.627591,-52.132509],[-58.623745,-52.115982]],[[-58.83183,-52.145676],[-58.841027,-52.162564],[-58.835449,-52.210698],[-58.935786,-52.243192],[-59.004486,-52.247247],[-58.990155,-52.222725],[-58.936635,-52.234913],[-58.914743,-52.213772],[-58.85658,-52.214196],[-58.861889,-52.178718],[-58.826178,-52.133079],[-58.83183,-52.145676]],[[-58.830652,-52.190632],[-58.833165,-52.190632],[-58.83128,-52.188291],[-58.830652,-52.190632]],[[-58.807405,-52.193903],[-58.798826,-52.193961],[-58.801492,-52.196696],[-58.807073,-52.197195],[-58.807405,-52.193903]],[[-58.99976,-52.145547],[-59.01368,-52.150484],[-59.002853,-52.137457],[-58.988279,-52.135137],[-58.99976,-52.145547]],[[-58.851246,-52.142706],[-58.86232,-52.142226],[-58.852669,-52.140375],[-58.851246,-52.142706]],[[-58.713003,-52.138792],[-58.722933,-52.134946],[-58.733149,-52.132394],[-58.71826,-52.127603],[-58.713141,-52.125753],[-58.703226,-52.127435],[-58.707533,-52.137785],[-58.713003,-52.138792]],[[-58.912542,-52.124444],[-58.919863,-52.125897],[-58.921232,-52.118978],[-58.912542,-52.124444]],[[-59.010655,-52.081663],[-59.000979,-52.081075],[-59.00517,-52.087503],[-59.010655,-52.081663]],[[-59.07713,-52.075708],[-59.091573,-52.077783],[-59.084245,-52.071199],[-59.082389,-52.071246],[-59.07713,-52.075708]],[[-59.057744,-52.079585],[-59.058471,-52.07784],[-59.056754,-52.077772],[-59.057744,-52.079585]],[[-59.66411,-52.356059],[-59.646912,-52.367426],[-59.651319,-52.371649],[-59.66697,-52.372926],[-59.684472,-52.376451],[-59.69827,-52.396693],[-59.743991,-52.383368],[-59.661584,-52.349168],[-59.66411,-52.356059]],[[-59.748654,-52.375551],[-59.763877,-52.383984],[-59.808736,-52.363214],[-59.814359,-52.355945],[-59.763648,-52.343781],[-59.75114,-52.308725],[-59.680192,-52.303591],[-59.688374,-52.313814],[-59.753831,-52.348844],[-59.748654,-52.375551]],[[-59.717661,-52.36609],[-59.722322,-52.365293],[-59.718767,-52.364431],[-59.717661,-52.36609]],[[-59.772973,-52.154062],[-59.768024,-52.173944],[-59.697427,-52.168283],[-59.670129,-52.222154],[-59.747106,-52.296053],[-59.761302,-52.17912],[-59.778119,-52.18342],[-59.781885,-52.186258],[-59.791581,-52.181083],[-59.806453,-52.172398],[-59.794564,-52.154661],[-59.785188,-52.142061],[-59.777962,-52.148938],[-59.772973,-52.154062]],[[-60.543738,-52.194191],[-60.504248,-52.203834],[-60.604651,-52.251137],[-60.622473,-52.232338],[-60.614661,-52.257667],[-60.65055,-52.259865],[-60.696631,-52.210792],[-60.631934,-52.214638],[-60.631263,-52.204933],[-60.665076,-52.19297],[-60.629309,-52.175392],[-60.672095,-52.192421],[-60.696936,-52.179237],[-60.661414,-52.154335],[-60.704444,-52.1735],[-60.701575,-52.141701],[-60.717505,-52.160438],[-60.743933,-52.147987],[-60.716773,-52.129616],[-60.665625,-52.136879],[-60.716101,-52.102882],[-60.743384,-52.124244],[-60.814673,-52.097938],[-60.850074,-52.107033],[-60.770789,-52.167213],[-60.719519,-52.176246],[-60.799475,-52.18943],[-60.858863,-52.124306],[-60.93302,-52.116493],[-61.02323,-52.042824],[-61.011878,-52.073524],[-61.048194,-52.072181],[-61.042151,-52.014992],[-61.070166,-52.018043],[-61.077979,-52.010719],[-61.067786,-52.007301],[-61.057776,-52.012245],[-61.042334,-52.011696],[-60.979529,-52.048866],[-60.896704,-52.037086],[-60.917517,-52.067787],[-60.8823,-52.07328],[-60.920142,-52.08329],[-60.856543,-52.085182],[-60.812049,-52.060768],[-60.87052,-52.0709],[-60.896277,-52.028419],[-60.859656,-52.04203],[-60.745276,-52.01786],[-60.791114,-51.989357],[-60.825232,-51.999611],[-60.84635,-51.953956],[-60.74491,-51.961769],[-60.753272,-51.977577],[-60.724768,-51.961098],[-60.721839,-52.012367],[-60.691809,-52.004127],[-60.700232,-51.970436],[-60.681311,-51.97837],[-60.696753,-52.02018],[-60.67472,-52.036415],[-60.689795,-52.039406],[-60.683448,-52.046974],[-60.686499,-52.043068],[-60.639075,-52.037758],[-60.676734,-52.03257],[-60.649207,-51.968544],[-60.634131,-51.999367],[-60.628211,-51.98069],[-60.577369,-51.986915],[-60.608191,-52.026527],[-60.585425,-52.009498],[-60.555396,-52.026222],[-60.572119,-51.989357],[-60.536597,-52.00254],[-60.545386,-52.026954],[-60.534034,-52.007301],[-60.503455,-52.023109],[-60.51908,-52.003639],[-60.570472,-51.984169],[-60.546363,-51.979103],[-60.509986,-51.978126],[-60.433081,-51.962623],[-60.397315,-51.925575],[-60.543189,-51.953834],[-60.631263,-51.924782],[-60.645789,-51.926002],[-60.629187,-51.917946],[-60.547034,-51.941749],[-60.506202,-51.936317],[-60.449683,-51.875953],[-60.477183,-51.872028],[-60.445472,-51.851539],[-60.477393,-51.818214],[-60.414893,-51.769996],[-60.437232,-51.79026],[-60.368262,-51.775306],[-60.384681,-51.795997],[-60.39524,-51.787819],[-60.405432,-51.794533],[-60.418433,-51.818214],[-60.39524,-51.798927],[-60.356299,-51.812904],[-60.41886,-51.868995],[-60.382239,-51.84568],[-60.364295,-51.87693],[-60.327369,-51.864174],[-60.33396,-51.819313],[-60.292029,-51.829628],[-60.328345,-51.80381],[-60.294226,-51.778602],[-60.329688,-51.779701],[-60.3245,-51.761207],[-60.266089,-51.749428],[-60.280738,-51.771889],[-60.213965,-51.792213],[-60.180945,-51.708656],[-60.247718,-51.695656],[-60.28855,-51.720436],[-60.31803,-51.696632],[-60.382361,-51.717323],[-60.358619,-51.755958],[-60.409888,-51.745033],[-60.458594,-51.77433],[-60.521399,-51.760353],[-60.538916,-51.806984],[-60.640174,-51.728248],[-60.652965,-51.668334],[-60.520972,-51.712257],[-60.368384,-51.671669],[-60.282141,-51.680031],[-60.233435,-51.656288],[-60.086463,-51.722267],[-59.973792,-51.742286],[-60.086036,-51.713478],[-60.093848,-51.699928],[-60.024756,-51.699074],[-60.094031,-51.698097],[-60.084143,-51.669472],[-60.086707,-51.6641],[-60.134558,-51.683327],[-60.18278,-51.665953],[-60.258826,-51.623817],[-60.231543,-51.608314],[-60.30503,-51.597755],[-60.265113,-51.568397],[-60.310218,-51.578529],[-60.296088,-51.557293],[-60.293707,-51.559189],[-60.321997,-51.536598],[-60.346937,-51.540001],[-60.309851,-51.570717],[-60.374305,-51.576332],[-60.389075,-51.545387],[-60.405677,-51.562355],[-60.506324,-51.528114],[-60.511817,-51.526588],[-60.483863,-51.490089],[-60.400489,-51.505714],[-60.381812,-51.487221],[-60.454383,-51.437477],[-60.521827,-51.451027],[-60.650672,-51.414039],[-60.63053,-51.376564],[-60.664527,-51.360695],[-60.610389,-51.359474],[-60.664405,-51.340004],[-60.487525,-51.387123],[-60.245093,-51.494056],[-60.150916,-51.484474],[-60.171607,-51.49601],[-60.130042,-51.506447],[-60.081092,-51.483925],[-60.067115,-51.483375],[-59.981604,-51.472816],[-60.099646,-51.437843],[-60.068091,-51.421425],[-60.081397,-51.408363],[-60.031653,-51.41703],[-60.05094,-51.388222],[-60.009986,-51.380836],[-59.983252,-51.388527],[-60.019934,-51.403053],[-59.997779,-51.421669],[-59.900977,-51.38108],[-59.860327,-51.390724],[-59.908484,-51.402382],[-59.896277,-51.423866],[-59.890662,-51.410743],[-59.819922,-51.395241],[-59.875586,-51.413856],[-59.771338,-51.420753],[-59.757788,-51.405372],[-59.732825,-51.42704],[-59.842505,-51.443764],[-59.802893,-51.459022],[-59.634375,-51.43705],[-59.625891,-51.468727],[-59.619422,-51.435646],[-59.574073,-51.434608],[-59.504126,-51.393959],[-59.483863,-51.415382],[-59.601477,-51.442543],[-59.58927,-51.457924],[-59.520423,-51.480812],[-59.542273,-51.445289],[-59.46604,-51.463905],[-59.382544,-51.433876],[-59.425147,-51.41288],[-59.475867,-51.405494],[-59.472754,-51.399208],[-59.435706,-51.388405],[-59.454383,-51.356178],[-59.44889,-51.35215],[-59.400183,-51.363136],[-59.398108,-51.365455],[-59.417334,-51.34214],[-59.393897,-51.338905],[-59.387427,-51.336098],[-59.370887,-51.353554],[-59.36167,-51.357643],[-59.238379,-51.397133],[-59.210425,-51.402382],[-59.283667,-51.433876],[-59.292578,-51.436928],[-59.266272,-51.445839],[-59.291907,-51.463783],[-59.200415,-51.435829],[-59.33451,-51.524147],[-59.331214,-51.492592],[-59.366187,-51.486549],[-59.353858,-51.507545],[-59.377417,-51.498634],[-59.48014,-51.526039],[-59.358496,-51.507789],[-59.395789,-51.55674],[-59.338355,-51.528358],[-59.440955,-51.634254],[-59.480933,-51.632301],[-59.43888,-51.584999],[-59.589026,-51.66111],[-59.602698,-51.686317],[-59.543738,-51.646278],[-59.607398,-51.730873],[-59.664283,-51.743629],[-59.628638,-51.754066],[-59.773963,-51.820045],[-59.750098,-51.810158],[-59.859534,-51.964088],[-59.919471,-51.966591],[-60.004309,-52.005836],[-59.997351,-51.969581],[-60.075476,-51.961647],[-60.051673,-51.943153],[-60.0792,-51.935341],[-60.100074,-52.008278],[-60.239051,-52.016762],[-60.182288,-51.97892],[-60.171485,-51.968117],[-60.220862,-51.994301],[-60.209632,-51.967811],[-60.284461,-51.993446],[-60.290076,-52.01432],[-60.327124,-51.996925],[-60.309119,-51.932838],[-60.328345,-51.959999],[-60.330664,-51.939064],[-60.348792,-51.93412],[-60.372473,-51.933571],[-60.329444,-51.988685],[-60.357398,-52.00663],[-60.335303,-51.993446],[-60.281836,-52.020485],[-60.282508,-52.082008],[-60.242347,-52.018593],[-60.266394,-52.089332],[-60.353553,-52.161049],[-60.380713,-52.153785],[-60.377539,-52.108253],[-60.327918,-52.101356],[-60.407569,-52.091102],[-60.388098,-52.135658],[-60.408667,-52.120033],[-60.45066,-52.114296],[-60.458289,-52.10276],[-60.501624,-52.111671],[-60.404578,-52.124855],[-60.368262,-52.176246],[-60.407325,-52.172157],[-60.416358,-52.144325],[-60.466285,-52.178566],[-60.473304,-52.149635],[-60.490393,-52.166115],[-60.545142,-52.126198],[-60.543372,-52.112465],[-60.547461,-52.119056],[-60.585974,-52.126076],[-60.557715,-52.137977],[-60.572215,-52.157231],[-60.569934,-52.157774],[-60.544715,-52.136513],[-60.493567,-52.185829],[-60.512793,-52.179115],[-60.505774,-52.187904],[-60.522193,-52.1912],[-60.547339,-52.187848],[-60.543738,-52.194191]],[[-60.747807,-52.200452],[-60.754376,-52.200021],[-60.751991,-52.19292],[-60.747807,-52.200452]],[[-60.69185,-52.190969],[-60.702706,-52.187322],[-60.709981,-52.187749],[-60.710826,-52.183938],[-60.693967,-52.18548],[-60.688615,-52.186936],[-60.69185,-52.190969]],[[-60.76238,-52.141064],[-60.761793,-52.145264],[-60.774041,-52.145519],[-60.767995,-52.135245],[-60.76238,-52.141064]],[[-60.919313,-52.163418],[-60.926927,-52.17233],[-60.940027,-52.169106],[-60.919313,-52.163418]],[[-60.905637,-52.007742],[-60.916717,-52.004016],[-60.922008,-51.996154],[-60.932061,-51.995264],[-60.941354,-51.999319],[-60.94307,-51.996969],[-60.940617,-51.991376],[-60.884992,-51.984563],[-60.882806,-51.963972],[-60.879331,-51.964113],[-60.870789,-51.966123],[-60.863835,-51.96824],[-60.862203,-51.991777],[-60.87259,-51.994081],[-60.856806,-52.00706],[-60.847467,-52.00361],[-60.84554,-52.005743],[-60.850322,-52.008666],[-60.881452,-52.007726],[-60.905637,-52.007742]],[[-60.987681,-51.98735],[-61.00702,-51.98509],[-61.057721,-51.966447],[-61.059476,-51.941846],[-61.070724,-51.938036],[-61.053532,-51.930303],[-61.038839,-51.926674],[-61.054246,-51.92834],[-61.068904,-51.935066],[-61.079267,-51.91529],[-61.098836,-51.931398],[-61.101045,-51.901029],[-61.137444,-51.904166],[-61.134057,-51.859262],[-61.100816,-51.859426],[-61.098496,-51.848859],[-61.155602,-51.851415],[-61.160855,-51.850225],[-61.166184,-51.830721],[-61.10652,-51.814546],[-61.093774,-51.816759],[-61.117644,-51.836853],[-61.092904,-51.824121],[-61.038161,-51.845155],[-61.047093,-51.830786],[-61.058752,-51.829179],[-61.056968,-51.822398],[-61.047753,-51.810762],[-61.033471,-51.81526],[-61.044595,-51.803303],[-61.034074,-51.797727],[-61.038758,-51.784361],[-61.014466,-51.780153],[-60.983289,-51.778474],[-60.975804,-51.778684],[-60.96993,-51.799699],[-60.956738,-51.801099],[-60.954291,-51.798381],[-60.949532,-51.799059],[-60.949201,-51.801885],[-60.942368,-51.809751],[-60.943408,-51.815914],[-60.944836,-51.818174],[-61.041837,-51.880838],[-61.044148,-51.886087],[-60.954232,-51.865537],[-60.918534,-51.831426],[-60.903306,-51.857231],[-60.875474,-51.805444],[-60.897656,-51.80133],[-60.90342,-51.798735],[-60.9073,-51.792],[-60.894832,-51.77445],[-60.901563,-51.764253],[-60.87481,-51.763635],[-60.863261,-51.786673],[-60.857076,-51.791666],[-60.863756,-51.795094],[-60.866908,-51.799317],[-60.89819,-51.883643],[-60.871884,-51.890142],[-60.915574,-51.896158],[-60.870931,-51.917173],[-60.922532,-51.937795],[-60.906125,-51.94486],[-60.902615,-51.949814],[-60.893914,-51.94977],[-60.915126,-51.958372],[-60.930032,-51.958204],[-60.94938,-51.964128],[-60.987681,-51.98735]],[[-61.165701,-51.906426],[-61.193094,-51.908449],[-61.146745,-51.895742],[-61.162429,-51.908508],[-61.165701,-51.906426]],[[-61.195691,-51.905298],[-61.216706,-51.909786],[-61.216026,-51.905296],[-61.202344,-51.896654],[-61.17064,-51.875314],[-61.165143,-51.879613],[-61.195691,-51.905298]],[[-61.233575,-51.873233],[-61.242459,-51.878584],[-61.24749,-51.874308],[-61.279391,-51.869129],[-61.345477,-51.830488],[-61.344998,-51.824335],[-61.336223,-51.821498],[-61.328881,-51.821982],[-61.318765,-51.820127],[-61.30066,-51.825208],[-61.310931,-51.801684],[-61.261922,-51.830637],[-61.240277,-51.796106],[-61.223267,-51.797151],[-61.224099,-51.804052],[-61.221135,-51.807531],[-61.197602,-51.819303],[-61.203851,-51.824075],[-61.24204,-51.821783],[-61.255936,-51.838784],[-61.229306,-51.84202],[-61.264681,-51.861507],[-61.209485,-51.855482],[-61.216502,-51.858302],[-61.216691,-51.863008],[-61.221127,-51.864214],[-61.231059,-51.872335],[-61.233575,-51.873233]],[[-61.311655,-51.814751],[-61.324329,-51.814162],[-61.323423,-51.808049],[-61.313307,-51.812001],[-61.311655,-51.814751]],[[-61.143372,-51.788698],[-61.146317,-51.793012],[-61.147387,-51.792],[-61.157229,-51.792184],[-61.159591,-51.788311],[-61.152573,-51.782163],[-61.142384,-51.782728],[-61.137708,-51.78507],[-61.143372,-51.788698]],[[-61.042453,-51.778378],[-61.048482,-51.785097],[-61.075839,-51.786856],[-61.042453,-51.778378]],[[-61.119813,-51.797484],[-61.117268,-51.799415],[-61.117385,-51.806277],[-61.122998,-51.802173],[-61.119813,-51.797484]],[[-61.090634,-51.799618],[-61.088082,-51.796265],[-61.078576,-51.798733],[-61.090634,-51.799618]],[[-61.065389,-51.805143],[-61.053563,-51.79928],[-61.06091,-51.807817],[-61.064553,-51.80694],[-61.065389,-51.805143]],[[-61.19056,-51.802947],[-61.19357,-51.807693],[-61.191285,-51.8091],[-61.2025,-51.805133],[-61.204244,-51.797576],[-61.198518,-51.798499],[-61.201013,-51.804858],[-61.19056,-51.802947]],[[-61.100312,-51.794103],[-61.105109,-51.789088],[-61.104203,-51.780904],[-61.090936,-51.788282],[-61.100312,-51.794103]],[[-61.190072,-51.848679],[-61.183629,-51.847718],[-61.196488,-51.861268],[-61.19336,-51.853116],[-61.190072,-51.848679]],[[-61.219298,-51.870318],[-61.220607,-51.870556],[-61.219952,-51.869247],[-61.219298,-51.870318]],[[-61.140774,-51.886332],[-61.136376,-51.885889],[-61.139771,-51.890025],[-61.140774,-51.886332]],[[-60.986945,-51.863412],[-60.981152,-51.853716],[-60.980435,-51.856561],[-60.986945,-51.863412]],[[-61.289931,-51.760159],[-61.293719,-51.764222],[-61.309752,-51.75322],[-61.316638,-51.7412],[-61.311064,-51.730542],[-61.309275,-51.722085],[-61.333091,-51.692086],[-61.26353,-51.682466],[-61.250602,-51.683267],[-61.21041,-51.693377],[-61.243697,-51.702786],[-61.244674,-51.717588],[-61.271033,-51.698174],[-61.292966,-51.706462],[-61.289931,-51.760159]],[[-60.666171,-51.667419],[-60.688977,-51.675256],[-60.695992,-51.609659],[-60.688943,-51.609014],[-60.682903,-51.614847],[-60.666171,-51.667419]],[[-61.23563,-51.667201],[-61.240788,-51.672098],[-61.246839,-51.667209],[-61.23563,-51.667201]],[[-61.226718,-51.65268],[-61.22471,-51.657689],[-61.227244,-51.663227],[-61.23289,-51.656155],[-61.237323,-51.648289],[-61.226718,-51.65268]],[[-60.447495,-51.618402],[-60.461598,-51.607187],[-60.458325,-51.605062],[-60.440507,-51.605878],[-60.430039,-51.608923],[-60.422093,-51.623117],[-60.442027,-51.624468],[-60.447495,-51.618402]],[[-60.352124,-51.641965],[-60.355508,-51.632223],[-60.33772,-51.635646],[-60.338585,-51.640951],[-60.352124,-51.641965]],[[-61.233847,-51.722287],[-61.235037,-51.720919],[-61.233966,-51.719848],[-61.233847,-51.722287]],[[-60.469201,-51.836767],[-60.495799,-51.857017],[-60.509759,-51.831174],[-60.479272,-51.826732],[-60.469201,-51.836767]],[[-60.465482,-51.854105],[-60.460748,-51.851949],[-60.458718,-51.855802],[-60.465482,-51.854105]],[[-60.964124,-51.983305],[-60.96686,-51.987826],[-60.973582,-51.98503],[-60.968229,-51.981937],[-60.964124,-51.983305]],[[-60.965417,-52.010843],[-60.953769,-52.015864],[-60.965691,-52.023538],[-60.965417,-52.010843]],[[-60.988628,-52.015864],[-60.998087,-52.024311],[-61.005046,-52.012057],[-60.988628,-52.015864]],[[-60.39483,-51.797685],[-60.393296,-51.797075],[-60.393121,-51.798635],[-60.39483,-51.797685]],[[-60.227899,-51.765255],[-60.221534,-51.757105],[-60.217846,-51.762102],[-60.214098,-51.774773],[-60.227899,-51.765255]],[[-60.114322,-51.688814],[-60.119081,-51.686553],[-60.122115,-51.682032],[-60.114024,-51.687505],[-60.114322,-51.688814]],[[-60.1145,-51.685185],[-60.114917,-51.683519],[-60.113073,-51.684174],[-60.1145,-51.685185]],[[-60.729402,-51.588569],[-60.725012,-51.589095],[-60.729502,-51.590476],[-60.729402,-51.588569]],[[-60.731634,-51.58527],[-60.758901,-51.584355],[-60.784078,-51.582028],[-60.803213,-51.582936],[-60.810907,-51.577037],[-60.818464,-51.568611],[-60.810263,-51.56733],[-60.785211,-51.574162],[-60.75168,-51.574841],[-60.731634,-51.58527]],[[-60.830307,-51.574023],[-60.848526,-51.5763],[-60.845742,-51.565981],[-60.835995,-51.569058],[-60.830307,-51.574023]],[[-60.859657,-51.566745],[-60.877684,-51.566752],[-60.876651,-51.56483],[-60.886828,-51.56277],[-60.868815,-51.558261],[-60.859657,-51.566745]],[[-60.502034,-51.560459],[-60.502332,-51.554768],[-60.498025,-51.549595],[-60.481877,-51.552422],[-60.502034,-51.560459]],[[-60.316138,-51.579628],[-60.322058,-51.579262],[-60.314185,-51.576942],[-60.316138,-51.579628]],[[-60.511834,-51.491744],[-60.519585,-51.497234],[-60.532154,-51.496555],[-60.527607,-51.49158],[-60.511834,-51.491744]],[[-60.50641,-51.48739],[-60.519643,-51.484625],[-60.497045,-51.487241],[-60.50641,-51.48739]],[[-60.692131,-51.475167],[-60.716858,-51.474304],[-60.729248,-51.469788],[-60.71402,-51.470947],[-60.692131,-51.475167]],[[-60.700443,-51.380308],[-60.716864,-51.369121],[-60.720782,-51.349102],[-60.73278,-51.333807],[-60.731758,-51.326349],[-60.718609,-51.330388],[-60.719429,-51.332811],[-60.712775,-51.334726],[-60.663811,-51.351359],[-60.700443,-51.380308]],[[-60.130981,-51.359924],[-60.164062,-51.364075],[-60.139099,-51.360352],[-60.254944,-51.30896],[-60.319092,-51.273987],[-60.316345,-51.267517],[-60.295959,-51.266724],[-60.298279,-51.26178],[-60.288574,-51.263],[-60.249207,-51.300598],[-60.214233,-51.307434],[-60.184753,-51.315796],[-60.142212,-51.311829],[-60.085632,-51.30426],[-60.044739,-51.337891],[-60.080261,-51.382446],[-60.107666,-51.378906],[-60.098206,-51.384521],[-60.121094,-51.396179],[-60.109985,-51.403687],[-60.203125,-51.399597],[-60.213806,-51.399963],[-60.238892,-51.414124],[-60.281677,-51.40741],[-60.283203,-51.40271],[-60.305237,-51.389587],[-60.273987,-51.395996],[-60.284424,-51.369568],[-60.237671,-51.339783],[-60.22998,-51.338806],[-60.209839,-51.347351],[-60.187744,-51.364197],[-60.176208,-51.396851],[-60.133606,-51.385437],[-60.130737,-51.376282],[-60.13208,-51.369934],[-60.130981,-51.359924]],[[-60.509344,-51.306116],[-60.522448,-51.313058],[-60.519444,-51.317405],[-60.525373,-51.315252],[-60.53087,-51.313578],[-60.530725,-51.308945],[-60.528324,-51.306399],[-60.547073,-51.292425],[-60.585484,-51.28955],[-60.593917,-51.249963],[-60.581972,-51.250315],[-60.509344,-51.306116]],[[-60.646766,-51.243367],[-60.63951,-51.24632],[-60.641011,-51.249179],[-60.637536,-51.251853],[-60.6423,-51.249156],[-60.646766,-51.243367]],[[-59.890818,-51.24924],[-59.901786,-51.239959],[-59.892207,-51.23717],[-59.863964,-51.251872],[-59.849924,-51.255771],[-59.840967,-51.263094],[-59.890818,-51.24924]],[[-59.772315,-51.252251],[-59.755281,-51.248573],[-59.696154,-51.272696],[-59.603427,-51.262854],[-59.587732,-51.311369],[-59.546304,-51.302221],[-59.549437,-51.278039],[-59.491524,-51.275822],[-59.424416,-51.338085],[-59.477835,-51.303315],[-59.461451,-51.351061],[-59.586293,-51.343744],[-59.619516,-51.305056],[-59.714711,-51.303241],[-59.837908,-51.264322],[-59.772315,-51.252251]],[[-59.636067,-51.349201],[-59.636345,-51.351016],[-59.642551,-51.35358],[-59.645149,-51.356048],[-59.650753,-51.354927],[-59.652714,-51.352977],[-59.65147,-51.344535],[-59.665231,-51.347967],[-59.663841,-51.357551],[-59.708288,-51.347051],[-59.690314,-51.327148],[-59.700626,-51.347381],[-59.675648,-51.335258],[-59.644364,-51.344264],[-59.634968,-51.345325],[-59.638748,-51.346885],[-59.636067,-51.349201]],[[-59.662995,-51.357515],[-59.658677,-51.35592],[-59.658574,-51.359083],[-59.662995,-51.357515]],[[-59.723195,-51.345918],[-59.662129,-51.367143],[-59.684689,-51.370924],[-59.718209,-51.358484],[-59.736936,-51.361542],[-59.744748,-51.381881],[-59.746669,-51.370767],[-59.776036,-51.365018],[-59.743963,-51.364072],[-59.782958,-51.3522],[-59.814839,-51.361055],[-59.800392,-51.374082],[-59.831895,-51.359396],[-59.779897,-51.34361],[-59.750095,-51.348217],[-59.782678,-51.322],[-59.746039,-51.321006],[-59.739213,-51.315704],[-59.741593,-51.318794],[-59.742036,-51.329198],[-59.737904,-51.339655],[-59.735288,-51.338819],[-59.735224,-51.3306],[-59.731088,-51.330865],[-59.723195,-51.345918]],[[-59.658662,-51.389082],[-59.673291,-51.406377],[-59.670361,-51.389276],[-59.647214,-51.384977],[-59.641278,-51.388036],[-59.658662,-51.389082]],[[-59.618869,-51.405885],[-59.599652,-51.409013],[-59.595614,-51.409423],[-59.592282,-51.426124],[-59.622149,-51.420728],[-59.63086,-51.419607],[-59.642602,-51.420324],[-59.632043,-51.40798],[-59.618869,-51.405885]],[[-59.680814,-51.42954],[-59.669511,-51.4279],[-59.677609,-51.43567],[-59.678222,-51.431171],[-59.680814,-51.42954]],[[-59.712289,-51.434454],[-59.711827,-51.438638],[-59.718377,-51.430006],[-59.70937,-51.429333],[-59.712224,-51.43165],[-59.712289,-51.434454]],[[-59.677171,-51.421835],[-59.681283,-51.425325],[-59.683076,-51.424913],[-59.677171,-51.421835]],[[-59.686298,-51.409673],[-59.723233,-51.423681],[-59.72907,-51.394762],[-59.71732,-51.388311],[-59.696061,-51.391603],[-59.684949,-51.398275],[-59.686298,-51.409673]],[[-59.994829,-51.379428],[-59.993551,-51.382053],[-59.999415,-51.380378],[-59.994829,-51.379428]],[[-59.956971,-51.374433],[-59.975808,-51.378431],[-59.965161,-51.370958],[-59.956971,-51.374433]],[[-59.908926,-51.368564],[-59.8981,-51.362315],[-59.894216,-51.364516],[-59.90592,-51.369338],[-59.908926,-51.368564]],[[-59.906503,-51.374023],[-59.89084,-51.365615],[-59.885122,-51.367305],[-59.888777,-51.373679],[-59.906503,-51.374023]],[[-59.850724,-51.366476],[-59.824117,-51.371126],[-59.871053,-51.375494],[-59.850724,-51.366476]],[[-59.763175,-51.377342],[-59.761067,-51.372274],[-59.753774,-51.374513],[-59.761838,-51.378378],[-59.763175,-51.377342]],[[-59.65997,-51.41319],[-59.651719,-51.41356],[-59.648465,-51.417421],[-59.655679,-51.422609],[-59.661802,-51.416837],[-59.65997,-51.41319]],[[-59.722735,-51.372854],[-59.714927,-51.374189],[-59.721213,-51.37475],[-59.722735,-51.372854]],[[-59.72384,-51.362183],[-59.720225,-51.363126],[-59.723354,-51.363906],[-59.72384,-51.362183]],[[-59.928775,-51.355911],[-59.95505,-51.352631],[-60.038188,-51.3153],[-60.025934,-51.29906],[-59.969243,-51.290018],[-59.966962,-51.287229],[-59.957105,-51.28203],[-59.957879,-51.285585],[-59.898728,-51.31265],[-59.948839,-51.315657],[-59.928775,-51.355911]],[[-59.733142,-51.306441],[-59.728279,-51.30176],[-59.726728,-51.302706],[-59.725634,-51.307421],[-59.733142,-51.306441]],[[-59.855908,-51.349744],[-59.83693,-51.343671],[-59.840272,-51.347673],[-59.855908,-51.349744]],[[-59.629949,-51.343584],[-59.625783,-51.337583],[-59.625409,-51.344617],[-59.633508,-51.344793],[-59.629949,-51.343584]],[[-60.202237,-51.403188],[-60.211519,-51.407668],[-60.210648,-51.402401],[-60.200063,-51.40188],[-60.202237,-51.403188]],[[-60.380127,-51.364319],[-60.378357,-51.372864],[-60.412659,-51.357483],[-60.406982,-51.355164],[-60.382751,-51.360107],[-60.380127,-51.364319]],[[-59.886245,-51.399521],[-59.890263,-51.398212],[-59.885335,-51.39855],[-59.886245,-51.399521]],[[-59.193108,-51.584256],[-59.196917,-51.582458],[-59.195094,-51.579002],[-59.184758,-51.586769],[-59.18863,-51.590389],[-59.193108,-51.584256]],[[-59.202302,-51.585752],[-59.218821,-51.591778],[-59.21608,-51.583484],[-59.204301,-51.583781],[-59.202302,-51.585752]],[[-59.190623,-51.594268],[-59.188411,-51.593376],[-59.187335,-51.595157],[-59.190623,-51.594268]],[[-59.554463,-51.668229],[-59.538109,-51.658849],[-59.557099,-51.671338],[-59.554463,-51.668229]],[[-59.070228,-51.680083],[-59.06096,-51.684182],[-59.059063,-51.68862],[-59.070228,-51.680083]],[[-59.561947,-51.806836],[-59.630521,-51.797781],[-59.535382,-51.756548],[-59.556951,-51.776201],[-59.556058,-51.79018],[-59.554274,-51.793035],[-59.561947,-51.806836]],[[-59.633726,-51.783337],[-59.660398,-51.799291],[-59.666421,-51.792146],[-59.625944,-51.768662],[-59.633726,-51.783337]],[[-59.4773,-51.820741],[-59.48423,-51.823105],[-59.480606,-51.818142],[-59.4773,-51.820741]],[[-59.761308,-51.839193],[-59.750798,-51.829778],[-59.751286,-51.834081],[-59.759457,-51.840545],[-59.776524,-51.851991],[-59.761308,-51.839193]],[[-59.59842,-51.862547],[-59.586774,-51.856723],[-59.596528,-51.873684],[-59.617963,-51.862611],[-59.606706,-51.861032],[-59.59842,-51.862547]],[[-59.632699,-51.877111],[-59.628825,-51.88052],[-59.631524,-51.888609],[-59.635011,-51.883673],[-59.632699,-51.877111]],[[-59.650613,-51.874521],[-59.652249,-51.877332],[-59.657311,-51.87615],[-59.650613,-51.874521]],[[-59.655629,-51.91078],[-59.662709,-51.908956],[-59.656815,-51.906095],[-59.655629,-51.91078]],[[-59.651139,-51.917871],[-59.650954,-51.913178],[-59.636076,-51.924818],[-59.646287,-51.92951],[-59.651139,-51.917871]],[[-59.708386,-51.936765],[-59.693044,-51.933366],[-59.691814,-51.938976],[-59.701094,-51.959856],[-59.665952,-51.973226],[-59.696698,-51.992143],[-59.724168,-51.974794],[-59.708386,-51.936765]],[[-59.681701,-52.015667],[-59.670272,-52.011691],[-59.679243,-52.019311],[-59.666156,-52.018835],[-59.685256,-52.02826],[-59.681701,-52.015667]],[[-59.660266,-52.030373],[-59.659205,-52.035008],[-59.659293,-52.037548],[-59.66228,-52.034737],[-59.660266,-52.030373]],[[-59.852023,-52.027025],[-59.851544,-52.035871],[-59.861721,-52.03246],[-59.852023,-52.027025]],[[-59.716763,-52.047987],[-59.733361,-52.094907],[-59.740117,-52.073541],[-59.74273,-52.065208],[-59.738007,-52.06228],[-59.716763,-52.047987]],[[-59.747735,-52.106001],[-59.748933,-52.104848],[-59.743085,-52.103036],[-59.747735,-52.106001]],[[-59.853383,-52.124612],[-59.846902,-52.126817],[-59.848395,-52.135719],[-59.853383,-52.124612]],[[-60.429276,-52.208383],[-60.414588,-52.199993],[-60.433679,-52.215644],[-60.458365,-52.205413],[-60.429276,-52.208383]],[[-60.470144,-52.217607],[-60.470025,-52.216537],[-60.469133,-52.217548],[-60.470144,-52.217607]],[[-60.468953,-52.205156],[-60.466081,-52.210466],[-60.471631,-52.211778],[-60.468953,-52.205156]],[[-59.598336,-52.228025],[-59.589761,-52.225366],[-59.586797,-52.230003],[-59.59398,-52.231382],[-59.598336,-52.228025]],[[-59.560952,-52.269658],[-59.552674,-52.262437],[-59.554803,-52.268041],[-59.538388,-52.267328],[-59.548344,-52.282449],[-59.560952,-52.269658]],[[-59.492488,-52.287631],[-59.486258,-52.285092],[-59.488925,-52.288262],[-59.492488,-52.287631]],[[-59.012359,-51.725311],[-59.012648,-51.722858],[-59.011386,-51.724762],[-59.012359,-51.725311]],[[-59.021247,-51.734117],[-59.023139,-51.730333],[-59.017564,-51.731387],[-59.021247,-51.734117]],[[-59.017502,-51.778266],[-59.019086,-51.775088],[-59.014958,-51.776801],[-59.017502,-51.778266]],[[-59.092649,-52.423931],[-59.074304,-52.419843],[-59.05823,-52.424868],[-59.036434,-52.432133],[-59.123652,-52.449459],[-59.152545,-52.437574],[-59.092649,-52.423931]],[[-58.897973,-52.443418],[-58.890119,-52.441018],[-58.895909,-52.44684],[-58.897973,-52.443418]],[[-58.991477,-52.443046],[-58.982468,-52.442753],[-58.981974,-52.445281],[-58.991477,-52.443046]],[[-59.18743,-52.916889],[-59.191111,-52.917246],[-59.190356,-52.914966],[-59.187233,-52.891435],[-59.179411,-52.9001],[-59.184242,-52.905968],[-59.185195,-52.907276],[-59.18743,-52.916889]],[[-64.13552,-54.647388],[-64.130523,-54.648637],[-64.139684,-54.668803],[-64.162407,-54.650659],[-64.13552,-54.647388]],[[-64.244024,-54.699337],[-64.233793,-54.700574],[-64.234364,-54.70243],[-64.236695,-54.705047],[-64.24312,-54.703715],[-64.245166,-54.701906],[-64.244024,-54.699337]],[[-64.346475,-54.728387],[-64.340099,-54.71392],[-64.33829,-54.729577],[-64.321491,-54.736049],[-64.259435,-54.739856],[-64.22498,-54.743949],[-64.154548,-54.76741],[-64.137368,-54.758178],[-64.143412,-54.751658],[-64.151169,-54.744234],[-64.164923,-54.740189],[-64.125265,-54.728104],[-64.10843,-54.764331],[-64.047278,-54.730365],[-64.048943,-54.776883],[-64.034131,-54.775336],[-63.989873,-54.735659],[-63.876314,-54.716802],[-63.878753,-54.75523],[-63.825928,-54.720609],[-63.796126,-54.725903],[-63.845678,-54.789197],[-63.882798,-54.779679],[-63.953408,-54.813348],[-63.954895,-54.76683],[-64.034488,-54.807995],[-64.061198,-54.779738],[-64.109858,-54.833276],[-64.120625,-54.81436],[-64.179635,-54.838928],[-64.200575,-54.828398],[-64.224,-54.857487],[-64.234679,-54.781963],[-64.263647,-54.80454],[-64.306135,-54.788097],[-64.324314,-54.824646],[-64.394422,-54.827335],[-64.449673,-54.875685],[-64.501307,-54.862313],[-64.444343,-54.838946],[-64.466139,-54.823432],[-64.539046,-54.888415],[-64.704239,-54.915462],[-64.643872,-54.889145],[-64.671462,-54.8449],[-64.74863,-54.856479],[-64.737837,-54.804511],[-64.675019,-54.800799],[-64.695406,-54.78281],[-64.647893,-54.776814],[-64.586504,-54.82081],[-64.556867,-54.795916],[-64.51142,-54.798058],[-64.544637,-54.725246],[-64.412434,-54.782734],[-64.421524,-54.754894],[-64.3914,-54.749136],[-64.371793,-54.811192],[-64.373316,-54.765221],[-64.376361,-54.757512],[-64.356993,-54.746661],[-64.349616,-54.733051],[-64.346475,-54.728387]],[[-64.094117,-54.742019],[-64.096913,-54.73952],[-64.091262,-54.74071],[-64.094117,-54.742019]],[[-64.103159,-54.749217],[-64.101493,-54.74535],[-64.095069,-54.74648],[-64.103159,-54.749217]],[[-64.161908,-54.851301],[-64.150606,-54.846363],[-64.151974,-54.849159],[-64.153759,-54.852788],[-64.161908,-54.851301]],[[-64.349859,-54.844439],[-64.35062,-54.84401],[-64.349478,-54.843963],[-64.349859,-54.844439]],[[-64.606622,-54.914442],[-64.608193,-54.913347],[-64.605433,-54.913442],[-64.606622,-54.914442]],[[-67.374695,-54.90361],[-67.39637,-54.903927],[-67.394981,-54.902939],[-67.374695,-54.90361]],[[-67.416557,-54.903973],[-67.414276,-54.912254],[-67.462067,-54.9016],[-67.484337,-54.917313],[-67.495834,-54.912182],[-67.513695,-54.910725],[-67.540329,-54.879791],[-67.509804,-54.876595],[-67.484253,-54.879295],[-67.436104,-54.892933],[-67.41272,-54.894028],[-67.422028,-54.899494],[-67.416557,-54.903973]],[[-67.435043,-54.885647],[-67.428375,-54.884842],[-67.427223,-54.887016],[-67.430763,-54.885742],[-67.435043,-54.885647]],[[-68.23288,-54.870373],[-68.267044,-54.869659],[-68.250206,-54.865921],[-68.239799,-54.868034],[-68.23288,-54.870373]],[[-68.45575,-54.862068],[-68.450668,-54.862961],[-68.452499,-54.864696],[-68.460091,-54.865265],[-68.45575,-54.862068]],[[-68.257507,-54.846687],[-68.247856,-54.848213],[-68.249664,-54.849483],[-68.257507,-54.846687]]],[[[-62.280888,-38.852739],[-62.286568,-38.855352],[-62.284069,-38.85571],[-62.280888,-38.852739]]],[[[-62.256474,-39.864208],[-62.247921,-39.86731],[-62.189777,-39.873035],[-62.256474,-39.864208]]],[[[-62.127636,-40.397335],[-62.125969,-40.396255],[-62.129738,-40.396404],[-62.127636,-40.397335]]],[[[-66.402946,-45.08868],[-66.409363,-45.08593],[-66.408066,-45.088383],[-66.402946,-45.08868]]],[[[-66.072044,-47.781662],[-66.080063,-47.782879],[-66.069366,-47.782867],[-66.072044,-47.781662]]],[[[-58.661023,-51.955292],[-58.665203,-51.949932],[-58.663422,-51.952908],[-58.661023,-51.955292]]],[[[-58.384828,-52.006333],[-58.379677,-52.008211],[-58.350819,-52.017404],[-58.384828,-52.006333]]],[[[-59.751244,-51.395177],[-59.752364,-51.404308],[-59.743253,-51.39411],[-59.751244,-51.395177]]],[[[-59.874628,-52.135494],[-59.86638,-52.130195],[-59.870645,-52.132707],[-59.874628,-52.135494]]],[[[-60.476925,-52.228077],[-60.469511,-52.225285],[-60.500126,-52.234227],[-60.476925,-52.228077]]],[[[-68.481979,-54.862709],[-68.486404,-54.866562],[-68.479713,-54.860844],[-68.481979,-54.862709]]]]},"properties":{"id":"ecoregiones_argentina.1","ecorregion":"Mar Argentino","hectareas":160402216}},
{"type":"Feature","geometry":{"type":"MultiPolygon","coordinates":[[[[-65.232697,-23.010412],[-65.160439,-22.983707],[-65.149941,-22.592159],[-65.166878,-22.563513],[-65.168182,-22.344417],[-65.134933,-22.309523],[-65.134351,-22.084566],[-65.385784,-22.088073],[-65.388847,-22.797981],[-65.309181,-22.976046],[-65.232697,-23.010412]]],[[[-69.401222,-29.762342],[-69.535637,-29.572395],[-69.526535,-29.349167],[-69.499885,-29.319214],[-69.474777,-29.190384],[-69.543243,-29.082228],[-69.521736,-29.009895],[-69.463364,-29.01261],[-69.354324,-29.088286],[-69.281731,-29.030319],[-69.278221,-28.962276],[-69.412621,-28.833439],[-69.405716,-28.746365],[-69.351898,-28.674803],[-69.263374,-28.617203],[-68.946487,-28.524046],[-68.935066,-28.355725],[-68.769943,-28.398636],[-68.719582,-28.332695],[-68.718353,-28.231088],[-68.740647,-28.205534],[-68.721451,-27.926123],[-68.661072,-27.879475],[-68.588806,-27.896397],[-68.509476,-28.016251],[-68.50573,-28.086872],[-68.467376,-28.17845],[-68.444633,-28.187229],[-68.406654,-28.118544],[-68.403893,-28.055212],[-68.365486,-28.024786],[-68.343811,-27.832615],[-68.310806,-27.798489],[-68.302612,-27.664678],[-68.335541,-27.634228],[-68.365501,-27.402899],[-68.302177,-27.256849],[-68.227669,-27.211409],[-68.072548,-27.214987],[-68.022629,-27.191791],[-68.015434,-27.089025],[-67.980087,-27.054836],[-67.945946,-26.934494],[-67.890564,-26.894575],[-67.798126,-26.870659],[-67.584427,-26.947393],[-67.536018,-26.921608],[-67.537125,-26.904846],[-67.829758,-26.763782],[-67.876816,-26.708136],[-67.884994,-26.638643],[-67.849411,-26.578096],[-67.825974,-26.442014],[-67.600937,-26.120468],[-67.483887,-25.876427],[-67.394028,-25.883301],[-67.075477,-26.201933],[-67.032402,-26.281229],[-67.036842,-26.481033],[-67.270119,-27.013987],[-67.280334,-27.090467],[-67.259033,-27.097837],[-67.109421,-26.973467],[-66.995911,-26.821155],[-66.84864,-26.382954],[-66.787331,-26.354584],[-66.639908,-26.357712],[-66.58963,-26.396221],[-66.528381,-26.368936],[-66.650375,-26.090794],[-66.702011,-25.633385],[-66.681671,-25.30435],[-66.63765,-25.194433],[-66.536018,-25.117037],[-66.474159,-25.098097],[-66.503937,-24.987881],[-66.472313,-24.960455],[-66.396378,-25.026509],[-66.367477,-25.026583],[-66.326652,-24.988375],[-66.30455,-24.543138],[-66.24173,-24.537268],[-66.205147,-24.574428],[-66.066399,-24.578146],[-66.062424,-24.470413],[-66.153816,-24.342262],[-66.196938,-24.345802],[-66.301613,-24.409075],[-66.366974,-24.410128],[-66.578255,-24.301735],[-66.617721,-24.361431],[-66.622154,-24.465555],[-66.58963,-24.501594],[-66.567947,-24.626167],[-66.574097,-24.824841],[-66.83622,-25.186262],[-66.857574,-25.41713],[-66.938973,-25.548279],[-66.992096,-25.591013],[-67.08596,-25.755493],[-67.294716,-25.75259],[-67.329987,-25.716374],[-67.316017,-25.52623],[-67.278053,-25.428436],[-67.324654,-25.351433],[-67.352333,-25.353575],[-67.450874,-25.44478],[-67.534294,-25.579149],[-67.657707,-25.916424],[-67.921616,-26.279255],[-68.119385,-26.500168],[-68.200439,-26.497745],[-68.188805,-26.304138],[-68.157707,-26.273506],[-68.122192,-26.070669],[-68.024582,-25.862711],[-67.68856,-25.383608],[-67.598175,-25.321196],[-67.581596,-25.261543],[-67.496498,-25.189434],[-67.489425,-25.148817],[-67.521652,-25.097033],[-67.79734,-25.078392],[-67.927391,-24.909245],[-67.97197,-24.907465],[-67.987656,-25.229114],[-68.025009,-25.260912],[-68.132805,-25.255804],[-68.200615,-25.222507],[-68.26931,-25.097048],[-68.25576,-24.93096],[-68.1651,-24.848555],[-68.005089,-24.764639],[-67.936516,-24.481951],[-67.881699,-24.400076],[-67.569481,-24.301908],[-67.302803,-24.274507],[-67.31205,-24.537739],[-67.335915,-24.56745],[-67.359291,-24.792239],[-67.282761,-24.871904],[-67.222672,-24.897541],[-67.180183,-24.845222],[-67.158714,-24.509072],[-67.05806,-24.361393],[-66.989899,-24.333126],[-66.981743,-24.291284],[-67.025398,-24.19883],[-67.109581,-24.125227],[-67.145287,-24.033993],[-67.140426,-23.926302],[-67.073731,-23.890873],[-66.932632,-24.003116],[-66.828339,-24.197636],[-66.815971,-24.304235],[-66.791245,-24.318731],[-66.795792,-24.419254],[-66.738014,-24.374062],[-66.694504,-24.303642],[-66.688736,-24.203117],[-66.820992,-24.068396],[-66.91581,-23.834434],[-66.903625,-23.577137],[-66.834175,-23.479361],[-66.828026,-23.32616],[-66.851089,-23.28294],[-66.854179,-23.158416],[-66.802116,-23.112001],[-66.742538,-23.103913],[-66.706451,-23.132811],[-66.642357,-23.26358],[-66.632484,-23.368973],[-66.608025,-23.407379],[-66.625992,-23.641951],[-66.653473,-23.680145],[-66.671196,-24.093067],[-66.532043,-24.182198],[-66.478287,-24.112945],[-66.392235,-24.120373],[-66.396026,-24.08086],[-66.362015,-24.042637],[-66.381416,-23.991114],[-66.314857,-23.948168],[-66.276794,-23.811768],[-66.281624,-23.635776],[-66.342628,-23.609316],[-66.386032,-23.789984],[-66.42514,-23.81622],[-66.394119,-23.883341],[-66.470009,-23.988474],[-66.566261,-23.951038],[-66.601257,-23.913795],[-66.595413,-23.77615],[-66.568001,-23.753508],[-66.486229,-23.446115],[-66.396461,-23.366157],[-66.340706,-23.367485],[-66.26432,-23.428692],[-66.160568,-23.463553],[-66.052841,-23.428906],[-66.038483,-23.122415],[-66.065651,-23.092476],[-66.075912,-22.923655],[-66.101722,-22.876946],[-66.127281,-22.57161],[-66.164627,-22.534456],[-66.156731,-22.390781],[-66.125801,-22.360874],[-66.116699,-22.244734],[-66.141113,-22.221964],[-66.210579,-22.237455],[-66.254631,-22.415802],[-66.271942,-22.70553],[-66.241173,-22.819324],[-66.241577,-23.049202],[-66.320717,-23.143646],[-66.379067,-23.174644],[-66.526672,-23.171825],[-66.566681,-23.140558],[-66.606445,-23.059],[-66.647476,-22.432665],[-66.576271,-22.343134],[-66.545288,-22.206217],[-66.566423,-22.18315],[-66.623167,-22.197381],[-66.63825,-22.225486],[-66.68625,-22.209539],[-66.739278,-22.238458],[-66.782472,-22.438075],[-66.928556,-22.492228],[-66.972944,-22.540658],[-67.02725,-22.540883],[-67.014083,-22.654814],[-67.12775,-22.722114],[-67.1805,-22.814128],[-66.990503,-23.000006],[-67.322617,-24.034158],[-68.259893,-24.402328],[-68.308513,-24.491796],[-68.387867,-24.484156],[-68.434874,-24.606752],[-68.467917,-24.623664],[-68.495879,-24.600357],[-68.492631,-24.665384],[-68.544274,-24.72435],[-68.568755,-24.794125],[-68.519602,-24.873914],[-68.432594,-24.905871],[-68.407016,-25.030332],[-68.3782,-25.032446],[-68.344244,-25.11077],[-68.410221,-25.145263],[-68.459747,-25.125661],[-68.507198,-25.168346],[-68.505222,-25.222549],[-68.548502,-25.26219],[-68.523866,-25.378917],[-68.589884,-25.414427],[-68.58918,-25.448695],[-68.514832,-25.574059],[-68.544744,-25.633758],[-68.477339,-25.70164],[-68.381433,-26.177834],[-68.558355,-26.287369],[-68.588092,-26.492428],[-68.262455,-26.918432],[-68.289418,-26.924106],[-68.318758,-26.981644],[-68.293891,-27.037882],[-68.34664,-27.033451],[-68.428828,-27.064326],[-68.450823,-27.095489],[-68.483904,-27.058254],[-68.481623,-27.128583],[-68.557024,-27.115124],[-68.575324,-27.177628],[-68.631347,-27.163305],[-68.67016,-27.099089],[-68.777752,-27.098947],[-68.806777,-27.152665],[-68.843785,-27.161202],[-68.867557,-27.262637],[-68.808436,-27.300833],[-68.869854,-27.317947],[-68.886962,-27.398698],[-68.930337,-27.409519],[-68.934504,-27.444769],[-68.980318,-27.431906],[-68.988104,-27.453069],[-68.948587,-27.488193],[-68.942515,-27.525931],[-68.987628,-27.523794],[-68.975282,-27.560656],[-69.053299,-27.620191],[-69.043177,-27.697484],[-69.089399,-27.721957],[-69.123019,-27.901461],[-69.173304,-27.971428],[-69.237064,-27.966534],[-69.269106,-28.011266],[-69.263118,-28.046732],[-69.301362,-28.07132],[-69.307394,-28.128854],[-69.381783,-28.181788],[-69.391382,-28.226443],[-69.456268,-28.183597],[-69.523574,-28.329656],[-69.58276,-28.352442],[-69.597012,-28.392061],[-69.62456,-28.37818],[-69.649086,-28.396453],[-69.632595,-28.429911],[-69.680503,-28.470613],[-69.649858,-28.537664],[-69.662334,-28.58301],[-69.694968,-28.596452],[-69.73142,-28.684033],[-69.729249,-28.737452],[-69.692902,-28.770896],[-69.765702,-28.898793],[-69.754408,-28.984239],[-69.793645,-29.051055],[-69.788099,-29.132683],[-69.876121,-29.138899],[-69.952689,-29.189165],[-69.938155,-29.249921],[-70.018511,-29.320647],[-70.021276,-29.3844],[-69.966313,-29.414223],[-69.981869,-29.452233],[-69.947434,-29.490448],[-69.939526,-29.654419],[-69.878671,-29.725808],[-69.914848,-29.792706],[-69.876552,-29.861639],[-69.908718,-29.928575],[-69.898017,-29.957841],[-69.926042,-29.999193],[-69.915414,-30.025584],[-69.96487,-30.085446],[-69.936093,-30.120078],[-69.899654,-30.106225],[-69.81744,-30.127941],[-69.809442,-30.154777],[-69.828783,-30.162272],[-69.835045,-30.219944],[-69.887903,-30.223972],[-69.898419,-30.355671],[-70.020385,-30.396895],[-70.154669,-30.346666],[-70.117501,-30.432126],[-70.194815,-30.49163],[-70.179388,-30.512315],[-70.24664,-30.634207],[-70.246094,-30.728522],[-70.28797,-30.786689],[-70.279739,-30.830691],[-70.322821,-30.928026],[-70.293375,-30.969986],[-70.297766,-31.020163],[-70.269099,-31.043093],[-70.321651,-31.043494],[-70.368274,-31.109964],[-70.360555,-31.135707],[-70.401378,-31.167072],[-70.45638,-31.084274],[-70.497907,-31.122797],[-70.547157,-31.314853],[-70.527448,-31.366952],[-70.531974,-31.407737],[-70.560207,-31.419959],[-70.567384,-31.600134],[-70.506753,-31.652267],[-70.512943,-31.689777],[-70.468172,-31.698477],[-70.460442,-31.843866],[-70.376856,-31.884822],[-70.280053,-31.884086],[-70.209316,-31.960411],[-70.289028,-32.052032],[-70.364275,-32.025058],[-70.388233,-32.045402],[-70.335189,-32.070436],[-70.341655,-32.108644],[-70.303877,-32.136322],[-70.323051,-32.267049],[-70.218184,-32.332733],[-70.236649,-32.429292],[-70.136366,-32.487347],[-70.126096,-32.576628],[-70.172297,-32.622088],[-70.14656,-32.652429],[-70.147581,-32.72843],[-70.110359,-32.802912],[-69.989382,-32.898958],[-70.027375,-32.969882],[-70.021002,-33.008507],[-70.09374,-33.050967],[-70.051733,-33.134545],[-70.064398,-33.205112],[-70.02591,-33.236512],[-70.038259,-33.270397],[-70.006019,-33.285605],[-70.002836,-33.322788],[-69.915865,-33.266766],[-69.916634,-33.244252],[-69.904328,-33.272901],[-69.799887,-33.28786],[-69.769293,-33.34229],[-69.785815,-33.391361],[-69.81551,-33.389875],[-69.795568,-33.421381],[-69.819517,-33.43009],[-69.834848,-33.515659],[-69.87218,-33.539469],[-69.884855,-33.683225],[-69.864603,-33.716782],[-69.904673,-33.771287],[-69.899147,-33.847078],[-69.855521,-33.892096],[-69.906184,-33.963302],[-69.854211,-33.963708],[-69.821417,-34.015193],[-69.854025,-34.056267],[-69.834073,-34.088203],[-69.873292,-34.131073],[-69.796644,-34.209981],[-69.807199,-34.248351],[-69.89698,-34.265863],[-69.909884,-34.29212],[-69.972438,-34.250007],[-70.030547,-34.287338],[-70.012299,-34.41195],[-70.129431,-34.485614],[-70.216984,-34.610737],[-70.215864,-34.683427],[-70.306263,-34.747334],[-70.309083,-34.769498],[-70.248195,-34.798868],[-70.27632,-34.876255],[-70.331134,-34.936478],[-70.333674,-34.989925],[-70.363785,-35.006021],[-70.37502,-35.170222],[-70.472086,-35.20391],[-70.53605,-35.199103],[-70.583686,-35.26716],[-70.566292,-35.299494],[-70.431893,-35.318291],[-70.418385,-35.353675],[-70.452003,-35.391625],[-70.446529,-35.463228],[-70.368009,-35.520741],[-70.413559,-35.528495],[-70.384696,-35.60511],[-70.423798,-35.641065],[-70.3583,-35.749643],[-70.378742,-35.787851],[-70.311964,-35.813164],[-70.421966,-35.876586],[-70.423994,-35.91466],[-70.364773,-35.924195],[-70.422997,-35.972016],[-70.378151,-35.989969],[-70.370333,-36.041017],[-70.411566,-36.058455],[-70.422019,-36.156842],[-70.49074,-36.178989],[-70.533684,-36.141991],[-70.579803,-36.141139],[-70.570909,-36.175553],[-70.633233,-36.21716],[-70.632115,-36.239011],[-70.706203,-36.272585],[-70.684848,-36.304747],[-70.712428,-36.344968],[-70.679276,-36.389966],[-70.712979,-36.427768],[-70.73942,-36.429809],[-70.747786,-36.405874],[-70.790897,-36.428747],[-70.817692,-36.395373],[-70.849166,-36.41867],[-70.883775,-36.396241],[-70.893884,-36.471272],[-70.958117,-36.503647],[-71.036917,-36.475546],[-71.057176,-36.618662],[-71.006951,-36.683657],[-71.064871,-36.714651],[-71.085886,-36.678203],[-71.113255,-36.679445],[-71.131936,-36.814671],[-71.180011,-36.841421],[-71.162374,-36.861475],[-71.139332,-36.853376],[-71.107742,-36.76749],[-71.042732,-36.771465],[-70.950768,-36.863659],[-70.871727,-36.812031],[-70.862312,-36.663219],[-70.818855,-36.631569],[-70.752258,-36.728546],[-70.700218,-36.701969],[-70.667313,-36.52541],[-70.640091,-36.490661],[-70.598861,-36.493458],[-70.526032,-36.588165],[-70.540619,-36.78577],[-70.575119,-36.841744],[-70.607376,-37.056553],[-70.533096,-37.134625],[-70.495277,-37.100258],[-70.460304,-36.782848],[-70.389648,-36.818909],[-70.325516,-36.919155],[-70.291458,-36.921585],[-70.267784,-36.843647],[-70.306275,-36.788532],[-70.296745,-36.644424],[-70.138123,-36.420815],[-69.89563,-36.239128],[-69.934479,-36.161438],[-70.086144,-36.076351],[-70.082512,-36.034683],[-70.025108,-36.004391],[-69.795494,-36.027412],[-69.75016,-36.001373],[-69.660698,-36.005336],[-69.547813,-35.847507],[-69.578377,-35.809578],[-69.529671,-35.769222],[-69.52243,-35.671501],[-69.478699,-35.641724],[-69.468178,-35.499901],[-69.492523,-35.45501],[-69.528656,-35.480232],[-69.586983,-35.478508],[-69.624962,-35.446319],[-69.710892,-35.442512],[-69.848991,-35.370113],[-69.855965,-35.33287],[-69.761253,-35.270176],[-69.417053,-35.326984],[-69.396935,-35.264248],[-69.412536,-35.219616],[-69.608147,-35.06823],[-69.743172,-34.90768],[-69.630455,-34.915882],[-69.393272,-35.036217],[-69.344383,-35.012493],[-69.277763,-34.688213],[-69.315674,-34.659714],[-69.348038,-34.529823],[-69.316223,-34.455437],[-69.372108,-34.446739],[-69.386986,-34.422436],[-69.258438,-34.267052],[-69.239906,-34.083576],[-69.274658,-34.053982],[-69.26976,-33.926289],[-69.332069,-33.796795],[-69.320915,-33.693161],[-69.276138,-33.64299],[-69.257439,-33.373486],[-69.092545,-33.38129],[-69.069054,-32.994755],[-69.073303,-32.994648],[-69.096344,-32.964207],[-69.177917,-32.946625],[-69.226799,-32.888019],[-69.503105,-32.785007],[-69.513481,-32.689144],[-69.466461,-32.605629],[-69.433395,-32.218246],[-69.475555,-32.181251],[-69.499359,-31.958372],[-69.540672,-31.866426],[-69.661957,-31.782944],[-69.649544,-31.644714],[-69.538368,-31.437567],[-69.49575,-31.038465],[-69.462784,-31.009483],[-69.416412,-30.52318],[-69.281151,-30.235063],[-69.280334,-30.127523],[-69.314774,-30.088415],[-69.323402,-29.935224],[-69.365906,-29.85288],[-69.364304,-29.805117],[-69.401222,-29.762342]]],[[[-65.738403,-26.744242],[-65.715591,-26.264315],[-65.686462,-26.239122],[-65.670959,-26.089491],[-65.601036,-25.995966],[-65.636856,-25.973322],[-65.702965,-26.009376],[-65.792694,-26.201018],[-65.80291,-26.433203],[-65.847969,-26.534979],[-65.859787,-26.667826],[-65.893074,-26.676231],[-65.866234,-26.84853],[-65.738403,-26.744242]]],[[[-66.167244,-27.422869],[-65.986244,-27.312883],[-65.8993,-27.163273],[-65.896751,-27.031643],[-65.85804,-26.9993],[-65.855423,-26.953825],[-65.883492,-26.929918],[-65.883507,-26.914362],[-65.939568,-26.912003],[-66.008995,-27.065186],[-66.063805,-27.083122],[-66.081215,-27.130978],[-66.267479,-27.282713],[-66.345612,-27.430916],[-66.301338,-27.422644],[-66.167244,-27.422869]]],[[[-69.129288,-32.570282],[-69.101624,-32.463428],[-69.023781,-32.411549],[-69.011772,-32.219448],[-69.053154,-32.195751],[-69.040916,-31.996484],[-68.995811,-31.946173],[-68.974785,-31.727974],[-69.080246,-31.449415],[-69.210732,-31.351803],[-69.340302,-31.511],[-69.372314,-31.85667],[-69.343018,-31.89807],[-69.349449,-31.998266],[-69.384781,-32.043926],[-69.330475,-32.363186],[-69.242409,-32.576969],[-69.185371,-32.599937],[-69.129288,-32.570282]]]]},"properties":{"id":"ecoregiones_argentina.2","ecorregion":"Altos Andes","hectareas":12324133}},
{"type":"Feature","geometry":{"type":"Polygon","coordinates":[[[-65.385784,-22.088073],[-65.573866,-22.076102],[-65.589349,-22.098663],[-65.747871,-22.109279],[-65.804833,-22.07525],[-65.924778,-21.93355],[-66.048167,-21.919017],[-66.043278,-21.871939],[-66.076306,-21.834975],[-66.221737,-21.781135],[-66.242842,-21.794053],[-66.235933,-21.852321],[-66.283484,-21.983572],[-66.288205,-22.086365],[-66.325346,-22.088452],[-66.347922,-22.128181],[-66.566423,-22.18315],[-66.545288,-22.206217],[-66.576271,-22.343134],[-66.647476,-22.432665],[-66.606445,-23.059],[-66.566681,-23.140558],[-66.526672,-23.171825],[-66.379067,-23.174644],[-66.320717,-23.143646],[-66.241577,-23.049202],[-66.241173,-22.819324],[-66.271942,-22.70553],[-66.254631,-22.415802],[-66.210579,-22.237455],[-66.141113,-22.221964],[-66.116699,-22.244734],[-66.125801,-22.360874],[-66.156731,-22.390781],[-66.164627,-22.534456],[-66.127281,-22.57161],[-66.101722,-22.876946],[-66.075912,-22.923655],[-66.065651,-23.092476],[-66.038483,-23.122415],[-66.052841,-23.428906],[-66.160568,-23.463553],[-66.26432,-23.428692],[-66.340706,-23.367485],[-66.396461,-23.366157],[-66.486229,-23.446115],[-66.568001,-23.753508],[-66.595413,-23.77615],[-66.601257,-23.913795],[-66.566261,-23.951038],[-66.470009,-23.988474],[-66.394119,-23.883341],[-66.42514,-23.81622],[-66.386032,-23.789984],[-66.342628,-23.609316],[-66.281624,-23.635776],[-66.276794,-23.811768],[-66.314857,-23.948168],[-66.381416,-23.991114],[-66.362015,-24.042637],[-66.396026,-24.08086],[-66.392235,-24.120373],[-66.478287,-24.112945],[-66.532043,-24.182198],[-66.671196,-24.093067],[-66.653473,-23.680145],[-66.625992,-23.641951],[-66.608025,-23.407379],[-66.632484,-23.368973],[-66.642357,-23.26358],[-66.706451,-23.132811],[-66.742538,-23.103913],[-66.802116,-23.112001],[-66.854179,-23.158416],[-66.851089,-23.28294],[-66.828026,-23.32616],[-66.834175,-23.479361],[-66.903625,-23.577137],[-66.91581,-23.834434],[-66.820992,-24.068396],[-66.688736,-24.203117],[-66.694504,-24.303642],[-66.738014,-24.374062],[-66.795792,-24.419254],[-66.791245,-24.318731],[-66.815971,-24.304235],[-66.828339,-24.197636],[-66.932632,-24.003116],[-67.073731,-23.890873],[-67.140426,-23.926302],[-67.145287,-24.033993],[-67.109581,-24.125227],[-67.025398,-24.19883],[-66.981743,-24.291284],[-66.989899,-24.333126],[-67.05806,-24.361393],[-67.158714,-24.509072],[-67.180183,-24.845222],[-67.222672,-24.897541],[-67.282761,-24.871904],[-67.359291,-24.792239],[-67.335915,-24.56745],[-67.31205,-24.537739],[-67.302803,-24.274507],[-67.569481,-24.301908],[-67.881699,-24.400076],[-67.936516,-24.481951],[-68.005089,-24.764639],[-68.1651,-24.848555],[-68.25576,-24.93096],[-68.26931,-25.097048],[-68.200615,-25.222507],[-68.132805,-25.255804],[-68.025009,-25.260912],[-67.987656,-25.229114],[-67.97197,-24.907465],[-67.927391,-24.909245],[-67.79734,-25.078392],[-67.521652,-25.097033],[-67.489425,-25.148817],[-67.496498,-25.189434],[-67.581596,-25.261543],[-67.598175,-25.321196],[-67.68856,-25.383608],[-68.024582,-25.862711],[-68.122192,-26.070669],[-68.157707,-26.273506],[-68.188805,-26.304138],[-68.200439,-26.497745],[-68.119385,-26.500168],[-67.921616,-26.279255],[-67.657707,-25.916424],[-67.534294,-25.579149],[-67.450874,-25.44478],[-67.352333,-25.353575],[-67.324654,-25.351433],[-67.278053,-25.428436],[-67.316017,-25.52623],[-67.329987,-25.716374],[-67.294716,-25.75259],[-67.08596,-25.755493],[-66.992096,-25.591013],[-66.938973,-25.548279],[-66.857574,-25.41713],[-66.83622,-25.186262],[-66.574097,-24.824841],[-66.567947,-24.626167],[-66.58963,-24.501594],[-66.622154,-24.465555],[-66.617721,-24.361431],[-66.578255,-24.301735],[-66.366974,-24.410128],[-66.301613,-24.409075],[-66.196938,-24.345802],[-66.153816,-24.342262],[-66.062424,-24.470413],[-66.066399,-24.578146],[-66.205147,-24.574428],[-66.24173,-24.537268],[-66.30455,-24.543138],[-66.326652,-24.988375],[-66.367477,-25.026583],[-66.396378,-25.026509],[-66.472313,-24.960455],[-66.503937,-24.987881],[-66.474159,-25.098097],[-66.536018,-25.117037],[-66.63765,-25.194433],[-66.681671,-25.30435],[-66.702011,-25.633385],[-66.650375,-26.090794],[-66.528381,-26.368936],[-66.58963,-26.396221],[-66.639908,-26.357712],[-66.787331,-26.354584],[-66.84864,-26.382954],[-66.995911,-26.821155],[-67.109421,-26.973467],[-67.259033,-27.097837],[-67.280334,-27.090467],[-67.270119,-27.013987],[-67.036842,-26.481033],[-67.032402,-26.281229],[-67.075477,-26.201933],[-67.394028,-25.883301],[-67.483887,-25.876427],[-67.600937,-26.120468],[-67.825974,-26.442014],[-67.849411,-26.578096],[-67.884994,-26.638643],[-67.876816,-26.708136],[-67.829758,-26.763782],[-67.537125,-26.904846],[-67.536018,-26.921608],[-67.584427,-26.947393],[-67.798126,-26.870659],[-67.890564,-26.894575],[-67.945946,-26.934494],[-67.980087,-27.054836],[-68.015434,-27.089025],[-68.022629,-27.191791],[-68.072548,-27.214987],[-68.227669,-27.211409],[-68.302177,-27.256849],[-68.365501,-27.402899],[-68.335541,-27.634228],[-68.302612,-27.664678],[-68.310806,-27.798489],[-68.343811,-27.832615],[-68.365486,-28.024786],[-68.403893,-28.055212],[-68.406654,-28.118544],[-68.444633,-28.187229],[-68.467376,-28.17845],[-68.50573,-28.086872],[-68.509476,-28.016251],[-68.588806,-27.896397],[-68.661072,-27.879475],[-68.721451,-27.926123],[-68.740647,-28.205534],[-68.718353,-28.231088],[-68.719582,-28.332695],[-68.769943,-28.398636],[-68.935066,-28.355725],[-68.946487,-28.524046],[-69.263374,-28.617203],[-69.351898,-28.674803],[-69.405716,-28.746365],[-69.412621,-28.833439],[-69.278221,-28.962276],[-69.281731,-29.030319],[-69.354324,-29.088286],[-69.463364,-29.01261],[-69.521736,-29.009895],[-69.543243,-29.082228],[-69.474777,-29.190384],[-69.499885,-29.319214],[-69.526535,-29.349167],[-69.535637,-29.572395],[-69.401222,-29.762342],[-69.381088,-29.487986],[-69.342857,-29.447122],[-69.347214,-29.37172],[-69.309875,-29.314087],[-69.232575,-29.413992],[-69.178696,-29.785813],[-69.126869,-29.881474],[-69.099457,-30.014792],[-69.034325,-30.085636],[-68.913734,-30.097929],[-68.873306,-30.220745],[-68.875763,-30.257746],[-68.96331,-30.284479],[-69.033775,-30.336649],[-69.070328,-30.403921],[-69.091423,-30.548039],[-69.169708,-30.66208],[-69.233704,-30.922218],[-69.26091,-30.947824],[-69.287025,-31.223204],[-69.206871,-31.279005],[-69.148796,-31.290003],[-69.081184,-31.350202],[-68.89222,-31.364166],[-68.86792,-31.205753],[-68.897507,-31.172821],[-68.886093,-30.979456],[-68.850159,-30.937226],[-68.844529,-30.840534],[-68.870895,-30.795729],[-68.85363,-30.585743],[-68.789231,-30.556063],[-68.720245,-30.558718],[-68.702377,-30.462265],[-68.739891,-30.422035],[-68.731667,-30.275177],[-68.683052,-30.20924],[-68.680443,-30.163868],[-68.720673,-30.12598],[-68.703613,-30.0044],[-68.669487,-29.960865],[-68.660912,-29.845077],[-68.692711,-29.803785],[-68.686691,-29.629368],[-68.713402,-29.604914],[-68.713737,-29.515246],[-68.870438,-29.643446],[-68.903564,-29.605667],[-68.992134,-29.594135],[-68.98835,-29.558361],[-69.043831,-29.493748],[-69.022644,-29.239622],[-68.966011,-29.071142],[-68.917221,-29.07819],[-68.783493,-28.91246],[-68.775711,-28.82415],[-68.809959,-28.785183],[-68.806793,-28.666889],[-68.66774,-28.421005],[-68.521637,-28.248012],[-68.082878,-28.255407],[-67.970451,-28.237938],[-67.953362,-28.11499],[-67.884155,-28.014292],[-67.860214,-27.558885],[-67.899315,-27.491371],[-67.87674,-27.266792],[-67.849403,-27.232466],[-67.838524,-27.140497],[-67.767487,-27.04451],[-67.660553,-27.041029],[-67.579521,-27.074263],[-67.484482,-27.163832],[-67.342117,-27.44881],[-67.306854,-27.415647],[-67.261353,-27.422049],[-67.064186,-27.13295],[-66.992752,-27.070059],[-66.880623,-26.744141],[-66.665741,-26.691463],[-66.596779,-26.49432],[-66.549912,-26.427494],[-66.406364,-26.426777],[-66.279976,-26.379211],[-66.244141,-26.397228],[-66.214912,-26.399668],[-66.149635,-26.269306],[-66.146843,-26.160402],[-66.212448,-25.772554],[-66.241478,-25.74618],[-66.350945,-25.672949],[-66.377899,-25.425131],[-66.439392,-25.300482],[-66.443069,-25.225067],[-66.371819,-25.160629],[-66.324471,-25.15715],[-66.253334,-25.099834],[-66.243385,-24.716818],[-66.16597,-24.642708],[-66.10054,-24.706209],[-65.969444,-24.976761],[-65.849541,-25.302257],[-65.761299,-25.316503],[-65.715309,-25.27453],[-65.714142,-25.213486],[-65.770859,-25.134586],[-65.800018,-24.990993],[-65.881485,-24.949186],[-65.886864,-24.809143],[-65.951157,-24.715811],[-65.951172,-24.681097],[-65.898773,-24.679874],[-65.879166,-24.629584],[-65.915871,-24.58053],[-65.895134,-24.329136],[-65.860008,-24.19623],[-65.788452,-24.062073],[-65.737503,-24.112272],[-65.721748,-24.161325],[-65.695923,-24.595808],[-65.656326,-24.643852],[-65.595116,-24.59677],[-65.580856,-24.552441],[-65.520874,-24.496],[-65.519753,-24.446918],[-65.433792,-24.370012],[-65.429878,-24.076719],[-65.537392,-23.907093],[-65.536476,-23.799349],[-65.432022,-23.584711],[-65.376411,-23.53302],[-65.379837,-23.355854],[-65.413673,-23.328447],[-65.408997,-23.212301],[-65.358795,-23.147457],[-65.276199,-23.099211],[-65.262398,-23.25598],[-65.23246,-23.27978],[-65.240112,-23.528824],[-65.27243,-23.554117],[-65.327011,-23.799774],[-65.378647,-23.884985],[-65.20755,-23.762096],[-65.127327,-23.503092],[-65.078232,-23.470488],[-65.031509,-23.471401],[-64.970238,-23.506922],[-64.875763,-23.473947],[-64.829781,-23.391012],[-64.829506,-23.125261],[-64.875534,-23.038206],[-65.020294,-22.873961],[-65.03328,-22.68129],[-64.853073,-22.47658],[-64.843628,-22.372357],[-64.955368,-22.233038],[-64.947891,-22.200664],[-64.918434,-22.186104],[-64.904835,-22.119825],[-64.993372,-22.082433],[-65.134351,-22.084566],[-65.134933,-22.309523],[-65.168182,-22.344417],[-65.166878,-22.563513],[-65.149941,-22.592159],[-65.160439,-22.983707],[-65.232697,-23.010412],[-65.309181,-22.976046],[-65.388847,-22.797981],[-65.385784,-22.088073]]]},"properties":{"id":"ecoregiones_argentina.3","ecorregion":"Puna","hectareas":9303201}},
{"type":"Feature","geometry":{"type":"Polygon","coordinates":[[[-55.274772,-27.932273],[-55.197201,-27.85713],[-55.134383,-27.896153],[-55.108495,-27.847421],[-55.029164,-27.853941],[-55.025023,-27.832573],[-55.083936,-27.785968],[-55.055931,-27.770049],[-55.008277,-27.797622],[-54.985489,-27.771525],[-54.936241,-27.771868],[-54.902814,-27.721024],[-54.905051,-27.638647],[-54.846802,-27.620278],[-54.812871,-27.532619],[-54.774466,-27.58511],[-54.742962,-27.562267],[-54.683666,-27.574973],[-54.677908,-27.510252],[-54.622276,-27.542041],[-54.581656,-27.453407],[-54.530191,-27.506564],[-54.504278,-27.481829],[-54.44635,-27.474155],[-54.469871,-27.42772],[-54.413157,-27.406519],[-54.353337,-27.466267],[-54.334421,-27.453133],[-54.338281,-27.403039],[-54.278519,-27.445607],[-54.262793,-27.398756],[-54.214752,-27.383516],[-54.17699,-27.257666],[-54.157252,-27.261842],[-54.15412,-27.29688],[-54.08446,-27.299776],[-54.020053,-27.246755],[-54.008431,-27.199287],[-53.960752,-27.196128],[-53.951805,-27.152829],[-53.910634,-27.176807],[-53.873405,-27.125934],[-53.836696,-27.169661],[-53.827933,-27.145746],[-53.798866,-27.146436],[-53.824692,-27.132359],[-53.804438,-27.122667],[-53.818644,-27.102156],[-53.776349,-27.103429],[-53.805402,-27.078612],[-53.771697,-27.073627],[-53.802178,-27.040088],[-53.760062,-27.065096],[-53.785569,-27.026347],[-53.764,-27.045359],[-53.747248,-27.032176],[-53.763524,-27.008394],[-53.740333,-27.014602],[-53.743569,-26.991968],[-53.717852,-26.990188],[-53.736955,-26.974303],[-53.703176,-26.960179],[-53.708563,-26.933748],[-53.672357,-26.945217],[-53.696856,-26.929217],[-53.670891,-26.894667],[-53.695609,-26.886891],[-53.679971,-26.869731],[-53.696751,-26.859822],[-53.660174,-26.858395],[-53.694286,-26.847573],[-53.710533,-26.812795],[-53.699283,-26.768794],[-53.743627,-26.763768],[-53.71395,-26.752337],[-53.757954,-26.720287],[-53.734442,-26.717017],[-53.743465,-26.681525],[-53.717367,-26.684685],[-53.720089,-26.650953],[-53.759531,-26.64114],[-53.739829,-26.644081],[-53.707544,-26.560915],[-53.735927,-26.566606],[-53.741752,-26.544611],[-53.716862,-26.527659],[-53.729493,-26.501476],[-53.705213,-26.509002],[-53.695945,-26.490442],[-53.715337,-26.471121],[-53.687331,-26.430848],[-53.710055,-26.387959],[-53.642369,-26.284164],[-53.641272,-26.213878],[-53.744293,-26.116237],[-53.737276,-26.041433],[-53.836784,-25.9701],[-53.819575,-25.898437],[-53.849899,-25.883774],[-53.823358,-25.872082],[-53.850081,-25.839601],[-53.822119,-25.793326],[-53.857144,-25.76611],[-53.836036,-25.749041],[-53.866337,-25.744245],[-53.879304,-25.707794],[-53.842549,-25.687295],[-53.862377,-25.658668],[-53.889993,-25.661277],[-53.892592,-25.622287],[-53.912178,-25.636324],[-53.916625,-25.616216],[-53.947847,-25.611475],[-53.95582,-25.646469],[-54.009477,-25.567596],[-54.049077,-25.585373],[-54.0753,-25.55827],[-54.101983,-25.617116],[-54.123725,-25.566962],[-54.099519,-25.495038],[-54.164055,-25.542255],[-54.205346,-25.540092],[-54.178779,-25.584886],[-54.230556,-25.563012],[-54.250519,-25.597716],[-54.288417,-25.55573],[-54.347344,-25.606058],[-54.384478,-25.597516],[-54.428923,-25.694065],[-54.494724,-25.617112],[-54.52645,-25.629006],[-54.551249,-25.589131],[-54.593345,-25.59326],[-54.583674,-25.666263],[-54.640428,-25.660057],[-54.658053,-25.678127],[-54.586911,-25.829486],[-54.622013,-25.912399],[-54.607546,-25.969125],[-54.667414,-25.981499],[-54.679692,-26.003556],[-54.643107,-26.093607],[-54.672518,-26.156282],[-54.618016,-26.214246],[-54.678585,-26.262537],[-54.647569,-26.31147],[-54.696645,-26.377714],[-54.706353,-26.449134],[-54.800544,-26.536115],[-54.788566,-26.63351],[-54.820869,-26.67332],[-54.873893,-26.655338],[-54.942158,-26.68238],[-54.95626,-26.781356],[-55.057543,-26.798985],[-55.141566,-26.866335],[-55.137753,-26.951222],[-55.203121,-26.969877],[-55.257052,-26.937701],[-55.306663,-26.963879],[-55.375741,-26.966166],[-55.44574,-27.025378],[-55.455545,-27.106255],[-55.562797,-27.102747],[-55.56112,-27.160948],[-55.607731,-27.161304],[-55.618863,-27.190582],[-55.574691,-27.247461],[-55.602394,-27.284618],[-55.587247,-27.325588],[-55.661256,-27.370217],[-55.61124,-27.478847],[-55.64286,-27.523903],[-55.629463,-27.706627],[-55.58728,-27.785213],[-55.274772,-27.932273]]]},"properties":{"id":"ecoregiones_argentina.4","ecorregion":"Selva Paranense","hectareas":2717235}},
{"type":"Feature","geometry":{"type":"MultiPolygon","coordinates":[[[[-66.244141,-26.397228],[-66.233734,-26.507343],[-66.177902,-26.526571],[-66.13942,-26.60799],[-66.116661,-26.481159],[-66.079399,-26.436907],[-66.048737,-26.228685],[-66.077858,-26.12216],[-66.076431,-25.970167],[-66.118691,-25.861227],[-66.212448,-25.772554],[-66.146843,-26.160402],[-66.149635,-26.269306],[-66.214912,-26.399668],[-66.244141,-26.397228]]],[[[-66.298546,-28.845209],[-66.06337,-28.643345],[-65.907631,-28.396875],[-65.910378,-28.347824],[-66.01313,-28.136085],[-65.910713,-27.948213],[-65.849991,-28.015164],[-65.747062,-28.213621],[-65.608833,-28.34131],[-65.543282,-28.490654],[-65.549721,-28.569633],[-65.61972,-28.699053],[-65.634575,-29.107031],[-65.575897,-29.133175],[-65.551704,-28.740717],[-65.467079,-28.56455],[-65.464836,-28.472422],[-65.500122,-28.454611],[-65.507271,-28.373284],[-65.549347,-28.338734],[-65.608574,-28.042206],[-65.766907,-27.780537],[-65.810249,-27.609501],[-65.668968,-27.24309],[-65.603622,-27.173519],[-65.064071,-26.899342],[-64.811096,-26.715569],[-64.718109,-26.571176],[-64.703865,-26.41789],[-64.854195,-26.266008],[-64.816345,-26.203478],[-64.808723,-26.039476],[-64.838097,-26.015783],[-64.833565,-25.937963],[-64.804924,-25.89106],[-64.907181,-25.848786],[-64.940056,-25.869373],[-64.959938,-26.015514],[-65.029411,-26.103356],[-65.087639,-26.284435],[-65.141457,-26.367338],[-65.15789,-26.664202],[-65.262718,-26.724617],[-65.341354,-26.721413],[-65.545891,-26.555878],[-65.544136,-26.324907],[-65.17057,-26.008499],[-65.018372,-25.676052],[-64.937462,-25.416988],[-64.968018,-25.387285],[-64.96859,-25.320269],[-65.011261,-25.25354],[-65.050743,-25.253799],[-65.227196,-25.445127],[-65.265709,-25.614077],[-65.231171,-25.648607],[-65.237534,-25.685739],[-65.307045,-25.769863],[-65.344307,-25.724558],[-65.336418,-25.477976],[-65.370705,-25.476931],[-65.625778,-25.7076],[-65.636856,-25.973322],[-65.601036,-25.995966],[-65.670959,-26.089491],[-65.686462,-26.239122],[-65.715591,-26.264315],[-65.738403,-26.744242],[-65.884895,-26.862905],[-65.883492,-26.929918],[-65.855423,-26.953825],[-65.85804,-26.9993],[-65.896751,-27.031643],[-65.8993,-27.163273],[-65.986244,-27.312883],[-66.167244,-27.422869],[-66.301338,-27.422644],[-66.490547,-27.455608],[-66.508064,-27.473493],[-66.273521,-27.5615],[-66.181175,-27.741131],[-66.066917,-27.809433],[-66.081955,-28.124098],[-66.028007,-28.261709],[-66.022644,-28.448349],[-66.140663,-28.640894],[-66.406014,-28.832073],[-66.298546,-28.845209]]],[[[-64.683273,-25.161224],[-64.676132,-25.091749],[-64.757919,-25.06134],[-64.778343,-25.121349],[-64.755219,-25.19775],[-64.709099,-25.205732],[-64.683273,-25.161224]]],[[[-64.711357,-24.990336],[-64.675202,-24.933769],[-64.579697,-24.906561],[-64.449707,-24.70302],[-64.216087,-24.642986],[-64.031678,-24.463591],[-63.987488,-24.364889],[-63.97995,-24.097948],[-64.042587,-24.007816],[-64.042244,-23.944389],[-64.121155,-23.799375],[-64.25589,-23.741119],[-64.518486,-23.858761],[-64.569588,-23.945421],[-64.579361,-24.357231],[-64.54641,-24.383249],[-64.545982,-24.420345],[-64.771255,-24.712958],[-64.814117,-24.81765],[-64.816643,-24.966076],[-64.752937,-25.033773],[-64.711357,-24.990336]]],[[[-63.594002,-22.147995],[-63.572106,-21.999372],[-63.665267,-21.999342],[-63.683776,-22.054768],[-63.709001,-21.99936],[-63.944179,-22.009287],[-63.958069,-22.085774],[-63.979612,-22.080998],[-64.000038,-22.107675],[-64.03352,-22.242783],[-64.062408,-22.238381],[-64.095087,-22.308772],[-64.115516,-22.405607],[-64.138185,-22.407041],[-64.16307,-22.46893],[-64.241691,-22.557726],[-64.239192,-22.622973],[-64.264589,-22.65016],[-64.242292,-22.666053],[-64.260946,-22.67514],[-64.263968,-22.741238],[-64.283609,-22.751285],[-64.265343,-22.766659],[-64.315759,-22.882827],[-64.340856,-22.861582],[-64.326729,-22.837672],[-64.344334,-22.739398],[-64.40321,-22.7187],[-64.394728,-22.685684],[-64.441352,-22.638786],[-64.423987,-22.634356],[-64.41208,-22.538378],[-64.483277,-22.4802],[-64.4921,-22.43595],[-64.524715,-22.44146],[-64.512846,-22.412544],[-64.566212,-22.371036],[-64.538985,-22.281987],[-64.639044,-22.193714],[-64.73685,-22.193902],[-64.861681,-22.122004],[-64.904835,-22.119825],[-64.918434,-22.186104],[-64.947891,-22.200664],[-64.955368,-22.233038],[-64.843628,-22.372357],[-64.853073,-22.47658],[-65.03328,-22.68129],[-65.020294,-22.873961],[-64.875534,-23.038206],[-64.829506,-23.125261],[-64.829781,-23.391012],[-64.875763,-23.473947],[-64.970238,-23.506922],[-65.031509,-23.471401],[-65.078232,-23.470488],[-65.127327,-23.503092],[-65.20755,-23.762096],[-65.378647,-23.884985],[-65.463997,-24.022972],[-65.429878,-24.076719],[-65.433792,-24.370012],[-65.519753,-24.446918],[-65.520874,-24.496],[-65.580856,-24.552441],[-65.595116,-24.59677],[-65.659126,-24.646006],[-65.783417,-24.720449],[-65.886864,-24.809143],[-65.881485,-24.949186],[-65.800018,-24.990993],[-65.770859,-25.134586],[-65.714142,-25.213486],[-65.715309,-25.27453],[-65.761299,-25.316503],[-65.696526,-25.418121],[-65.541847,-25.196295],[-65.599678,-24.807453],[-65.524055,-24.69232],[-65.406609,-24.59375],[-65.346382,-24.595894],[-65.347191,-24.691656],[-65.386337,-24.724138],[-65.387344,-24.786387],[-65.321381,-24.861509],[-65.321434,-25.091318],[-65.255508,-25.125711],[-65.165329,-25.047434],[-65.030403,-24.828785],[-65.094254,-24.704706],[-65.089462,-24.642437],[-65.060913,-24.60755],[-65.06414,-24.526178],[-65.08651,-24.508362],[-65.118774,-24.382872],[-65.264862,-24.205295],[-65.258812,-24.123867],[-65.086723,-24.11336],[-64.989235,-24.073244],[-64.710373,-23.799442],[-64.681625,-23.812366],[-64.549103,-23.679516],[-64.494583,-23.674208],[-64.31424,-23.448542],[-64.284073,-23.374006],[-64.21225,-23.315754],[-64.140976,-23.316122],[-64.062569,-23.272089],[-64.02626,-23.186666],[-63.934574,-23.087358],[-63.646763,-22.219368],[-63.594002,-22.147995]]]]},"properties":{"id":"ecoregiones_argentina.5","ecorregion":"Yungas","hectareas":4780677}},
{"type":"Feature","geometry":{"type":"MultiPolygon","coordinates":[[[[-35.771417,-54.806945],[-35.809887,-54.804252],[-35.804376,-54.824076],[-35.771417,-54.806945]]],[[[-37.076438,-54.47459],[-37.12326,-54.481906],[-37.078531,-54.49956],[-37.098021,-54.514347],[-37.022463,-54.498693],[-37.076438,-54.47459]]],[[[-37.71608,-53.992318],[-37.74085,-53.983752],[-37.728286,-54.008451],[-37.828232,-54.021538],[-37.877391,-54.00117],[-37.969143,-54.024679],[-38.008737,-54.009307],[-37.997792,-54.032816],[-38.047665,-54.068128],[-37.995746,-54.072125],[-37.951678,-54.040145],[-37.884768,-54.062655],[-37.82195,-54.035577],[-37.804532,-54.061037],[-37.699693,-54.035053],[-37.661098,-54.052852],[-37.613223,-54.04419],[-37.733243,-54.109959],[-37.638017,-54.11743],[-37.732101,-54.138131],[-37.671425,-54.157786],[-37.693935,-54.177726],[-37.629547,-54.191336],[-37.543315,-54.17054],[-37.581339,-54.152123],[-37.560875,-54.135466],[-37.480259,-54.126853],[-37.4074,-54.152503],[-37.231415,-54.149315],[-37.225133,-54.166685],[-37.415823,-54.186958],[-37.306273,-54.230312],[-37.418131,-54.251227],[-37.420844,-54.276592],[-37.387865,-54.25532],[-37.349413,-54.26874],[-37.363499,-54.283398],[-37.303441,-54.274784],[-37.220938,-54.238975],[-37.204075,-54.266646],[-37.086577,-54.281066],[-37.109277,-54.324705],[-37.057167,-54.325228],[-37.01348,-54.360159],[-36.948759,-54.359588],[-36.916113,-54.334937],[-36.853581,-54.354924],[-36.903182,-54.372751],[-36.783518,-54.413941],[-36.817946,-54.458414],[-36.654368,-54.482973],[-36.64139,-54.517952],[-36.499879,-54.507995],[-36.519797,-54.519529],[-36.464594,-54.531848],[-36.499469,-54.568924],[-36.423531,-54.588875],[-36.35503,-54.654834],[-36.30706,-54.706231],[-36.312464,-54.747008],[-36.256115,-54.769796],[-36.265592,-54.796535],[-36.213544,-54.803525],[-36.134001,-54.863262],[-36.105781,-54.856313],[-36.131752,-54.873835],[-36.10721,-54.900353],[-36.076744,-54.872801],[-36.05197,-54.882417],[-36.042579,-54.854474],[-36.014364,-54.883663],[-36.028794,-54.853591],[-35.981877,-54.881802],[-35.977918,-54.855853],[-35.93745,-54.857306],[-35.965703,-54.833651],[-36.048008,-54.834794],[-35.995102,-54.825564],[-36.066639,-54.819545],[-36.035961,-54.811964],[-36.124806,-54.785368],[-36.119428,-54.751614],[-35.976574,-54.813812],[-35.939386,-54.809953],[-35.951474,-54.791801],[-35.914187,-54.815219],[-35.895514,-54.783727],[-35.887293,-54.803717],[-35.882405,-54.785455],[-35.842384,-54.800539],[-35.793989,-54.777827],[-35.791754,-54.761192],[-35.834292,-54.764031],[-35.971621,-54.704014],[-35.916166,-54.697499],[-35.964443,-54.622735],[-35.902157,-54.593171],[-35.893637,-54.545274],[-35.990203,-54.59731],[-36.02319,-54.565231],[-36.091125,-54.575039],[-36.112412,-54.547376],[-36.087147,-54.519949],[-36.008805,-54.504741],[-36.055995,-54.472585],[-36.177014,-54.449617],[-36.15746,-54.37449],[-36.264174,-54.390995],[-36.207776,-54.348944],[-36.267862,-54.339042],[-36.239538,-54.332666],[-36.250833,-54.287274],[-36.298622,-54.300756],[-36.294836,-54.269366],[-36.400152,-54.244003],[-36.330682,-54.349716],[-36.348034,-54.374258],[-36.444055,-54.314407],[-36.484863,-54.362422],[-36.521878,-54.355811],[-36.477656,-54.306205],[-36.507538,-54.283058],[-36.468085,-54.264742],[-36.488135,-54.238871],[-36.698746,-54.300997],[-36.651288,-54.271746],[-36.69888,-54.233462],[-36.643666,-54.242783],[-36.584827,-54.210884],[-36.59377,-54.189718],[-36.489565,-54.199408],[-36.490449,-54.181817],[-36.560989,-54.164348],[-36.704215,-54.187206],[-36.653005,-54.16834],[-36.708957,-54.162027],[-36.688339,-54.137009],[-36.644322,-54.146298],[-36.626456,-54.130536],[-36.769161,-54.10674],[-36.807049,-54.15412],[-36.809247,-54.095451],[-36.856505,-54.079143],[-36.941036,-54.085672],[-37.049308,-54.136261],[-36.973664,-54.086402],[-36.988726,-54.055637],[-37.004509,-54.080444],[-37.072181,-54.078616],[-37.110214,-54.128871],[-37.15333,-54.133839],[-37.151674,-54.084555],[-37.104503,-54.066852],[-37.160126,-54.066795],[-37.134713,-54.04241],[-37.179999,-54.044809],[-37.189936,-54.069536],[-37.222372,-54.055793],[-37.251495,-54.095039],[-37.269369,-54.055578],[-37.500358,-54.06206],[-37.439753,-54.041787],[-37.456242,-54.014875],[-37.366156,-53.991818],[-37.418837,-53.985893],[-37.550683,-54.027225],[-37.59694,-54.009736],[-37.686598,-54.015732],[-37.675605,-53.988106],[-37.71608,-53.992318]]],[[[-59.185195,-52.907276],[-59.184242,-52.905968],[-59.179411,-52.9001],[-59.187233,-52.891435],[-59.190356,-52.914966],[-59.191111,-52.917246],[-59.18743,-52.916889],[-59.185195,-52.907276]]],[[[-58.981974,-52.445281],[-58.982468,-52.442753],[-58.991477,-52.443046],[-58.981974,-52.445281]]],[[[-58.895909,-52.44684],[-58.890119,-52.441018],[-58.897973,-52.443418],[-58.895909,-52.44684]]],[[[-59.05823,-52.424868],[-59.074304,-52.419843],[-59.092649,-52.423931],[-59.152545,-52.437574],[-59.123652,-52.449459],[-59.036434,-52.432133],[-59.05823,-52.424868]]],[[[-59.717661,-52.36609],[-59.718767,-52.364431],[-59.722322,-52.365293],[-59.717661,-52.36609]]],[[[-59.66411,-52.356059],[-59.661584,-52.349168],[-59.743991,-52.383368],[-59.69827,-52.396693],[-59.684472,-52.376451],[-59.66697,-52.372926],[-59.651319,-52.371649],[-59.646912,-52.367426],[-59.66411,-52.356059]]],[[[-59.688374,-52.313814],[-59.680192,-52.303591],[-59.75114,-52.308725],[-59.763648,-52.343781],[-59.814359,-52.355945],[-59.808736,-52.363214],[-59.763877,-52.383984],[-59.748654,-52.375551],[-59.753831,-52.348844],[-59.688374,-52.313814]]],[[[-59.488925,-52.288262],[-59.486258,-52.285092],[-59.492488,-52.287631],[-59.488925,-52.288262]]],[[[-59.552674,-52.262437],[-59.560952,-52.269658],[-59.548344,-52.282449],[-59.538388,-52.267328],[-59.554803,-52.268041],[-59.552674,-52.262437]]],[[[-59.586797,-52.230003],[-59.589761,-52.225366],[-59.598336,-52.228025],[-59.59398,-52.231382],[-59.586797,-52.230003]]],[[[-60.470144,-52.217607],[-60.469133,-52.217548],[-60.470025,-52.216537],[-60.470144,-52.217607]]],[[[-60.471631,-52.211778],[-60.466081,-52.210466],[-60.468953,-52.205156],[-60.471631,-52.211778]]],[[[-60.433679,-52.215644],[-60.414588,-52.199993],[-60.429276,-52.208383],[-60.458365,-52.205413],[-60.433679,-52.215644]]],[[[-60.751991,-52.19292],[-60.754376,-52.200021],[-60.747807,-52.200452],[-60.751991,-52.19292]]],[[[-58.807073,-52.197195],[-58.801492,-52.196696],[-58.798826,-52.193961],[-58.807405,-52.193903],[-58.807073,-52.197195]]],[[[-58.833165,-52.190632],[-58.830652,-52.190632],[-58.83128,-52.188291],[-58.833165,-52.190632]]],[[[-60.688615,-52.186936],[-60.704104,-52.185128],[-60.707852,-52.183403],[-60.711144,-52.18503],[-60.709981,-52.187749],[-60.702706,-52.187322],[-60.69185,-52.190969],[-60.688615,-52.186936]]],[[[-60.926927,-52.17233],[-60.919313,-52.163418],[-60.940027,-52.169106],[-60.926927,-52.17233]]],[[[-59.772973,-52.154062],[-59.777962,-52.148938],[-59.785188,-52.142061],[-59.794564,-52.154661],[-59.806453,-52.172398],[-59.791581,-52.181083],[-59.781885,-52.186258],[-59.778119,-52.18342],[-59.761302,-52.17912],[-59.747106,-52.296053],[-59.670129,-52.222154],[-59.697427,-52.168283],[-59.768024,-52.173944],[-59.772973,-52.154062]]],[[[-58.86232,-52.142226],[-58.851246,-52.142706],[-58.852669,-52.140375],[-58.86232,-52.142226]]],[[[-58.99976,-52.145547],[-58.988279,-52.135137],[-59.002853,-52.137457],[-59.01368,-52.150484],[-58.99976,-52.145547]]],[[[-60.774041,-52.145519],[-60.761793,-52.145264],[-60.76238,-52.141064],[-60.767995,-52.135245],[-60.774041,-52.145519]]],[[[-58.841027,-52.162564],[-58.83183,-52.145676],[-58.826178,-52.133079],[-58.861889,-52.178718],[-58.85658,-52.214196],[-58.914743,-52.213772],[-58.936635,-52.234913],[-58.990155,-52.222725],[-59.004486,-52.247247],[-58.935786,-52.243192],[-58.835449,-52.210698],[-58.841027,-52.162564]]],[[[-58.703226,-52.127435],[-58.713141,-52.125753],[-58.71826,-52.127603],[-58.733149,-52.132394],[-58.722933,-52.134946],[-58.713003,-52.138792],[-58.707533,-52.137785],[-58.703226,-52.127435]]],[[[-59.846902,-52.126817],[-59.853383,-52.124612],[-59.848395,-52.135719],[-59.846902,-52.126817]]],[[[-58.912542,-52.124444],[-58.921232,-52.118978],[-58.919863,-52.125897],[-58.912542,-52.124444]]],[[[-58.61274,-52.133657],[-58.61857,-52.125976],[-58.62208,-52.112472],[-58.623745,-52.115982],[-58.627591,-52.132509],[-58.609112,-52.140372],[-58.601081,-52.149354],[-58.61274,-52.133657]]],[[[-59.747735,-52.106001],[-59.743085,-52.103036],[-59.748933,-52.104848],[-59.747735,-52.106001]]],[[[-59.00517,-52.087503],[-59.000979,-52.081075],[-59.010655,-52.081663],[-59.00517,-52.087503]]],[[[-59.058471,-52.07784],[-59.057744,-52.079585],[-59.056754,-52.077772],[-59.058471,-52.07784]]],[[[-59.082389,-52.071246],[-59.084245,-52.071199],[-59.091573,-52.077783],[-59.07713,-52.075708],[-59.082389,-52.071246]]],[[[-58.534137,-52.066606],[-58.533721,-52.062323],[-58.537111,-52.065179],[-58.534137,-52.066606]]],[[[-59.740117,-52.073541],[-59.733361,-52.094907],[-59.716763,-52.047987],[-59.738007,-52.06228],[-59.74273,-52.065208],[-59.740117,-52.073541]]],[[[-59.66228,-52.034737],[-59.659293,-52.037548],[-59.659205,-52.035008],[-59.660266,-52.030373],[-59.66228,-52.034737]]],[[[-59.861721,-52.03246],[-59.851544,-52.035871],[-59.852023,-52.027025],[-59.861721,-52.03246]]],[[[-59.666156,-52.018835],[-59.679243,-52.019311],[-59.670272,-52.011691],[-59.681701,-52.015667],[-59.685256,-52.02826],[-59.666156,-52.018835]]],[[[-60.953769,-52.015864],[-60.965417,-52.010843],[-60.965691,-52.023538],[-60.953769,-52.015864]]],[[[-60.998087,-52.024311],[-60.988628,-52.015864],[-61.005046,-52.012057],[-60.998087,-52.024311]]],[[[-58.36864,-52.000988],[-58.392329,-51.996351],[-58.390321,-52.000001],[-58.3809,-52.002434],[-58.378194,-52.00535],[-58.361036,-52.008197],[-58.36864,-52.000988]]],[[[-58.424106,-51.990842],[-58.43145,-51.987723],[-58.429337,-51.994305],[-58.422794,-51.994841],[-58.447778,-51.995912],[-58.472455,-51.993002],[-58.474071,-51.99032],[-58.486207,-51.993056],[-58.469797,-52.003052],[-58.55466,-52.027464],[-58.433032,-52.10236],[-58.423825,-52.026968],[-58.446573,-52.041265],[-58.471726,-52.027193],[-58.441635,-52.029784],[-58.455085,-52.008112],[-58.403787,-52.014436],[-58.424106,-51.990842]]],[[[-58.464856,-51.986863],[-58.47511,-51.987851],[-58.466233,-51.989994],[-58.464856,-51.986863]]],[[[-60.96686,-51.987826],[-60.964124,-51.983305],[-60.968229,-51.981937],[-60.973582,-51.98503],[-60.96686,-51.987826]]],[[[-58.482261,-51.982202],[-58.491401,-51.979662],[-58.50032,-51.981809],[-58.482261,-51.982202]]],[[[-58.618041,-51.973771],[-58.613822,-51.973775],[-58.61175,-51.971734],[-58.618041,-51.973771]]],[[[-58.479084,-51.971961],[-58.499328,-51.973227],[-58.469268,-51.985156],[-58.431255,-51.984736],[-58.439457,-51.977133],[-58.453125,-51.982314],[-58.479084,-51.971961]]],[[[-60.863835,-51.96824],[-60.870789,-51.966123],[-60.879331,-51.964113],[-60.882806,-51.963972],[-60.884992,-51.984563],[-60.940617,-51.991376],[-60.94307,-51.996969],[-60.941354,-51.999319],[-60.932061,-51.995264],[-60.922008,-51.996154],[-60.916717,-52.004016],[-60.905637,-52.007742],[-60.881452,-52.007726],[-60.850322,-52.008666],[-60.84554,-52.005743],[-60.847467,-52.00361],[-60.856806,-52.00706],[-60.87259,-51.994081],[-60.862203,-51.991777],[-60.863835,-51.96824]]],[[[-58.456326,-51.950217],[-58.494446,-51.953467],[-58.451585,-51.951832],[-58.456326,-51.950217]]],[[[-58.77081,-51.947137],[-58.781598,-51.945142],[-58.764642,-51.949281],[-58.766908,-51.945299],[-58.77081,-51.947137]]],[[[-59.691814,-51.938976],[-59.693044,-51.933366],[-59.708386,-51.936765],[-59.724168,-51.974794],[-59.696698,-51.992143],[-59.665952,-51.973226],[-59.701094,-51.959856],[-59.691814,-51.938976]]],[[[-58.719745,-51.922379],[-58.733605,-51.922141],[-58.712726,-51.929399],[-58.704041,-51.923985],[-58.719745,-51.922379]]],[[[-59.636076,-51.924818],[-59.650954,-51.913178],[-59.651139,-51.917871],[-59.646287,-51.92951],[-59.636076,-51.924818]]],[[[-59.655629,-51.91078],[-59.656815,-51.906095],[-59.662709,-51.908956],[-59.655629,-51.91078]]],[[[-58.398039,-51.909665],[-58.395942,-51.903595],[-58.403209,-51.905018],[-58.428725,-51.905499],[-58.398991,-51.907464],[-58.400374,-51.913765],[-58.423618,-51.915435],[-58.426589,-51.91619],[-58.472732,-51.91338],[-58.449732,-51.925595],[-58.401546,-51.922522],[-58.398039,-51.909665]]],[[[-58.526069,-51.902943],[-58.537883,-51.901822],[-58.527328,-51.911902],[-58.510112,-51.912996],[-58.50698,-51.907982],[-58.517787,-51.905339],[-58.526069,-51.902943]]],[[[-58.516715,-51.898898],[-58.534369,-51.899662],[-58.519107,-51.901066],[-58.516715,-51.898898]]],[[[-58.553493,-51.898905],[-58.536788,-51.900132],[-58.54486,-51.895966],[-58.553493,-51.898905]]],[[[-58.815978,-51.896294],[-58.810859,-51.898171],[-58.813342,-51.895844],[-58.815978,-51.896294]]],[[[-61.146745,-51.895742],[-61.193094,-51.908449],[-61.165701,-51.906426],[-61.162429,-51.908508],[-61.146745,-51.895742]]],[[[-61.139771,-51.890025],[-61.136376,-51.885889],[-61.140774,-51.886332],[-61.139771,-51.890025]]],[[[-59.631524,-51.888609],[-59.628825,-51.88052],[-59.632699,-51.877111],[-59.635011,-51.883673],[-59.631524,-51.888609]]],[[[-58.280256,-51.874866],[-58.293521,-51.873378],[-58.308215,-51.875639],[-58.299708,-51.876531],[-58.303932,-51.885573],[-58.296139,-51.884621],[-58.280256,-51.874866]]],[[[-59.652249,-51.877332],[-59.650613,-51.874521],[-59.657311,-51.87615],[-59.652249,-51.877332]]],[[[-61.165143,-51.879613],[-61.17064,-51.875314],[-61.202344,-51.896654],[-61.216026,-51.905296],[-61.216706,-51.909786],[-61.195691,-51.905298],[-61.165143,-51.879613]]],[[[-61.220607,-51.870556],[-61.219298,-51.870318],[-61.219952,-51.869247],[-61.220607,-51.870556]]],[[[-58.273058,-51.867846],[-58.27401,-51.866359],[-58.28395,-51.867703],[-58.279876,-51.873776],[-58.26863,-51.872685],[-58.258601,-51.870484],[-58.273058,-51.867846]]],[[[-58.262821,-51.867075],[-58.263771,-51.864954],[-58.265419,-51.866686],[-58.262821,-51.867075]]],[[[-58.201434,-51.865895],[-58.19789,-51.865738],[-58.200751,-51.864933],[-58.201434,-51.865895]]],[[[-58.927129,-51.866575],[-58.944535,-51.860303],[-58.926396,-51.870721],[-58.927129,-51.866575]]],[[[-59.596528,-51.873684],[-59.586774,-51.856723],[-59.59842,-51.862547],[-59.606706,-51.861032],[-59.617963,-51.862611],[-59.596528,-51.873684]]],[[[-58.24309,-51.856457],[-58.246569,-51.854465],[-58.254897,-51.854227],[-58.260991,-51.855893],[-58.250792,-51.855744],[-58.251293,-51.859154],[-58.24309,-51.856457]]],[[[-60.986945,-51.863412],[-60.980435,-51.856561],[-60.981152,-51.853716],[-60.986945,-51.863412]]],[[[-60.458718,-51.855802],[-60.460748,-51.851949],[-60.465482,-51.854105],[-60.458718,-51.855802]]],[[[-58.933118,-51.85317],[-58.939111,-51.852254],[-58.942208,-51.855114],[-58.928204,-51.859159],[-58.933118,-51.85317]]],[[[-58.231175,-51.849781],[-58.230019,-51.848709],[-58.236535,-51.848625],[-58.231175,-51.849781]]],[[[-58.239938,-51.847009],[-58.238477,-51.846452],[-58.240792,-51.846464],[-58.239938,-51.847009]]],[[[-61.196488,-51.861268],[-61.183629,-51.847718],[-61.190072,-51.848679],[-61.19336,-51.853116],[-61.196488,-51.861268]]],[[[-59.759457,-51.840545],[-59.751286,-51.834081],[-59.750798,-51.829778],[-59.761308,-51.839193],[-59.776524,-51.851991],[-59.759457,-51.840545]]],[[[-60.479272,-51.826732],[-60.509759,-51.831174],[-60.495799,-51.857017],[-60.469201,-51.836767],[-60.479272,-51.826732]]],[[[-59.48423,-51.823105],[-59.4773,-51.820741],[-59.480606,-51.818142],[-59.48423,-51.823105]]],[[[-61.313307,-51.812001],[-61.323423,-51.808049],[-61.324329,-51.814162],[-61.311655,-51.814751],[-61.313307,-51.812001]]],[[[-58.138592,-51.806615],[-58.142296,-51.803933],[-58.144799,-51.804406],[-58.138592,-51.806615]]],[[[-58.180007,-51.802417],[-58.222596,-51.807902],[-58.173919,-51.80643],[-58.180007,-51.802417]]],[[[-61.064553,-51.80694],[-61.06091,-51.807817],[-61.053563,-51.79928],[-61.065389,-51.805143],[-61.064553,-51.80694]]],[[[-61.198518,-51.798499],[-61.204244,-51.797576],[-61.2025,-51.805133],[-61.191285,-51.8091],[-61.19357,-51.807693],[-61.19056,-51.802947],[-61.201013,-51.804858],[-61.198518,-51.798499]]],[[[-60.393121,-51.798635],[-60.393296,-51.797075],[-60.39483,-51.797685],[-60.393121,-51.798635]]],[[[-61.223267,-51.797151],[-61.240277,-51.796106],[-61.261922,-51.830637],[-61.310931,-51.801684],[-61.30066,-51.825208],[-61.318765,-51.820127],[-61.328881,-51.821982],[-61.336223,-51.821498],[-61.344998,-51.824335],[-61.345477,-51.830488],[-61.279391,-51.869129],[-61.24749,-51.874308],[-61.242459,-51.878584],[-61.233575,-51.873233],[-61.231059,-51.872335],[-61.221127,-51.864214],[-61.216691,-51.863008],[-61.216502,-51.858302],[-61.209485,-51.855482],[-61.264681,-51.861507],[-61.229306,-51.84202],[-61.255936,-51.838784],[-61.24204,-51.821783],[-61.203851,-51.824075],[-61.197602,-51.819303],[-61.221135,-51.807531],[-61.224099,-51.804052],[-61.223267,-51.797151]]],[[[-61.078576,-51.798733],[-61.088082,-51.796265],[-61.090634,-51.799618],[-61.078576,-51.798733]]],[[[-61.117385,-51.806277],[-61.117268,-51.799415],[-61.119813,-51.797484],[-61.122998,-51.802173],[-61.117385,-51.806277]]],[[[-61.142384,-51.782728],[-61.152573,-51.782163],[-61.159591,-51.788311],[-61.157229,-51.792184],[-61.147387,-51.792],[-61.146317,-51.793012],[-61.143372,-51.788698],[-61.137708,-51.78507],[-61.142384,-51.782728]]],[[[-61.100312,-51.794103],[-61.090936,-51.788282],[-61.104203,-51.780904],[-61.105109,-51.789088],[-61.100312,-51.794103]]],[[[-61.048482,-51.785097],[-61.042453,-51.778378],[-61.075839,-51.786856],[-61.048482,-51.785097]]],[[[-59.017502,-51.778266],[-59.014958,-51.776801],[-59.019086,-51.775088],[-59.017502,-51.778266]]],[[[-59.660398,-51.799291],[-59.633726,-51.783337],[-59.625944,-51.768662],[-59.666421,-51.792146],[-59.660398,-51.799291]]],[[[-60.87481,-51.763635],[-60.901563,-51.764253],[-60.894832,-51.77445],[-60.9073,-51.792],[-60.90342,-51.798735],[-60.897656,-51.80133],[-60.875474,-51.805444],[-60.903306,-51.857231],[-60.918534,-51.831426],[-60.954232,-51.865537],[-61.044148,-51.886087],[-61.041837,-51.880838],[-60.944836,-51.818174],[-60.943408,-51.815914],[-60.942368,-51.809751],[-60.949201,-51.801885],[-60.949532,-51.799059],[-60.954291,-51.798381],[-60.956738,-51.801099],[-60.96993,-51.799699],[-60.975804,-51.778684],[-60.983289,-51.778474],[-61.014466,-51.780153],[-61.038758,-51.784361],[-61.034074,-51.797727],[-61.044595,-51.803303],[-61.033471,-51.81526],[-61.047753,-51.810762],[-61.056968,-51.822398],[-61.058752,-51.829179],[-61.047093,-51.830786],[-61.038161,-51.845155],[-61.092904,-51.824121],[-61.117644,-51.836853],[-61.093774,-51.816759],[-61.10652,-51.814546],[-61.166184,-51.830721],[-61.160855,-51.850225],[-61.155602,-51.851415],[-61.098496,-51.848859],[-61.100816,-51.859426],[-61.134057,-51.859262],[-61.137444,-51.904166],[-61.101045,-51.901029],[-61.098836,-51.931398],[-61.079267,-51.91529],[-61.068904,-51.935066],[-61.054246,-51.92834],[-61.038839,-51.926674],[-61.053532,-51.930303],[-61.070724,-51.938036],[-61.059476,-51.941846],[-61.057721,-51.966447],[-61.00702,-51.98509],[-60.987681,-51.98735],[-60.94938,-51.964128],[-60.930032,-51.958204],[-60.915126,-51.958372],[-60.893914,-51.94977],[-60.902615,-51.949814],[-60.906125,-51.94486],[-60.922532,-51.937795],[-60.870931,-51.917173],[-60.915574,-51.896158],[-60.871884,-51.890142],[-60.89819,-51.883643],[-60.866908,-51.799317],[-60.863756,-51.795094],[-60.857076,-51.791666],[-60.863261,-51.786673],[-60.87481,-51.763635]]],[[[-60.214098,-51.774773],[-60.217846,-51.762102],[-60.221534,-51.757105],[-60.227899,-51.765255],[-60.214098,-51.774773]]],[[[-59.556058,-51.79018],[-59.556951,-51.776201],[-59.535382,-51.756548],[-59.630521,-51.797781],[-59.561947,-51.806836],[-59.554274,-51.793035],[-59.556058,-51.79018]]],[[[-59.017564,-51.731387],[-59.023139,-51.730333],[-59.021247,-51.734117],[-59.017564,-51.731387]]],[[[-59.012359,-51.725311],[-59.011386,-51.724762],[-59.012648,-51.722858],[-59.012359,-51.725311]]],[[[-61.233847,-51.722287],[-61.233966,-51.719848],[-61.235037,-51.720919],[-61.233847,-51.722287]]],[[[-60.113073,-51.684174],[-60.114917,-51.683519],[-60.1145,-51.685185],[-60.113073,-51.684174]]],[[[-60.114024,-51.687505],[-60.122115,-51.682032],[-60.119081,-51.686553],[-60.114322,-51.688814],[-60.114024,-51.687505]]],[[[-59.059063,-51.68862],[-59.06096,-51.684182],[-59.070228,-51.680083],[-59.059063,-51.68862]]],[[[-61.250602,-51.683267],[-61.26353,-51.682466],[-61.333091,-51.692086],[-61.309275,-51.722085],[-61.311064,-51.730542],[-61.316638,-51.7412],[-61.309752,-51.75322],[-61.293719,-51.764222],[-61.289931,-51.760159],[-61.292966,-51.706462],[-61.271033,-51.698174],[-61.244674,-51.717588],[-61.243697,-51.702786],[-61.21041,-51.693377],[-61.250602,-51.683267]]],[[[-57.724956,-51.67429],[-57.72628,-51.672698],[-57.733863,-51.673048],[-57.724956,-51.67429]]],[[[-61.23563,-51.667201],[-61.246839,-51.667209],[-61.240788,-51.672098],[-61.23563,-51.667201]]],[[[-59.557099,-51.671338],[-59.538109,-51.658849],[-59.554463,-51.668229],[-59.557099,-51.671338]]],[[[-61.226718,-51.65268],[-61.237323,-51.648289],[-61.23289,-51.656155],[-61.227244,-51.663227],[-61.22471,-51.657689],[-61.226718,-51.65268]]],[[[-60.338585,-51.640951],[-60.33772,-51.635646],[-60.355508,-51.632223],[-60.352124,-51.641965],[-60.338585,-51.640951]]],[[[-57.757197,-51.622369],[-57.75727,-51.621011],[-57.760547,-51.622865],[-57.753371,-51.623712],[-57.74364,-51.625188],[-57.744163,-51.62275],[-57.757197,-51.622369]]],[[[-60.440507,-51.605878],[-60.458325,-51.605062],[-60.461598,-51.607187],[-60.447495,-51.618402],[-60.442027,-51.624468],[-60.422093,-51.623117],[-60.430039,-51.608923],[-60.440507,-51.605878]]],[[[-60.688943,-51.609014],[-60.695992,-51.609659],[-60.688977,-51.675256],[-60.666171,-51.667419],[-60.682903,-51.614847],[-60.688943,-51.609014]]],[[[-57.783961,-51.607458],[-57.790194,-51.603681],[-57.794074,-51.604314],[-57.783961,-51.607458]]],[[[-59.190623,-51.594268],[-59.187335,-51.595157],[-59.188411,-51.593376],[-59.190623,-51.594268]]],[[[-60.725012,-51.589095],[-60.729402,-51.588569],[-60.729502,-51.590476],[-60.725012,-51.589095]]],[[[-59.204301,-51.583781],[-59.21608,-51.583484],[-59.218821,-51.591778],[-59.202302,-51.585752],[-59.204301,-51.583781]]],[[[-59.184758,-51.586769],[-59.195094,-51.579002],[-59.196917,-51.582458],[-59.193108,-51.584256],[-59.18863,-51.590389],[-59.184758,-51.586769]]],[[[-60.316138,-51.579628],[-60.314185,-51.576942],[-60.322058,-51.579262],[-60.316138,-51.579628]]],[[[-60.785211,-51.574162],[-60.810263,-51.56733],[-60.818464,-51.568611],[-60.810907,-51.577037],[-60.803213,-51.582936],[-60.784078,-51.582028],[-60.758901,-51.584355],[-60.731634,-51.58527],[-60.75168,-51.574841],[-60.785211,-51.574162]]],[[[-60.835995,-51.569058],[-60.845742,-51.565981],[-60.848526,-51.5763],[-60.830307,-51.574023],[-60.835995,-51.569058]]],[[[-60.868815,-51.558261],[-60.886828,-51.56277],[-60.876651,-51.56483],[-60.877684,-51.566752],[-60.859657,-51.566745],[-60.868815,-51.558261]]],[[[-58.057599,-51.552639],[-58.081487,-51.5509],[-58.03964,-51.56377],[-58.057599,-51.552639]]],[[[-60.481877,-51.552422],[-60.498025,-51.549595],[-60.502332,-51.554768],[-60.502034,-51.560459],[-60.481877,-51.552422]]],[[[-58.091905,-51.548055],[-58.090119,-51.547815],[-58.09277,-51.547639],[-58.091905,-51.548055]]],[[[-60.511834,-51.491744],[-60.527607,-51.49158],[-60.532154,-51.496555],[-60.519585,-51.497234],[-60.511834,-51.491744]]],[[[-60.497045,-51.487241],[-60.519643,-51.484625],[-60.50641,-51.48739],[-60.497045,-51.487241]]],[[[-60.71402,-51.470947],[-60.729248,-51.469788],[-60.716858,-51.474304],[-60.692131,-51.475167],[-60.71402,-51.470947]]],[[[-58.489471,-51.45607],[-58.483368,-51.455391],[-58.494572,-51.451569],[-58.491344,-51.457928],[-58.489471,-51.45607]]],[[[-59.718377,-51.430006],[-59.711827,-51.438638],[-59.712289,-51.434454],[-59.712224,-51.43165],[-59.70937,-51.429333],[-59.718377,-51.430006]]],[[[-59.669511,-51.4279],[-59.680814,-51.42954],[-59.678222,-51.431171],[-59.677609,-51.43567],[-59.669511,-51.4279]]],[[[-59.681283,-51.425325],[-59.677171,-51.421835],[-59.683076,-51.424913],[-59.681283,-51.425325]]],[[[-58.304142,-51.425109],[-58.305641,-51.42023],[-58.314754,-51.424518],[-58.310669,-51.425281],[-58.308987,-51.425651],[-58.304142,-51.425109]]],[[[-59.651719,-51.41356],[-59.65997,-51.41319],[-59.661802,-51.416837],[-59.655679,-51.422609],[-59.648465,-51.417421],[-59.651719,-51.41356]]],[[[-59.599652,-51.409013],[-59.618869,-51.405885],[-59.632043,-51.40798],[-59.642602,-51.420324],[-59.63086,-51.419607],[-59.622149,-51.420728],[-59.592282,-51.426124],[-59.595614,-51.409423],[-59.599652,-51.409013]]],[[[-60.200063,-51.40188],[-60.210648,-51.402401],[-60.211519,-51.407668],[-60.202237,-51.403188],[-60.200063,-51.40188]]],[[[-59.886245,-51.399521],[-59.885335,-51.39855],[-59.890263,-51.398212],[-59.886245,-51.399521]]],[[[-59.696061,-51.391603],[-59.71732,-51.388311],[-59.72907,-51.394762],[-59.723233,-51.423681],[-59.686298,-51.409673],[-59.684949,-51.398275],[-59.696061,-51.391603]]],[[[-59.658662,-51.389082],[-59.641278,-51.388036],[-59.647214,-51.384977],[-59.670361,-51.389276],[-59.673291,-51.406377],[-59.658662,-51.389082]]],[[[-59.993551,-51.382053],[-59.994829,-51.379428],[-59.999415,-51.380378],[-59.993551,-51.382053]]],[[[-59.721213,-51.37475],[-59.714927,-51.374189],[-59.722735,-51.372854],[-59.721213,-51.37475]]],[[[-59.761838,-51.378378],[-59.753774,-51.374513],[-59.761067,-51.372274],[-59.763175,-51.377342],[-59.761838,-51.378378]]],[[[-59.956971,-51.374433],[-59.965161,-51.370958],[-59.975808,-51.378431],[-59.956971,-51.374433]]],[[[-59.850724,-51.366476],[-59.871053,-51.375494],[-59.824117,-51.371126],[-59.850724,-51.366476]]],[[[-59.888777,-51.373679],[-59.885122,-51.367305],[-59.89084,-51.365615],[-59.906503,-51.374023],[-59.888777,-51.373679]]],[[[-59.90592,-51.369338],[-59.894216,-51.364516],[-59.8981,-51.362315],[-59.908926,-51.368564],[-59.90592,-51.369338]]],[[[-59.723354,-51.363906],[-59.720225,-51.363126],[-59.72384,-51.362183],[-59.723354,-51.363906]]],[[[-59.662995,-51.357515],[-59.658574,-51.359083],[-59.658677,-51.35592],[-59.662995,-51.357515]]],[[[-60.382751,-51.360107],[-60.406982,-51.355164],[-60.412659,-51.357483],[-60.378357,-51.372864],[-60.380127,-51.364319],[-60.382751,-51.360107]]],[[[-59.840272,-51.347673],[-59.83693,-51.343671],[-59.855908,-51.349744],[-59.840272,-51.347673]]],[[[-59.625409,-51.344617],[-59.625783,-51.337583],[-59.629949,-51.343584],[-59.633508,-51.344793],[-59.625409,-51.344617]]],[[[-59.387427,-51.336098],[-59.393897,-51.338905],[-59.417334,-51.34214],[-59.398108,-51.365455],[-59.400183,-51.363136],[-59.44889,-51.35215],[-59.454383,-51.356178],[-59.435706,-51.388405],[-59.472754,-51.399208],[-59.475867,-51.405494],[-59.425147,-51.41288],[-59.382544,-51.433876],[-59.46604,-51.463905],[-59.542273,-51.445289],[-59.520423,-51.480812],[-59.58927,-51.457924],[-59.601477,-51.442543],[-59.483863,-51.415382],[-59.504126,-51.393959],[-59.574073,-51.434608],[-59.619422,-51.435646],[-59.625891,-51.468727],[-59.634375,-51.43705],[-59.802893,-51.459022],[-59.842505,-51.443764],[-59.732825,-51.42704],[-59.757788,-51.405372],[-59.771338,-51.420753],[-59.875586,-51.413856],[-59.819922,-51.395241],[-59.890662,-51.410743],[-59.896277,-51.423866],[-59.908484,-51.402382],[-59.860327,-51.390724],[-59.900977,-51.38108],[-59.997779,-51.421669],[-60.019934,-51.403053],[-59.983252,-51.388527],[-60.009986,-51.380836],[-60.05094,-51.388222],[-60.031653,-51.41703],[-60.081397,-51.408363],[-60.068091,-51.421425],[-60.099646,-51.437843],[-59.981604,-51.472816],[-60.067115,-51.483375],[-60.081092,-51.483925],[-60.130042,-51.506447],[-60.171607,-51.49601],[-60.150916,-51.484474],[-60.245093,-51.494056],[-60.487525,-51.387123],[-60.664405,-51.340004],[-60.610389,-51.359474],[-60.664527,-51.360695],[-60.63053,-51.376564],[-60.650672,-51.414039],[-60.521827,-51.451027],[-60.454383,-51.437477],[-60.381812,-51.487221],[-60.400489,-51.505714],[-60.483863,-51.490089],[-60.511817,-51.526588],[-60.506324,-51.528114],[-60.405677,-51.562355],[-60.389075,-51.545387],[-60.374305,-51.576332],[-60.309851,-51.570717],[-60.346937,-51.540001],[-60.321997,-51.536598],[-60.293707,-51.559189],[-60.296088,-51.557293],[-60.310218,-51.578529],[-60.265113,-51.568397],[-60.30503,-51.597755],[-60.231543,-51.608314],[-60.258826,-51.623817],[-60.18278,-51.665953],[-60.134558,-51.683327],[-60.086707,-51.6641],[-60.084143,-51.669472],[-60.094031,-51.698097],[-60.024756,-51.699074],[-60.093848,-51.699928],[-60.086036,-51.713478],[-59.973792,-51.742286],[-60.086463,-51.722267],[-60.233435,-51.656288],[-60.282141,-51.680031],[-60.368384,-51.671669],[-60.520972,-51.712257],[-60.652965,-51.668334],[-60.640174,-51.728248],[-60.538916,-51.806984],[-60.521399,-51.760353],[-60.458594,-51.77433],[-60.409888,-51.745033],[-60.358619,-51.755958],[-60.382361,-51.717323],[-60.31803,-51.696632],[-60.28855,-51.720436],[-60.247718,-51.695656],[-60.180945,-51.708656],[-60.213965,-51.792213],[-60.280738,-51.771889],[-60.266089,-51.749428],[-60.3245,-51.761207],[-60.329688,-51.779701],[-60.294226,-51.778602],[-60.328345,-51.80381],[-60.292029,-51.829628],[-60.33396,-51.819313],[-60.327369,-51.864174],[-60.364295,-51.87693],[-60.382239,-51.84568],[-60.41886,-51.868995],[-60.356299,-51.812904],[-60.39524,-51.798927],[-60.418433,-51.818214],[-60.405432,-51.794533],[-60.39524,-51.787819],[-60.384681,-51.795997],[-60.368262,-51.775306],[-60.437232,-51.79026],[-60.414893,-51.769996],[-60.477393,-51.818214],[-60.445472,-51.851539],[-60.477183,-51.872028],[-60.449683,-51.875953],[-60.506202,-51.936317],[-60.547034,-51.941749],[-60.629187,-51.917946],[-60.645789,-51.926002],[-60.631263,-51.924782],[-60.543189,-51.953834],[-60.397315,-51.925575],[-60.433081,-51.962623],[-60.509986,-51.978126],[-60.546363,-51.979103],[-60.570472,-51.984169],[-60.51908,-52.003639],[-60.503455,-52.023109],[-60.534034,-52.007301],[-60.545386,-52.026954],[-60.536597,-52.00254],[-60.572119,-51.989357],[-60.555396,-52.026222],[-60.585425,-52.009498],[-60.608191,-52.026527],[-60.577369,-51.986915],[-60.628211,-51.98069],[-60.634131,-51.999367],[-60.649207,-51.968544],[-60.676734,-52.03257],[-60.639075,-52.037758],[-60.686499,-52.043068],[-60.683448,-52.046974],[-60.689795,-52.039406],[-60.67472,-52.036415],[-60.696753,-52.02018],[-60.681311,-51.97837],[-60.700232,-51.970436],[-60.691809,-52.004127],[-60.721839,-52.012367],[-60.724768,-51.961098],[-60.753272,-51.977577],[-60.74491,-51.961769],[-60.84635,-51.953956],[-60.825232,-51.999611],[-60.791114,-51.989357],[-60.745276,-52.01786],[-60.859656,-52.04203],[-60.896277,-52.028419],[-60.87052,-52.0709],[-60.812049,-52.060768],[-60.856543,-52.085182],[-60.920142,-52.08329],[-60.8823,-52.07328],[-60.917517,-52.067787],[-60.896704,-52.037086],[-60.979529,-52.048866],[-61.042334,-52.011696],[-61.057776,-52.012245],[-61.067786,-52.007301],[-61.077979,-52.010719],[-61.070166,-52.018043],[-61.042151,-52.014992],[-61.048194,-52.072181],[-61.011878,-52.073524],[-61.02323,-52.042824],[-60.93302,-52.116493],[-60.858863,-52.124306],[-60.799475,-52.18943],[-60.719519,-52.176246],[-60.770789,-52.167213],[-60.850074,-52.107033],[-60.814673,-52.097938],[-60.743384,-52.124244],[-60.716101,-52.102882],[-60.665625,-52.136879],[-60.716773,-52.129616],[-60.743933,-52.147987],[-60.717505,-52.160438],[-60.701575,-52.141701],[-60.704444,-52.1735],[-60.661414,-52.154335],[-60.696936,-52.179237],[-60.672095,-52.192421],[-60.629309,-52.175392],[-60.665076,-52.19297],[-60.631263,-52.204933],[-60.631934,-52.214638],[-60.696631,-52.210792],[-60.65055,-52.259865],[-60.614661,-52.257667],[-60.622473,-52.232338],[-60.604651,-52.251137],[-60.504248,-52.203834],[-60.543738,-52.194191],[-60.547339,-52.187848],[-60.522193,-52.1912],[-60.505774,-52.187904],[-60.512793,-52.179115],[-60.493567,-52.185829],[-60.544715,-52.136513],[-60.569934,-52.157774],[-60.572215,-52.157231],[-60.557715,-52.137977],[-60.585974,-52.126076],[-60.547461,-52.119056],[-60.543372,-52.112465],[-60.545142,-52.126198],[-60.490393,-52.166115],[-60.473304,-52.149635],[-60.466285,-52.178566],[-60.416358,-52.144325],[-60.407325,-52.172157],[-60.368262,-52.176246],[-60.404578,-52.124855],[-60.501624,-52.111671],[-60.458289,-52.10276],[-60.45066,-52.114296],[-60.408667,-52.120033],[-60.388098,-52.135658],[-60.407569,-52.091102],[-60.327918,-52.101356],[-60.377539,-52.108253],[-60.380713,-52.153785],[-60.353553,-52.161049],[-60.266394,-52.089332],[-60.242347,-52.018593],[-60.282508,-52.082008],[-60.281836,-52.020485],[-60.335303,-51.993446],[-60.357398,-52.00663],[-60.329444,-51.988685],[-60.372473,-51.933571],[-60.348792,-51.93412],[-60.330664,-51.939064],[-60.328345,-51.959999],[-60.309119,-51.932838],[-60.327124,-51.996925],[-60.290076,-52.01432],[-60.284461,-51.993446],[-60.209632,-51.967811],[-60.220862,-51.994301],[-60.171485,-51.968117],[-60.182288,-51.97892],[-60.239051,-52.016762],[-60.100074,-52.008278],[-60.0792,-51.935341],[-60.051673,-51.943153],[-60.075476,-51.961647],[-59.997351,-51.969581],[-60.004309,-52.005836],[-59.919471,-51.966591],[-59.859534,-51.964088],[-59.750098,-51.810158],[-59.773963,-51.820045],[-59.628638,-51.754066],[-59.664283,-51.743629],[-59.607398,-51.730873],[-59.543738,-51.646278],[-59.602698,-51.686317],[-59.589026,-51.66111],[-59.43888,-51.584999],[-59.480933,-51.632301],[-59.440955,-51.634254],[-59.338355,-51.528358],[-59.395789,-51.55674],[-59.358496,-51.507789],[-59.48014,-51.526039],[-59.377417,-51.498634],[-59.353858,-51.507545],[-59.366187,-51.486549],[-59.331214,-51.492592],[-59.33451,-51.524147],[-59.200415,-51.435829],[-59.291907,-51.463783],[-59.266272,-51.445839],[-59.292578,-51.436928],[-59.283667,-51.433876],[-59.210425,-51.402382],[-59.238379,-51.397133],[-59.36167,-51.357643],[-59.370887,-51.353554],[-59.387427,-51.336098]],[[-60.476925,-52.228077],[-60.500126,-52.234227],[-60.469511,-52.225285],[-60.476925,-52.228077]],[[-59.86638,-52.130195],[-59.874628,-52.135494],[-59.870645,-52.132707],[-59.86638,-52.130195]],[[-59.751244,-51.395177],[-59.743253,-51.39411],[-59.752364,-51.404308],[-59.751244,-51.395177]]],[[[-59.644364,-51.344264],[-59.675648,-51.335258],[-59.700626,-51.347381],[-59.690314,-51.327148],[-59.708288,-51.347051],[-59.663841,-51.357551],[-59.665231,-51.347967],[-59.65147,-51.344535],[-59.652714,-51.352977],[-59.650753,-51.354927],[-59.645149,-51.356048],[-59.642551,-51.35358],[-59.636345,-51.351016],[-59.636067,-51.349201],[-59.638748,-51.346885],[-59.634968,-51.345325],[-59.644364,-51.344264]]],[[[-60.712775,-51.334726],[-60.719429,-51.332811],[-60.718609,-51.330388],[-60.731758,-51.326349],[-60.73278,-51.333807],[-60.720782,-51.349102],[-60.716864,-51.369121],[-60.700443,-51.380308],[-60.663811,-51.351359],[-60.712775,-51.334726]]],[[[-59.741593,-51.318794],[-59.739213,-51.315704],[-59.746039,-51.321006],[-59.782678,-51.322],[-59.750095,-51.348217],[-59.779897,-51.34361],[-59.831895,-51.359396],[-59.800392,-51.374082],[-59.814839,-51.361055],[-59.782958,-51.3522],[-59.743963,-51.364072],[-59.776036,-51.365018],[-59.746669,-51.370767],[-59.744748,-51.381881],[-59.736936,-51.361542],[-59.718209,-51.358484],[-59.684689,-51.370924],[-59.662129,-51.367143],[-59.723195,-51.345918],[-59.731088,-51.330865],[-59.735224,-51.3306],[-59.735288,-51.338819],[-59.737904,-51.339655],[-59.742036,-51.329198],[-59.741593,-51.318794]]],[[[-59.725634,-51.307421],[-59.726728,-51.302706],[-59.728279,-51.30176],[-59.733142,-51.306441],[-59.725634,-51.307421]]],[[[-59.957879,-51.285585],[-59.957105,-51.28203],[-59.966962,-51.287229],[-59.969243,-51.290018],[-60.025934,-51.29906],[-60.038188,-51.3153],[-59.95505,-51.352631],[-59.928775,-51.355911],[-59.948839,-51.315657],[-59.898728,-51.31265],[-59.957879,-51.285585]]],[[[-60.288574,-51.263],[-60.298279,-51.26178],[-60.295959,-51.266724],[-60.316345,-51.267517],[-60.319092,-51.273987],[-60.254944,-51.30896],[-60.139099,-51.360352],[-60.164062,-51.364075],[-60.130981,-51.359924],[-60.13208,-51.369934],[-60.130737,-51.376282],[-60.133606,-51.385437],[-60.176208,-51.396851],[-60.187744,-51.364197],[-60.209839,-51.347351],[-60.22998,-51.338806],[-60.237671,-51.339783],[-60.284424,-51.369568],[-60.273987,-51.395996],[-60.305237,-51.389587],[-60.283203,-51.40271],[-60.281677,-51.40741],[-60.238892,-51.414124],[-60.213806,-51.399963],[-60.203125,-51.399597],[-60.109985,-51.403687],[-60.121094,-51.396179],[-60.098206,-51.384521],[-60.107666,-51.378906],[-60.080261,-51.382446],[-60.044739,-51.337891],[-60.085632,-51.30426],[-60.142212,-51.311829],[-60.184753,-51.315796],[-60.214233,-51.307434],[-60.249207,-51.300598],[-60.288574,-51.263]]],[[[-59.755281,-51.248573],[-59.772315,-51.252251],[-59.837908,-51.264322],[-59.714711,-51.303241],[-59.619516,-51.305056],[-59.586293,-51.343744],[-59.461451,-51.351061],[-59.477835,-51.303315],[-59.424416,-51.338085],[-59.491524,-51.275822],[-59.549437,-51.278039],[-59.546304,-51.302221],[-59.587732,-51.311369],[-59.603427,-51.262854],[-59.696154,-51.272696],[-59.755281,-51.248573]]],[[[-60.581972,-51.250315],[-60.593917,-51.249963],[-60.585484,-51.28955],[-60.547073,-51.292425],[-60.528324,-51.306399],[-60.530725,-51.308945],[-60.53087,-51.313578],[-60.525373,-51.315252],[-60.519444,-51.317405],[-60.522448,-51.313058],[-60.509344,-51.306116],[-60.581972,-51.250315]]],[[[-60.637536,-51.251853],[-60.641011,-51.249179],[-60.63951,-51.24632],[-60.646766,-51.243367],[-60.6423,-51.249156],[-60.637536,-51.251853]]],[[[-59.863964,-51.251872],[-59.892207,-51.23717],[-59.901786,-51.239959],[-59.890818,-51.24924],[-59.840967,-51.263094],[-59.849924,-51.255771],[-59.863964,-51.251872]]],[[[-58.960996,-51.234723],[-58.972864,-51.233586],[-58.965501,-51.237633],[-58.866785,-51.371701],[-59.005388,-51.385296],[-59.019765,-51.419156],[-58.969175,-51.424121],[-58.958753,-51.447228],[-58.980077,-51.426835],[-59.051553,-51.433789],[-59.100203,-51.411137],[-59.144037,-51.462113],[-58.95276,-51.507851],[-58.949033,-51.516148],[-58.924234,-51.519955],[-58.920053,-51.527764],[-58.918313,-51.52081],[-58.899401,-51.521592],[-58.879587,-51.530354],[-58.855192,-51.509652],[-58.830827,-51.519452],[-58.852264,-51.511098],[-58.846414,-51.522244],[-58.878023,-51.531853],[-58.916578,-51.5243],[-58.934305,-51.545277],[-58.942171,-51.542469],[-58.925577,-51.521771],[-58.950296,-51.521237],[-58.980554,-51.506157],[-59.045557,-51.504639],[-59.065307,-51.519688],[-59.026842,-51.560986],[-59.04967,-51.575371],[-59.014484,-51.602252],[-59.044479,-51.603665],[-59.12837,-51.496551],[-59.113261,-51.528674],[-59.178796,-51.584336],[-58.976711,-51.670985],[-59.048318,-51.653794],[-58.998197,-51.677487],[-59.024995,-51.672448],[-59.002921,-51.693907],[-59.034032,-51.677192],[-59.041116,-51.700039],[-59.008661,-51.711232],[-58.987009,-51.767846],[-59.003816,-51.772488],[-58.949174,-51.77415],[-59.028597,-51.831585],[-59.062757,-51.813065],[-59.030904,-51.812481],[-59.043729,-51.785778],[-59.071744,-51.783619],[-59.042436,-51.780457],[-59.045354,-51.773232],[-59.024633,-51.775208],[-59.061002,-51.745919],[-59.05597,-51.690471],[-59.153243,-51.704972],[-59.18099,-51.734177],[-59.197799,-51.722104],[-59.22459,-51.765073],[-59.230992,-51.72139],[-59.248444,-51.766323],[-59.269285,-51.743315],[-59.306069,-51.760605],[-59.272358,-51.798148],[-59.300436,-51.807755],[-59.301065,-51.789235],[-59.32423,-51.810581],[-59.361448,-51.777634],[-59.37927,-51.85815],[-59.410409,-51.812409],[-59.456126,-51.847145],[-59.446958,-51.823178],[-59.497972,-51.835549],[-59.515169,-51.857319],[-59.458862,-51.865526],[-59.486881,-51.884502],[-59.44481,-51.889172],[-59.537797,-51.881882],[-59.474683,-51.930066],[-59.515966,-51.938485],[-59.591901,-51.904076],[-59.609186,-51.916501],[-59.614717,-51.950631],[-59.526365,-51.966019],[-59.59621,-51.985194],[-59.64715,-51.962124],[-59.58827,-51.999909],[-59.545637,-52.005153],[-59.653936,-52.005822],[-59.5543,-52.066876],[-59.603956,-52.093007],[-59.641149,-52.084275],[-59.607389,-52.122048],[-59.67928,-52.124451],[-59.667852,-52.10018],[-59.731554,-52.097122],[-59.707056,-52.107563],[-59.73512,-52.126908],[-59.623422,-52.174012],[-59.630659,-52.209744],[-59.552297,-52.204991],[-59.583726,-52.259575],[-59.508583,-52.242832],[-59.510541,-52.273046],[-59.478322,-52.275395],[-59.497709,-52.31189],[-59.414861,-52.310284],[-59.425909,-52.33115],[-59.373517,-52.334092],[-59.391787,-52.345962],[-59.364078,-52.359372],[-59.308181,-52.350663],[-59.30684,-52.327004],[-59.335092,-52.346138],[-59.386606,-52.312943],[-59.345899,-52.268822],[-59.414665,-52.283991],[-59.341811,-52.253719],[-59.387817,-52.226378],[-59.329996,-52.211268],[-59.377908,-52.205113],[-59.433978,-52.243867],[-59.429567,-52.221505],[-59.422605,-52.220334],[-59.400309,-52.203714],[-59.461461,-52.224474],[-59.422739,-52.194146],[-59.451356,-52.191472],[-59.463895,-52.195679],[-59.420778,-52.180874],[-59.409025,-52.187218],[-59.398834,-52.181075],[-59.486871,-52.165795],[-59.435606,-52.152204],[-59.45343,-52.12546],[-59.386518,-52.158776],[-59.407712,-52.115673],[-59.370763,-52.144789],[-59.367258,-52.113909],[-59.349309,-52.161198],[-59.290987,-52.141121],[-59.317605,-52.184449],[-59.296625,-52.162709],[-59.247808,-52.17392],[-59.241182,-52.219002],[-59.160673,-52.209481],[-59.021261,-52.261832],[-59.054276,-52.242499],[-59.023105,-52.204546],[-59.092704,-52.2146],[-59.102821,-52.197168],[-59.024794,-52.143105],[-59.074228,-52.137097],[-59.116544,-52.163968],[-59.110693,-52.135491],[-59.14817,-52.164104],[-59.145593,-52.142087],[-59.179506,-52.14457],[-59.067625,-52.105093],[-59.177794,-52.102713],[-59.098961,-52.080156],[-59.14943,-52.057753],[-59.1321,-52.038732],[-59.210824,-52.080182],[-59.198771,-52.052624],[-59.23589,-52.053754],[-59.186406,-52.027606],[-59.265756,-52.006813],[-59.293235,-52.029246],[-59.291326,-52.011475],[-59.259759,-51.994194],[-59.168226,-52.012082],[-59.189501,-51.97175],[-59.15601,-51.996109],[-59.134595,-51.982517],[-59.100796,-52.030435],[-59.072175,-52.015999],[-59.058996,-52.043057],[-59.01555,-52.020302],[-58.988679,-52.097529],[-58.950647,-52.061699],[-58.928209,-52.117356],[-58.887025,-52.074639],[-58.85975,-52.084561],[-58.886339,-52.042973],[-58.890439,-52.048424],[-58.897233,-52.033696],[-58.813936,-52.056393],[-58.82258,-52.023941],[-58.746792,-52.045366],[-58.73915,-52.078659],[-58.713537,-52.064667],[-58.677929,-52.091411],[-58.694023,-52.123248],[-58.659631,-52.141475],[-58.637285,-52.114033],[-58.663465,-52.054261],[-58.635862,-52.051148],[-58.688013,-52.023755],[-58.586952,-52.016277],[-58.62528,-52.004109],[-58.631525,-52.006001],[-58.603883,-51.991105],[-58.624379,-51.966277],[-58.693841,-51.973523],[-58.699338,-51.952584],[-58.725698,-51.966927],[-58.744615,-51.953389],[-58.765897,-51.993119],[-58.769105,-51.956162],[-58.805099,-51.967229],[-58.804773,-51.947922],[-58.897649,-51.917855],[-58.83233,-51.920102],[-58.791677,-51.947148],[-58.760278,-51.936814],[-58.976831,-51.856427],[-58.989461,-51.873505],[-58.991506,-51.857411],[-59.013249,-51.873735],[-59.006566,-51.859955],[-59.023576,-51.852875],[-59.042024,-51.862179],[-59.092107,-51.858292],[-59.115625,-51.876503],[-59.099561,-51.840676],[-59.086366,-51.857586],[-59.048479,-51.859978],[-59.021467,-51.849141],[-58.97879,-51.85439],[-58.952863,-51.787548],[-58.932619,-51.841301],[-58.814256,-51.856831],[-58.857465,-51.857243],[-58.764116,-51.898884],[-58.743841,-51.881649],[-58.690729,-51.893139],[-58.718992,-51.872456],[-58.629346,-51.883877],[-58.678071,-51.904084],[-58.511599,-51.892176],[-58.538309,-51.881543],[-58.550302,-51.863141],[-58.561483,-51.864357],[-58.553037,-51.859806],[-58.563055,-51.855354],[-58.551396,-51.84887],[-58.565494,-51.846669],[-58.579626,-51.831063],[-58.593839,-51.830605],[-58.583707,-51.828206],[-58.56458,-51.829812],[-58.563722,-51.846837],[-58.548826,-51.848057],[-58.558633,-51.856915],[-58.549352,-51.859044],[-58.544115,-51.865109],[-58.536428,-51.860596],[-58.516595,-51.860848],[-58.541643,-51.864716],[-58.537553,-51.879567],[-58.507165,-51.885373],[-58.503656,-51.895047],[-58.461858,-51.890877],[-58.486085,-51.896582],[-58.460973,-51.904185],[-58.306846,-51.882896],[-58.316781,-51.869274],[-58.288929,-51.859583],[-58.297796,-51.859528],[-58.225171,-51.845479],[-58.2479,-51.873885],[-58.213572,-51.860708],[-58.235902,-51.828499],[-58.164396,-51.816092],[-58.281418,-51.806803],[-58.287694,-51.828808],[-58.303518,-51.827359],[-58.320977,-51.843566],[-58.337556,-51.843544],[-58.32181,-51.841187],[-58.339061,-51.826255],[-58.387559,-51.824452],[-58.297975,-51.821763],[-58.286356,-51.800438],[-58.231304,-51.792923],[-58.244834,-51.79217],[-58.109133,-51.788431],[-58.232954,-51.784016],[-58.201112,-51.777536],[-58.305986,-51.753956],[-58.299909,-51.750714],[-58.193175,-51.766195],[-58.153306,-51.739743],[-58.158117,-51.765061],[-58.064966,-51.771691],[-58.092752,-51.762532],[-58.046972,-51.749765],[-58.086778,-51.7419],[-58.067251,-51.735875],[-58.044177,-51.737333],[-58.036158,-51.758067],[-57.881922,-51.746658],[-57.857652,-51.738999],[-58.012254,-51.734772],[-57.894346,-51.723969],[-57.91609,-51.717514],[-57.869035,-51.729931],[-57.718088,-51.683274],[-57.82195,-51.676621],[-57.784658,-51.699051],[-57.920976,-51.687104],[-57.831301,-51.682043],[-57.975038,-51.654812],[-57.962636,-51.652157],[-57.858877,-51.675343],[-57.812922,-51.649039],[-57.72496,-51.644482],[-57.784425,-51.616635],[-58.131013,-51.569531],[-58.149534,-51.56709],[-58.104969,-51.565551],[-58.165764,-51.545088],[-58.09557,-51.532298],[-58.114546,-51.511002],[-58.018091,-51.535213],[-58.072992,-51.49432],[-57.993253,-51.507136],[-57.954908,-51.540364],[-57.76637,-51.540898],[-57.810426,-51.510102],[-57.897684,-51.498204],[-57.843809,-51.474774],[-57.847169,-51.501862],[-57.74193,-51.512661],[-57.837812,-51.474099],[-57.870946,-51.432488],[-57.853189,-51.414383],[-57.943768,-51.362447],[-58.003923,-51.377102],[-58.014735,-51.401768],[-58.05541,-51.369576],[-58.282686,-51.390976],[-58.328958,-51.475724],[-58.386583,-51.484505],[-58.351627,-51.486708],[-58.37848,-51.512692],[-58.333086,-51.520379],[-58.296339,-51.487263],[-58.29791,-51.530632],[-58.201278,-51.524208],[-58.262954,-51.553664],[-58.146661,-51.611817],[-58.252183,-51.584366],[-58.241636,-51.617745],[-58.20462,-51.62237],[-58.228548,-51.62711],[-58.204388,-51.630349],[-58.217271,-51.632649],[-58.211709,-51.641667],[-58.172834,-51.643515],[-58.202181,-51.644765],[-58.226579,-51.637669],[-58.218497,-51.660175],[-58.24793,-51.620934],[-58.240869,-51.654032],[-58.258375,-51.652856],[-58.266295,-51.661603],[-58.279544,-51.66166],[-58.26995,-51.660575],[-58.26384,-51.655207],[-58.280858,-51.655835],[-58.262273,-51.653665],[-58.256187,-51.621799],[-58.282068,-51.623272],[-58.252222,-51.614438],[-58.282856,-51.5977],[-58.309011,-51.614889],[-58.29207,-51.588608],[-58.264051,-51.594601],[-58.275635,-51.555884],[-58.326684,-51.537718],[-58.328233,-51.56736],[-58.385873,-51.564885],[-58.377484,-51.530188],[-58.405138,-51.528157],[-58.417505,-51.563122],[-58.462728,-51.547711],[-58.422006,-51.534607],[-58.424741,-51.468899],[-58.473165,-51.491147],[-58.491914,-51.468461],[-58.529836,-51.511956],[-58.536668,-51.491673],[-58.542604,-51.490193],[-58.514486,-51.478421],[-58.520589,-51.474511],[-58.526624,-51.482354],[-58.532358,-51.476529],[-58.555234,-51.475625],[-58.559881,-51.480236],[-58.559949,-51.475628],[-58.546251,-51.471524],[-58.551568,-51.469189],[-58.52329,-51.471203],[-58.535306,-51.458569],[-58.543729,-51.457238],[-58.504205,-51.453782],[-58.50815,-51.436459],[-58.541791,-51.444649],[-58.517629,-51.42878],[-58.59617,-51.464619],[-58.633577,-51.470051],[-58.626794,-51.463147],[-58.624937,-51.466896],[-58.596525,-51.452115],[-58.594568,-51.454373],[-58.522909,-51.42907],[-58.598976,-51.439486],[-58.537733,-51.421086],[-58.557943,-51.404152],[-58.506353,-51.38155],[-58.519395,-51.419793],[-58.483908,-51.398322],[-58.45704,-51.45504],[-58.366773,-51.433815],[-58.362763,-51.46615],[-58.331064,-51.438614],[-58.358743,-51.432843],[-58.315088,-51.416668],[-58.340833,-51.390473],[-58.376651,-51.394689],[-58.332471,-51.385971],[-58.342982,-51.354506],[-58.465906,-51.298142],[-58.636583,-51.314431],[-58.617647,-51.350464],[-58.568819,-51.323521],[-58.562479,-51.364083],[-58.580045,-51.347546],[-58.616483,-51.356743],[-58.618997,-51.35825],[-58.63956,-51.323869],[-58.670218,-51.335834],[-58.738634,-51.314984],[-58.739786,-51.349698],[-58.745824,-51.317452],[-58.905301,-51.276172],[-58.960996,-51.234723]],[[-58.663422,-51.952908],[-58.665203,-51.949932],[-58.661023,-51.955292],[-58.663422,-51.952908]]],[[[-59.904771,-51.217144],[-59.913946,-51.213555],[-59.917596,-51.208435],[-59.9278,-51.214122],[-59.926091,-51.215717],[-59.90503,-51.221393],[-59.900108,-51.218143],[-59.904771,-51.217144]]],[[[-60.842534,-51.194988],[-60.850447,-51.193954],[-60.880777,-51.199112],[-60.94094,-51.215047],[-60.886067,-51.210019],[-60.842534,-51.194988]]],[[[-60.897999,-51.17134],[-60.901314,-51.169559],[-60.904427,-51.170368],[-60.897999,-51.17134]]],[[[-60.242838,-51.159891],[-60.248194,-51.160008],[-60.242372,-51.160357],[-60.242838,-51.159891]]],[[[-60.832207,-51.151558],[-60.841719,-51.15331],[-60.889527,-51.17284],[-60.850022,-51.167069],[-60.829449,-51.160469],[-60.83178,-51.153775],[-60.832207,-51.151558]]],[[[-60.375094,-51.146773],[-60.407052,-51.144161],[-60.442866,-51.152193],[-60.375094,-51.146773]]],[[[-60.733942,-51.124718],[-60.739195,-51.123795],[-60.761556,-51.128395],[-60.733942,-51.124718]]],[[[-60.794589,-51.119775],[-60.794619,-51.118903],[-60.79789,-51.118161],[-60.794589,-51.119775]]],[[[-60.900151,-51.089379],[-60.906407,-51.088715],[-60.863831,-51.124116],[-60.88443,-51.101014],[-60.889538,-51.101756],[-60.89787,-51.092809],[-60.900151,-51.089379]]],[[[-60.983582,-51.053944],[-60.976768,-51.056614],[-60.979391,-51.05003],[-60.983582,-51.053944]]],[[[-61.115332,-51.026979],[-61.120059,-51.02289],[-61.125857,-51.024536],[-61.12881,-51.026713],[-61.124622,-51.030235],[-61.126544,-51.071597],[-61.046504,-51.081693],[-61.095729,-51.041731],[-61.092215,-51.038397],[-61.091281,-51.034471],[-61.096782,-51.033804],[-61.115332,-51.026979]]],[[[-61.219964,-51.025622],[-61.24027,-51.013958],[-61.246419,-51.028903],[-61.166625,-51.055424],[-61.205684,-51.038247],[-61.211618,-51.034332],[-61.219964,-51.025622]]],[[[-61.454902,-51.001252],[-61.45462,-51.000547],[-61.45555,-51.000829],[-61.454902,-51.001252]]]]},"properties":{"id":"ecoregiones_argentina.6","ecorregion":"Islas del Atlantico Sur","hectareas":1587860}},
{"type":"Feature","geometry":{"type":"MultiPolygon","coordinates":[[[[-64.605433,-54.913442],[-64.608193,-54.913347],[-64.606622,-54.914442],[-64.605433,-54.913442]]],[[[-67.394981,-54.902939],[-67.39637,-54.903927],[-67.374695,-54.90361],[-67.394981,-54.902939]]],[[[-67.428375,-54.884842],[-67.435043,-54.885647],[-67.430763,-54.885742],[-67.427223,-54.887016],[-67.428375,-54.884842]]],[[[-67.484253,-54.879295],[-67.509804,-54.876595],[-67.540329,-54.879791],[-67.513695,-54.910725],[-67.495834,-54.912182],[-67.484337,-54.917313],[-67.462067,-54.9016],[-67.414276,-54.912254],[-67.416557,-54.903973],[-67.422028,-54.899494],[-67.41272,-54.894028],[-67.436104,-54.892933],[-67.484253,-54.879295]]],[[[-68.239799,-54.868034],[-68.250206,-54.865921],[-68.267044,-54.869659],[-68.23288,-54.870373],[-68.239799,-54.868034]]],[[[-68.450668,-54.862961],[-68.45575,-54.862068],[-68.460091,-54.865265],[-68.452499,-54.864696],[-68.450668,-54.862961]]],[[[-68.247856,-54.848213],[-68.257507,-54.846687],[-68.249664,-54.849483],[-68.247856,-54.848213]]],[[[-64.153759,-54.852788],[-64.151974,-54.849159],[-64.150606,-54.846363],[-64.161908,-54.851301],[-64.153759,-54.852788]]],[[[-64.349478,-54.843963],[-64.35062,-54.84401],[-64.349859,-54.844439],[-64.349478,-54.843963]]],[[[-64.095069,-54.74648],[-64.101493,-54.74535],[-64.103159,-54.749217],[-64.095069,-54.74648]]],[[[-64.096913,-54.73952],[-64.094117,-54.742019],[-64.091262,-54.74071],[-64.096913,-54.73952]]],[[[-64.321491,-54.736049],[-64.33829,-54.729577],[-64.340099,-54.71392],[-64.346475,-54.728387],[-64.349616,-54.733051],[-64.356993,-54.746661],[-64.376361,-54.757512],[-64.373316,-54.765221],[-64.371793,-54.811192],[-64.3914,-54.749136],[-64.421524,-54.754894],[-64.412434,-54.782734],[-64.544637,-54.725246],[-64.51142,-54.798058],[-64.556867,-54.795916],[-64.586504,-54.82081],[-64.647893,-54.776814],[-64.695406,-54.78281],[-64.675019,-54.800799],[-64.737837,-54.804511],[-64.74863,-54.856479],[-64.671462,-54.8449],[-64.643872,-54.889145],[-64.704239,-54.915462],[-64.539046,-54.888415],[-64.466139,-54.823432],[-64.444343,-54.838946],[-64.501307,-54.862313],[-64.449673,-54.875685],[-64.394422,-54.827335],[-64.324314,-54.824646],[-64.306135,-54.788097],[-64.263647,-54.80454],[-64.234679,-54.781963],[-64.224,-54.857487],[-64.200575,-54.828398],[-64.179635,-54.838928],[-64.120625,-54.81436],[-64.109858,-54.833276],[-64.061198,-54.779738],[-64.034488,-54.807995],[-63.954895,-54.76683],[-63.953408,-54.813348],[-63.882798,-54.779679],[-63.845678,-54.789197],[-63.796126,-54.725903],[-63.825928,-54.720609],[-63.878753,-54.75523],[-63.876314,-54.716802],[-63.989873,-54.735659],[-64.034131,-54.775336],[-64.048943,-54.776883],[-64.047278,-54.730365],[-64.10843,-54.764331],[-64.125265,-54.728104],[-64.164923,-54.740189],[-64.151169,-54.744234],[-64.143412,-54.751658],[-64.137368,-54.758178],[-64.154548,-54.76741],[-64.22498,-54.743949],[-64.259435,-54.739856],[-64.321491,-54.736049]]],[[[-64.233793,-54.700574],[-64.244024,-54.699337],[-64.245166,-54.701906],[-64.24312,-54.703715],[-64.236695,-54.705047],[-64.234364,-54.70243],[-64.233793,-54.700574]]],[[[-64.130523,-54.648637],[-64.13552,-54.647388],[-64.162407,-54.650659],[-64.139684,-54.668803],[-64.130523,-54.648637]]],[[[-67.49161,-53.941861],[-67.509836,-53.939035],[-67.66938,-53.943577],[-67.834343,-54.020996],[-68.045792,-54.083115],[-68.421684,-54.030853],[-68.482719,-54.002201],[-68.607616,-54.002715],[-68.609416,-54.893957],[-68.499928,-54.867107],[-68.575386,-54.852635],[-68.428848,-54.858059],[-68.31442,-54.836573],[-68.324771,-54.841356],[-68.260597,-54.840713],[-68.315205,-54.810803],[-68.248533,-54.795028],[-68.033311,-54.850207],[-67.703463,-54.88603],[-67.50576,-54.853494],[-67.506306,-54.874632],[-67.45052,-54.865638],[-67.409507,-54.889409],[-67.341436,-54.882727],[-67.352686,-54.866109],[-67.30266,-54.887353],[-67.278446,-54.869992],[-67.276002,-54.887745],[-66.764473,-54.96074],[-66.648831,-55.028184],[-66.450251,-55.057508],[-66.372157,-55.039567],[-66.334086,-54.996499],[-66.107656,-54.994928],[-65.971361,-54.968373],[-65.982389,-54.9026],[-65.739113,-54.909853],[-65.719012,-54.971357],[-65.511018,-54.934942],[-65.468283,-54.88859],[-65.382137,-54.941071],[-65.232288,-54.829256],[-65.263868,-54.795905],[-65.203839,-54.780106],[-65.193473,-54.695254],[-65.134463,-54.665225],[-65.116759,-54.65823],[-65.234352,-54.641383],[-65.25453,-54.663322],[-65.234876,-54.618826],[-65.401878,-54.640346],[-65.428528,-54.663188],[-65.430812,-54.642154],[-65.511191,-54.65586],[-65.5199,-54.67756],[-65.551166,-54.647341],[-65.684178,-54.663426],[-65.821484,-54.64786],[-66.464998,-54.47873],[-66.699319,-54.3007],[-66.692467,-54.298939],[-66.752477,-54.252397],[-67.251047,-54.08106],[-67.49161,-53.941861]],[[-68.479713,-54.860844],[-68.486404,-54.866562],[-68.481979,-54.862709],[-68.479713,-54.860844]]],[[[-71.65001,-51.999797],[-71.626419,-51.930992],[-71.74688,-51.861919],[-71.885201,-51.814491],[-71.997129,-51.834361],[-71.928838,-51.914549],[-72.034254,-51.96055],[-72.012461,-51.976233],[-71.964474,-51.972827],[-71.922536,-51.999942],[-71.65001,-51.999797]]],[[[-72.151268,-51.237587],[-72.274329,-51.234859],[-72.269179,-51.283252],[-72.371705,-51.336262],[-72.308968,-51.366446],[-72.344661,-51.520738],[-72.405184,-51.513391],[-72.442192,-51.584876],[-72.327022,-51.587339],[-72.319146,-51.625464],[-72.287398,-51.632609],[-72.200729,-51.631149],[-72.153,-51.562073],[-71.637901,-51.776539],[-71.540535,-51.782375],[-71.413414,-51.828873],[-71.251717,-51.829067],[-71.243584,-51.775753],[-71.276459,-51.744457],[-71.782715,-51.585743],[-72.017647,-51.479626],[-72.014565,-51.325859],[-72.151268,-51.237587]]],[[[-71.722855,-46.766231],[-71.653,-46.692485],[-71.653437,-46.689414],[-71.832889,-46.797755],[-71.955377,-46.814422],[-71.931339,-46.868158],[-71.971055,-46.905225],[-71.957995,-46.974243],[-71.880042,-47.010105],[-71.954054,-47.076058],[-71.859969,-47.131882],[-71.850481,-47.164187],[-71.888861,-47.17963],[-71.894696,-47.210978],[-71.864745,-47.230568],[-72.018611,-47.198419],[-71.996445,-47.294954],[-72.047705,-47.339997],[-72.128084,-47.328119],[-72.197353,-47.417042],[-72.244481,-47.406091],[-72.341342,-47.456186],[-72.29114,-47.511889],[-72.327032,-47.571365],[-72.309095,-47.590839],[-72.420812,-47.661628],[-72.442722,-47.746104],[-72.466064,-47.737892],[-72.484422,-47.759081],[-72.523338,-47.740444],[-72.468162,-47.812749],[-72.527417,-47.937784],[-72.497806,-47.96116],[-72.425973,-47.966986],[-72.443792,-48.064348],[-72.360306,-48.073599],[-72.299081,-48.158634],[-72.316699,-48.23401],[-72.226414,-48.320563],[-72.277981,-48.362613],[-72.38069,-48.350128],[-72.34776,-48.390199],[-72.406407,-48.416075],[-72.373506,-48.449823],[-72.441592,-48.514087],[-72.502421,-48.518548],[-72.535724,-48.482681],[-72.58575,-48.487316],[-72.535444,-48.665468],[-72.533374,-48.799498],[-72.636937,-48.86725],[-72.691087,-48.867558],[-72.69435,-48.895388],[-72.748142,-48.910289],[-72.794589,-48.968082],[-72.919711,-48.935702],[-72.946437,-48.945601],[-72.992865,-48.997225],[-72.981373,-49.029156],[-73.013842,-49.036191],[-73.004914,-49.063451],[-73.145431,-49.190152],[-73.133189,-49.267175],[-73.089365,-49.253059],[-73.045593,-49.273682],[-73.143677,-49.270996],[-73.470703,-49.201111],[-73.494995,-49.242004],[-73.493713,-49.272705],[-73.410583,-49.319397],[-73.426208,-49.391907],[-73.490417,-49.428711],[-73.463806,-49.482483],[-73.539612,-49.49823],[-73.549683,-49.538086],[-73.463684,-49.618896],[-73.509094,-49.7052],[-73.438782,-49.757812],[-73.552612,-49.923889],[-73.505188,-49.966492],[-73.566589,-50.020386],[-73.48291,-50.054077],[-73.541504,-50.119019],[-73.520813,-50.153076],[-73.555176,-50.184387],[-73.56543,-50.270691],[-73.480713,-50.325684],[-73.486389,-50.38208],[-73.403687,-50.450806],[-73.432617,-50.483093],[-73.364502,-50.487915],[-73.386414,-50.516418],[-73.288696,-50.585999],[-73.270813,-50.648804],[-73.172729,-50.676697],[-73.286011,-50.739502],[-73.255981,-50.750122],[-73.284912,-50.787903],[-73.267517,-50.823975],[-73.203491,-50.820984],[-73.096924,-50.773376],[-73.069702,-50.788879],[-73.041992,-50.761291],[-72.954699,-50.740959],[-72.891438,-50.670176],[-72.733576,-50.615785],[-72.594695,-50.681659],[-72.553673,-50.62788],[-72.787079,-50.363205],[-72.850983,-50.133858],[-72.889748,-50.106487],[-72.876442,-50.001053],[-72.909737,-49.91074],[-72.866714,-49.686535],[-72.799057,-49.597454],[-72.769066,-49.447651],[-72.655716,-49.340885],[-72.628822,-49.236225],[-72.437828,-48.945164],[-72.447738,-48.839596],[-72.391449,-48.568287],[-72.298828,-48.488693],[-72.187553,-48.532932],[-72.063667,-48.533585],[-72.056862,-48.476673],[-72.176102,-48.365307],[-72.176224,-48.292515],[-72.209198,-48.254936],[-72.190689,-48.102016],[-72.221916,-48.06572],[-72.191376,-47.826351],[-71.805641,-47.17844],[-71.834023,-47.086315],[-71.778175,-47.054558],[-71.722855,-46.766231]]],[[[-71.752117,-46.231572],[-71.733671,-46.092633],[-71.784996,-46.122019],[-71.824757,-46.110574],[-71.914654,-46.139919],[-71.898278,-46.162219],[-71.865071,-46.156851],[-71.859368,-46.194703],[-71.793017,-46.190897],[-71.752117,-46.231572]]],[[[-71.552612,-45.797516],[-71.497402,-45.500931],[-71.559562,-45.523584],[-71.682135,-45.515076],[-71.76353,-45.56031],[-71.726596,-45.577457],[-71.795659,-45.666131],[-71.773047,-45.681236],[-71.801381,-45.718991],[-71.743271,-45.802588],[-71.76897,-45.844395],[-71.6904,-45.865286],[-71.648164,-45.903144],[-71.60083,-45.819015],[-71.552612,-45.797516]]],[[[-71.387711,-44.792099],[-71.484036,-44.737243],[-71.666343,-44.787206],[-71.686985,-44.765018],[-71.786484,-44.752264],[-71.824577,-44.774944],[-71.815458,-44.793092],[-71.859802,-44.800476],[-71.914612,-44.776611],[-71.927505,-44.804035],[-72.005493,-44.784302],[-72.018156,-44.756661],[-72.066996,-44.759822],[-72.07392,-44.781074],[-72.026983,-44.805825],[-72.065364,-44.848283],[-72.036354,-44.862331],[-72.065821,-44.876722],[-72.03367,-44.904762],[-71.979247,-44.903562],[-71.879909,-44.959389],[-71.817219,-44.91979],[-71.778153,-44.940256],[-71.753837,-44.926482],[-71.74211,-44.958352],[-71.559717,-44.977447],[-71.513611,-45.098389],[-71.509705,-45.092896],[-71.387711,-44.792099]]],[[[-70.950768,-36.863659],[-71.042732,-36.771465],[-71.107742,-36.76749],[-71.139332,-36.853376],[-71.119116,-36.869184],[-71.144291,-36.928985],[-71.088205,-36.928684],[-71.100021,-36.965836],[-71.222396,-36.978246],[-71.167303,-36.996985],[-71.141774,-37.069539],[-71.092291,-37.114654],[-71.135304,-37.147754],[-71.115344,-37.207752],[-71.170419,-37.225392],[-71.155505,-37.235112],[-71.187988,-37.275906],[-71.221042,-37.275106],[-71.185676,-37.354768],[-71.197326,-37.383857],[-71.153567,-37.400667],[-71.11818,-37.469148],[-71.15153,-37.539287],[-71.127985,-37.587557],[-71.206343,-37.648016],[-71.211166,-37.697178],[-71.126438,-37.82073],[-71.182994,-37.85843],[-71.138905,-37.859908],[-71.107918,-37.89105],[-71.113907,-37.952057],[-71.062599,-37.970213],[-71.054869,-38.043626],[-70.98799,-38.087752],[-70.98991,-38.110913],[-71.042962,-38.122772],[-70.996651,-38.170985],[-71.031711,-38.249729],[-70.997618,-38.291988],[-70.984018,-38.430662],[-70.843061,-38.537524],[-70.826491,-38.591816],[-70.904512,-38.666862],[-70.883736,-38.701807],[-70.92673,-38.763197],[-71.070047,-38.769724],[-71.093818,-38.754878],[-71.185317,-38.814866],[-71.238442,-38.802789],[-71.296536,-38.873354],[-71.433604,-38.928944],[-71.441512,-38.981027],[-71.396008,-39.045635],[-71.421186,-39.151075],[-71.381073,-39.211327],[-71.374093,-39.283159],[-71.400365,-39.350604],[-71.457023,-39.37057],[-71.447085,-39.45062],[-71.472945,-39.493267],[-71.534381,-39.530408],[-71.503986,-39.56038],[-71.470769,-39.553266],[-71.461119,-39.582861],[-71.502409,-39.637797],[-71.576638,-39.63625],[-71.674175,-39.563639],[-71.717589,-39.637127],[-71.669482,-39.683012],[-71.712425,-39.72442],[-71.666969,-39.807206],[-71.69154,-39.841421],[-71.670075,-39.862937],[-71.642913,-39.853395],[-71.633193,-39.881961],[-71.61267,-39.87437],[-71.592685,-39.911381],[-71.625177,-39.937874],[-71.619905,-39.972494],[-71.651132,-39.971381],[-71.688928,-40.032254],[-71.673568,-40.103725],[-71.698319,-40.116817],[-71.827025,-40.089924],[-71.798432,-40.137477],[-71.828896,-40.173203],[-71.79985,-40.186636],[-71.83008,-40.215897],[-71.754363,-40.303794],[-71.716763,-40.278979],[-71.684979,-40.294007],[-71.656598,-40.36285],[-71.693099,-40.37373],[-71.69262,-40.40565],[-71.736853,-40.44082],[-71.793372,-40.407308],[-71.824957,-40.421898],[-71.842769,-40.525329],[-71.858795,-40.555229],[-71.89042,-40.556052],[-71.855996,-40.592418],[-71.823826,-40.577911],[-71.84325,-40.626381],[-71.962783,-40.719859],[-71.965686,-40.745588],[-71.921356,-40.78576],[-71.935137,-40.821915],[-71.908278,-40.858036],[-71.858184,-40.879479],[-71.856435,-40.960022],[-71.904508,-40.961735],[-71.906337,-40.986109],[-71.817944,-41.062294],[-71.849591,-41.083147],[-71.839364,-41.150405],[-71.887507,-41.168132],[-71.834444,-41.272026],[-71.897015,-41.255144],[-71.876023,-41.307387],[-71.911245,-41.356743],[-71.827008,-41.443503],[-71.85207,-41.514848],[-71.817638,-41.575206],[-71.846801,-41.565288],[-71.885561,-41.605992],[-71.794378,-41.694737],[-71.810365,-41.720528],[-71.753932,-41.787454],[-71.773987,-41.793649],[-71.751368,-41.82493],[-71.797482,-41.84263],[-71.772137,-41.930854],[-71.793782,-41.961553],[-71.757235,-42.037081],[-71.727653,-42.046642],[-71.726121,-42.110235],[-71.781727,-42.14808],[-71.874458,-42.154702],[-71.923752,-42.190414],[-71.957551,-42.141254],[-72.052013,-42.113924],[-72.079087,-42.129525],[-72.066513,-42.14674],[-72.171532,-42.139365],[-72.188262,-42.160969],[-72.156808,-42.193731],[-72.168104,-42.25987],[-72.120838,-42.323994],[-72.131864,-42.384323],[-72.112715,-42.398301],[-72.077222,-42.382472],[-72.028486,-42.407523],[-72.048134,-42.452362],[-72.012605,-42.494855],[-72.051352,-42.565117],[-72.118513,-42.60296],[-72.096027,-42.642035],[-72.178704,-42.689196],[-72.128425,-42.731051],[-72.13133,-42.777127],[-72.165019,-42.798314],[-72.118294,-42.881699],[-72.142547,-42.899865],[-72.073203,-42.94961],[-72.036165,-43.01339],[-71.93631,-43.052771],[-71.932902,-43.10213],[-71.760532,-43.164622],[-71.729205,-43.200251],[-71.757254,-43.228271],[-71.734603,-43.314333],[-71.786404,-43.296968],[-71.840097,-43.335205],[-71.904389,-43.321886],[-71.893742,-43.380094],[-71.93321,-43.386559],[-71.914107,-43.416654],[-71.934232,-43.449101],[-71.881382,-43.451297],[-71.848635,-43.482889],[-71.87748,-43.551083],[-71.776522,-43.538692],[-71.757414,-43.58423],[-71.707983,-43.584503],[-71.703464,-43.625249],[-71.626294,-43.623707],[-71.581455,-43.65168],[-71.611997,-43.676042],[-71.599781,-43.696969],[-71.660358,-43.702377],[-71.753419,-43.78818],[-71.762746,-43.840576],[-71.708717,-43.855739],[-71.707376,-43.894495],[-71.666426,-43.901228],[-71.648781,-43.945925],[-71.759426,-44.099609],[-71.848659,-44.113525],[-71.846667,-44.159236],[-71.78002,-44.217187],[-71.829536,-44.265371],[-71.80312,-44.271689],[-71.786968,-44.330425],[-71.839351,-44.352403],[-71.802993,-44.419647],[-71.711693,-44.379224],[-71.669274,-44.408481],[-71.520758,-44.396567],[-71.505234,-44.226124],[-71.453484,-44.20475],[-71.352325,-43.838489],[-71.306061,-43.800087],[-71.27433,-43.533104],[-71.221634,-43.511665],[-71.203346,-43.31802],[-71.269524,-43.270836],[-71.352348,-43.265785],[-71.542892,-43.188675],[-71.483566,-42.799004],[-71.289238,-42.591015],[-71.242584,-42.593162],[-71.192665,-42.556068],[-71.19162,-42.387875],[-71.243134,-42.387913],[-71.269371,-42.432045],[-71.35907,-42.482761],[-71.297653,-42.002388],[-71.206764,-41.888431],[-71.185661,-41.78558],[-71.126953,-41.689182],[-71.07711,-41.662762],[-71.022781,-41.578048],[-71.027939,-41.52174],[-71.063873,-41.493908],[-71.063416,-41.427105],[-71.198342,-41.190777],[-71.273254,-41.120541],[-71.267632,-41.0504],[-71.367714,-40.827412],[-71.313011,-40.713016],[-71.29216,-40.529026],[-71.210648,-40.486202],[-71.124695,-40.219181],[-71.073181,-40.196396],[-71.067017,-40.092846],[-71.111603,-40.065823],[-71.051018,-40.04462],[-71.044235,-39.994797],[-71.134636,-39.938312],[-71.148232,-39.892361],[-71.221794,-39.881905],[-71.295654,-39.815304],[-71.292633,-39.776066],[-71.246407,-39.757885],[-71.160828,-39.771279],[-71.120232,-39.807686],[-71.029327,-39.812866],[-70.935707,-39.693977],[-70.968132,-39.650825],[-70.996406,-39.464638],[-71.024361,-39.42524],[-71.010811,-39.193119],[-71.080383,-39.094627],[-71.055084,-38.933433],[-71.017288,-38.874203],[-70.957382,-38.846935],[-70.701553,-38.901695],[-70.622459,-38.789089],[-70.755768,-38.638119],[-70.687317,-38.591953],[-70.738861,-38.543327],[-70.709603,-38.397705],[-70.879646,-38.220066],[-70.882889,-38.178158],[-71.020859,-37.963474],[-70.989876,-37.928993],[-71.013763,-37.881428],[-71.008636,-37.716953],[-71.072945,-37.580532],[-71.029045,-37.529903],[-71.086052,-37.354408],[-71.003937,-37.288696],[-70.962235,-37.290459],[-70.955498,-37.25613],[-70.991142,-37.230759],[-71.058273,-37.073944],[-71.013779,-37.031681],[-70.999718,-36.908154],[-70.950768,-36.863659]]]]},"properties":{"id":"ecoregiones_argentina.7","ecorregion":"Bosques Patagonicos","hectareas":6454092}},
{"type":"Feature","geometry":{"type":"Polygon","coordinates":[[[-55.661256,-27.370217],[-55.732774,-27.443108],[-55.773387,-27.444277],[-55.893347,-27.343988],[-55.978946,-27.35512],[-56.050057,-27.307899],[-56.120254,-27.317709],[-56.237571,-27.402393],[-56.284233,-27.408492],[-56.292417,-27.491549],[-56.338367,-27.52403],[-56.35936,-27.590567],[-56.419259,-27.60454],[-56.430206,-27.845648],[-56.460808,-27.967691],[-56.691365,-28.16178],[-56.82357,-28.369169],[-56.959355,-28.430603],[-56.997154,-28.475908],[-57.209757,-28.542302],[-57.308216,-28.602125],[-57.517033,-28.619018],[-57.537342,-28.651219],[-57.579098,-28.744116],[-57.588989,-28.971918],[-57.557041,-29.03175],[-57.640221,-29.207098],[-57.564724,-29.333168],[-57.551292,-29.417149],[-57.517628,-29.441967],[-57.514217,-29.49884],[-57.541988,-29.524412],[-57.546265,-29.603193],[-57.686024,-29.78936],[-57.682819,-29.860542],[-57.706448,-29.888216],[-57.707439,-29.946075],[-57.647961,-30.039284],[-57.603657,-30.054172],[-57.63308,-30.175252],[-57.532644,-30.15666],[-57.470245,-30.116202],[-57.408541,-30.032024],[-57.342929,-29.999996],[-57.327833,-29.883264],[-57.282872,-29.819637],[-57.229949,-29.779164],[-57.119526,-29.763675],[-56.970521,-29.641533],[-56.957369,-29.589695],[-56.813834,-29.48199],[-56.767462,-29.382561],[-56.703944,-29.362244],[-56.649584,-29.272415],[-56.64541,-29.199299],[-56.591503,-29.12431],[-56.419525,-29.078981],[-56.398771,-29.025807],[-56.409915,-28.977648],[-56.301949,-28.901111],[-56.29437,-28.797709],[-56.185516,-28.770001],[-56.118573,-28.681681],[-56.007602,-28.604952],[-56.025668,-28.535963],[-56.008646,-28.505999],[-55.882362,-28.477707],[-55.90303,-28.408104],[-55.878303,-28.361162],[-55.75745,-28.368588],[-55.696331,-28.42316],[-55.669942,-28.330763],[-55.774475,-28.272517],[-55.7752,-28.244379],[-55.632253,-28.176785],[-55.607563,-28.1163],[-55.559926,-28.164223],[-55.495512,-28.079193],[-55.447751,-28.099058],[-55.370462,-28.028453],[-55.384417,-27.982955],[-55.339017,-27.966299],[-55.328881,-27.928466],[-55.274772,-27.932273],[-55.58728,-27.785213],[-55.629463,-27.706627],[-55.64286,-27.523903],[-55.61124,-27.478847],[-55.661256,-27.370217]]]},"properties":{"id":"ecoregiones_argentina.9","ecorregion":"Campos y Malezales","hectareas":2689619}},
{"type":"Feature","geometry":{"type":"Polygon","coordinates":[[[-59.238005,-24.547282],[-59.257605,-24.519681],[-59.350785,-24.482781],[-59.374104,-24.421867],[-59.421276,-24.408879],[-59.475908,-24.331139],[-60.039006,-24.011656],[-60.177525,-24.044022],[-60.295069,-24.041431],[-60.374233,-24.023722],[-60.389508,-23.994954],[-60.477794,-23.950936],[-60.509661,-23.970865],[-60.589928,-23.958839],[-60.587354,-23.917024],[-60.612822,-23.903819],[-60.847339,-23.871548],[-60.933932,-23.800326],[-60.958946,-23.820574],[-60.986809,-23.812867],[-61.095178,-23.666661],[-61.089515,-23.613861],[-61.12189,-23.584904],[-61.131921,-23.598014],[-61.130166,-23.578505],[-61.189738,-23.540672],[-61.246901,-23.540801],[-61.2921,-23.509286],[-61.280861,-23.48867],[-61.35207,-23.449954],[-61.384661,-23.459012],[-61.44949,-23.419048],[-61.494122,-23.424435],[-61.514961,-23.352151],[-61.566557,-23.339381],[-61.572954,-23.30403],[-61.636656,-23.27543],[-61.670797,-23.284517],[-61.734897,-23.235754],[-61.754424,-23.171093],[-61.806596,-23.15699],[-61.860562,-23.085719],[-61.934727,-23.067687],[-61.99712,-23.010175],[-61.999597,-22.929577],[-62.024822,-22.927711],[-62.040548,-22.869415],[-62.200949,-22.706957],[-62.177224,-22.693607],[-62.20102,-22.683658],[-62.188956,-22.622548],[-62.207746,-22.645718],[-62.263792,-22.603584],[-62.233228,-22.569863],[-62.251209,-22.515969],[-62.286543,-22.523138],[-62.290197,-22.474609],[-62.327324,-22.484307],[-62.344043,-22.455213],[-62.380613,-22.473585],[-62.465469,-22.402603],[-62.463894,-22.372069],[-62.518603,-22.378235],[-62.540338,-22.328568],[-62.570765,-22.333405],[-62.569188,-22.309773],[-62.596905,-22.321674],[-62.636645,-22.305281],[-62.635512,-22.23924],[-62.660228,-22.250683],[-62.765128,-22.152308],[-62.787638,-22.166124],[-62.81385,-22.10564],[-62.796956,-22.06676],[-62.811176,-21.998768],[-63.572059,-21.999371],[-63.594002,-22.147995],[-63.646763,-22.219368],[-63.934574,-23.087358],[-64.02626,-23.186666],[-64.062569,-23.272089],[-64.140976,-23.316122],[-64.21225,-23.315754],[-64.284073,-23.374006],[-64.31424,-23.448542],[-64.494583,-23.674208],[-64.549103,-23.679516],[-64.681625,-23.812366],[-64.710373,-23.799442],[-64.989235,-24.073244],[-65.086723,-24.11336],[-65.258812,-24.123867],[-65.264862,-24.205295],[-65.118774,-24.382872],[-65.08651,-24.508362],[-65.06414,-24.526178],[-65.060913,-24.60755],[-65.089462,-24.642437],[-65.094254,-24.704706],[-65.030403,-24.828785],[-65.165329,-25.047434],[-65.255508,-25.125711],[-65.321434,-25.091318],[-65.321381,-24.861509],[-65.387344,-24.786387],[-65.386337,-24.724138],[-65.347191,-24.691656],[-65.346382,-24.595894],[-65.406609,-24.59375],[-65.524055,-24.69232],[-65.599678,-24.807453],[-65.541847,-25.196295],[-65.696526,-25.418121],[-65.692368,-25.4995],[-65.659256,-25.549696],[-65.653671,-25.656204],[-65.625778,-25.7076],[-65.370705,-25.476931],[-65.336418,-25.477976],[-65.344307,-25.724558],[-65.307045,-25.769863],[-65.237534,-25.685739],[-65.231171,-25.648607],[-65.265709,-25.614077],[-65.227196,-25.445127],[-65.050743,-25.253799],[-65.011261,-25.25354],[-64.96859,-25.320269],[-64.968018,-25.387285],[-64.937462,-25.416988],[-65.018372,-25.676052],[-65.17057,-26.008499],[-65.544136,-26.324907],[-65.545891,-26.555878],[-65.341354,-26.721413],[-65.262718,-26.724617],[-65.15789,-26.664202],[-65.141457,-26.367338],[-65.087639,-26.284435],[-65.029411,-26.103356],[-64.959938,-26.015514],[-64.940056,-25.869373],[-64.907181,-25.848786],[-64.804924,-25.89106],[-64.833565,-25.937963],[-64.838097,-26.015783],[-64.808723,-26.039476],[-64.816345,-26.203478],[-64.854195,-26.266008],[-64.703865,-26.41789],[-64.718109,-26.571176],[-64.811096,-26.715569],[-65.064071,-26.899342],[-65.603622,-27.173519],[-65.668968,-27.24309],[-65.810249,-27.609501],[-65.766907,-27.780537],[-65.608574,-28.042206],[-65.549347,-28.338734],[-65.507271,-28.373284],[-65.500122,-28.454611],[-65.464836,-28.472422],[-65.467079,-28.56455],[-65.551704,-28.740717],[-65.575897,-29.133175],[-65.634575,-29.107031],[-65.61972,-28.699053],[-65.549721,-28.569633],[-65.543282,-28.490654],[-65.608833,-28.34131],[-65.747062,-28.213621],[-65.849991,-28.015164],[-65.910713,-27.948213],[-66.01313,-28.136085],[-65.910378,-28.347824],[-65.907631,-28.396875],[-66.06337,-28.643345],[-66.298546,-28.845209],[-66.408554,-28.831762],[-66.776367,-28.968912],[-66.919891,-29.048153],[-67.054398,-29.156015],[-67.048401,-29.236204],[-66.992096,-29.337109],[-67.012481,-29.74004],[-67.098457,-29.957031],[-67.202927,-30.078108],[-67.221298,-30.229824],[-67.304123,-30.348616],[-67.41436,-30.343882],[-67.527863,-30.284008],[-67.617325,-30.278151],[-67.668945,-30.315769],[-67.720078,-30.402397],[-67.658981,-30.460586],[-67.651474,-30.506121],[-67.361061,-30.773756],[-67.283767,-30.897713],[-67.264771,-31.03422],[-67.223663,-31.077665],[-67.235634,-31.357357],[-67.325623,-31.51429],[-67.401482,-31.546961],[-67.409325,-31.881651],[-67.288292,-32.144771],[-67.261596,-32.348286],[-67.186333,-32.408795],[-67.180053,-32.467434],[-67.223068,-32.519627],[-67.099472,-33.141228],[-66.991257,-33.247333],[-67.073814,-33.367382],[-67.073303,-33.557453],[-66.999023,-33.677608],[-66.974342,-33.771042],[-66.906708,-33.871967],[-66.723282,-33.530106],[-66.504272,-33.422409],[-66.465767,-33.418972],[-66.450775,-33.552917],[-66.349403,-33.552048],[-66.345406,-33.623787],[-66.268242,-33.62278],[-66.122376,-33.538135],[-65.982567,-33.119778],[-65.773155,-32.788403],[-65.357979,-33.048786],[-65.39605,-33.294048],[-65.33847,-33.378632],[-65.232674,-33.419865],[-65.206177,-33.355144],[-65.130325,-33.390499],[-65.009575,-33.357319],[-64.893967,-33.149536],[-64.925728,-33.109169],[-64.932358,-33.030327],[-64.759163,-32.93309],[-64.708237,-32.828571],[-64.542503,-32.659389],[-64.461555,-32.517361],[-64.454208,-32.286545],[-64.331779,-32.286183],[-64.336456,-32.568367],[-64.300743,-32.590603],[-64.274292,-32.571114],[-64.263359,-32.478916],[-64.23703,-32.554844],[-64.18586,-32.54596],[-64.183311,-32.18013],[-64.261375,-32.06646],[-64.291351,-31.964056],[-64.325523,-31.93582],[-64.313942,-31.4144],[-64.271118,-31.316984],[-64.156792,-31.180292],[-64.159286,-31.051203],[-64.265541,-31.088545],[-64.270805,-30.951113],[-64.410621,-30.717348],[-64.384064,-30.650059],[-64.303841,-30.650232],[-64.273064,-30.670154],[-64.226646,-30.787903],[-64.174644,-30.827833],[-64.079056,-30.827646],[-63.99873,-30.759476],[-63.881771,-30.536434],[-63.878639,-30.489754],[-63.91774,-30.468862],[-63.916557,-30.394714],[-63.798859,-30.292351],[-63.755867,-30.425527],[-63.694347,-30.518904],[-63.537975,-30.641565],[-62.950233,-30.86813],[-62.83012,-30.897509],[-62.710964,-30.896921],[-62.689922,-30.864119],[-62.568394,-30.853782],[-62.37516,-30.799522],[-62.262997,-30.693584],[-62.258392,-30.597872],[-62.285381,-30.578335],[-62.296516,-30.50338],[-62.336227,-30.474634],[-62.327473,-30.266485],[-62.129589,-30.082766],[-61.586712,-29.749132],[-61.552719,-29.087523],[-61.643005,-28.224499],[-61.766918,-28.057566],[-61.97707,-28.019688],[-62.049866,-28.054064],[-62.155113,-28.048691],[-62.378868,-27.923319],[-62.433258,-27.864981],[-62.439457,-27.757574],[-62.36087,-27.65633],[-62.328526,-27.660256],[-62.212288,-27.528061],[-62.129219,-27.526964],[-61.825016,-27.843111],[-61.740059,-27.88471],[-61.697186,-27.880987],[-61.596092,-27.754757],[-61.629292,-27.595745],[-61.56102,-27.526684],[-61.524952,-27.590025],[-61.464608,-27.590452],[-61.386955,-27.460096],[-61.302731,-27.457275],[-61.29586,-27.49287],[-61.36364,-27.632492],[-61.367867,-27.691154],[-61.334751,-27.71273],[-61.334373,-27.784374],[-61.366325,-27.822473],[-61.326645,-28.088642],[-61.282311,-28.116976],[-61.147953,-28.109888],[-61.014076,-27.888975],[-60.752037,-27.80641],[-60.740646,-27.680643],[-60.679409,-27.588781],[-60.667175,-27.509535],[-60.604088,-27.513061],[-60.572643,-27.553606],[-60.506828,-27.42332],[-60.460175,-27.420275],[-60.390888,-27.362606],[-60.389713,-27.306477],[-60.479088,-27.255152],[-60.490669,-27.182814],[-60.355976,-27.128519],[-60.357128,-27.025949],[-60.389027,-26.947281],[-60.357887,-26.904272],[-60.350605,-26.676077],[-60.293163,-26.495996],[-60.281979,-26.37385],[-60.25581,-26.340586],[-60.301434,-26.084694],[-60.397018,-25.96435],[-60.413044,-25.876667],[-60.477653,-25.820673],[-60.490116,-25.779379],[-60.424023,-25.755373],[-60.332951,-25.813892],[-60.28809,-25.896843],[-60.113361,-26.015087],[-60.015289,-25.996733],[-60.00127,-25.909079],[-60.130772,-25.717568],[-60.220055,-25.668654],[-60.225559,-25.60922],[-60.184246,-25.565823],[-60.154053,-25.564615],[-60.038658,-25.689958],[-60.00592,-25.791189],[-59.936184,-25.78948],[-59.877437,-25.702337],[-59.794361,-25.654692],[-59.797161,-25.549873],[-59.904923,-25.524601],[-59.973786,-25.461862],[-59.975567,-25.426155],[-60.050659,-25.314714],[-60.050415,-25.104771],[-60.022717,-25.001076],[-59.877274,-25.057152],[-59.70163,-25.0617],[-59.649311,-25.03562],[-59.765072,-24.946343],[-59.772408,-24.878683],[-59.839096,-24.772943],[-59.842968,-24.668163],[-59.797386,-24.640047],[-59.681412,-24.637582],[-59.382572,-24.764116],[-59.376873,-24.699507],[-59.413647,-24.670145],[-59.417213,-24.602365],[-59.332497,-24.602196],[-59.301129,-24.628205],[-59.257278,-24.595255],[-59.238005,-24.547282]],[[-64.711357,-24.990336],[-64.752937,-25.033773],[-64.816643,-24.966076],[-64.814117,-24.81765],[-64.771255,-24.712958],[-64.545982,-24.420345],[-64.54641,-24.383249],[-64.579361,-24.357231],[-64.569588,-23.945421],[-64.518486,-23.858761],[-64.25589,-23.741119],[-64.121155,-23.799375],[-64.042244,-23.944389],[-64.042587,-24.007816],[-63.97995,-24.097948],[-63.987488,-24.364889],[-64.031678,-24.463591],[-64.216087,-24.642986],[-64.449707,-24.70302],[-64.579697,-24.906561],[-64.675202,-24.933769],[-64.711357,-24.990336]],[[-64.683273,-25.161224],[-64.709099,-25.205732],[-64.755219,-25.19775],[-64.778343,-25.121349],[-64.757919,-25.06134],[-64.676132,-25.091749],[-64.683273,-25.161224]]]},"properties":{"id":"ecoregiones_argentina.10","ecorregion":"Chaco Seco","hectareas":49366409}},
{"type":"Feature","geometry":{"type":"MultiPolygon","coordinates":[[[[-57.537342,-28.651219],[-57.606506,-28.705393],[-57.69347,-28.72551],[-57.99831,-28.736042],[-58.068336,-28.665386],[-58.101936,-28.666176],[-58.103325,-28.718397],[-58.33609,-28.91568],[-58.477108,-28.953802],[-58.528694,-29.118286],[-58.620987,-29.19014],[-58.661575,-29.265896],[-58.702255,-29.637587],[-58.745026,-29.710232],[-58.90543,-29.854282],[-58.959114,-29.940691],[-59.087517,-30.058199],[-59.112896,-30.114187],[-59.232018,-30.183277],[-59.285549,-30.338287],[-59.506695,-30.533764],[-59.569374,-30.54187],[-59.553238,-30.562382],[-59.596108,-30.600197],[-59.576187,-30.629233],[-59.673782,-30.800321],[-59.798328,-30.942015],[-59.903988,-31.14039],[-60.067234,-31.323641],[-60.130413,-31.444389],[-60.165669,-31.457909],[-60.315464,-31.63526],[-60.610451,-31.764422],[-60.648124,-31.860081],[-60.651699,-32.043034],[-60.603954,-32.087532],[-60.352558,-32.089561],[-60.298283,-32.060875],[-60.159992,-32.054558],[-59.53949,-31.837135],[-59.358261,-31.832533],[-59.209225,-31.903305],[-59.025814,-31.926695],[-58.829464,-31.918091],[-58.618691,-31.844082],[-58.135536,-31.828911],[-58.111081,-31.827838],[-58.038332,-31.75954],[-57.980375,-31.583782],[-58.003795,-31.531906],[-58.078266,-31.488811],[-58.082007,-31.456456],[-57.980491,-31.390445],[-57.996945,-31.360511],[-57.914249,-31.217159],[-57.919066,-31.129907],[-57.863798,-31.05384],[-57.914899,-30.920564],[-57.832114,-30.917183],[-57.799409,-30.855018],[-57.808973,-30.695269],[-57.887304,-30.587569],[-57.889609,-30.510684],[-57.642568,-30.341362],[-57.615268,-30.255966],[-57.653561,-30.195995],[-57.63308,-30.175252],[-57.603657,-30.054172],[-57.647961,-30.039284],[-57.707439,-29.946075],[-57.706448,-29.888216],[-57.682819,-29.860542],[-57.686024,-29.78936],[-57.546265,-29.603193],[-57.541988,-29.524412],[-57.514217,-29.49884],[-57.517628,-29.441967],[-57.551292,-29.417149],[-57.564724,-29.333168],[-57.640221,-29.207098],[-57.557041,-29.03175],[-57.588989,-28.971918],[-57.579098,-28.744116],[-57.537342,-28.651219]]],[[[-59.997391,-30.179073],[-60.222488,-30.390844],[-60.272255,-30.387077],[-60.43174,-30.534799],[-60.604782,-30.645933],[-60.637119,-30.610277],[-60.634766,-30.577957],[-60.591343,-30.540352],[-60.628494,-30.41658],[-60.634682,-30.278395],[-60.6688,-30.206987],[-60.676128,-29.968584],[-60.745155,-29.803068],[-60.848335,-29.659124],[-61.140324,-29.413475],[-61.213875,-29.386293],[-61.32016,-29.387688],[-61.470818,-29.556517],[-61.529697,-29.707804],[-61.586712,-29.749132],[-62.129589,-30.082766],[-62.327473,-30.266485],[-62.336227,-30.474634],[-62.296516,-30.50338],[-62.285381,-30.578335],[-62.258392,-30.597872],[-62.262997,-30.693584],[-62.37516,-30.799522],[-62.568394,-30.853782],[-62.689922,-30.864119],[-62.710964,-30.896921],[-62.83012,-30.897509],[-62.950233,-30.86813],[-63.537975,-30.641565],[-63.694347,-30.518904],[-63.755867,-30.425527],[-63.798859,-30.292351],[-63.916557,-30.394714],[-63.91774,-30.468862],[-63.878639,-30.489754],[-63.881771,-30.536434],[-63.99873,-30.759476],[-64.079056,-30.827646],[-64.174644,-30.827833],[-64.226646,-30.787903],[-64.273064,-30.670154],[-64.303841,-30.650232],[-64.384064,-30.650059],[-64.410621,-30.717348],[-64.270805,-30.951113],[-64.265541,-31.088545],[-64.159286,-31.051203],[-64.156792,-31.180292],[-64.271118,-31.316984],[-64.313942,-31.4144],[-64.325523,-31.93582],[-64.291351,-31.964056],[-64.261375,-32.06646],[-64.183311,-32.18013],[-64.18586,-32.54596],[-64.23703,-32.554844],[-64.263359,-32.478916],[-64.274292,-32.571114],[-64.300743,-32.590603],[-64.336456,-32.568367],[-64.331779,-32.286183],[-64.454208,-32.286545],[-64.461555,-32.517361],[-64.542503,-32.659389],[-64.708237,-32.828571],[-64.759163,-32.93309],[-64.932358,-33.030327],[-64.925728,-33.109169],[-64.893967,-33.149536],[-65.009575,-33.357319],[-65.130325,-33.390499],[-65.206177,-33.355144],[-65.232674,-33.419865],[-65.33847,-33.378632],[-65.39605,-33.294048],[-65.357979,-33.048786],[-65.773155,-32.788403],[-65.982567,-33.119778],[-66.122376,-33.538135],[-66.268242,-33.62278],[-66.345406,-33.623787],[-66.332657,-34.021881],[-66.413483,-34.111286],[-66.336319,-34.221489],[-66.345573,-34.373264],[-66.423927,-34.475811],[-66.619522,-34.577767],[-66.667801,-34.651615],[-66.589394,-34.812172],[-66.492798,-34.895069],[-66.37474,-35.090298],[-66.384468,-35.302998],[-66.468704,-35.501079],[-66.549927,-36.05043],[-66.594765,-36.142223],[-66.835892,-36.374977],[-66.837944,-36.42873],[-66.6222,-36.813584],[-66.561844,-37.093456],[-66.304909,-37.359619],[-65.884148,-37.491367],[-65.750763,-37.476826],[-65.601738,-37.594688],[-65.435295,-37.766029],[-65.424378,-37.816151],[-65.313705,-37.896789],[-65.281387,-37.964684],[-64.988075,-38.227703],[-64.959869,-38.294346],[-64.843361,-38.378059],[-64.820953,-38.449501],[-64.705635,-38.528305],[-64.672394,-38.599594],[-64.479019,-38.747726],[-64.445351,-38.823715],[-64.34684,-38.858192],[-64.127136,-39.254933],[-63.981704,-39.45192],[-63.875984,-39.686462],[-63.362343,-40.466293],[-63.282536,-40.739018],[-63.233421,-40.787986],[-63.067886,-40.873428],[-62.884521,-41.079407],[-62.832397,-41.056213],[-62.786893,-41.022745],[-62.745997,-41.037319],[-62.679342,-41.019443],[-62.659884,-41.006145],[-62.533649,-40.951265],[-62.384932,-40.90891],[-62.354999,-40.891802],[-62.310431,-40.869578],[-62.290515,-40.819371],[-62.257274,-40.741325],[-62.236216,-40.697281],[-62.215586,-40.670274],[-62.17278,-40.621543],[-62.172732,-40.584471],[-62.24126,-40.545091],[-62.30879,-40.527316],[-62.254942,-40.551182],[-62.252682,-40.557107],[-62.258369,-40.573311],[-62.258892,-40.569361],[-62.269124,-40.566078],[-62.271361,-40.568291],[-62.279784,-40.572193],[-62.286542,-40.569409],[-62.284329,-40.566363],[-62.29556,-40.547375],[-62.300009,-40.543259],[-62.321615,-40.516418],[-62.42323,-40.458562],[-62.485476,-40.303052],[-62.481372,-40.295949],[-62.33889,-40.186875],[-62.34223,-39.9636],[-62.303968,-39.862556],[-62.266099,-39.859058],[-62.29633,-39.827364],[-62.236546,-39.816977],[-62.21406,-39.84264],[-62.162093,-39.828934],[-62.119441,-39.845709],[-62.116835,-39.827649],[-62.12194,-39.770908],[-62.123249,-39.7533],[-62.123606,-39.731171],[-62.095825,-39.683761],[-62.093624,-39.672815],[-62.099305,-39.685605],[-62.119055,-39.662554],[-62.048385,-39.463006],[-62.072626,-39.436535],[-62.092702,-39.423418],[-62.147995,-39.402865],[-62.149856,-39.380024],[-62.162919,-39.384549],[-62.165303,-39.38849],[-62.164532,-39.392801],[-62.16152,-39.392173],[-62.161905,-39.395814],[-62.165417,-39.397256],[-62.16339,-39.396242],[-62.166417,-39.389932],[-62.166146,-39.387876],[-62.172227,-39.390774],[-62.167069,-39.37527],[-62.180441,-39.39697],[-62.179965,-39.39026],[-62.207591,-39.401039],[-62.194175,-39.37697],[-62.239313,-39.360195],[-62.203122,-39.346846],[-62.230319,-39.353009],[-62.238813,-39.345204],[-62.262608,-39.347227],[-62.279931,-39.325859],[-62.259824,-39.32229],[-62.286831,-39.322932],[-62.260562,-39.315431],[-62.285903,-39.317317],[-62.288497,-39.298638],[-62.185014,-39.298358],[-62.085587,-39.390106],[-62.031811,-39.39358],[-62.010455,-39.369625],[-62.011824,-39.36207],[-62.011205,-39.357525],[-62.012323,-39.36433],[-62.12989,-39.292723],[-62.316887,-39.266092],[-62.301687,-39.245043],[-62.237414,-39.251589],[-62.292189,-39.224948],[-62.29179,-39.223102],[-62.342234,-39.162954],[-62.352019,-39.113004],[-62.330546,-39.116583],[-62.353832,-39.10509],[-62.299285,-39.025007],[-62.316945,-39.002992],[-62.300384,-38.993398],[-62.321371,-38.995754],[-62.345713,-38.950311],[-62.320529,-38.904268],[-62.351952,-38.863037],[-62.326149,-38.838178],[-62.392747,-38.828265],[-62.388374,-38.828711],[-62.413716,-38.818688],[-62.388523,-38.815029],[-62.397268,-38.795607],[-62.365591,-38.815237],[-62.371867,-38.799355],[-62.353813,-38.815118],[-62.306134,-38.799414],[-62.340577,-38.802079],[-62.343998,-38.773615],[-62.368833,-38.780961],[-62.352891,-38.76951],[-62.373622,-38.769213],[-62.375882,-38.790717],[-62.406518,-38.766447],[-62.412139,-38.786137],[-62.476358,-38.784352],[-62.470219,-38.80409],[-62.491349,-38.768683],[-62.505881,-38.764626],[-62.507636,-38.760581],[-62.50829,-38.757904],[-62.495025,-38.746186],[-62.499903,-38.745799],[-62.505524,-38.742765],[-62.504275,-38.738452],[-62.501854,-38.737706],[-62.503067,-38.739134],[-62.496529,-38.737806],[-62.383096,-38.740615],[-62.383039,-38.735428],[-62.329406,-38.725237],[-62.3001,-38.785336],[-62.165955,-38.812031],[-62.100191,-38.900611],[-62.089013,-38.902739],[-62.091385,-38.828327],[-62.310398,-38.606239],[-62.317333,-38.559898],[-62.433922,-38.47755],[-62.714752,-38.145473],[-62.783241,-38.100803],[-62.953453,-37.895176],[-63.04969,-37.824783],[-63.066433,-37.782211],[-63.184254,-37.690742],[-63.184467,-37.645367],[-63.261776,-37.585087],[-63.619335,-37.051777],[-63.896156,-36.576797],[-64.063156,-36.174633],[-64.274673,-35.254257],[-64.314667,-34.868847],[-64.696045,-34.403858],[-64.834076,-34.119595],[-64.91613,-33.768932],[-64.899132,-33.643276],[-64.74791,-33.426678],[-64.532799,-33.333473],[-64.319122,-33.337936],[-63.831471,-33.537132],[-63.671341,-33.388428],[-63.572834,-33.344711],[-63.2313,-33.294544],[-63.107525,-33.251099],[-63.015694,-33.191574],[-62.916973,-33.048176],[-62.916721,-33.014713],[-63.106823,-32.751606],[-63.260487,-32.628388],[-63.301048,-32.500199],[-63.247951,-32.344883],[-63.144093,-32.200363],[-62.900288,-32.13726],[-62.292606,-32.129265],[-62.112286,-32.04501],[-62.061218,-31.927567],[-61.810558,-31.679472],[-61.745396,-31.668951],[-61.395683,-31.766642],[-61.314308,-31.828142],[-61.260658,-31.838091],[-60.935859,-32.073833],[-60.839542,-32.091423],[-60.84724,-31.829142],[-60.561729,-31.380453],[-60.444355,-31.271591],[-60.340233,-31.224079],[-60.280586,-31.108086],[-60.10854,-30.454928],[-59.997391,-30.179073]],[[-62.280888,-38.852739],[-62.284069,-38.85571],[-62.286568,-38.855352],[-62.280888,-38.852739]],[[-62.247921,-39.86731],[-62.256474,-39.864208],[-62.189777,-39.873035],[-62.247921,-39.86731]],[[-62.129738,-40.396404],[-62.125969,-40.396255],[-62.127636,-40.397335],[-62.129738,-40.396404]]],[[[-62.273995,-38.81952],[-62.258602,-38.818433],[-62.277195,-38.799196],[-62.273995,-38.81952]]],[[[-62.325394,-38.828737],[-62.317123,-38.826532],[-62.316792,-38.82485],[-62.325394,-38.828737]]],[[[-62.237419,-38.846418],[-62.247765,-38.829019],[-62.262867,-38.840227],[-62.246864,-38.849977],[-62.235859,-38.852521],[-62.237419,-38.846418]]],[[[-62.299145,-38.846239],[-62.309277,-38.842596],[-62.315308,-38.84295],[-62.30529,-38.853547],[-62.300869,-38.854215],[-62.299145,-38.846239]]],[[[-62.313671,-38.855707],[-62.32848,-38.846513],[-62.322914,-38.857408],[-62.313671,-38.855707]]],[[[-62.289631,-38.880014],[-62.305149,-38.866903],[-62.312584,-38.882093],[-62.294426,-38.892461],[-62.29874,-38.887395],[-62.289631,-38.880014]]],[[[-62.285893,-38.871538],[-62.289688,-38.871084],[-62.270718,-38.87454],[-62.279213,-38.87203],[-62.285893,-38.871538]]],[[[-62.260677,-38.932485],[-62.264687,-38.923444],[-62.280403,-38.926237],[-62.290443,-38.933874],[-62.283207,-38.951845],[-62.260677,-38.932485]]],[[[-62.283539,-38.978471],[-62.283539,-38.975309],[-62.285957,-38.976892],[-62.283539,-38.978471]]],[[[-62.014141,-38.994138],[-62.056534,-38.982053],[-62.05093,-38.988641],[-62.014141,-38.994138]]],[[[-62.022453,-39.003197],[-62.049893,-38.994466],[-62.079212,-38.983865],[-62.12677,-39.004623],[-62.112011,-39.008728],[-62.115406,-39.016647],[-62.09708,-39.023808],[-62.074451,-39.003361],[-62.04052,-39.039772],[-62.00827,-39.017605],[-62.009861,-39.012161],[-62.020683,-39.015129],[-62.022453,-39.003197]]],[[[-62.301281,-39.022209],[-62.278095,-39.017597],[-62.270313,-38.999859],[-62.301281,-39.022209]]],[[[-62.208904,-39.009106],[-62.211502,-39.006805],[-62.215759,-39.0047],[-62.214695,-39.016155],[-62.208904,-39.009106]]],[[[-62.123451,-39.006458],[-62.128391,-39.005051],[-62.13224,-39.011715],[-62.133823,-39.008789],[-62.13517,-39.018589],[-62.139641,-39.019836],[-62.14064,-39.035545],[-62.131855,-39.036263],[-62.121204,-39.022854],[-62.123451,-39.006458]]],[[[-62.022137,-39.085518],[-62.054157,-39.075691],[-62.058014,-39.08091],[-62.071724,-39.079502],[-62.071304,-39.080864],[-62.080128,-39.085541],[-62.082802,-39.095474],[-62.073349,-39.109013],[-62.06488,-39.135479],[-62.073071,-39.139919],[-62.073128,-39.145687],[-62.067821,-39.148582],[-62.056561,-39.143753],[-62.055374,-39.134724],[-62.03632,-39.115051],[-62.042793,-39.111259],[-62.037777,-39.103127],[-62.02282,-39.103058],[-62.016396,-39.107906],[-62.012871,-39.099888],[-62.022137,-39.085518]]],[[[-61.987167,-39.095154],[-61.993969,-39.09103],[-61.998985,-39.090736],[-62.020733,-39.087177],[-62.011318,-39.100239],[-62.012989,-39.107559],[-62.017506,-39.108574],[-62.02718,-39.103687],[-62.032089,-39.109867],[-62.019215,-39.112038],[-62.021305,-39.112423],[-62.037567,-39.10894],[-62.041374,-39.109417],[-62.034874,-39.11557],[-62.041786,-39.122017],[-62.039627,-39.13456],[-62.054466,-39.136253],[-62.056797,-39.157665],[-62.05368,-39.159512],[-62.039249,-39.158936],[-61.949806,-39.178596],[-61.911297,-39.211971],[-61.886112,-39.239151],[-61.86982,-39.244331],[-61.85207,-39.224667],[-61.855301,-39.17691],[-61.866928,-39.16853],[-61.863586,-39.193924],[-61.86866,-39.196823],[-61.872543,-39.193039],[-61.8834,-39.19989],[-61.873592,-39.19202],[-61.868362,-39.195671],[-61.86702,-39.185257],[-61.869888,-39.169434],[-61.883385,-39.126148],[-61.888927,-39.098846],[-61.888645,-39.158646],[-61.947247,-39.147335],[-61.913486,-39.131542],[-61.912868,-39.101658],[-61.943165,-39.114185],[-61.931721,-39.095596],[-61.975235,-39.090191],[-61.966881,-39.114536],[-61.990295,-39.089706],[-61.984703,-39.095676],[-61.985653,-39.100769],[-61.999538,-39.105453],[-61.989719,-39.126038],[-61.994293,-39.126656],[-62.001484,-39.104744],[-61.988922,-39.101303],[-61.987167,-39.095154]]],[[[-61.895473,-39.133423],[-61.90329,-39.114822],[-61.908398,-39.107544],[-61.910198,-39.128441],[-61.918873,-39.138561],[-61.918053,-39.14967],[-61.907463,-39.143944],[-61.895473,-39.133423]]],[[[-62.22504,-39.196449],[-62.239994,-39.185368],[-62.224548,-39.205154],[-62.22504,-39.196449]]],[[[-62.069843,-39.250481],[-62.153839,-39.194427],[-62.159901,-39.200573],[-62.137054,-39.22691],[-62.116085,-39.240673],[-62.091385,-39.250759],[-62.069843,-39.250481]]],[[[-62.005619,-39.240105],[-62.026623,-39.238544],[-62.032761,-39.251446],[-62.022823,-39.260666],[-62.002777,-39.241447],[-62.005619,-39.240105]]],[[[-62.22683,-39.338207],[-62.233791,-39.341469],[-62.219948,-39.34721],[-62.22683,-39.338207]]],[[[-62.123539,-39.886551],[-62.121986,-39.881321],[-62.113419,-39.865162],[-62.123695,-39.881412],[-62.123539,-39.886551]]],[[[-62.159668,-40.019852],[-62.168743,-40.022274],[-62.128456,-40.036243],[-62.159668,-40.019852]]],[[[-62.113205,-40.188789],[-62.116932,-40.165573],[-62.111176,-40.152615],[-62.108715,-40.126202],[-62.116508,-40.126938],[-62.129555,-40.157207],[-62.108772,-40.220001],[-62.108929,-40.193027],[-62.113205,-40.188789]]],[[[-62.355797,-40.222694],[-62.33297,-40.212685],[-62.319168,-40.19442],[-62.355797,-40.222694]]],[[[-62.36935,-40.232597],[-62.36153,-40.254543],[-62.360023,-40.240723],[-62.36935,-40.232597]]],[[[-62.075832,-40.251408],[-62.073162,-40.259762],[-62.072147,-40.251896],[-62.077034,-40.247097],[-62.075832,-40.251408]]],[[[-62.325985,-40.286564],[-62.33477,-40.28714],[-62.346809,-40.326763],[-62.331997,-40.335224],[-62.326931,-40.33009],[-62.323624,-40.317249],[-62.315758,-40.292889],[-62.325985,-40.286564]]],[[[-62.276535,-40.299862],[-62.290199,-40.29705],[-62.29026,-40.312351],[-62.295856,-40.319763],[-62.312057,-40.342857],[-62.270794,-40.321609],[-62.264919,-40.299431],[-62.271439,-40.2994],[-62.275646,-40.301853],[-62.276535,-40.299862]]],[[[-62.151783,-40.379299],[-62.163902,-40.360973],[-62.173946,-40.368511],[-62.186035,-40.386135],[-62.198544,-40.425465],[-62.163124,-40.435486],[-62.160789,-40.427525],[-62.143433,-40.420517],[-62.136913,-40.401188],[-62.135948,-40.391972],[-62.14283,-40.39299],[-62.141693,-40.386585],[-62.150482,-40.375511],[-62.151783,-40.379299]]],[[[-62.174248,-40.460518],[-62.188972,-40.451706],[-62.198524,-40.44561],[-62.202446,-40.457462],[-62.205601,-40.472687],[-62.211712,-40.477478],[-62.234913,-40.507954],[-62.217144,-40.523476],[-62.169411,-40.463345],[-62.176834,-40.465626],[-62.174248,-40.460518]]],[[[-62.158535,-40.456463],[-62.153698,-40.448528],[-62.164417,-40.451904],[-62.158535,-40.456463]]]]},"properties":{"id":"ecoregiones_argentina.11","ecorregion":"Espinal","hectareas":29952988}},
{"type":"Feature","geometry":{"type":"MultiPolygon","coordinates":[[[[-56.705257,-27.563307],[-56.716932,-27.519936],[-56.734045,-27.558731],[-56.783897,-27.582692],[-56.734235,-27.591428],[-56.705257,-27.563307]]],[[[-56.491639,-27.559376],[-56.555464,-27.458255],[-56.605735,-27.431518],[-56.649602,-27.460797],[-56.718782,-27.464558],[-56.677864,-27.563271],[-56.743232,-27.605003],[-56.790758,-27.587161],[-56.845096,-27.6064],[-56.896587,-27.588813],[-56.979927,-27.49339],[-57.225409,-27.470378],[-57.259148,-27.49109],[-57.251724,-27.518816],[-57.218472,-27.520918],[-57.11097,-27.642052],[-57.109925,-27.674074],[-57.075562,-27.667089],[-57.055161,-27.707033],[-57.022102,-27.70044],[-56.998802,-27.723866],[-56.939854,-27.727556],[-56.927013,-27.693853],[-56.885468,-27.697027],[-56.792088,-27.588886],[-56.757332,-27.606701],[-56.726616,-27.608189],[-56.491639,-27.559376]]],[[[-56.914826,-27.42354],[-57.032066,-27.480648],[-56.970105,-27.492732],[-56.840421,-27.596181],[-56.749141,-27.56217],[-56.7294,-27.501961],[-56.764027,-27.502565],[-56.871761,-27.430442],[-56.914826,-27.42354]]],[[[-57.566611,-27.385118],[-57.593415,-27.392452],[-57.492187,-27.438701],[-57.404465,-27.417964],[-57.566611,-27.385118]]],[[[-58.427014,-27.28721],[-58.493509,-27.270649],[-58.616488,-27.318632],[-58.592479,-27.229028],[-58.66163,-27.186578],[-58.652207,-27.130556],[-58.554897,-27.108913],[-58.560779,-27.039128],[-58.523488,-27.039642],[-58.511267,-27.062256],[-58.52029,-27.004064],[-58.470778,-27.002294],[-58.484137,-26.935354],[-58.384889,-26.892191],[-58.372497,-26.865122],[-58.325272,-26.869674],[-58.334863,-26.809557],[-58.283981,-26.795395],[-58.293347,-26.757761],[-58.246005,-26.750337],[-58.260224,-26.645089],[-58.190668,-26.643147],[-58.210199,-26.622132],[-58.199805,-26.560513],[-58.224932,-26.536072],[-58.207457,-26.498438],[-58.233603,-26.473542],[-58.1809,-26.457397],[-58.221727,-26.399495],[-58.159666,-26.348817],[-58.163825,-26.264373],[-58.104227,-26.229894],[-58.159009,-26.181187],[-58.11966,-26.186495],[-58.090928,-26.11628],[-58.015404,-26.101668],[-57.854756,-26.008455],[-57.895302,-25.960713],[-57.836767,-25.915599],[-57.858469,-25.858001],[-57.796564,-25.824855],[-57.826545,-25.754442],[-57.773883,-25.757852],[-57.727122,-25.715039],[-57.76665,-25.700131],[-57.742512,-25.651607],[-57.678067,-25.661072],[-57.674983,-25.596998],[-57.616848,-25.616072],[-57.60457,-25.568787],[-57.574931,-25.561706],[-57.560602,-25.452714],[-57.622837,-25.388203],[-57.599548,-25.432741],[-57.682548,-25.587278],[-57.84803,-25.702566],[-57.986389,-26.002115],[-58.166477,-26.093363],[-58.339066,-26.424399],[-58.331776,-26.593023],[-58.365494,-26.623413],[-58.370148,-26.731987],[-58.742126,-27.051748],[-58.752258,-27.121351],[-58.789276,-27.145897],[-58.822536,-27.332236],[-58.957539,-27.45351],[-58.957031,-27.690565],[-59.087544,-27.911655],[-59.088562,-27.979628],[-59.441639,-28.700329],[-59.446457,-28.774475],[-59.626152,-29.109816],[-59.690052,-29.174856],[-59.812218,-29.446527],[-59.894687,-29.728245],[-59.954365,-30.074512],[-60.10854,-30.454928],[-60.280586,-31.108086],[-60.340233,-31.224079],[-60.444355,-31.271591],[-60.561729,-31.380453],[-60.84724,-31.829142],[-60.819702,-32.685009],[-60.682339,-32.898651],[-60.662087,-33.100857],[-60.081093,-33.537403],[-59.614345,-33.692089],[-59.587227,-33.674019],[-59.301788,-33.841099],[-59.306442,-33.862481],[-59.240822,-33.90683],[-59.264519,-33.931927],[-59.157661,-33.983097],[-59.159065,-34.01886],[-59.101757,-34.056084],[-59.061931,-34.053829],[-58.977432,-34.125122],[-58.986599,-34.142898],[-58.924252,-34.162487],[-58.857403,-34.272015],[-58.712235,-34.308193],[-58.693535,-34.34737],[-58.505741,-34.45213],[-58.465393,-34.5271],[-58.361588,-34.581556],[-58.316223,-34.659302],[-58.178894,-34.74469],[-58.004412,-34.78503],[-57.94813,-34.833182],[-57.873739,-34.826158],[-57.751025,-34.914931],[-57.508456,-35.024714],[-57.339899,-35.158568],[-57.225708,-35.271118],[-57.127665,-35.442153],[-57.346611,-35.71504],[-57.387978,-35.843376],[-57.382512,-35.966472],[-57.280884,-36.125793],[-57.320801,-36.155518],[-57.270996,-36.137085],[-57.253601,-36.153503],[-57.233363,-36.174729],[-57.248291,-36.192078],[-57.224636,-36.181925],[-57.1297,-36.28009],[-57.116394,-36.270813],[-57.122681,-36.292114],[-57.108582,-36.276184],[-57.064209,-36.309509],[-57.065186,-36.30658],[-57.018127,-36.339478],[-56.941298,-36.335411],[-56.924927,-36.334106],[-56.913538,-36.338078],[-56.917786,-36.348999],[-56.92041,-36.364075],[-56.889324,-36.331797],[-56.765808,-36.328613],[-56.774327,-36.312987],[-56.773602,-36.300864],[-56.784306,-36.290311],[-55.867166,-35.633062],[-56.716667,-35.171667],[-57,-35.183333],[-57.333333,-34.866667],[-57.533333,-34.783333],[-57.951667,-34.666667],[-57.94,-34.443333],[-58.091667,-34.295],[-58.316667,-34.15],[-58.345,-34.038333],[-58.423586,-33.916318],[-58.434369,-33.721887],[-58.494642,-33.587188],[-58.433904,-33.499159],[-58.431714,-33.363329],[-58.39047,-33.279121],[-58.403823,-33.178375],[-58.360793,-33.120466],[-58.237151,-33.096488],[-58.259499,-33.020817],[-58.323544,-32.999783],[-58.585266,-33.014503],[-58.584328,-33.176487],[-58.615459,-33.210522],[-58.624382,-33.323059],[-58.663937,-33.342094],[-58.638741,-33.404941],[-58.714241,-33.470199],[-58.720173,-33.534901],[-58.76479,-33.545872],[-58.995426,-33.492454],[-59.387806,-33.45927],[-59.421318,-33.430062],[-59.416485,-33.399994],[-59.808598,-33.143558],[-59.950356,-32.916756],[-60.202045,-32.613762],[-60.433205,-32.432144],[-60.603954,-32.087532],[-60.651699,-32.043034],[-60.648124,-31.860081],[-60.610451,-31.764422],[-60.315464,-31.63526],[-60.165669,-31.457909],[-60.130413,-31.444389],[-60.067234,-31.323641],[-59.903988,-31.14039],[-59.798328,-30.942015],[-59.673782,-30.800321],[-59.576187,-30.629233],[-59.596108,-30.600197],[-59.553238,-30.562382],[-59.571251,-30.539482],[-59.606251,-30.367998],[-59.543678,-30.316023],[-59.572567,-30.231603],[-59.569733,-30.127729],[-59.538673,-30.120237],[-59.542397,-29.936808],[-59.501186,-29.918081],[-59.490379,-29.72679],[-59.460133,-29.666876],[-59.419315,-29.413307],[-59.297977,-29.187912],[-59.207103,-29.083196],[-59.048092,-28.723492],[-58.96608,-28.21048],[-58.868347,-28.102945],[-58.80127,-28.081555],[-58.730793,-27.971815],[-58.726131,-27.841741],[-58.768108,-27.471149],[-58.719738,-27.415022],[-58.651917,-27.411444],[-58.565204,-27.331806],[-58.427014,-27.28721]]]]},"properties":{"id":"ecoregiones_argentina.12","ecorregion":"Delta e Islas del Parana","hectareas":5625406}},
{"type":"Feature","geometry":{"type":"MultiPolygon","coordinates":[[[[-65.353536,-43.737877],[-65.460594,-43.731346],[-65.839539,-43.873214],[-65.879051,-43.915028],[-66.148392,-44.023586],[-66.198143,-44.066471],[-66.606148,-44.153335],[-66.741089,-44.208622],[-67.063316,-44.231136],[-67.15509,-44.171776],[-67.374977,-43.930687],[-67.529243,-43.570725],[-67.49379,-43.264488],[-67.262123,-43.116905],[-67.09137,-43.042278],[-67.03315,-42.966434],[-67.019661,-42.640721],[-67.119156,-42.41898],[-67.258324,-42.369789],[-67.445564,-42.392647],[-67.608055,-42.386902],[-67.660439,-42.419575],[-67.762489,-42.382244],[-67.878082,-42.263435],[-67.872788,-42.1931],[-67.828644,-42.165165],[-67.798279,-42.055832],[-67.358803,-41.72525],[-67.046616,-41.733295],[-66.658913,-41.845997],[-66.415642,-41.751637],[-66.351318,-41.649185],[-66.27668,-41.688785],[-66.152466,-41.691402],[-66.123497,-41.537438],[-66.203911,-41.339146],[-66.18399,-41.014443],[-66.218567,-40.983337],[-66.223038,-40.906918],[-66.331253,-40.832634],[-66.411423,-40.833568],[-66.460426,-40.872784],[-66.51709,-40.878513],[-66.61068,-40.962826],[-66.864227,-40.961204],[-66.940796,-40.918816],[-67.191009,-40.916504],[-67.40097,-41.169632],[-67.492355,-41.228176],[-67.57608,-41.224674],[-67.620979,-41.185848],[-67.593773,-40.779117],[-67.490082,-40.63723],[-67.543655,-40.581608],[-67.535118,-40.413372],[-67.576279,-40.369835],[-67.730064,-40.340172],[-68.468346,-40.047394],[-68.722427,-40.069157],[-68.801414,-40.100701],[-68.875511,-40.088138],[-68.944443,-39.956276],[-69.018768,-39.953167],[-69.249817,-40.049583],[-69.732475,-40.013535],[-69.943565,-40.039955],[-70.154015,-39.976494],[-70.142319,-39.859939],[-69.988945,-39.618236],[-69.745445,-39.510559],[-69.648704,-39.428883],[-69.637627,-39.393417],[-69.710274,-39.28368],[-69.853592,-39.236042],[-69.985207,-39.229217],[-70.054367,-38.990475],[-70.083954,-38.706528],[-69.941689,-38.584877],[-69.970863,-38.562401],[-69.96904,-38.501579],[-70.0467,-38.504887],[-70.164871,-38.578327],[-70.175423,-38.49797],[-69.969505,-38.343979],[-69.87426,-38.234947],[-69.860085,-38.138713],[-69.935707,-37.829376],[-70.128281,-37.611465],[-70.124146,-37.563858],[-69.840797,-37.653427],[-69.807739,-37.77031],[-69.763977,-37.826641],[-69.748764,-38.001442],[-69.647102,-38.232685],[-69.548737,-38.295402],[-69.494415,-38.268379],[-69.481628,-38.095634],[-69.650108,-37.684563],[-69.649155,-37.634445],[-69.585571,-37.561173],[-69.284493,-37.433811],[-69.379395,-37.346352],[-69.549744,-37.37479],[-69.602249,-37.409019],[-69.629845,-37.39146],[-69.625931,-37.341431],[-69.578621,-37.321381],[-69.58905,-37.257778],[-69.658348,-37.238937],[-69.77047,-37.330937],[-69.803245,-37.328689],[-69.843285,-37.145908],[-69.880592,-37.117229],[-69.883171,-37.080131],[-69.83268,-37.024464],[-69.887291,-36.985672],[-69.869987,-36.908631],[-69.16304,-37.252026],[-69.014389,-37.233215],[-68.742516,-37.108452],[-68.581924,-36.99023],[-68.481163,-36.821575],[-68.458389,-36.713348],[-68.364616,-36.606548],[-68.309364,-36.592102],[-68.334518,-36.443485],[-68.283554,-36.369213],[-68.261948,-35.82367],[-68.304886,-35.634091],[-68.462585,-35.431457],[-68.768432,-35.283863],[-68.931641,-35.284794],[-68.997131,-35.322605],[-69.066483,-35.30653],[-69.072151,-35.225159],[-69.121544,-35.184475],[-69.111908,-35.084385],[-69.15123,-35.048725],[-69.056198,-34.403683],[-69.086693,-34.370659],[-69.103767,-34.090679],[-69.133591,-34.003903],[-69.092545,-33.38129],[-69.257439,-33.373486],[-69.276138,-33.64299],[-69.320915,-33.693161],[-69.332069,-33.796795],[-69.26976,-33.926289],[-69.274658,-34.053982],[-69.239906,-34.083576],[-69.258438,-34.267052],[-69.386986,-34.422436],[-69.372108,-34.446739],[-69.316223,-34.455437],[-69.348038,-34.529823],[-69.315674,-34.659714],[-69.277763,-34.688213],[-69.344383,-35.012493],[-69.393272,-35.036217],[-69.630455,-34.915882],[-69.743172,-34.90768],[-69.608147,-35.06823],[-69.412536,-35.219616],[-69.396935,-35.264248],[-69.417053,-35.326984],[-69.761253,-35.270176],[-69.855965,-35.33287],[-69.848991,-35.370113],[-69.710892,-35.442512],[-69.624962,-35.446319],[-69.586983,-35.478508],[-69.528656,-35.480232],[-69.492523,-35.45501],[-69.468178,-35.499901],[-69.478699,-35.641724],[-69.52243,-35.671501],[-69.529671,-35.769222],[-69.578377,-35.809578],[-69.547813,-35.847507],[-69.660698,-36.005336],[-69.75016,-36.001373],[-69.795494,-36.027412],[-70.025108,-36.004391],[-70.082512,-36.034683],[-70.086144,-36.076351],[-69.934479,-36.161438],[-69.89563,-36.239128],[-70.138123,-36.420815],[-70.296745,-36.644424],[-70.306275,-36.788532],[-70.267784,-36.843647],[-70.291458,-36.921585],[-70.325516,-36.919155],[-70.389648,-36.818909],[-70.460304,-36.782848],[-70.495277,-37.100258],[-70.533096,-37.134625],[-70.607376,-37.056553],[-70.575119,-36.841744],[-70.540619,-36.78577],[-70.526032,-36.588165],[-70.598861,-36.493458],[-70.640091,-36.490661],[-70.667313,-36.52541],[-70.700218,-36.701969],[-70.752258,-36.728546],[-70.818855,-36.631569],[-70.862312,-36.663219],[-70.871727,-36.812031],[-70.950768,-36.863659],[-70.999718,-36.908154],[-71.013779,-37.031681],[-71.058273,-37.073944],[-70.991142,-37.230759],[-70.955498,-37.25613],[-70.962235,-37.290459],[-71.003937,-37.288696],[-71.086052,-37.354408],[-71.029045,-37.529903],[-71.072945,-37.580532],[-71.008636,-37.716953],[-71.013763,-37.881428],[-70.989876,-37.928993],[-71.020859,-37.963474],[-70.882889,-38.178158],[-70.879646,-38.220066],[-70.709603,-38.397705],[-70.738861,-38.543327],[-70.687317,-38.591953],[-70.755768,-38.638119],[-70.622459,-38.789089],[-70.701553,-38.901695],[-70.957382,-38.846935],[-71.017288,-38.874203],[-71.055084,-38.933433],[-71.080383,-39.094627],[-71.010811,-39.193119],[-71.024361,-39.42524],[-70.996406,-39.464638],[-70.968132,-39.650825],[-70.935707,-39.693977],[-71.029327,-39.812866],[-71.120232,-39.807686],[-71.160828,-39.771279],[-71.246407,-39.757885],[-71.292633,-39.776066],[-71.295654,-39.815304],[-71.221794,-39.881905],[-71.148232,-39.892361],[-71.134636,-39.938312],[-71.044235,-39.994797],[-71.051018,-40.04462],[-71.111603,-40.065823],[-71.067017,-40.092846],[-71.073181,-40.196396],[-71.124695,-40.219181],[-71.210648,-40.486202],[-71.29216,-40.529026],[-71.313011,-40.713016],[-71.367714,-40.827412],[-71.267632,-41.0504],[-71.273254,-41.120541],[-71.198342,-41.190777],[-71.063416,-41.427105],[-71.063873,-41.493908],[-71.027939,-41.52174],[-71.022781,-41.578048],[-71.07711,-41.662762],[-71.126953,-41.689182],[-71.185661,-41.78558],[-71.206764,-41.888431],[-71.297653,-42.002388],[-71.35907,-42.482761],[-71.269371,-42.432045],[-71.243134,-42.387913],[-71.19162,-42.387875],[-71.192665,-42.556068],[-71.242584,-42.593162],[-71.289238,-42.591015],[-71.483566,-42.799004],[-71.542892,-43.188675],[-71.352348,-43.265785],[-71.269524,-43.270836],[-71.203346,-43.31802],[-71.221634,-43.511665],[-71.27433,-43.533104],[-71.306061,-43.800087],[-71.352325,-43.838489],[-71.453484,-44.20475],[-71.505234,-44.226124],[-71.520758,-44.396567],[-71.386197,-44.385275],[-71.348885,-44.424795],[-71.246182,-44.417404],[-71.17111,-44.439102],[-71.129689,-44.471803],[-71.163729,-44.501044],[-71.091463,-44.532549],[-71.101901,-44.590688],[-71.200847,-44.591636],[-71.235489,-44.640919],[-71.195842,-44.684896],[-71.205403,-44.748856],[-71.250632,-44.799344],[-71.292049,-44.813948],[-71.387711,-44.792099],[-71.509705,-45.092896],[-71.513611,-45.098389],[-71.487486,-45.144117],[-71.417472,-45.157919],[-71.336942,-45.236755],[-71.3502,-45.269367],[-71.31972,-45.294452],[-71.349068,-45.331928],[-71.448651,-45.369563],[-71.438253,-45.395819],[-71.529458,-45.392704],[-71.533945,-45.432974],[-71.469805,-45.482043],[-71.497402,-45.500931],[-71.552612,-45.797516],[-71.60083,-45.819015],[-71.648164,-45.903144],[-71.61459,-45.97567],[-71.733671,-46.092633],[-71.752117,-46.231572],[-71.723968,-46.29498],[-71.756522,-46.345629],[-71.669291,-46.527842],[-71.653437,-46.689414],[-71.653,-46.692485],[-71.722855,-46.766231],[-71.778175,-47.054558],[-71.834023,-47.086315],[-71.805641,-47.17844],[-72.191376,-47.826351],[-72.221916,-48.06572],[-72.190689,-48.102016],[-72.209198,-48.254936],[-72.176224,-48.292515],[-72.176102,-48.365307],[-72.056862,-48.476673],[-72.063667,-48.533585],[-72.187553,-48.532932],[-72.298828,-48.488693],[-72.391449,-48.568287],[-72.447738,-48.839596],[-72.437828,-48.945164],[-72.628822,-49.236225],[-72.655716,-49.340885],[-72.769066,-49.447651],[-72.799057,-49.597454],[-72.866714,-49.686535],[-72.909737,-49.91074],[-72.876442,-50.001053],[-72.889748,-50.106487],[-72.850983,-50.133858],[-72.787079,-50.363205],[-72.553673,-50.62788],[-72.489426,-50.600345],[-72.407789,-50.636406],[-72.359189,-50.616121],[-72.338046,-50.650462],[-72.285843,-50.660265],[-72.350327,-50.740219],[-72.248064,-50.875034],[-72.265665,-51.035228],[-72.374169,-51.023208],[-72.40906,-51.10749],[-72.348758,-51.20361],[-72.304266,-51.20141],[-72.274329,-51.234859],[-72.151268,-51.237587],[-72.014565,-51.325859],[-72.017647,-51.479626],[-71.782715,-51.585743],[-71.276459,-51.744457],[-71.243584,-51.775753],[-71.251717,-51.829067],[-71.413414,-51.828873],[-71.540535,-51.782375],[-71.637901,-51.776539],[-72.153,-51.562073],[-72.200729,-51.631149],[-72.287398,-51.632609],[-72.297112,-51.699403],[-72.165686,-51.723058],[-72.184192,-51.73578],[-72.121749,-51.744029],[-71.997129,-51.834361],[-71.885201,-51.814491],[-71.74688,-51.861919],[-71.626419,-51.930992],[-71.65001,-51.999797],[-69.9955,-52.000717],[-69.485964,-52.151439],[-69.190011,-52.150102],[-68.986878,-52.203581],[-68.837997,-52.277736],[-68.418628,-52.332478],[-68.432596,-52.39769],[-68.354731,-52.336388],[-68.421499,-52.253678],[-68.70845,-51.981247],[-68.85211,-51.775876],[-68.948418,-51.642471],[-68.961329,-51.62389],[-69.014099,-51.606384],[-69.11731,-51.65509],[-69.116821,-51.629883],[-69.335205,-51.58551],[-69.617798,-51.626892],[-69.344116,-51.551575],[-69.134705,-51.60321],[-69.037292,-51.56073],[-68.958534,-51.571995],[-69.166128,-50.980888],[-69.205505,-50.975281],[-69.434326,-51.113708],[-69.464905,-51.11261],[-69.441284,-51.089783],[-69.396118,-51.079712],[-69.321228,-50.988403],[-69.240112,-50.957825],[-69.225206,-50.974892],[-69.132019,-50.899586],[-69.141028,-50.727244],[-69.07931,-50.565332],[-68.880006,-50.335618],[-68.407207,-50.186236],[-68.354906,-50.151305],[-68.490295,-50.088013],[-68.509277,-50.019775],[-68.580688,-49.964416],[-68.672913,-49.993286],[-68.85907,-49.969177],[-68.9328,-50],[-68.874512,-49.96582],[-68.659119,-49.964905],[-68.571411,-49.936829],[-68.63739,-49.777588],[-68.531921,-49.933594],[-68.34358,-50.120801],[-68.147222,-50.105422],[-67.904803,-49.997947],[-67.836403,-49.944609],[-67.732251,-49.782696],[-67.687579,-49.481928],[-67.603603,-49.295673],[-67.612755,-49.250273],[-67.668091,-49.255188],[-67.713806,-49.385925],[-67.818604,-49.405518],[-67.837524,-49.38678],[-67.772095,-49.380676],[-67.797607,-49.328003],[-67.715698,-49.31781],[-67.742187,-49.276489],[-67.688904,-49.26178],[-67.664612,-49.203491],[-67.613892,-49.185181],[-67.635617,-49.13824],[-67.551289,-49.014365],[-67.41309,-48.912715],[-67.219925,-48.838],[-67.129696,-48.685143],[-66.990583,-48.613442],[-66.875262,-48.593383],[-66.831052,-48.523036],[-66.753191,-48.473166],[-66.647614,-48.432177],[-66.494353,-48.417472],[-66.448039,-48.352313],[-66.343003,-48.368804],[-66.360179,-48.314717],[-66.337558,-48.277163],[-66.228255,-48.201297],[-66.159926,-48.190461],[-66.121065,-48.123588],[-65.975528,-48.099989],[-65.940906,-48.12473],[-65.917621,-48.096748],[-65.896434,-48.10303],[-65.980367,-48.050743],[-65.931868,-48.017212],[-65.951456,-47.976409],[-65.924173,-47.939689],[-65.846807,-47.939075],[-65.831017,-47.965387],[-65.770498,-47.952909],[-65.765658,-47.946685],[-65.7904,-47.938033],[-65.768231,-47.907355],[-65.820983,-47.904571],[-65.858188,-47.872776],[-65.88086,-47.762688],[-65.938293,-47.766907],[-65.951782,-47.758972],[-65.978088,-47.762695],[-66.088196,-47.812988],[-66.190186,-47.829529],[-66.281982,-47.871399],[-66.195007,-47.820007],[-66.105286,-47.799011],[-66.00531,-47.730774],[-65.899597,-47.758728],[-65.838642,-47.746816],[-65.739803,-47.510235],[-65.717846,-47.332161],[-65.757721,-47.222059],[-65.735735,-47.201786],[-65.841625,-47.139382],[-65.867381,-47.092097],[-65.940692,-47.072181],[-66.197696,-47.087402],[-66.497776,-47.038277],[-66.630507,-47.045786],[-66.790964,-46.999758],[-66.95092,-46.846982],[-67.075614,-46.774028],[-67.121628,-46.707441],[-67.353742,-46.619621],[-67.436434,-46.553167],[-67.592809,-46.295157],[-67.619344,-46.065037],[-67.624502,-46.056795],[-67.623051,-46.052072],[-67.618745,-46.046186],[-67.585965,-46.022277],[-67.586065,-45.980795],[-67.531219,-45.958964],[-67.547726,-45.91884],[-67.456415,-45.861436],[-67.475777,-45.853762],[-67.454749,-45.819468],[-67.368553,-45.787256],[-67.345068,-45.623017],[-66.990148,-45.293794],[-66.888961,-45.241684],[-66.832925,-45.230834],[-66.662014,-45.211418],[-66.518652,-45.222898],[-66.514101,-45.196784],[-66.594467,-45.171621],[-66.599702,-45.139409],[-66.473174,-45.165881],[-66.465709,-45.143841],[-66.533018,-45.142383],[-66.517135,-45.096936],[-66.398519,-45.053124],[-66.363273,-45.061601],[-66.359198,-45.039739],[-66.290272,-45.057278],[-66.28703,-45.053828],[-66.246401,-45.020926],[-66.2257,-45.0281],[-66.194612,-44.982201],[-66.17309,-44.998155],[-66.162275,-44.983021],[-66.019686,-44.998869],[-65.934441,-45.049437],[-65.893324,-45.038765],[-65.885971,-45.029164],[-65.890504,-45.019812],[-65.869053,-45.004572],[-65.854348,-45.001895],[-65.838822,-45.006642],[-65.831434,-45.008498],[-65.823154,-45.018349],[-65.828722,-45.039122],[-65.809412,-45.015422],[-65.740455,-45.023962],[-65.69615,-45.059273],[-65.690677,-45.053111],[-65.681302,-45.028864],[-65.669667,-45.043997],[-65.660434,-45.044449],[-65.602256,-45.027151],[-65.622287,-45.003432],[-65.58431,-45.006668],[-65.601502,-44.970596],[-65.593697,-44.972238],[-65.551867,-44.950061],[-65.557173,-44.950406],[-65.534556,-44.928146],[-65.53287,-44.928413],[-65.527656,-44.92949],[-65.528227,-44.928146],[-65.525669,-44.92416],[-65.568166,-44.912573],[-65.571961,-44.909182],[-65.572889,-44.895607],[-65.598171,-44.907326],[-65.607665,-44.904482],[-65.607308,-44.897951],[-65.614768,-44.891407],[-65.621216,-44.885732],[-65.626665,-44.889694],[-65.626272,-44.88597],[-65.631424,-44.88503],[-65.634327,-44.886589],[-65.648185,-44.888646],[-65.650832,-44.887962],[-65.658744,-44.891352],[-65.66035,-44.889508],[-65.671385,-44.886802],[-65.72867,-44.843496],[-65.72058,-44.83945],[-65.721116,-44.83493],[-65.724655,-44.833502],[-65.723406,-44.807625],[-65.669898,-44.693054],[-65.622933,-44.659296],[-65.595569,-44.642372],[-65.582244,-44.647636],[-65.470439,-44.598024],[-65.46339,-44.600225],[-65.470975,-44.584759],[-65.450658,-44.576501],[-65.436175,-44.569917],[-65.425854,-44.573219],[-65.395978,-44.592836],[-65.38927,-44.579941],[-65.372911,-44.587168],[-65.358216,-44.573777],[-65.394481,-44.555343],[-65.359414,-44.537378],[-65.376219,-44.516825],[-65.3239,-44.508854],[-65.316286,-44.531191],[-65.30079,-44.510193],[-65.28107,-44.518104],[-65.280862,-44.515219],[-65.334459,-44.456],[-65.292122,-44.426648],[-65.282381,-44.422363],[-65.2695,-44.399161],[-65.25204,-44.388245],[-65.244188,-44.38539],[-65.233659,-44.38539],[-65.218877,-44.369447],[-65.222059,-44.363766],[-65.253006,-44.308292],[-65.270779,-44.298807],[-65.270674,-44.275098],[-65.279612,-44.269451],[-65.291343,-44.260522],[-65.305049,-44.239725],[-65.311688,-44.216906],[-65.31006,-44.19285],[-65.306557,-44.181048],[-65.298106,-44.1654],[-65.283277,-44.15495],[-65.276386,-44.146898],[-65.250783,-44.147012],[-65.216385,-44.128642],[-65.235949,-44.068471],[-65.187944,-44.035456],[-65.224778,-44.045342],[-65.251582,-44.027639],[-65.231143,-43.9727],[-65.276829,-43.966632],[-65.299421,-43.933439],[-65.322377,-43.782337],[-65.354619,-43.764467],[-65.355416,-43.752855],[-65.353536,-43.737877]],[[-66.408066,-45.088383],[-66.409363,-45.08593],[-66.402946,-45.08868],[-66.408066,-45.088383]],[[-66.069366,-47.782867],[-66.080063,-47.782879],[-66.072044,-47.781662],[-66.069366,-47.782867]]],[[[-68.783699,-37.859894],[-68.719879,-37.844665],[-68.71592,-37.695476],[-68.824226,-37.618885],[-69.055588,-37.622669],[-69.180588,-37.667129],[-69.18029,-37.730427],[-69.095039,-37.741059],[-69.094681,-37.768532],[-69.197197,-37.808781],[-69.20372,-37.889805],[-69.151215,-37.93063],[-69.063972,-37.935326],[-69.032722,-37.908668],[-68.978569,-37.911247],[-68.946533,-37.939522],[-68.867462,-37.922367],[-68.783699,-37.859894]]],[[[-63.773112,-42.07349],[-63.80157,-42.072157],[-63.847351,-42.078154],[-63.889515,-42.087719],[-63.90936,-42.095381],[-63.934963,-42.103281],[-63.937818,-42.104566],[-63.938056,-42.109658],[-63.950239,-42.113798],[-64.075113,-42.178329],[-64.37875,-42.238345],[-64.312958,-42.252146],[-64.134915,-42.239326],[-64.079728,-42.261216],[-64.064071,-42.273542],[-64.059026,-42.275302],[-64.049032,-42.316895],[-64.070162,-42.333076],[-64.04256,-42.346543],[-64.051888,-42.374383],[-64.099096,-42.403888],[-64.140356,-42.428064],[-64.149446,-42.422924],[-64.170052,-42.418736],[-64.191419,-42.415833],[-64.301541,-42.403936],[-64.428224,-42.43948],[-64.491351,-42.428058],[-64.528078,-42.42813],[-64.542962,-42.425667],[-64.573693,-42.423882],[-64.579475,-42.423989],[-64.592502,-42.427202],[-64.61456,-42.424382],[-64.615166,-42.496499],[-64.596307,-42.496453],[-64.51481,-42.50195],[-64.508291,-42.499546],[-64.355958,-42.530765],[-64.326524,-42.540211],[-64.308963,-42.585945],[-64.28246,-42.573251],[-64.277091,-42.577673],[-64.256827,-42.596515],[-64.273407,-42.617727],[-64.210562,-42.627043],[-64.249406,-42.683045],[-64.252616,-42.767417],[-64.145191,-42.87379],[-63.685833,-42.792563],[-63.677327,-42.79204],[-63.629964,-42.764628],[-63.639815,-42.699764],[-63.582803,-42.607346],[-63.598555,-42.330234],[-63.637673,-42.261515],[-63.704583,-42.166336],[-63.7161,-42.150917],[-63.739086,-42.097808],[-63.773112,-42.07349]]],[[[-65.262878,-44.153248],[-65.254921,-44.152626],[-65.254478,-44.150105],[-65.262878,-44.153248]]],[[[-65.651077,-44.76757],[-65.648651,-44.767319],[-65.654182,-44.765942],[-65.651077,-44.76757]]],[[[-65.866707,-45.039501],[-65.865128,-45.038052],[-65.872833,-45.030304],[-65.870003,-45.034527],[-65.866707,-45.039501]]],[[[-65.595337,-45.045063],[-65.609238,-45.041985],[-65.611298,-45.043217],[-65.618393,-45.045948],[-65.622589,-45.049587],[-65.616631,-45.060024],[-65.602455,-45.056736],[-65.595955,-45.056389],[-65.585937,-45.050686],[-65.592987,-45.042427],[-65.595337,-45.045063]]],[[[-65.992973,-45.09108],[-66.005455,-45.082241],[-66.015663,-45.092384],[-65.98101,-45.105339],[-65.988106,-45.099628],[-65.985268,-45.095417],[-65.986023,-45.092007],[-65.992973,-45.09108]]],[[[-66.421379,-45.095631],[-66.414963,-45.094578],[-66.419975,-45.09433],[-66.421379,-45.095631]]],[[[-65.944824,-45.108131],[-65.963684,-45.103725],[-65.960312,-45.107838],[-65.944824,-45.108131]]],[[[-66.392876,-45.190624],[-66.409302,-45.183792],[-66.402061,-45.189266],[-66.403908,-45.191456],[-66.400917,-45.193794],[-66.392876,-45.190624]]],[[[-65.936714,-47.765629],[-65.940903,-47.758121],[-65.946083,-47.762005],[-65.936714,-47.765629]]],[[[-65.98996,-47.765575],[-65.990211,-47.761677],[-65.991814,-47.760204],[-66.005592,-47.761196],[-66.014175,-47.763123],[-66.05481,-47.786423],[-66.030144,-47.775814],[-66.022102,-47.772255],[-66.022324,-47.77359],[-66.004936,-47.769508],[-66.006035,-47.767651],[-66.004379,-47.766987],[-66.002625,-47.769432],[-66.005707,-47.771812],[-65.991943,-47.764904],[-65.98996,-47.765575]]],[[[-65.710693,-47.914379],[-65.713364,-47.907475],[-65.719559,-47.909794],[-65.718842,-47.915409],[-65.710693,-47.914379]]],[[[-67.047989,-48.752491],[-67.04303,-48.750999],[-67.044319,-48.749104],[-67.047989,-48.752491]]],[[[-67.696785,-49.274036],[-67.689331,-49.267738],[-67.733643,-49.276875],[-67.696785,-49.274036]]],[[[-67.694176,-49.297821],[-67.6968,-49.289036],[-67.701027,-49.298904],[-67.694176,-49.297821]]],[[[-69.408798,-51.092529],[-69.420097,-51.087345],[-69.425362,-51.089718],[-69.430428,-51.08881],[-69.440201,-51.09063],[-69.454842,-51.103218],[-69.452866,-51.109722],[-69.408798,-51.092529]]],[[[-68.564348,-52.705319],[-68.567965,-52.70313],[-68.606232,-52.658268],[-68.607616,-54.002715],[-68.482719,-54.002201],[-68.421684,-54.030853],[-68.045792,-54.083115],[-67.834343,-54.020996],[-67.66938,-53.943577],[-67.509836,-53.939035],[-67.549907,-53.916353],[-67.579841,-53.868859],[-67.577461,-53.856772],[-67.541579,-53.844065],[-67.553762,-53.836927],[-67.615507,-53.817712],[-67.667621,-53.793556],[-67.778435,-53.833789],[-67.681737,-53.797174],[-67.990163,-53.584512],[-68.137071,-53.331338],[-68.206598,-53.306686],[-68.387057,-53.311969],[-68.551002,-53.243357],[-68.556058,-53.195649],[-68.501315,-53.105267],[-68.446135,-53.091847],[-68.347982,-53.015109],[-68.266747,-53.016109],[-68.214637,-53.152809],[-68.201502,-53.141958],[-68.287671,-52.951427],[-68.564348,-52.705319]]]]},"properties":{"id":"ecoregiones_argentina.13","ecorregion":"Estepa Patagonica","hectareas":54257147}},
{"type":"Feature","geometry":{"type":"MultiPolygon","coordinates":[[[[-58.180346,-27.278356],[-58.246744,-27.261516],[-58.427014,-27.28721],[-58.565204,-27.331806],[-58.651917,-27.411444],[-58.719738,-27.415022],[-58.768108,-27.471149],[-58.726131,-27.841741],[-58.609226,-27.827162],[-58.416122,-27.715431],[-58.319035,-27.612435],[-58.235683,-27.468508],[-58.180346,-27.278356]]],[[[-57.622837,-25.388203],[-57.70285,-25.322201],[-57.694446,-25.285967],[-57.759062,-25.220274],[-57.753504,-25.176473],[-57.837014,-25.131425],[-57.861132,-25.08159],[-57.990709,-25.08179],[-58.005742,-25.035062],[-58.068674,-25.045712],[-58.090575,-25.00875],[-58.13716,-25.011677],[-58.14978,-24.975214],[-58.193467,-24.968033],[-58.230863,-24.925964],[-58.333677,-25.000018],[-58.473551,-24.860982],[-58.573584,-24.821026],[-58.673502,-24.831515],[-58.726992,-24.774331],[-58.807361,-24.772409],[-58.971394,-24.662829],[-59.127806,-24.617952],[-59.185538,-24.563641],[-59.238005,-24.547282],[-59.257278,-24.595255],[-59.301129,-24.628205],[-59.332497,-24.602196],[-59.417213,-24.602365],[-59.413647,-24.670145],[-59.376873,-24.699507],[-59.382572,-24.764116],[-59.681412,-24.637582],[-59.797386,-24.640047],[-59.842968,-24.668163],[-59.839096,-24.772943],[-59.772408,-24.878683],[-59.765072,-24.946343],[-59.649311,-25.03562],[-59.70163,-25.0617],[-59.877274,-25.057152],[-60.022717,-25.001076],[-60.050415,-25.104771],[-60.050659,-25.314714],[-59.975567,-25.426155],[-59.973786,-25.461862],[-59.904923,-25.524601],[-59.797161,-25.549873],[-59.794361,-25.654692],[-59.877437,-25.702337],[-59.936184,-25.78948],[-60.00592,-25.791189],[-60.038658,-25.689958],[-60.154053,-25.564615],[-60.184246,-25.565823],[-60.225559,-25.60922],[-60.220055,-25.668654],[-60.130772,-25.717568],[-60.00127,-25.909079],[-60.015289,-25.996733],[-60.113361,-26.015087],[-60.28809,-25.896843],[-60.332951,-25.813892],[-60.424023,-25.755373],[-60.490116,-25.779379],[-60.477653,-25.820673],[-60.413044,-25.876667],[-60.397018,-25.96435],[-60.301434,-26.084694],[-60.25581,-26.340586],[-60.281979,-26.37385],[-60.293163,-26.495996],[-60.350605,-26.676077],[-60.357887,-26.904272],[-60.389027,-26.947281],[-60.357128,-27.025949],[-60.355976,-27.128519],[-60.490669,-27.182814],[-60.479088,-27.255152],[-60.389713,-27.306477],[-60.390888,-27.362606],[-60.460175,-27.420275],[-60.506828,-27.42332],[-60.572643,-27.553606],[-60.604088,-27.513061],[-60.667175,-27.509535],[-60.679409,-27.588781],[-60.740646,-27.680643],[-60.752037,-27.80641],[-61.014076,-27.888975],[-61.147953,-28.109888],[-61.282311,-28.116976],[-61.326645,-28.088642],[-61.366325,-27.822473],[-61.334373,-27.784374],[-61.334751,-27.71273],[-61.367867,-27.691154],[-61.36364,-27.632492],[-61.29586,-27.49287],[-61.302731,-27.457275],[-61.386955,-27.460096],[-61.464608,-27.590452],[-61.524952,-27.590025],[-61.56102,-27.526684],[-61.629292,-27.595745],[-61.596092,-27.754757],[-61.697186,-27.880987],[-61.740059,-27.88471],[-61.825016,-27.843111],[-62.129219,-27.526964],[-62.212288,-27.528061],[-62.328526,-27.660256],[-62.36087,-27.65633],[-62.439457,-27.757574],[-62.433258,-27.864981],[-62.378868,-27.923319],[-62.155113,-28.048691],[-62.049866,-28.054064],[-61.97707,-28.019688],[-61.766918,-28.057566],[-61.643005,-28.224499],[-61.552719,-29.087523],[-61.586712,-29.749132],[-61.529697,-29.707804],[-61.470818,-29.556517],[-61.32016,-29.387688],[-61.213875,-29.386293],[-61.140324,-29.413475],[-60.848335,-29.659124],[-60.745155,-29.803068],[-60.676128,-29.968584],[-60.6688,-30.206987],[-60.634682,-30.278395],[-60.628494,-30.41658],[-60.591343,-30.540352],[-60.634766,-30.577957],[-60.637119,-30.610277],[-60.604782,-30.645933],[-60.43174,-30.534799],[-60.272255,-30.387077],[-60.222488,-30.390844],[-59.997391,-30.179073],[-59.954365,-30.074512],[-59.894687,-29.728245],[-59.812218,-29.446527],[-59.690052,-29.174856],[-59.626152,-29.109816],[-59.446457,-28.774475],[-59.441639,-28.700329],[-59.088562,-27.979628],[-59.087544,-27.911655],[-58.957031,-27.690565],[-58.957539,-27.45351],[-58.822536,-27.332236],[-58.789276,-27.145897],[-58.752258,-27.121351],[-58.742126,-27.051748],[-58.370148,-26.731987],[-58.365494,-26.623413],[-58.331776,-26.593023],[-58.339066,-26.424399],[-58.166477,-26.093363],[-57.986389,-26.002115],[-57.84803,-25.702566],[-57.682548,-25.587278],[-57.599548,-25.432741],[-57.622837,-25.388203]]]]},"properties":{"id":"ecoregiones_argentina.14","ecorregion":"Chaco Humedo","hectareas":11926875}},
{"type":"Feature","geometry":{"type":"Polygon","coordinates":[[[-67.401482,-31.546961],[-67.669495,-31.544937],[-67.752441,-31.576107],[-67.852181,-31.676319],[-67.958069,-31.726145],[-68.039322,-31.732042],[-68.072166,-31.762594],[-68.226066,-31.645239],[-68.308434,-31.529019],[-68.323395,-31.457026],[-68.402786,-31.453169],[-68.454033,-31.386454],[-68.657105,-31.374037],[-68.722214,-31.409723],[-68.774254,-31.567566],[-68.608406,-31.926045],[-68.614029,-31.976126],[-68.650192,-32.014816],[-68.674652,-32.180427],[-68.747673,-32.318688],[-68.769402,-32.477158],[-68.822891,-32.60981],[-68.915924,-32.735542],[-68.959084,-32.971123],[-69.069054,-32.994755],[-69.092545,-33.38129],[-69.133591,-34.003903],[-69.103767,-34.090679],[-69.086693,-34.370659],[-69.056198,-34.403683],[-69.15123,-35.048725],[-69.111908,-35.084385],[-69.121544,-35.184475],[-69.072151,-35.225159],[-69.066483,-35.30653],[-68.997131,-35.322605],[-68.931641,-35.284794],[-68.768432,-35.283863],[-68.462585,-35.431457],[-68.304886,-35.634091],[-68.261948,-35.82367],[-68.283554,-36.369213],[-68.334518,-36.443485],[-68.309364,-36.592102],[-68.364616,-36.606548],[-68.458389,-36.713348],[-68.481163,-36.821575],[-68.581924,-36.99023],[-68.742516,-37.108452],[-69.014389,-37.233215],[-69.16304,-37.252026],[-69.869987,-36.908631],[-69.887291,-36.985672],[-69.83268,-37.024464],[-69.883171,-37.080131],[-69.880592,-37.117229],[-69.843285,-37.145908],[-69.803245,-37.328689],[-69.77047,-37.330937],[-69.658348,-37.238937],[-69.58905,-37.257778],[-69.578621,-37.321381],[-69.625931,-37.341431],[-69.629845,-37.39146],[-69.602249,-37.409019],[-69.549744,-37.37479],[-69.379395,-37.346352],[-69.284493,-37.433811],[-69.585571,-37.561173],[-69.649155,-37.634445],[-69.650108,-37.684563],[-69.481628,-38.095634],[-69.494415,-38.268379],[-69.548737,-38.295402],[-69.647102,-38.232685],[-69.748764,-38.001442],[-69.763977,-37.826641],[-69.807739,-37.77031],[-69.840797,-37.653427],[-70.124146,-37.563858],[-70.128281,-37.611465],[-69.935707,-37.829376],[-69.860085,-38.138713],[-69.87426,-38.234947],[-69.969505,-38.343979],[-70.175423,-38.49797],[-70.164871,-38.578327],[-70.0467,-38.504887],[-69.96904,-38.501579],[-69.970863,-38.562401],[-69.941689,-38.584877],[-70.083954,-38.706528],[-70.054367,-38.990475],[-69.985207,-39.229217],[-69.853592,-39.236042],[-69.710274,-39.28368],[-69.637627,-39.393417],[-69.648704,-39.428883],[-69.745445,-39.510559],[-69.988945,-39.618236],[-70.142319,-39.859939],[-70.154015,-39.976494],[-69.943565,-40.039955],[-69.732475,-40.013535],[-69.249817,-40.049583],[-69.018768,-39.953167],[-68.944443,-39.956276],[-68.875511,-40.088138],[-68.801414,-40.100701],[-68.722427,-40.069157],[-68.468346,-40.047394],[-67.730064,-40.340172],[-67.576279,-40.369835],[-67.535118,-40.413372],[-67.543655,-40.581608],[-67.490082,-40.63723],[-67.593773,-40.779117],[-67.620979,-41.185848],[-67.57608,-41.224674],[-67.492355,-41.228176],[-67.40097,-41.169632],[-67.191009,-40.916504],[-66.940796,-40.918816],[-66.864227,-40.961204],[-66.61068,-40.962826],[-66.51709,-40.878513],[-66.460426,-40.872784],[-66.411423,-40.833568],[-66.331253,-40.832634],[-66.223038,-40.906918],[-66.218567,-40.983337],[-66.18399,-41.014443],[-66.203911,-41.339146],[-66.123497,-41.537438],[-66.152466,-41.691402],[-66.27668,-41.688785],[-66.351318,-41.649185],[-66.415642,-41.751637],[-66.658913,-41.845997],[-67.046616,-41.733295],[-67.358803,-41.72525],[-67.798279,-42.055832],[-67.828644,-42.165165],[-67.872788,-42.1931],[-67.878082,-42.263435],[-67.762489,-42.382244],[-67.660439,-42.419575],[-67.608055,-42.386902],[-67.445564,-42.392647],[-67.258324,-42.369789],[-67.119156,-42.41898],[-67.019661,-42.640721],[-67.03315,-42.966434],[-67.09137,-43.042278],[-67.262123,-43.116905],[-67.49379,-43.264488],[-67.529243,-43.570725],[-67.374977,-43.930687],[-67.15509,-44.171776],[-67.063316,-44.231136],[-66.741089,-44.208622],[-66.606148,-44.153335],[-66.198143,-44.066471],[-66.148392,-44.023586],[-65.879051,-43.915028],[-65.839539,-43.873214],[-65.460594,-43.731346],[-65.353536,-43.737877],[-65.349432,-43.728454],[-65.351181,-43.71965],[-65.342186,-43.687765],[-65.332906,-43.6575],[-65.325678,-43.650183],[-65.286893,-43.602475],[-65.285644,-43.597597],[-65.269761,-43.588555],[-65.244539,-43.566158],[-65.224105,-43.556432],[-65.210602,-43.549086],[-65.052579,-43.402579],[-65.050293,-43.328276],[-64.97634,-43.254972],[-64.757608,-43.150603],[-64.458955,-43.064466],[-64.307681,-42.979162],[-64.330316,-42.935916],[-64.396822,-42.959591],[-64.501262,-42.941817],[-64.545639,-42.922305],[-64.667301,-42.908457],[-64.669847,-42.905363],[-64.697235,-42.897202],[-65.001377,-42.779894],[-65.026314,-42.773613],[-65.03538,-42.761239],[-65.03695,-42.739229],[-65.036489,-42.732314],[-65.034186,-42.726603],[-65.016921,-42.71027],[-64.995529,-42.69775],[-64.987763,-42.670353],[-64.985036,-42.653649],[-64.948987,-42.629464],[-64.872007,-42.614559],[-64.790304,-42.579449],[-64.722989,-42.534929],[-64.641279,-42.499856],[-64.615166,-42.496499],[-64.614524,-42.417208],[-64.567243,-42.321166],[-64.525825,-42.286549],[-64.48043,-42.249527],[-64.473561,-42.236881],[-64.772071,-42.206317],[-64.806423,-42.198743],[-64.836599,-42.194526],[-64.840763,-42.190082],[-64.905255,-42.169555],[-64.99914,-42.107331],[-65.068525,-42.014782],[-65.056885,-41.895874],[-65.057617,-41.881592],[-65.05011,-41.877014],[-65.049683,-41.845886],[-65.047302,-41.83728],[-65.015869,-41.832214],[-65.012695,-41.779724],[-64.998413,-41.770691],[-64.997803,-41.764404],[-65.0354,-41.605408],[-65.03479,-41.594299],[-65.016479,-41.610291],[-64.986389,-41.576782],[-65.006409,-41.563599],[-64.99231,-41.49939],[-65.073608,-41.415222],[-65.133911,-41.231995],[-65.136291,-41.223206],[-65.161316,-41.008911],[-65.164307,-40.987671],[-65.166321,-40.979797],[-65.165894,-40.96521],[-65.120422,-40.845215],[-65.113281,-40.832092],[-65.083374,-40.808472],[-65.060974,-40.798706],[-65.051208,-40.784424],[-64.984009,-40.756775],[-64.94928,-40.755798],[-64.904175,-40.762512],[-64.959229,-40.748108],[-64.916687,-40.727295],[-64.995911,-40.716919],[-64.948975,-40.715698],[-64.956482,-40.713989],[-64.930786,-40.710999],[-64.846619,-40.719482],[-64.838806,-40.720825],[-64.811401,-40.72522],[-64.801697,-40.730713],[-64.784485,-40.743591],[-64.796692,-40.776001],[-64.790588,-40.781982],[-64.769409,-40.77478],[-64.758606,-40.767883],[-64.751221,-40.769897],[-64.747375,-40.775085],[-64.747375,-40.777283],[-64.733582,-40.786926],[-64.746582,-40.786987],[-64.749512,-40.791809],[-64.749695,-40.7948],[-64.745911,-40.799805],[-64.744019,-40.801575],[-64.774109,-40.803223],[-64.808105,-40.793701],[-64.843079,-40.789001],[-64.845276,-40.81488],[-64.845215,-40.782471],[-64.904114,-40.811096],[-64.867981,-40.830505],[-64.746277,-40.818604],[-64.541199,-40.864929],[-64.206177,-41.009827],[-64.112,-41.022888],[-64.098877,-41.00177],[-64.081787,-41.026672],[-64.11438,-41.03009],[-63.958496,-41.07312],[-63.896912,-41.12262],[-63.871094,-41.13739],[-63.836304,-41.143127],[-63.777222,-41.1604],[-63.143921,-41.15741],[-63.091003,-41.149292],[-63.081299,-41.148376],[-63.043701,-41.140198],[-62.884521,-41.079407],[-63.067886,-40.873428],[-63.233421,-40.787986],[-63.282536,-40.739018],[-63.362343,-40.466293],[-63.875984,-39.686462],[-63.981704,-39.45192],[-64.127136,-39.254933],[-64.34684,-38.858192],[-64.445351,-38.823715],[-64.479019,-38.747726],[-64.672394,-38.599594],[-64.705635,-38.528305],[-64.820953,-38.449501],[-64.843361,-38.378059],[-64.959869,-38.294346],[-64.988075,-38.227703],[-65.281387,-37.964684],[-65.313705,-37.896789],[-65.424378,-37.816151],[-65.435295,-37.766029],[-65.601738,-37.594688],[-65.750763,-37.476826],[-65.884148,-37.491367],[-66.304909,-37.359619],[-66.561844,-37.093456],[-66.6222,-36.813584],[-66.837944,-36.42873],[-66.835892,-36.374977],[-66.594765,-36.142223],[-66.549927,-36.05043],[-66.468704,-35.501079],[-66.384468,-35.302998],[-66.37474,-35.090298],[-66.492798,-34.895069],[-66.589394,-34.812172],[-66.667801,-34.651615],[-66.619522,-34.577767],[-66.423927,-34.475811],[-66.345573,-34.373264],[-66.336319,-34.221489],[-66.413483,-34.111286],[-66.332657,-34.021881],[-66.345406,-33.623787],[-66.349403,-33.552048],[-66.450775,-33.552917],[-66.465767,-33.418972],[-66.504272,-33.422409],[-66.723282,-33.530106],[-66.906708,-33.871967],[-66.974342,-33.771042],[-66.999023,-33.677608],[-67.073303,-33.557453],[-67.073814,-33.367382],[-66.991257,-33.247333],[-67.099472,-33.141228],[-67.223068,-32.519627],[-67.180053,-32.467434],[-67.186333,-32.408795],[-67.261596,-32.348286],[-67.288292,-32.144771],[-67.409325,-31.881651],[-67.401482,-31.546961]],[[-68.783699,-37.859894],[-68.867462,-37.922367],[-68.946533,-37.939522],[-68.978569,-37.911247],[-69.032722,-37.908668],[-69.063972,-37.935326],[-69.151215,-37.93063],[-69.20372,-37.889805],[-69.197197,-37.808781],[-69.094681,-37.768532],[-69.095039,-37.741059],[-69.18029,-37.730427],[-69.180588,-37.667129],[-69.055588,-37.622669],[-68.824226,-37.618885],[-68.71592,-37.695476],[-68.719879,-37.844665],[-68.783699,-37.859894]]]},"properties":{"id":"ecoregiones_argentina.15","ecorregion":"Monte de Llanuras y Mesetas","hectareas":35414412}},
{"type":"Feature","geometry":{"type":"MultiPolygon","coordinates":[[[[-65.866234,-26.84853],[-65.893074,-26.676231],[-65.859787,-26.667826],[-65.847969,-26.534979],[-65.80291,-26.433203],[-65.792694,-26.201018],[-65.702965,-26.009376],[-65.636856,-25.973322],[-65.625778,-25.7076],[-65.653671,-25.656204],[-65.659256,-25.549696],[-65.692368,-25.4995],[-65.696526,-25.418121],[-65.761299,-25.316503],[-65.849541,-25.302257],[-65.969444,-24.976761],[-66.10054,-24.706209],[-66.16597,-24.642708],[-66.243385,-24.716818],[-66.253334,-25.099834],[-66.324471,-25.15715],[-66.371819,-25.160629],[-66.443069,-25.225067],[-66.439392,-25.300482],[-66.377899,-25.425131],[-66.350945,-25.672949],[-66.241478,-25.74618],[-66.118691,-25.861227],[-66.076431,-25.970167],[-66.077858,-26.12216],[-66.048737,-26.228685],[-66.079399,-26.436907],[-66.116661,-26.481159],[-66.13942,-26.60799],[-66.177902,-26.526571],[-66.233734,-26.507343],[-66.244141,-26.397228],[-66.279976,-26.379211],[-66.406364,-26.426777],[-66.549912,-26.427494],[-66.596779,-26.49432],[-66.665741,-26.691463],[-66.880623,-26.744141],[-66.992752,-27.070059],[-67.064186,-27.13295],[-67.261353,-27.422049],[-67.306854,-27.415647],[-67.342117,-27.44881],[-67.484482,-27.163832],[-67.579521,-27.074263],[-67.660553,-27.041029],[-67.767487,-27.04451],[-67.838524,-27.140497],[-67.849403,-27.232466],[-67.87674,-27.266792],[-67.899315,-27.491371],[-67.860214,-27.558885],[-67.884155,-28.014292],[-67.953362,-28.11499],[-67.970451,-28.237938],[-68.082878,-28.255407],[-68.521637,-28.248012],[-68.66774,-28.421005],[-68.806793,-28.666889],[-68.809959,-28.785183],[-68.775711,-28.82415],[-68.783493,-28.91246],[-68.917221,-29.07819],[-68.966011,-29.071142],[-69.022644,-29.239622],[-69.043831,-29.493748],[-68.98835,-29.558361],[-68.992134,-29.594135],[-68.903564,-29.605667],[-68.870438,-29.643446],[-68.713737,-29.515246],[-68.713402,-29.604914],[-68.686691,-29.629368],[-68.692711,-29.803785],[-68.660912,-29.845077],[-68.669487,-29.960865],[-68.703613,-30.0044],[-68.720673,-30.12598],[-68.680443,-30.163868],[-68.683052,-30.20924],[-68.731667,-30.275177],[-68.739891,-30.422035],[-68.702377,-30.462265],[-68.720245,-30.558718],[-68.789231,-30.556063],[-68.85363,-30.585743],[-68.870895,-30.795729],[-68.844529,-30.840534],[-68.850159,-30.937226],[-68.886093,-30.979456],[-68.897507,-31.172821],[-68.86792,-31.205753],[-68.89222,-31.364166],[-69.081184,-31.350202],[-69.148796,-31.290003],[-69.206871,-31.279005],[-69.287025,-31.223204],[-69.26091,-30.947824],[-69.233704,-30.922218],[-69.169708,-30.66208],[-69.091423,-30.548039],[-69.070328,-30.403921],[-69.033775,-30.336649],[-68.96331,-30.284479],[-68.875763,-30.257746],[-68.873306,-30.220745],[-68.913734,-30.097929],[-69.034325,-30.085636],[-69.099457,-30.014792],[-69.126869,-29.881474],[-69.178696,-29.785813],[-69.232575,-29.413992],[-69.309875,-29.314087],[-69.347214,-29.37172],[-69.342857,-29.447122],[-69.381088,-29.487986],[-69.401222,-29.762342],[-69.364304,-29.805117],[-69.365906,-29.85288],[-69.323402,-29.935224],[-69.314774,-30.088415],[-69.280334,-30.127523],[-69.281151,-30.235063],[-69.416412,-30.52318],[-69.462784,-31.009483],[-69.49575,-31.038465],[-69.538368,-31.437567],[-69.649544,-31.644714],[-69.661957,-31.782944],[-69.540672,-31.866426],[-69.499359,-31.958372],[-69.475555,-32.181251],[-69.433395,-32.218246],[-69.466461,-32.605629],[-69.513481,-32.689144],[-69.503105,-32.785007],[-69.226799,-32.888019],[-69.177917,-32.946625],[-69.096344,-32.964207],[-69.073303,-32.994648],[-68.959084,-32.971123],[-68.915924,-32.735542],[-68.822891,-32.60981],[-68.769402,-32.477158],[-68.747673,-32.318688],[-68.674652,-32.180427],[-68.650192,-32.014816],[-68.614029,-31.976126],[-68.608406,-31.926045],[-68.774254,-31.567566],[-68.722214,-31.409723],[-68.657105,-31.374037],[-68.454033,-31.386454],[-68.402786,-31.453169],[-68.323395,-31.457026],[-68.308434,-31.529019],[-68.226066,-31.645239],[-68.072166,-31.762594],[-68.039322,-31.732042],[-67.958069,-31.726145],[-67.852181,-31.676319],[-67.752441,-31.576107],[-67.669495,-31.544937],[-67.401482,-31.546961],[-67.325623,-31.51429],[-67.235634,-31.357357],[-67.223663,-31.077665],[-67.264771,-31.03422],[-67.283767,-30.897713],[-67.361061,-30.773756],[-67.651474,-30.506121],[-67.658981,-30.460586],[-67.720078,-30.402397],[-67.668945,-30.315769],[-67.617325,-30.278151],[-67.527863,-30.284008],[-67.41436,-30.343882],[-67.304123,-30.348616],[-67.221298,-30.229824],[-67.202927,-30.078108],[-67.098457,-29.957031],[-67.012481,-29.74004],[-66.992096,-29.337109],[-67.048401,-29.236204],[-67.054398,-29.156015],[-66.919891,-29.048153],[-66.776367,-28.968912],[-66.408554,-28.831762],[-66.406014,-28.832073],[-66.140663,-28.640894],[-66.022644,-28.448349],[-66.028007,-28.261709],[-66.081955,-28.124098],[-66.066917,-27.809433],[-66.181175,-27.741131],[-66.273521,-27.5615],[-66.508064,-27.473493],[-66.490547,-27.455608],[-66.345612,-27.430916],[-66.267479,-27.282713],[-66.081215,-27.130978],[-66.063805,-27.083122],[-66.008995,-27.065186],[-65.939568,-26.912003],[-65.883507,-26.914362],[-65.884895,-26.862905],[-65.866234,-26.84853]],[[-69.129288,-32.570282],[-69.185371,-32.599937],[-69.242409,-32.576969],[-69.330475,-32.363186],[-69.384781,-32.043926],[-69.349449,-31.998266],[-69.343018,-31.89807],[-69.372314,-31.85667],[-69.340302,-31.511],[-69.210732,-31.351803],[-69.080246,-31.449415],[-68.974785,-31.727974],[-68.995811,-31.946173],[-69.040916,-31.996484],[-69.053154,-32.195751],[-69.011772,-32.219448],[-69.023781,-32.411549],[-69.101624,-32.463428],[-69.129288,-32.570282]]],[[[-65.886864,-24.809143],[-65.783417,-24.720449],[-65.656326,-24.643852],[-65.695923,-24.595808],[-65.721748,-24.161325],[-65.737503,-24.112272],[-65.788452,-24.062073],[-65.860008,-24.19623],[-65.895134,-24.329136],[-65.915871,-24.58053],[-65.879166,-24.629584],[-65.898773,-24.679874],[-65.951172,-24.681097],[-65.951157,-24.715811],[-65.886864,-24.809143]]],[[[-65.463997,-24.022972],[-65.460121,-24.015778],[-65.327011,-23.799774],[-65.27243,-23.554117],[-65.240112,-23.528824],[-65.23246,-23.27978],[-65.262398,-23.25598],[-65.276199,-23.099211],[-65.358795,-23.147457],[-65.408997,-23.212301],[-65.413673,-23.328447],[-65.379837,-23.355854],[-65.376411,-23.53302],[-65.432022,-23.584711],[-65.536476,-23.799349],[-65.537392,-23.907093],[-65.463997,-24.022972]]]]},"properties":{"id":"ecoregiones_argentina.16","ecorregion":"Monte de Sierras y Bolsones","hectareas":11698110}},
{"type":"Feature","geometry":{"type":"MultiPolygon","coordinates":[[[[-60.081093,-33.537403],[-60.662087,-33.100857],[-60.682339,-32.898651],[-60.819702,-32.685009],[-60.839542,-32.091423],[-60.935859,-32.073833],[-61.260658,-31.838091],[-61.314308,-31.828142],[-61.395683,-31.766642],[-61.745396,-31.668951],[-61.810558,-31.679472],[-62.061218,-31.927567],[-62.112286,-32.04501],[-62.292606,-32.129265],[-62.900288,-32.13726],[-63.144093,-32.200363],[-63.247951,-32.344883],[-63.301048,-32.500199],[-63.260487,-32.628388],[-63.106823,-32.751606],[-62.916721,-33.014713],[-62.916973,-33.048176],[-63.015694,-33.191574],[-63.107525,-33.251099],[-63.2313,-33.294544],[-63.572834,-33.344711],[-63.671341,-33.388428],[-63.831471,-33.537132],[-64.319122,-33.337936],[-64.532799,-33.333473],[-64.74791,-33.426678],[-64.899132,-33.643276],[-64.91613,-33.768932],[-64.834076,-34.119595],[-64.696045,-34.403858],[-64.314667,-34.868847],[-64.274673,-35.254257],[-64.063156,-36.174633],[-63.896156,-36.576797],[-63.619335,-37.051777],[-63.261776,-37.585087],[-63.184467,-37.645367],[-63.184254,-37.690742],[-63.066433,-37.782211],[-63.04969,-37.824783],[-62.953453,-37.895176],[-62.783241,-38.100803],[-62.714752,-38.145473],[-62.433922,-38.47755],[-62.317333,-38.559898],[-62.310398,-38.606239],[-62.091385,-38.828327],[-62.089013,-38.902739],[-62.076764,-38.904438],[-62.073409,-38.925111],[-61.836316,-38.985639],[-61.793321,-38.993013],[-61.761791,-38.978622],[-61.737392,-38.970035],[-61.715955,-38.966066],[-61.704669,-38.96553],[-61.693612,-38.9684],[-61.680649,-38.980464],[-61.606517,-39.004063],[-61.233208,-38.993798],[-61.117921,-38.997642],[-60.85103,-38.979589],[-60.167632,-38.876675],[-60.080838,-38.861275],[-59.728183,-38.806205],[-59.564476,-38.77552],[-59.389072,-38.747823],[-59.32554,-38.735526],[-59.290953,-38.727873],[-59.182839,-38.711469],[-59.07716,-38.690195],[-59.005614,-38.671816],[-58.68946,-38.587935],[-58.697674,-38.583661],[-58.689536,-38.574543],[-58.601001,-38.558154],[-58.566508,-38.550949],[-58.453912,-38.522452],[-58.311754,-38.474444],[-58.136735,-38.41106],[-57.683375,-38.20587],[-57.570151,-38.106974],[-57.540284,-38.087111],[-57.517779,-38.038969],[-57.526568,-38.042781],[-57.534863,-38.045936],[-57.54075,-38.046189],[-57.528139,-38.013171],[-57.531484,-38.01201],[-57.542634,-37.987863],[-57.543786,-37.986636],[-57.541944,-37.973482],[-57.539356,-37.971293],[-57.5364,-37.958277],[-57.537828,-37.956321],[-57.491854,-37.832347],[-57.492996,-37.830621],[-57.411212,-37.734842],[-57.125501,-37.492775],[-56.688369,-36.911528],[-56.665812,-36.862214],[-56.673629,-36.833601],[-56.67282,-36.737245],[-56.690737,-36.498335],[-56.731676,-36.325979],[-56.773602,-36.300864],[-56.774327,-36.312987],[-56.765808,-36.328613],[-56.889324,-36.331797],[-56.92041,-36.364075],[-56.917786,-36.348999],[-56.913538,-36.338078],[-56.924927,-36.334106],[-56.941298,-36.335411],[-57.018127,-36.339478],[-57.065186,-36.30658],[-57.064209,-36.309509],[-57.108582,-36.276184],[-57.122681,-36.292114],[-57.116394,-36.270813],[-57.1297,-36.28009],[-57.224636,-36.181925],[-57.248291,-36.192078],[-57.233363,-36.174729],[-57.253601,-36.153503],[-57.270996,-36.137085],[-57.320801,-36.155518],[-57.280884,-36.125793],[-57.382512,-35.966472],[-57.387978,-35.843376],[-57.346611,-35.71504],[-57.127665,-35.442153],[-57.225708,-35.271118],[-57.339899,-35.158568],[-57.508456,-35.024714],[-57.751025,-34.914931],[-57.873739,-34.826158],[-57.94813,-34.833182],[-58.004412,-34.78503],[-58.178894,-34.74469],[-58.316223,-34.659302],[-58.361588,-34.581556],[-58.465393,-34.5271],[-58.505741,-34.45213],[-58.693535,-34.34737],[-58.712235,-34.308193],[-58.857403,-34.272015],[-58.924252,-34.162487],[-58.986599,-34.142898],[-58.977432,-34.125122],[-59.061931,-34.053829],[-59.101757,-34.056084],[-59.159065,-34.01886],[-59.157661,-33.983097],[-59.264519,-33.931927],[-59.240822,-33.90683],[-59.306442,-33.862481],[-59.301788,-33.841099],[-59.587227,-33.674019],[-59.614345,-33.692089],[-60.081093,-33.537403]]],[[[-58.135536,-31.828911],[-58.618691,-31.844082],[-58.829464,-31.918091],[-59.025814,-31.926695],[-59.209225,-31.903305],[-59.358261,-31.832533],[-59.53949,-31.837135],[-60.159992,-32.054558],[-60.298283,-32.060875],[-60.352558,-32.089561],[-60.603954,-32.087532],[-60.433205,-32.432144],[-60.202045,-32.613762],[-59.950356,-32.916756],[-59.808598,-33.143558],[-59.416485,-33.399994],[-59.421318,-33.430062],[-59.387806,-33.45927],[-58.995426,-33.492454],[-58.76479,-33.545872],[-58.720173,-33.534901],[-58.714241,-33.470199],[-58.638741,-33.404941],[-58.663937,-33.342094],[-58.624382,-33.323059],[-58.615459,-33.210522],[-58.584328,-33.176487],[-58.585266,-33.014503],[-58.323544,-32.999783],[-58.259499,-33.020817],[-58.237151,-33.096488],[-58.173251,-33.075537],[-58.084932,-33.004061],[-58.087131,-32.959417],[-58.116319,-32.916394],[-58.119798,-32.815234],[-58.149629,-32.734879],[-58.160583,-32.57078],[-58.204588,-32.462003],[-58.182831,-32.375798],[-58.12412,-32.341379],[-58.098487,-32.287716],[-58.104918,-32.244511],[-58.183326,-32.1592],[-58.1383,-32.001843],[-58.20681,-31.871645],[-58.111081,-31.827838],[-58.135536,-31.828911]],[[-58.110345,-32.971331],[-58.08891,-32.957851],[-58.087384,-32.996769],[-58.11455,-33.024698],[-58.110345,-32.971331]]]]},"properties":{"id":"ecoregiones_argentina.17","ecorregion":"Pampa","hectareas":39710692}},
{"type":"Feature","geometry":{"type":"Polygon","coordinates":[[[-57.225409,-27.470378],[-57.326511,-27.409839],[-57.507518,-27.444201],[-57.609788,-27.395708],[-57.697013,-27.326884],[-57.81738,-27.335576],[-57.891338,-27.267717],[-58.026496,-27.259025],[-58.180346,-27.278356],[-58.235683,-27.468508],[-58.319035,-27.612435],[-58.416122,-27.715431],[-58.609226,-27.827162],[-58.726131,-27.841741],[-58.730793,-27.971815],[-58.80127,-28.081555],[-58.868347,-28.102945],[-58.96608,-28.21048],[-59.048092,-28.723492],[-59.207103,-29.083196],[-59.297977,-29.187912],[-59.419315,-29.413307],[-59.460133,-29.666876],[-59.490379,-29.72679],[-59.501186,-29.918081],[-59.542397,-29.936808],[-59.538673,-30.120237],[-59.569733,-30.127729],[-59.572567,-30.231603],[-59.543678,-30.316023],[-59.606251,-30.367998],[-59.571251,-30.539482],[-59.569374,-30.54187],[-59.506695,-30.533764],[-59.285549,-30.338287],[-59.232018,-30.183277],[-59.112896,-30.114187],[-59.087517,-30.058199],[-58.959114,-29.940691],[-58.90543,-29.854282],[-58.745026,-29.710232],[-58.702255,-29.637587],[-58.661575,-29.265896],[-58.620987,-29.19014],[-58.528694,-29.118286],[-58.477108,-28.953802],[-58.33609,-28.91568],[-58.103325,-28.718397],[-58.101936,-28.666176],[-58.068336,-28.665386],[-57.99831,-28.736042],[-57.69347,-28.72551],[-57.606506,-28.705393],[-57.537342,-28.651219],[-57.517033,-28.619018],[-57.308216,-28.602125],[-57.209757,-28.542302],[-56.997154,-28.475908],[-56.959355,-28.430603],[-56.82357,-28.369169],[-56.691365,-28.16178],[-56.460808,-27.967691],[-56.430206,-27.845648],[-56.419259,-27.60454],[-56.491639,-27.559376],[-56.726616,-27.608189],[-56.757332,-27.606701],[-56.792088,-27.588886],[-56.885468,-27.697027],[-56.927013,-27.693853],[-56.939854,-27.727556],[-56.998802,-27.723866],[-57.022102,-27.70044],[-57.055161,-27.707033],[-57.075562,-27.667089],[-57.109925,-27.674074],[-57.11097,-27.642052],[-57.218472,-27.520918],[-57.251724,-27.518816],[-57.259148,-27.49109],[-57.225409,-27.470378]],[[-57.944874,-27.286171],[-57.959312,-27.277179],[-57.924075,-27.274438],[-57.944874,-27.286171]]]},"properties":{"id":"ecoregiones_argentina.18","ecorregion":"Esteros del Ibera","hectareas":3936451}}
]}